[2025-04-08T11:41:45.615+0000] {manager.py:487} INFO - Processing files using up to 1 processes at a time 
[2025-04-08T11:41:45.615+0000] {manager.py:488} INFO - Process each file at most once every 30 seconds
[2025-04-08T11:41:45.615+0000] {manager.py:489} INFO - Checking for new files in /workspaces/hands-on-introduction-data-engineering-4395021/airflow/dags every 300 seconds
[2025-04-08T11:41:45.615+0000] {manager.py:758} INFO - Searching for files in /workspaces/hands-on-introduction-data-engineering-4395021/airflow/dags
[2025-04-08T11:41:45.660+0000] {manager.py:761} INFO - There are 46 files in /workspaces/hands-on-introduction-data-engineering-4395021/airflow/dags
[2025-04-08T11:41:45.792+0000] {manager.py:889} INFO - 
================================================================================
DAG File Processing Stats

File Path                                                                                                                         PID    Runtime      # DAGs    # Errors  Last Runtime    Last Run
--------------------------------------------------------------------------------------------------------------------------------  -----  ---------  --------  ----------  --------------  -------------------
/home/vscode/.local/lib/python3.10/site-packages/airflow/example_dags/example_short_circuit_operator.py                                                    0           0
/home/vscode/.local/lib/python3.10/site-packages/airflow/example_dags/example_branch_python_dop_operator_3.py                                              0           0
/home/vscode/.local/lib/python3.10/site-packages/airflow/example_dags/example_python_operator.py                                                           0           0
/home/vscode/.local/lib/python3.10/site-packages/airflow/example_dags/tutorial_dag.py                                                                      0           0
/home/vscode/.local/lib/python3.10/site-packages/airflow/example_dags/example_latest_only_with_trigger.py                                                  0           0
/home/vscode/.local/lib/python3.10/site-packages/airflow/example_dags/example_dynamic_task_mapping.py                                                      0           0
/home/vscode/.local/lib/python3.10/site-packages/airflow/example_dags/example_sensor_decorator.py                                                          0           0
/home/vscode/.local/lib/python3.10/site-packages/airflow/example_dags/example_xcomargs.py                                                                  0           0
/home/vscode/.local/lib/python3.10/site-packages/airflow/example_dags/example_branch_datetime_operator.py                                                  0           0
/home/vscode/.local/lib/python3.10/site-packages/airflow/example_dags/example_external_task_marker_dag.py                                                  0           0
/home/vscode/.local/lib/python3.10/site-packages/airflow/example_dags/example_complex.py                                                                   0           0
/home/vscode/.local/lib/python3.10/site-packages/airflow/example_dags/tutorial.py                                                                          0           0
/home/vscode/.local/lib/python3.10/site-packages/airflow/example_dags/example_setup_teardown_taskflow.py                                                   0           0
/home/vscode/.local/lib/python3.10/site-packages/airflow/example_dags/example_task_group.py                                                                0           0
/home/vscode/.local/lib/python3.10/site-packages/airflow/example_dags/example_dynamic_task_mapping_with_no_taskflow_operators.py                           0           0
/home/vscode/.local/lib/python3.10/site-packages/airflow/example_dags/example_xcom.py                                                                      0           0
/home/vscode/.local/lib/python3.10/site-packages/airflow/example_dags/example_bash_operator.py                                                             0           0
/home/vscode/.local/lib/python3.10/site-packages/airflow/example_dags/example_datasets.py                                                                  0           0
/home/vscode/.local/lib/python3.10/site-packages/airflow/example_dags/example_branch_labels.py                                                             0           0
/home/vscode/.local/lib/python3.10/site-packages/airflow/example_dags/example_sla_dag.py                                                                   0           0
/home/vscode/.local/lib/python3.10/site-packages/airflow/example_dags/example_params_ui_tutorial.py                                                        0           0
/home/vscode/.local/lib/python3.10/site-packages/airflow/example_dags/example_branch_day_of_week_operator.py                                               0           0
/home/vscode/.local/lib/python3.10/site-packages/airflow/example_dags/tutorial_taskflow_api_virtualenv.py                                                  0           0
/home/vscode/.local/lib/python3.10/site-packages/airflow/example_dags/example_setup_teardown.py                                                            0           0
/home/vscode/.local/lib/python3.10/site-packages/airflow/example_dags/example_short_circuit_decorator.py                                                   0           0
/home/vscode/.local/lib/python3.10/site-packages/airflow/example_dags/example_subdag_operator.py                                                           0           0
/home/vscode/.local/lib/python3.10/site-packages/airflow/example_dags/tutorial_taskflow_api.py                                                             0           0
/home/vscode/.local/lib/python3.10/site-packages/airflow/example_dags/example_local_kubernetes_executor.py                                                 0           0
/home/vscode/.local/lib/python3.10/site-packages/airflow/example_dags/example_dag_decorator.py                                                             0           0
/home/vscode/.local/lib/python3.10/site-packages/airflow/example_dags/example_params_trigger_ui.py                                                         0           0
/home/vscode/.local/lib/python3.10/site-packages/airflow/example_dags/example_trigger_target_dag.py                                                        0           0
/home/vscode/.local/lib/python3.10/site-packages/airflow/example_dags/example_nested_branch_dag.py                                                         0           0
/home/vscode/.local/lib/python3.10/site-packages/airflow/example_dags/example_trigger_controller_dag.py                                                    0           0
/home/vscode/.local/lib/python3.10/site-packages/airflow/example_dags/example_latest_only.py                                                               0           0
/home/vscode/.local/lib/python3.10/site-packages/airflow/example_dags/example_passing_params_via_test_command.py                                           0           0
/home/vscode/.local/lib/python3.10/site-packages/airflow/example_dags/example_time_delta_sensor_async.py                                                   0           0
/home/vscode/.local/lib/python3.10/site-packages/airflow/example_dags/example_task_group_decorator.py                                                      0           0
/home/vscode/.local/lib/python3.10/site-packages/airflow/example_dags/example_skip_dag.py                                                                  0           0
/home/vscode/.local/lib/python3.10/site-packages/airflow/example_dags/example_sensors.py                                                                   0           0
/home/vscode/.local/lib/python3.10/site-packages/airflow/example_dags/example_branch_operator_decorator.py                                                 0           0
/home/vscode/.local/lib/python3.10/site-packages/airflow/example_dags/example_kubernetes_executor.py                                                       0           0
/home/vscode/.local/lib/python3.10/site-packages/airflow/example_dags/example_branch_operator.py                                                           0           0
/home/vscode/.local/lib/python3.10/site-packages/airflow/example_dags/plugins/workday.py                                                                   0           0  0.10s           2025-04-08T11:41:45
/home/vscode/.local/lib/python3.10/site-packages/airflow/example_dags/plugins/listener_plugin.py                                                           0           0
/home/vscode/.local/lib/python3.10/site-packages/airflow/example_dags/plugins/event_listener.py                                                            0           0
/home/vscode/.local/lib/python3.10/site-packages/airflow/example_dags/subdags/subdag.py                                                                    0           0
================================================================================
[2025-04-08T11:42:15.929+0000] {manager.py:889} INFO - 
================================================================================
DAG File Processing Stats

File Path                                                                                                                         PID    Runtime      # DAGs    # Errors  Last Runtime    Last Run
--------------------------------------------------------------------------------------------------------------------------------  -----  ---------  --------  ----------  --------------  -------------------
/home/vscode/.local/lib/python3.10/site-packages/airflow/example_dags/example_branch_python_dop_operator_3.py                                              0           0
/home/vscode/.local/lib/python3.10/site-packages/airflow/example_dags/example_latest_only_with_trigger.py                                                  0           0
/home/vscode/.local/lib/python3.10/site-packages/airflow/example_dags/example_dynamic_task_mapping.py                                                      0           0
/home/vscode/.local/lib/python3.10/site-packages/airflow/example_dags/example_branch_datetime_operator.py                                                  0           0
/home/vscode/.local/lib/python3.10/site-packages/airflow/example_dags/example_external_task_marker_dag.py                                                  0           0
/home/vscode/.local/lib/python3.10/site-packages/airflow/example_dags/example_complex.py                                                                   0           0
/home/vscode/.local/lib/python3.10/site-packages/airflow/example_dags/example_setup_teardown_taskflow.py                                                   0           0  0.10s           2025-04-08T11:42:11
/home/vscode/.local/lib/python3.10/site-packages/airflow/example_dags/example_dynamic_task_mapping_with_no_taskflow_operators.py                           0           0
/home/vscode/.local/lib/python3.10/site-packages/airflow/example_dags/example_bash_operator.py                                                             0           0
/home/vscode/.local/lib/python3.10/site-packages/airflow/example_dags/example_datasets.py                                                                  0           0
/home/vscode/.local/lib/python3.10/site-packages/airflow/example_dags/example_branch_labels.py                                                             0           0
/home/vscode/.local/lib/python3.10/site-packages/airflow/example_dags/example_branch_day_of_week_operator.py                                               0           0
/home/vscode/.local/lib/python3.10/site-packages/airflow/example_dags/example_setup_teardown.py                                                            0           0  0.10s           2025-04-08T11:42:13
/home/vscode/.local/lib/python3.10/site-packages/airflow/example_dags/example_local_kubernetes_executor.py                                                 0           0
/home/vscode/.local/lib/python3.10/site-packages/airflow/example_dags/example_dag_decorator.py                                                             0           0
/home/vscode/.local/lib/python3.10/site-packages/airflow/example_dags/example_latest_only.py                                                               0           0
/home/vscode/.local/lib/python3.10/site-packages/airflow/example_dags/example_passing_params_via_test_command.py                                           0           0
/home/vscode/.local/lib/python3.10/site-packages/airflow/example_dags/example_sensors.py                                                                   0           0
/home/vscode/.local/lib/python3.10/site-packages/airflow/example_dags/example_branch_operator_decorator.py                                                 0           0
/home/vscode/.local/lib/python3.10/site-packages/airflow/example_dags/example_kubernetes_executor.py                                                       0           0
/home/vscode/.local/lib/python3.10/site-packages/airflow/example_dags/example_branch_operator.py                                                           0           0
/home/vscode/.local/lib/python3.10/site-packages/airflow/example_dags/plugins/workday.py                                                                   0           0  0.10s           2025-04-08T11:41:45
/home/vscode/.local/lib/python3.10/site-packages/airflow/example_dags/plugins/listener_plugin.py                                                           0           0  0.10s           2025-04-08T11:41:47
/home/vscode/.local/lib/python3.10/site-packages/airflow/example_dags/plugins/event_listener.py                                                            0           0  0.11s           2025-04-08T11:41:48
/home/vscode/.local/lib/python3.10/site-packages/airflow/example_dags/subdags/subdag.py                                                                    0           0  0.11s           2025-04-08T11:41:49
/home/vscode/.local/lib/python3.10/site-packages/airflow/example_dags/example_short_circuit_operator.py                                                    1           0  0.20s           2025-04-08T11:41:58
/home/vscode/.local/lib/python3.10/site-packages/airflow/example_dags/example_python_operator.py                                                           1           0  0.20s           2025-04-08T11:42:09
/home/vscode/.local/lib/python3.10/site-packages/airflow/example_dags/tutorial_dag.py                                                                      1           0  0.20s           2025-04-08T11:41:50
/home/vscode/.local/lib/python3.10/site-packages/airflow/example_dags/example_sensor_decorator.py                                                          1           0  0.20s           2025-04-08T11:42:10
/home/vscode/.local/lib/python3.10/site-packages/airflow/example_dags/tutorial.py                                                                          1           0  0.20s           2025-04-08T11:41:53
/home/vscode/.local/lib/python3.10/site-packages/airflow/example_dags/example_task_group.py                                                                1           0  0.20s           2025-04-08T11:41:59
/home/vscode/.local/lib/python3.10/site-packages/airflow/example_dags/example_xcom.py                                                                      1           0  0.20s           2025-04-08T11:41:54
/home/vscode/.local/lib/python3.10/site-packages/airflow/example_dags/example_sla_dag.py                                                                   1           0  0.20s           2025-04-08T11:42:00
/home/vscode/.local/lib/python3.10/site-packages/airflow/example_dags/example_params_ui_tutorial.py                                                        1           0  0.20s           2025-04-08T11:42:12
/home/vscode/.local/lib/python3.10/site-packages/airflow/example_dags/tutorial_taskflow_api_virtualenv.py                                                  1           0  0.30s           2025-04-08T11:41:55
/home/vscode/.local/lib/python3.10/site-packages/airflow/example_dags/example_short_circuit_decorator.py                                                   1           0  0.20s           2025-04-08T11:42:01
/home/vscode/.local/lib/python3.10/site-packages/airflow/example_dags/tutorial_taskflow_api.py                                                             1           0  0.21s           2025-04-08T11:41:57
/home/vscode/.local/lib/python3.10/site-packages/airflow/example_dags/example_params_trigger_ui.py                                                         1           0  0.20s           2025-04-08T11:42:14
/home/vscode/.local/lib/python3.10/site-packages/airflow/example_dags/example_trigger_target_dag.py                                                        1           0  0.20s           2025-04-08T11:42:04
/home/vscode/.local/lib/python3.10/site-packages/airflow/example_dags/example_nested_branch_dag.py                                                         1           0  0.20s           2025-04-08T11:42:15
/home/vscode/.local/lib/python3.10/site-packages/airflow/example_dags/example_trigger_controller_dag.py                                                    1           0  0.20s           2025-04-08T11:42:05
/home/vscode/.local/lib/python3.10/site-packages/airflow/example_dags/example_time_delta_sensor_async.py                                                   1           0  0.20s           2025-04-08T11:42:05
/home/vscode/.local/lib/python3.10/site-packages/airflow/example_dags/example_task_group_decorator.py                                                      1           0  0.20s           2025-04-08T11:42:07
/home/vscode/.local/lib/python3.10/site-packages/airflow/example_dags/example_skip_dag.py                                                                  1           0  0.20s           2025-04-08T11:42:08
/home/vscode/.local/lib/python3.10/site-packages/airflow/example_dags/example_xcomargs.py                                                                  2           0  0.20s           2025-04-08T11:41:51
/home/vscode/.local/lib/python3.10/site-packages/airflow/example_dags/example_subdag_operator.py                                                           3           0  0.20s           2025-04-08T11:42:03
================================================================================
[2025-04-08T11:42:46.302+0000] {manager.py:889} INFO - 
================================================================================
DAG File Processing Stats

File Path                                                                                                                         PID    Runtime      # DAGs    # Errors  Last Runtime    Last Run
--------------------------------------------------------------------------------------------------------------------------------  -----  ---------  --------  ----------  --------------  -------------------
/home/vscode/.local/lib/python3.10/site-packages/airflow/example_dags/example_setup_teardown_taskflow.py                                                   0           0  0.10s           2025-04-08T11:42:11
/home/vscode/.local/lib/python3.10/site-packages/airflow/example_dags/example_setup_teardown.py                                                            0           0  0.10s           2025-04-08T11:42:13
/home/vscode/.local/lib/python3.10/site-packages/airflow/example_dags/example_local_kubernetes_executor.py                                                 0           0  0.10s           2025-04-08T11:42:23
/home/vscode/.local/lib/python3.10/site-packages/airflow/example_dags/example_kubernetes_executor.py                                                       0           0  0.10s           2025-04-08T11:42:26
/home/vscode/.local/lib/python3.10/site-packages/airflow/example_dags/plugins/workday.py                                                                   0           0  0.10s           2025-04-08T11:42:36
/home/vscode/.local/lib/python3.10/site-packages/airflow/example_dags/plugins/listener_plugin.py                                                           0           0  0.10s           2025-04-08T11:42:36
/home/vscode/.local/lib/python3.10/site-packages/airflow/example_dags/plugins/event_listener.py                                                            0           0  0.10s           2025-04-08T11:42:38
/home/vscode/.local/lib/python3.10/site-packages/airflow/example_dags/subdags/subdag.py                                                                    0           0  0.10s           2025-04-08T11:42:39
/home/vscode/.local/lib/python3.10/site-packages/airflow/example_dags/example_short_circuit_operator.py                                                    1           0  0.10s           2025-04-08T11:42:45
/home/vscode/.local/lib/python3.10/site-packages/airflow/example_dags/example_branch_python_dop_operator_3.py                                              1           0  0.20s           2025-04-08T11:42:27
/home/vscode/.local/lib/python3.10/site-packages/airflow/example_dags/example_python_operator.py                                                           1           0  0.20s           2025-04-08T11:42:09
/home/vscode/.local/lib/python3.10/site-packages/airflow/example_dags/tutorial_dag.py                                                                      1           0  0.10s           2025-04-08T11:42:40
/home/vscode/.local/lib/python3.10/site-packages/airflow/example_dags/example_latest_only_with_trigger.py                                                  1           0  0.20s           2025-04-08T11:42:18
/home/vscode/.local/lib/python3.10/site-packages/airflow/example_dags/example_dynamic_task_mapping.py                                                      1           0  0.20s           2025-04-08T11:42:19
/home/vscode/.local/lib/python3.10/site-packages/airflow/example_dags/example_sensor_decorator.py                                                          1           0  0.20s           2025-04-08T11:42:10
/home/vscode/.local/lib/python3.10/site-packages/airflow/example_dags/example_complex.py                                                                   1           0  0.20s           2025-04-08T11:42:30
/home/vscode/.local/lib/python3.10/site-packages/airflow/example_dags/tutorial.py                                                                          1           0  0.10s           2025-04-08T11:42:42
/home/vscode/.local/lib/python3.10/site-packages/airflow/example_dags/example_task_group.py                                                                1           0  0.10s           2025-04-08T11:42:46
/home/vscode/.local/lib/python3.10/site-packages/airflow/example_dags/example_dynamic_task_mapping_with_no_taskflow_operators.py                           1           0  0.20s           2025-04-08T11:42:21
/home/vscode/.local/lib/python3.10/site-packages/airflow/example_dags/example_xcom.py                                                                      1           0  0.10s           2025-04-08T11:42:43
/home/vscode/.local/lib/python3.10/site-packages/airflow/example_dags/example_bash_operator.py                                                             1           0  0.20s           2025-04-08T11:42:31
/home/vscode/.local/lib/python3.10/site-packages/airflow/example_dags/example_branch_labels.py                                                             1           0  0.20s           2025-04-08T11:42:31
/home/vscode/.local/lib/python3.10/site-packages/airflow/example_dags/example_sla_dag.py                                                                   1           0  0.20s           2025-04-08T11:42:00
/home/vscode/.local/lib/python3.10/site-packages/airflow/example_dags/example_params_ui_tutorial.py                                                        1           0  0.20s           2025-04-08T11:42:12
/home/vscode/.local/lib/python3.10/site-packages/airflow/example_dags/example_branch_day_of_week_operator.py                                               1           0  0.21s           2025-04-08T11:42:33
/home/vscode/.local/lib/python3.10/site-packages/airflow/example_dags/tutorial_taskflow_api_virtualenv.py                                                  1           0  0.10s           2025-04-08T11:42:44
/home/vscode/.local/lib/python3.10/site-packages/airflow/example_dags/example_short_circuit_decorator.py                                                   1           0  0.20s           2025-04-08T11:42:01
/home/vscode/.local/lib/python3.10/site-packages/airflow/example_dags/tutorial_taskflow_api.py                                                             1           0  0.10s           2025-04-08T11:42:45
/home/vscode/.local/lib/python3.10/site-packages/airflow/example_dags/example_dag_decorator.py                                                             1           0  0.20s           2025-04-08T11:42:25
/home/vscode/.local/lib/python3.10/site-packages/airflow/example_dags/example_params_trigger_ui.py                                                         1           0  0.20s           2025-04-08T11:42:14
/home/vscode/.local/lib/python3.10/site-packages/airflow/example_dags/example_trigger_target_dag.py                                                        1           0  0.20s           2025-04-08T11:42:04
/home/vscode/.local/lib/python3.10/site-packages/airflow/example_dags/example_nested_branch_dag.py                                                         1           0  0.20s           2025-04-08T11:42:15
/home/vscode/.local/lib/python3.10/site-packages/airflow/example_dags/example_trigger_controller_dag.py                                                    1           0  0.20s           2025-04-08T11:42:05
/home/vscode/.local/lib/python3.10/site-packages/airflow/example_dags/example_latest_only.py                                                               1           0  0.20s           2025-04-08T11:42:26
/home/vscode/.local/lib/python3.10/site-packages/airflow/example_dags/example_passing_params_via_test_command.py                                           1           0  0.20s           2025-04-08T11:42:16
/home/vscode/.local/lib/python3.10/site-packages/airflow/example_dags/example_time_delta_sensor_async.py                                                   1           0  0.20s           2025-04-08T11:42:05
/home/vscode/.local/lib/python3.10/site-packages/airflow/example_dags/example_task_group_decorator.py                                                      1           0  0.20s           2025-04-08T11:42:07
/home/vscode/.local/lib/python3.10/site-packages/airflow/example_dags/example_skip_dag.py                                                                  1           0  0.20s           2025-04-08T11:42:08
/home/vscode/.local/lib/python3.10/site-packages/airflow/example_dags/example_sensors.py                                                                   1           0  0.20s           2025-04-08T11:42:17
/home/vscode/.local/lib/python3.10/site-packages/airflow/example_dags/example_branch_operator_decorator.py                                                 1           0  0.20s           2025-04-08T11:42:34
/home/vscode/.local/lib/python3.10/site-packages/airflow/example_dags/example_branch_operator.py                                                           1           0  0.20s           2025-04-08T11:42:35
/home/vscode/.local/lib/python3.10/site-packages/airflow/example_dags/example_xcomargs.py                                                                  2           0  0.10s           2025-04-08T11:42:41
/home/vscode/.local/lib/python3.10/site-packages/airflow/example_dags/example_external_task_marker_dag.py                                                  2           0  0.20s           2025-04-08T11:42:21
/home/vscode/.local/lib/python3.10/site-packages/airflow/example_dags/example_branch_datetime_operator.py                                                  3           0  0.30s           2025-04-08T11:42:29
/home/vscode/.local/lib/python3.10/site-packages/airflow/example_dags/example_subdag_operator.py                                                           3           0  0.20s           2025-04-08T11:42:03
/home/vscode/.local/lib/python3.10/site-packages/airflow/example_dags/example_datasets.py                                                                  6           0  0.30s           2025-04-08T11:42:22
================================================================================
[2025-04-08T11:43:16.572+0000] {manager.py:889} INFO - 
================================================================================
DAG File Processing Stats

File Path                                                                                                                         PID    Runtime      # DAGs    # Errors  Last Runtime    Last Run
--------------------------------------------------------------------------------------------------------------------------------  -----  ---------  --------  ----------  --------------  -------------------
/home/vscode/.local/lib/python3.10/site-packages/airflow/example_dags/example_setup_teardown_taskflow.py                                                   0           0  0.10s           2025-04-08T11:42:56
/home/vscode/.local/lib/python3.10/site-packages/airflow/example_dags/example_setup_teardown.py                                                            0           0  0.10s           2025-04-08T11:42:58
/home/vscode/.local/lib/python3.10/site-packages/airflow/example_dags/example_local_kubernetes_executor.py                                                 0           0  0.10s           2025-04-08T11:43:11
/home/vscode/.local/lib/python3.10/site-packages/airflow/example_dags/example_kubernetes_executor.py                                                       0           0  0.10s           2025-04-08T11:43:13
/home/vscode/.local/lib/python3.10/site-packages/airflow/example_dags/plugins/workday.py                                                                   0           0  0.10s           2025-04-08T11:43:07
/home/vscode/.local/lib/python3.10/site-packages/airflow/example_dags/plugins/listener_plugin.py                                                           0           0  0.10s           2025-04-08T11:43:08
/home/vscode/.local/lib/python3.10/site-packages/airflow/example_dags/plugins/event_listener.py                                                            0           0  0.10s           2025-04-08T11:42:38
/home/vscode/.local/lib/python3.10/site-packages/airflow/example_dags/subdags/subdag.py                                                                    0           0  0.10s           2025-04-08T11:42:39
/home/vscode/.local/lib/python3.10/site-packages/airflow/example_dags/example_short_circuit_operator.py                                                    1           0  0.10s           2025-04-08T11:42:45
/home/vscode/.local/lib/python3.10/site-packages/airflow/example_dags/example_branch_python_dop_operator_3.py                                              1           0  0.11s           2025-04-08T11:43:15
/home/vscode/.local/lib/python3.10/site-packages/airflow/example_dags/example_python_operator.py                                                           1           0  0.10s           2025-04-08T11:42:54
/home/vscode/.local/lib/python3.10/site-packages/airflow/example_dags/tutorial_dag.py                                                                      1           0  0.10s           2025-04-08T11:42:40
/home/vscode/.local/lib/python3.10/site-packages/airflow/example_dags/example_latest_only_with_trigger.py                                                  1           0  0.10s           2025-04-08T11:43:03
/home/vscode/.local/lib/python3.10/site-packages/airflow/example_dags/example_dynamic_task_mapping.py                                                      1           0  0.11s           2025-04-08T11:43:04
/home/vscode/.local/lib/python3.10/site-packages/airflow/example_dags/example_sensor_decorator.py                                                          1           0  0.10s           2025-04-08T11:42:55
/home/vscode/.local/lib/python3.10/site-packages/airflow/example_dags/example_complex.py                                                                   1           0  0.10s           2025-04-08T11:43:16
/home/vscode/.local/lib/python3.10/site-packages/airflow/example_dags/tutorial.py                                                                          1           0  0.10s           2025-04-08T11:42:42
/home/vscode/.local/lib/python3.10/site-packages/airflow/example_dags/example_task_group.py                                                                1           0  0.10s           2025-04-08T11:42:46
/home/vscode/.local/lib/python3.10/site-packages/airflow/example_dags/example_dynamic_task_mapping_with_no_taskflow_operators.py                           1           0  0.10s           2025-04-08T11:43:06
/home/vscode/.local/lib/python3.10/site-packages/airflow/example_dags/example_xcom.py                                                                      1           0  0.10s           2025-04-08T11:42:43
/home/vscode/.local/lib/python3.10/site-packages/airflow/example_dags/example_bash_operator.py                                                             1           0  0.20s           2025-04-08T11:42:31
/home/vscode/.local/lib/python3.10/site-packages/airflow/example_dags/example_branch_labels.py                                                             1           0  0.20s           2025-04-08T11:42:31
/home/vscode/.local/lib/python3.10/site-packages/airflow/example_dags/example_sla_dag.py                                                                   1           0  0.10s           2025-04-08T11:42:46
/home/vscode/.local/lib/python3.10/site-packages/airflow/example_dags/example_params_ui_tutorial.py                                                        1           0  0.10s           2025-04-08T11:42:57
/home/vscode/.local/lib/python3.10/site-packages/airflow/example_dags/example_branch_day_of_week_operator.py                                               1           0  0.21s           2025-04-08T11:42:33
/home/vscode/.local/lib/python3.10/site-packages/airflow/example_dags/tutorial_taskflow_api_virtualenv.py                                                  1           0  0.10s           2025-04-08T11:42:44
/home/vscode/.local/lib/python3.10/site-packages/airflow/example_dags/example_short_circuit_decorator.py                                                   1           0  0.10s           2025-04-08T11:42:47
/home/vscode/.local/lib/python3.10/site-packages/airflow/example_dags/tutorial_taskflow_api.py                                                             1           0  0.10s           2025-04-08T11:42:45
/home/vscode/.local/lib/python3.10/site-packages/airflow/example_dags/example_dag_decorator.py                                                             1           0  0.20s           2025-04-08T11:43:12
/home/vscode/.local/lib/python3.10/site-packages/airflow/example_dags/example_params_trigger_ui.py                                                         1           0  0.10s           2025-04-08T11:42:59
/home/vscode/.local/lib/python3.10/site-packages/airflow/example_dags/example_trigger_target_dag.py                                                        1           0  0.10s           2025-04-08T11:42:49
/home/vscode/.local/lib/python3.10/site-packages/airflow/example_dags/example_nested_branch_dag.py                                                         1           0  0.10s           2025-04-08T11:43:00
/home/vscode/.local/lib/python3.10/site-packages/airflow/example_dags/example_trigger_controller_dag.py                                                    1           0  0.10s           2025-04-08T11:42:50
/home/vscode/.local/lib/python3.10/site-packages/airflow/example_dags/example_latest_only.py                                                               1           0  0.10s           2025-04-08T11:43:12
/home/vscode/.local/lib/python3.10/site-packages/airflow/example_dags/example_passing_params_via_test_command.py                                           1           0  0.10s           2025-04-08T11:43:01
/home/vscode/.local/lib/python3.10/site-packages/airflow/example_dags/example_time_delta_sensor_async.py                                                   1           0  0.10s           2025-04-08T11:42:51
/home/vscode/.local/lib/python3.10/site-packages/airflow/example_dags/example_task_group_decorator.py                                                      1           0  0.10s           2025-04-08T11:42:52
/home/vscode/.local/lib/python3.10/site-packages/airflow/example_dags/example_skip_dag.py                                                                  1           0  0.10s           2025-04-08T11:42:53
/home/vscode/.local/lib/python3.10/site-packages/airflow/example_dags/example_sensors.py                                                                   1           0  0.10s           2025-04-08T11:43:02
/home/vscode/.local/lib/python3.10/site-packages/airflow/example_dags/example_branch_operator_decorator.py                                                 1           0  0.20s           2025-04-08T11:42:34
/home/vscode/.local/lib/python3.10/site-packages/airflow/example_dags/example_branch_operator.py                                                           1           0  0.20s           2025-04-08T11:42:35
/home/vscode/.local/lib/python3.10/site-packages/airflow/example_dags/example_xcomargs.py                                                                  2           0  0.10s           2025-04-08T11:42:41
/home/vscode/.local/lib/python3.10/site-packages/airflow/example_dags/example_external_task_marker_dag.py                                                  2           0  0.10s           2025-04-08T11:43:05
/home/vscode/.local/lib/python3.10/site-packages/airflow/example_dags/example_branch_datetime_operator.py                                                  3           0  0.10s           2025-04-08T11:43:16
/home/vscode/.local/lib/python3.10/site-packages/airflow/example_dags/example_subdag_operator.py                                                           3           0  0.10s           2025-04-08T11:42:48
/home/vscode/.local/lib/python3.10/site-packages/airflow/example_dags/example_datasets.py                                                                  6           0  0.20s           2025-04-08T11:43:10
================================================================================
[2025-04-08T11:43:46.833+0000] {manager.py:889} INFO - 
================================================================================
DAG File Processing Stats

File Path                                                                                                                         PID    Runtime      # DAGs    # Errors  Last Runtime    Last Run
--------------------------------------------------------------------------------------------------------------------------------  -----  ---------  --------  ----------  --------------  -------------------
/home/vscode/.local/lib/python3.10/site-packages/airflow/example_dags/example_setup_teardown_taskflow.py                                                   0           0  0.10s           2025-04-08T11:43:44
/home/vscode/.local/lib/python3.10/site-packages/airflow/example_dags/example_setup_teardown.py                                                            0           0  0.10s           2025-04-08T11:43:46
/home/vscode/.local/lib/python3.10/site-packages/airflow/example_dags/example_local_kubernetes_executor.py                                                 0           0  0.10s           2025-04-08T11:43:11
/home/vscode/.local/lib/python3.10/site-packages/airflow/example_dags/example_kubernetes_executor.py                                                       0           0  0.10s           2025-04-08T11:43:13
/home/vscode/.local/lib/python3.10/site-packages/airflow/example_dags/plugins/workday.py                                                                   0           0  0.10s           2025-04-08T11:43:39
/home/vscode/.local/lib/python3.10/site-packages/airflow/example_dags/plugins/listener_plugin.py                                                           0           0  0.10s           2025-04-08T11:43:40
/home/vscode/.local/lib/python3.10/site-packages/airflow/example_dags/plugins/event_listener.py                                                            0           0  0.10s           2025-04-08T11:43:22
/home/vscode/.local/lib/python3.10/site-packages/airflow/example_dags/subdags/subdag.py                                                                    0           0  0.10s           2025-04-08T11:43:23
/home/vscode/.local/lib/python3.10/site-packages/airflow/example_dags/example_short_circuit_operator.py                                                    1           0  0.10s           2025-04-08T11:43:30
/home/vscode/.local/lib/python3.10/site-packages/airflow/example_dags/example_branch_python_dop_operator_3.py                                              1           0  0.11s           2025-04-08T11:43:15
/home/vscode/.local/lib/python3.10/site-packages/airflow/example_dags/example_python_operator.py                                                           1           0  0.10s           2025-04-08T11:43:42
/home/vscode/.local/lib/python3.10/site-packages/airflow/example_dags/tutorial_dag.py                                                                      1           0  0.10s           2025-04-08T11:43:24
/home/vscode/.local/lib/python3.10/site-packages/airflow/example_dags/example_latest_only_with_trigger.py                                                  1           0  0.10s           2025-04-08T11:43:03
/home/vscode/.local/lib/python3.10/site-packages/airflow/example_dags/example_dynamic_task_mapping.py                                                      1           0  0.11s           2025-04-08T11:43:04
/home/vscode/.local/lib/python3.10/site-packages/airflow/example_dags/example_sensor_decorator.py                                                          1           0  0.10s           2025-04-08T11:43:43
/home/vscode/.local/lib/python3.10/site-packages/airflow/example_dags/example_complex.py                                                                   1           0  0.10s           2025-04-08T11:43:16
/home/vscode/.local/lib/python3.10/site-packages/airflow/example_dags/tutorial.py                                                                          1           0  0.10s           2025-04-08T11:43:26
/home/vscode/.local/lib/python3.10/site-packages/airflow/example_dags/example_task_group.py                                                                1           0  0.10s           2025-04-08T11:43:31
/home/vscode/.local/lib/python3.10/site-packages/airflow/example_dags/example_dynamic_task_mapping_with_no_taskflow_operators.py                           1           0  0.10s           2025-04-08T11:43:06
/home/vscode/.local/lib/python3.10/site-packages/airflow/example_dags/example_xcom.py                                                                      1           0  0.10s           2025-04-08T11:43:27
/home/vscode/.local/lib/python3.10/site-packages/airflow/example_dags/example_bash_operator.py                                                             1           0  0.10s           2025-04-08T11:43:17
/home/vscode/.local/lib/python3.10/site-packages/airflow/example_dags/example_branch_labels.py                                                             1           0  0.10s           2025-04-08T11:43:17
/home/vscode/.local/lib/python3.10/site-packages/airflow/example_dags/example_sla_dag.py                                                                   1           0  0.10s           2025-04-08T11:43:32
/home/vscode/.local/lib/python3.10/site-packages/airflow/example_dags/example_params_ui_tutorial.py                                                        1           0  0.10s           2025-04-08T11:43:45
/home/vscode/.local/lib/python3.10/site-packages/airflow/example_dags/example_branch_day_of_week_operator.py                                               1           0  0.10s           2025-04-08T11:43:19
/home/vscode/.local/lib/python3.10/site-packages/airflow/example_dags/tutorial_taskflow_api_virtualenv.py                                                  1           0  0.10s           2025-04-08T11:43:28
/home/vscode/.local/lib/python3.10/site-packages/airflow/example_dags/example_short_circuit_decorator.py                                                   1           0  0.10s           2025-04-08T11:43:33
/home/vscode/.local/lib/python3.10/site-packages/airflow/example_dags/tutorial_taskflow_api.py                                                             1           0  0.10s           2025-04-08T11:43:29
/home/vscode/.local/lib/python3.10/site-packages/airflow/example_dags/example_dag_decorator.py                                                             1           0  0.20s           2025-04-08T11:43:12
/home/vscode/.local/lib/python3.10/site-packages/airflow/example_dags/example_params_trigger_ui.py                                                         1           0  0.10s           2025-04-08T11:42:59
/home/vscode/.local/lib/python3.10/site-packages/airflow/example_dags/example_trigger_target_dag.py                                                        1           0  0.10s           2025-04-08T11:43:35
/home/vscode/.local/lib/python3.10/site-packages/airflow/example_dags/example_nested_branch_dag.py                                                         1           0  0.10s           2025-04-08T11:43:00
/home/vscode/.local/lib/python3.10/site-packages/airflow/example_dags/example_trigger_controller_dag.py                                                    1           0  0.11s           2025-04-08T11:43:36
/home/vscode/.local/lib/python3.10/site-packages/airflow/example_dags/example_latest_only.py                                                               1           0  0.10s           2025-04-08T11:43:12
/home/vscode/.local/lib/python3.10/site-packages/airflow/example_dags/example_passing_params_via_test_command.py                                           1           0  0.10s           2025-04-08T11:43:01
/home/vscode/.local/lib/python3.10/site-packages/airflow/example_dags/example_time_delta_sensor_async.py                                                   1           0  0.10s           2025-04-08T11:43:37
/home/vscode/.local/lib/python3.10/site-packages/airflow/example_dags/example_task_group_decorator.py                                                      1           0  0.10s           2025-04-08T11:43:38
/home/vscode/.local/lib/python3.10/site-packages/airflow/example_dags/example_skip_dag.py                                                                  1           0  0.10s           2025-04-08T11:43:41
/home/vscode/.local/lib/python3.10/site-packages/airflow/example_dags/example_sensors.py                                                                   1           0  0.10s           2025-04-08T11:43:02
/home/vscode/.local/lib/python3.10/site-packages/airflow/example_dags/example_branch_operator_decorator.py                                                 1           0  0.11s           2025-04-08T11:43:20
/home/vscode/.local/lib/python3.10/site-packages/airflow/example_dags/example_branch_operator.py                                                           1           0  0.10s           2025-04-08T11:43:21
/home/vscode/.local/lib/python3.10/site-packages/airflow/example_dags/example_xcomargs.py                                                                  2           0  0.10s           2025-04-08T11:43:25
/home/vscode/.local/lib/python3.10/site-packages/airflow/example_dags/example_external_task_marker_dag.py                                                  2           0  0.10s           2025-04-08T11:43:05
/home/vscode/.local/lib/python3.10/site-packages/airflow/example_dags/example_branch_datetime_operator.py                                                  3           0  0.10s           2025-04-08T11:43:16
/home/vscode/.local/lib/python3.10/site-packages/airflow/example_dags/example_subdag_operator.py                                                           3           0  0.10s           2025-04-08T11:43:34
/home/vscode/.local/lib/python3.10/site-packages/airflow/example_dags/example_datasets.py                                                                  6           0  0.20s           2025-04-08T11:43:10
================================================================================
[2025-04-08T11:44:17.107+0000] {manager.py:889} INFO - 
================================================================================
DAG File Processing Stats

File Path                                                                                                                         PID    Runtime      # DAGs    # Errors  Last Runtime    Last Run
--------------------------------------------------------------------------------------------------------------------------------  -----  ---------  --------  ----------  --------------  -------------------
/home/vscode/.local/lib/python3.10/site-packages/airflow/example_dags/example_setup_teardown_taskflow.py                                                   0           0  0.10s           2025-04-08T11:43:44
/home/vscode/.local/lib/python3.10/site-packages/airflow/example_dags/example_setup_teardown.py                                                            0           0  0.10s           2025-04-08T11:43:46
/home/vscode/.local/lib/python3.10/site-packages/airflow/example_dags/example_local_kubernetes_executor.py                                                 0           0  0.10s           2025-04-08T11:43:58
/home/vscode/.local/lib/python3.10/site-packages/airflow/example_dags/example_kubernetes_executor.py                                                       0           0  0.10s           2025-04-08T11:44:01
/home/vscode/.local/lib/python3.10/site-packages/airflow/example_dags/plugins/workday.py                                                                   0           0  0.10s           2025-04-08T11:44:10
/home/vscode/.local/lib/python3.10/site-packages/airflow/example_dags/plugins/listener_plugin.py                                                           0           0  0.10s           2025-04-08T11:43:40
/home/vscode/.local/lib/python3.10/site-packages/airflow/example_dags/plugins/event_listener.py                                                            0           0  0.10s           2025-04-08T11:43:55
/home/vscode/.local/lib/python3.10/site-packages/airflow/example_dags/subdags/subdag.py                                                                    0           0  0.10s           2025-04-08T11:43:56
/home/vscode/.local/lib/python3.10/site-packages/airflow/example_dags/example_short_circuit_operator.py                                                    1           0  0.10s           2025-04-08T11:44:16
/home/vscode/.local/lib/python3.10/site-packages/airflow/example_dags/example_branch_python_dop_operator_3.py                                              1           0  0.10s           2025-04-08T11:44:01
/home/vscode/.local/lib/python3.10/site-packages/airflow/example_dags/example_python_operator.py                                                           1           0  0.10s           2025-04-08T11:43:42
/home/vscode/.local/lib/python3.10/site-packages/airflow/example_dags/tutorial_dag.py                                                                      1           0  0.10s           2025-04-08T11:43:57
/home/vscode/.local/lib/python3.10/site-packages/airflow/example_dags/example_latest_only_with_trigger.py                                                  1           0  0.10s           2025-04-08T11:43:51
/home/vscode/.local/lib/python3.10/site-packages/airflow/example_dags/example_dynamic_task_mapping.py                                                      1           0  0.10s           2025-04-08T11:43:52
/home/vscode/.local/lib/python3.10/site-packages/airflow/example_dags/example_sensor_decorator.py                                                          1           0  0.10s           2025-04-08T11:43:43
/home/vscode/.local/lib/python3.10/site-packages/airflow/example_dags/example_complex.py                                                                   1           0  0.10s           2025-04-08T11:44:04
/home/vscode/.local/lib/python3.10/site-packages/airflow/example_dags/tutorial.py                                                                          1           0  0.10s           2025-04-08T11:44:12
/home/vscode/.local/lib/python3.10/site-packages/airflow/example_dags/example_task_group.py                                                                1           0  0.10s           2025-04-08T11:44:17
/home/vscode/.local/lib/python3.10/site-packages/airflow/example_dags/example_dynamic_task_mapping_with_no_taskflow_operators.py                           1           0  0.10s           2025-04-08T11:43:53
/home/vscode/.local/lib/python3.10/site-packages/airflow/example_dags/example_xcom.py                                                                      1           0  0.11s           2025-04-08T11:44:13
/home/vscode/.local/lib/python3.10/site-packages/airflow/example_dags/example_bash_operator.py                                                             1           0  0.10s           2025-04-08T11:44:05
/home/vscode/.local/lib/python3.10/site-packages/airflow/example_dags/example_branch_labels.py                                                             1           0  0.10s           2025-04-08T11:44:06
/home/vscode/.local/lib/python3.10/site-packages/airflow/example_dags/example_sla_dag.py                                                                   1           0  0.10s           2025-04-08T11:43:32
/home/vscode/.local/lib/python3.10/site-packages/airflow/example_dags/example_params_ui_tutorial.py                                                        1           0  0.10s           2025-04-08T11:43:45
/home/vscode/.local/lib/python3.10/site-packages/airflow/example_dags/example_branch_day_of_week_operator.py                                               1           0  0.10s           2025-04-08T11:44:07
/home/vscode/.local/lib/python3.10/site-packages/airflow/example_dags/tutorial_taskflow_api_virtualenv.py                                                  1           0  0.10s           2025-04-08T11:44:14
/home/vscode/.local/lib/python3.10/site-packages/airflow/example_dags/example_short_circuit_decorator.py                                                   1           0  0.10s           2025-04-08T11:43:33
/home/vscode/.local/lib/python3.10/site-packages/airflow/example_dags/tutorial_taskflow_api.py                                                             1           0  0.10s           2025-04-08T11:44:15
/home/vscode/.local/lib/python3.10/site-packages/airflow/example_dags/example_dag_decorator.py                                                             1           0  0.20s           2025-04-08T11:43:59
/home/vscode/.local/lib/python3.10/site-packages/airflow/example_dags/example_params_trigger_ui.py                                                         1           0  0.10s           2025-04-08T11:43:47
/home/vscode/.local/lib/python3.10/site-packages/airflow/example_dags/example_trigger_target_dag.py                                                        1           0  0.10s           2025-04-08T11:43:35
/home/vscode/.local/lib/python3.10/site-packages/airflow/example_dags/example_nested_branch_dag.py                                                         1           0  0.10s           2025-04-08T11:43:48
/home/vscode/.local/lib/python3.10/site-packages/airflow/example_dags/example_trigger_controller_dag.py                                                    1           0  0.11s           2025-04-08T11:43:36
/home/vscode/.local/lib/python3.10/site-packages/airflow/example_dags/example_latest_only.py                                                               1           0  0.10s           2025-04-08T11:44:00
/home/vscode/.local/lib/python3.10/site-packages/airflow/example_dags/example_passing_params_via_test_command.py                                           1           0  0.10s           2025-04-08T11:43:48
/home/vscode/.local/lib/python3.10/site-packages/airflow/example_dags/example_time_delta_sensor_async.py                                                   1           0  0.10s           2025-04-08T11:43:37
/home/vscode/.local/lib/python3.10/site-packages/airflow/example_dags/example_task_group_decorator.py                                                      1           0  0.10s           2025-04-08T11:43:38
/home/vscode/.local/lib/python3.10/site-packages/airflow/example_dags/example_skip_dag.py                                                                  1           0  0.10s           2025-04-08T11:43:41
/home/vscode/.local/lib/python3.10/site-packages/airflow/example_dags/example_sensors.py                                                                   1           0  0.10s           2025-04-08T11:43:49
/home/vscode/.local/lib/python3.10/site-packages/airflow/example_dags/example_branch_operator_decorator.py                                                 1           0  0.10s           2025-04-08T11:44:08
/home/vscode/.local/lib/python3.10/site-packages/airflow/example_dags/example_branch_operator.py                                                           1           0  0.10s           2025-04-08T11:44:09
/home/vscode/.local/lib/python3.10/site-packages/airflow/example_dags/example_xcomargs.py                                                                  2           0  0.10s           2025-04-08T11:44:11
/home/vscode/.local/lib/python3.10/site-packages/airflow/example_dags/example_external_task_marker_dag.py                                                  2           0  0.10s           2025-04-08T11:43:53
/home/vscode/.local/lib/python3.10/site-packages/airflow/example_dags/example_branch_datetime_operator.py                                                  3           0  0.10s           2025-04-08T11:44:03
/home/vscode/.local/lib/python3.10/site-packages/airflow/example_dags/example_subdag_operator.py                                                           3           0  0.10s           2025-04-08T11:43:34
/home/vscode/.local/lib/python3.10/site-packages/airflow/example_dags/example_datasets.py                                                                  6           0  0.10s           2025-04-08T11:43:57
================================================================================
[2025-04-08T11:44:47.358+0000] {manager.py:889} INFO - 
================================================================================
DAG File Processing Stats

File Path                                                                                                                         PID    Runtime      # DAGs    # Errors  Last Runtime    Last Run
--------------------------------------------------------------------------------------------------------------------------------  -----  ---------  --------  ----------  --------------  -------------------
/home/vscode/.local/lib/python3.10/site-packages/airflow/example_dags/example_setup_teardown_taskflow.py                                                   0           0  0.10s           2025-04-08T11:44:29
/home/vscode/.local/lib/python3.10/site-packages/airflow/example_dags/example_setup_teardown.py                                                            0           0  0.10s           2025-04-08T11:44:31
/home/vscode/.local/lib/python3.10/site-packages/airflow/example_dags/example_local_kubernetes_executor.py                                                 0           0  0.10s           2025-04-08T11:44:44
/home/vscode/.local/lib/python3.10/site-packages/airflow/example_dags/example_kubernetes_executor.py                                                       0           0  0.10s           2025-04-08T11:44:47
/home/vscode/.local/lib/python3.10/site-packages/airflow/example_dags/plugins/workday.py                                                                   0           0  0.10s           2025-04-08T11:44:10
/home/vscode/.local/lib/python3.10/site-packages/airflow/example_dags/plugins/listener_plugin.py                                                           0           0  0.10s           2025-04-08T11:44:24
/home/vscode/.local/lib/python3.10/site-packages/airflow/example_dags/plugins/event_listener.py                                                            0           0  0.10s           2025-04-08T11:44:40
/home/vscode/.local/lib/python3.10/site-packages/airflow/example_dags/subdags/subdag.py                                                                    0           0  0.10s           2025-04-08T11:44:41
/home/vscode/.local/lib/python3.10/site-packages/airflow/example_dags/example_short_circuit_operator.py                                                    1           0  0.10s           2025-04-08T11:44:16
/home/vscode/.local/lib/python3.10/site-packages/airflow/example_dags/example_branch_python_dop_operator_3.py                                              1           0  0.10s           2025-04-08T11:44:47
/home/vscode/.local/lib/python3.10/site-packages/airflow/example_dags/example_python_operator.py                                                           1           0  0.10s           2025-04-08T11:44:27
/home/vscode/.local/lib/python3.10/site-packages/airflow/example_dags/tutorial_dag.py                                                                      1           0  0.10s           2025-04-08T11:44:42
/home/vscode/.local/lib/python3.10/site-packages/airflow/example_dags/example_latest_only_with_trigger.py                                                  1           0  0.10s           2025-04-08T11:44:36
/home/vscode/.local/lib/python3.10/site-packages/airflow/example_dags/example_dynamic_task_mapping.py                                                      1           0  0.10s           2025-04-08T11:44:37
/home/vscode/.local/lib/python3.10/site-packages/airflow/example_dags/example_sensor_decorator.py                                                          1           0  0.10s           2025-04-08T11:44:27
/home/vscode/.local/lib/python3.10/site-packages/airflow/example_dags/example_complex.py                                                                   1           0  0.10s           2025-04-08T11:44:04
/home/vscode/.local/lib/python3.10/site-packages/airflow/example_dags/tutorial.py                                                                          1           0  0.10s           2025-04-08T11:44:12
/home/vscode/.local/lib/python3.10/site-packages/airflow/example_dags/example_task_group.py                                                                1           0  0.10s           2025-04-08T11:44:17
/home/vscode/.local/lib/python3.10/site-packages/airflow/example_dags/example_dynamic_task_mapping_with_no_taskflow_operators.py                           1           0  0.10s           2025-04-08T11:44:39
/home/vscode/.local/lib/python3.10/site-packages/airflow/example_dags/example_xcom.py                                                                      1           0  0.11s           2025-04-08T11:44:13
/home/vscode/.local/lib/python3.10/site-packages/airflow/example_dags/example_bash_operator.py                                                             1           0  0.10s           2025-04-08T11:44:05
/home/vscode/.local/lib/python3.10/site-packages/airflow/example_dags/example_branch_labels.py                                                             1           0  0.10s           2025-04-08T11:44:06
/home/vscode/.local/lib/python3.10/site-packages/airflow/example_dags/example_sla_dag.py                                                                   1           0  0.10s           2025-04-08T11:44:17
/home/vscode/.local/lib/python3.10/site-packages/airflow/example_dags/example_params_ui_tutorial.py                                                        1           0  0.10s           2025-04-08T11:44:29
/home/vscode/.local/lib/python3.10/site-packages/airflow/example_dags/example_branch_day_of_week_operator.py                                               1           0  0.10s           2025-04-08T11:44:07
/home/vscode/.local/lib/python3.10/site-packages/airflow/example_dags/tutorial_taskflow_api_virtualenv.py                                                  1           0  0.10s           2025-04-08T11:44:14
/home/vscode/.local/lib/python3.10/site-packages/airflow/example_dags/example_short_circuit_decorator.py                                                   1           0  0.10s           2025-04-08T11:44:18
/home/vscode/.local/lib/python3.10/site-packages/airflow/example_dags/tutorial_taskflow_api.py                                                             1           0  0.10s           2025-04-08T11:44:15
/home/vscode/.local/lib/python3.10/site-packages/airflow/example_dags/example_dag_decorator.py                                                             1           0  0.20s           2025-04-08T11:44:45
/home/vscode/.local/lib/python3.10/site-packages/airflow/example_dags/example_params_trigger_ui.py                                                         1           0  0.10s           2025-04-08T11:44:32
/home/vscode/.local/lib/python3.10/site-packages/airflow/example_dags/example_trigger_target_dag.py                                                        1           0  0.10s           2025-04-08T11:44:20
/home/vscode/.local/lib/python3.10/site-packages/airflow/example_dags/example_nested_branch_dag.py                                                         1           0  0.10s           2025-04-08T11:44:33
/home/vscode/.local/lib/python3.10/site-packages/airflow/example_dags/example_trigger_controller_dag.py                                                    1           0  0.10s           2025-04-08T11:44:21
/home/vscode/.local/lib/python3.10/site-packages/airflow/example_dags/example_latest_only.py                                                               1           0  0.10s           2025-04-08T11:44:45
/home/vscode/.local/lib/python3.10/site-packages/airflow/example_dags/example_passing_params_via_test_command.py                                           1           0  0.10s           2025-04-08T11:44:34
/home/vscode/.local/lib/python3.10/site-packages/airflow/example_dags/example_time_delta_sensor_async.py                                                   1           0  0.10s           2025-04-08T11:44:23
/home/vscode/.local/lib/python3.10/site-packages/airflow/example_dags/example_task_group_decorator.py                                                      1           0  0.10s           2025-04-08T11:44:24
/home/vscode/.local/lib/python3.10/site-packages/airflow/example_dags/example_skip_dag.py                                                                  1           0  0.10s           2025-04-08T11:44:25
/home/vscode/.local/lib/python3.10/site-packages/airflow/example_dags/example_sensors.py                                                                   1           0  0.10s           2025-04-08T11:44:35
/home/vscode/.local/lib/python3.10/site-packages/airflow/example_dags/example_branch_operator_decorator.py                                                 1           0  0.10s           2025-04-08T11:44:08
/home/vscode/.local/lib/python3.10/site-packages/airflow/example_dags/example_branch_operator.py                                                           1           0  0.10s           2025-04-08T11:44:09
/home/vscode/.local/lib/python3.10/site-packages/airflow/example_dags/example_xcomargs.py                                                                  2           0  0.10s           2025-04-08T11:44:11
/home/vscode/.local/lib/python3.10/site-packages/airflow/example_dags/example_external_task_marker_dag.py                                                  2           0  0.10s           2025-04-08T11:44:38
/home/vscode/.local/lib/python3.10/site-packages/airflow/example_dags/example_branch_datetime_operator.py                                                  3           0  0.10s           2025-04-08T11:44:03
/home/vscode/.local/lib/python3.10/site-packages/airflow/example_dags/example_subdag_operator.py                                                           3           0  0.10s           2025-04-08T11:44:19
/home/vscode/.local/lib/python3.10/site-packages/airflow/example_dags/example_datasets.py                                                                  6           0  0.10s           2025-04-08T11:44:43
================================================================================
[2025-04-08T11:45:17.450+0000] {manager.py:889} INFO - 
================================================================================
DAG File Processing Stats

File Path                                                                                                                         PID    Runtime      # DAGs    # Errors  Last Runtime    Last Run
--------------------------------------------------------------------------------------------------------------------------------  -----  ---------  --------  ----------  --------------  -------------------
/home/vscode/.local/lib/python3.10/site-packages/airflow/example_dags/example_setup_teardown_taskflow.py                                                   0           0  0.10s           2025-04-08T11:45:11
/home/vscode/.local/lib/python3.10/site-packages/airflow/example_dags/example_setup_teardown.py                                                            0           0  0.10s           2025-04-08T11:45:13
/home/vscode/.local/lib/python3.10/site-packages/airflow/example_dags/example_local_kubernetes_executor.py                                                 0           0  0.10s           2025-04-08T11:44:44
/home/vscode/.local/lib/python3.10/site-packages/airflow/example_dags/example_kubernetes_executor.py                                                       0           0  0.10s           2025-04-08T11:44:47
/home/vscode/.local/lib/python3.10/site-packages/airflow/example_dags/plugins/workday.py                                                                   0           0  0.10s           2025-04-08T11:44:55
/home/vscode/.local/lib/python3.10/site-packages/airflow/example_dags/plugins/listener_plugin.py                                                           0           0  0.10s           2025-04-08T11:44:55
/home/vscode/.local/lib/python3.10/site-packages/airflow/example_dags/plugins/event_listener.py                                                            0           0  0.10s           2025-04-08T11:44:40
/home/vscode/.local/lib/python3.10/site-packages/airflow/example_dags/subdags/subdag.py                                                                    0           0  0.10s           2025-04-08T11:44:41
/home/vscode/.local/lib/python3.10/site-packages/airflow/example_dags/example_short_circuit_operator.py                                                    1           0  0.10s           2025-04-08T11:45:00
/home/vscode/.local/lib/python3.10/site-packages/airflow/example_dags/example_branch_python_dop_operator_3.py                                              1           0  0.10s           2025-04-08T11:44:47
/home/vscode/.local/lib/python3.10/site-packages/airflow/example_dags/example_python_operator.py                                                           1           0  0.10s           2025-04-08T11:45:09
/home/vscode/.local/lib/python3.10/site-packages/airflow/example_dags/tutorial_dag.py                                                                      1           0  0.10s           2025-04-08T11:44:42
/home/vscode/.local/lib/python3.10/site-packages/airflow/example_dags/example_latest_only_with_trigger.py                                                  1           0  0.10s           2025-04-08T11:44:36
/home/vscode/.local/lib/python3.10/site-packages/airflow/example_dags/example_dynamic_task_mapping.py                                                      1           0  0.10s           2025-04-08T11:44:37
/home/vscode/.local/lib/python3.10/site-packages/airflow/example_dags/example_sensor_decorator.py                                                          1           0  0.10s           2025-04-08T11:45:10
/home/vscode/.local/lib/python3.10/site-packages/airflow/example_dags/example_complex.py                                                                   1           0  0.10s           2025-04-08T11:44:49
/home/vscode/.local/lib/python3.10/site-packages/airflow/example_dags/tutorial.py                                                                          1           0  0.11s           2025-04-08T11:44:58
/home/vscode/.local/lib/python3.10/site-packages/airflow/example_dags/example_task_group.py                                                                1           0  0.10s           2025-04-08T11:45:02
/home/vscode/.local/lib/python3.10/site-packages/airflow/example_dags/example_dynamic_task_mapping_with_no_taskflow_operators.py                           1           0  0.10s           2025-04-08T11:44:39
/home/vscode/.local/lib/python3.10/site-packages/airflow/example_dags/example_xcom.py                                                                      1           0  0.10s           2025-04-08T11:44:58
/home/vscode/.local/lib/python3.10/site-packages/airflow/example_dags/example_bash_operator.py                                                             1           0  0.10s           2025-04-08T11:44:50
/home/vscode/.local/lib/python3.10/site-packages/airflow/example_dags/example_branch_labels.py                                                             1           0  0.10s           2025-04-08T11:44:50
/home/vscode/.local/lib/python3.10/site-packages/airflow/example_dags/example_sla_dag.py                                                                   1           0  0.10s           2025-04-08T11:45:02
/home/vscode/.local/lib/python3.10/site-packages/airflow/example_dags/example_params_ui_tutorial.py                                                        1           0  0.10s           2025-04-08T11:45:12
/home/vscode/.local/lib/python3.10/site-packages/airflow/example_dags/example_branch_day_of_week_operator.py                                               1           0  0.10s           2025-04-08T11:44:51
/home/vscode/.local/lib/python3.10/site-packages/airflow/example_dags/tutorial_taskflow_api_virtualenv.py                                                  1           0  0.11s           2025-04-08T11:44:59
/home/vscode/.local/lib/python3.10/site-packages/airflow/example_dags/example_short_circuit_decorator.py                                                   1           0  0.10s           2025-04-08T11:45:03
/home/vscode/.local/lib/python3.10/site-packages/airflow/example_dags/tutorial_taskflow_api.py                                                             1           0  0.10s           2025-04-08T11:45:00
/home/vscode/.local/lib/python3.10/site-packages/airflow/example_dags/example_dag_decorator.py                                                             1           0  0.20s           2025-04-08T11:44:45
/home/vscode/.local/lib/python3.10/site-packages/airflow/example_dags/example_params_trigger_ui.py                                                         1           0  0.20s           2025-04-08T11:45:14
/home/vscode/.local/lib/python3.10/site-packages/airflow/example_dags/example_trigger_target_dag.py                                                        1           0  0.10s           2025-04-08T11:45:05
/home/vscode/.local/lib/python3.10/site-packages/airflow/example_dags/example_nested_branch_dag.py                                                         1           0  0.10s           2025-04-08T11:45:15
/home/vscode/.local/lib/python3.10/site-packages/airflow/example_dags/example_trigger_controller_dag.py                                                    1           0  0.10s           2025-04-08T11:45:06
/home/vscode/.local/lib/python3.10/site-packages/airflow/example_dags/example_latest_only.py                                                               1           0  0.10s           2025-04-08T11:44:45
/home/vscode/.local/lib/python3.10/site-packages/airflow/example_dags/example_passing_params_via_test_command.py                                           1           0  0.10s           2025-04-08T11:45:16
/home/vscode/.local/lib/python3.10/site-packages/airflow/example_dags/example_time_delta_sensor_async.py                                                   1           0  0.10s           2025-04-08T11:45:07
/home/vscode/.local/lib/python3.10/site-packages/airflow/example_dags/example_task_group_decorator.py                                                      1           0  0.10s           2025-04-08T11:45:08
/home/vscode/.local/lib/python3.10/site-packages/airflow/example_dags/example_skip_dag.py                                                                  1           0  0.10s           2025-04-08T11:45:08
/home/vscode/.local/lib/python3.10/site-packages/airflow/example_dags/example_sensors.py                                                                   1           0  0.10s           2025-04-08T11:45:17
/home/vscode/.local/lib/python3.10/site-packages/airflow/example_dags/example_branch_operator_decorator.py                                                 1           0  0.10s           2025-04-08T11:44:52
/home/vscode/.local/lib/python3.10/site-packages/airflow/example_dags/example_branch_operator.py                                                           1           0  0.10s           2025-04-08T11:44:54
/home/vscode/.local/lib/python3.10/site-packages/airflow/example_dags/example_xcomargs.py                                                                  2           0  0.11s           2025-04-08T11:44:56
/home/vscode/.local/lib/python3.10/site-packages/airflow/example_dags/example_external_task_marker_dag.py                                                  2           0  0.10s           2025-04-08T11:44:38
/home/vscode/.local/lib/python3.10/site-packages/airflow/example_dags/example_branch_datetime_operator.py                                                  3           0  0.10s           2025-04-08T11:44:48
/home/vscode/.local/lib/python3.10/site-packages/airflow/example_dags/example_subdag_operator.py                                                           3           0  0.10s           2025-04-08T11:45:04
/home/vscode/.local/lib/python3.10/site-packages/airflow/example_dags/example_datasets.py                                                                  6           0  0.10s           2025-04-08T11:44:43
================================================================================
[2025-04-08T11:45:47.908+0000] {manager.py:889} INFO - 
================================================================================
DAG File Processing Stats

File Path                                                                                                                         PID    Runtime      # DAGs    # Errors  Last Runtime    Last Run
--------------------------------------------------------------------------------------------------------------------------------  -----  ---------  --------  ----------  --------------  -------------------
/home/vscode/.local/lib/python3.10/site-packages/airflow/example_dags/example_setup_teardown_taskflow.py                                                   0           0  0.10s           2025-04-08T11:45:11
/home/vscode/.local/lib/python3.10/site-packages/airflow/example_dags/example_setup_teardown.py                                                            0           0  0.10s           2025-04-08T11:45:13
/home/vscode/.local/lib/python3.10/site-packages/airflow/example_dags/example_local_kubernetes_executor.py                                                 0           0  0.10s           2025-04-08T11:45:25
/home/vscode/.local/lib/python3.10/site-packages/airflow/example_dags/example_kubernetes_executor.py                                                       0           0  0.10s           2025-04-08T11:45:28
/home/vscode/.local/lib/python3.10/site-packages/airflow/example_dags/plugins/workday.py                                                                   0           0  0.10s           2025-04-08T11:45:35
/home/vscode/.local/lib/python3.10/site-packages/airflow/example_dags/plugins/listener_plugin.py                                                           0           0  0.10s           2025-04-08T11:45:36
/home/vscode/.local/lib/python3.10/site-packages/airflow/example_dags/plugins/event_listener.py                                                            0           0  0.10s           2025-04-08T11:45:20
/home/vscode/.local/lib/python3.10/site-packages/airflow/example_dags/subdags/subdag.py                                                                    0           0  0.10s           2025-04-08T11:45:21
/home/vscode/.local/lib/python3.10/site-packages/airflow/example_dags/example_short_circuit_operator.py                                                    1           0  0.10s           2025-04-08T11:45:42
/home/vscode/.local/lib/python3.10/site-packages/airflow/example_dags/example_branch_python_dop_operator_3.py                                              1           0  0.10s           2025-04-08T11:45:29
/home/vscode/.local/lib/python3.10/site-packages/airflow/example_dags/example_python_operator.py                                                           1           0  0.10s           2025-04-08T11:45:09
/home/vscode/.local/lib/python3.10/site-packages/airflow/example_dags/tutorial_dag.py                                                                      1           0  0.10s           2025-04-08T11:45:22
/home/vscode/.local/lib/python3.10/site-packages/airflow/example_dags/example_latest_only_with_trigger.py                                                  1           0  0.11s           2025-04-08T11:45:17
/home/vscode/.local/lib/python3.10/site-packages/airflow/example_dags/example_dynamic_task_mapping.py                                                      1           0  0.10s           2025-04-08T11:45:18
/home/vscode/.local/lib/python3.10/site-packages/airflow/example_dags/example_sensor_decorator.py                                                          1           0  0.10s           2025-04-08T11:45:10
/home/vscode/.local/lib/python3.10/site-packages/airflow/example_dags/example_complex.py                                                                   1           0  0.10s           2025-04-08T11:45:31
/home/vscode/.local/lib/python3.10/site-packages/airflow/example_dags/tutorial.py                                                                          1           0  0.10s           2025-04-08T11:45:38
/home/vscode/.local/lib/python3.10/site-packages/airflow/example_dags/example_task_group.py                                                                1           0  0.11s           2025-04-08T11:45:43
/home/vscode/.local/lib/python3.10/site-packages/airflow/example_dags/example_dynamic_task_mapping_with_no_taskflow_operators.py                           1           0  0.10s           2025-04-08T11:45:23
/home/vscode/.local/lib/python3.10/site-packages/airflow/example_dags/example_xcom.py                                                                      1           0  0.10s           2025-04-08T11:45:38
/home/vscode/.local/lib/python3.10/site-packages/airflow/example_dags/example_bash_operator.py                                                             1           0  0.10s           2025-04-08T11:45:32
/home/vscode/.local/lib/python3.10/site-packages/airflow/example_dags/example_branch_labels.py                                                             1           0  0.10s           2025-04-08T11:45:33
/home/vscode/.local/lib/python3.10/site-packages/airflow/example_dags/example_sla_dag.py                                                                   1           0  0.10s           2025-04-08T11:45:44
/home/vscode/.local/lib/python3.10/site-packages/airflow/example_dags/example_params_ui_tutorial.py                                                        1           0  0.10s           2025-04-08T11:45:12
/home/vscode/.local/lib/python3.10/site-packages/airflow/example_dags/example_branch_day_of_week_operator.py                                               1           0  0.10s           2025-04-08T11:45:46
/home/vscode/.local/lib/python3.10/site-packages/airflow/example_dags/tutorial_taskflow_api_virtualenv.py                                                  1           0  0.10s           2025-04-08T11:45:39
/home/vscode/.local/lib/python3.10/site-packages/airflow/example_dags/example_short_circuit_decorator.py                                                   1           0  0.10s           2025-04-08T11:45:45
/home/vscode/.local/lib/python3.10/site-packages/airflow/example_dags/tutorial_taskflow_api.py                                                             1           0  0.10s           2025-04-08T11:45:41
/home/vscode/.local/lib/python3.10/site-packages/airflow/example_dags/example_dag_decorator.py                                                             1           0  0.20s           2025-04-08T11:45:26
/home/vscode/.local/lib/python3.10/site-packages/airflow/example_dags/example_params_trigger_ui.py                                                         1           0  0.20s           2025-04-08T11:45:14
/home/vscode/.local/lib/python3.10/site-packages/airflow/example_dags/example_trigger_target_dag.py                                                        1           0  0.10s           2025-04-08T11:45:05
/home/vscode/.local/lib/python3.10/site-packages/airflow/example_dags/example_nested_branch_dag.py                                                         1           0  0.10s           2025-04-08T11:45:15
/home/vscode/.local/lib/python3.10/site-packages/airflow/example_dags/example_trigger_controller_dag.py                                                    1           0  0.10s           2025-04-08T11:45:06
/home/vscode/.local/lib/python3.10/site-packages/airflow/example_dags/example_latest_only.py                                                               1           0  0.10s           2025-04-08T11:45:27
/home/vscode/.local/lib/python3.10/site-packages/airflow/example_dags/example_passing_params_via_test_command.py                                           1           0  0.10s           2025-04-08T11:45:16
/home/vscode/.local/lib/python3.10/site-packages/airflow/example_dags/example_time_delta_sensor_async.py                                                   1           0  0.10s           2025-04-08T11:45:07
/home/vscode/.local/lib/python3.10/site-packages/airflow/example_dags/example_task_group_decorator.py                                                      1           0  0.10s           2025-04-08T11:45:08
/home/vscode/.local/lib/python3.10/site-packages/airflow/example_dags/example_skip_dag.py                                                                  1           0  0.10s           2025-04-08T11:45:08
/home/vscode/.local/lib/python3.10/site-packages/airflow/example_dags/example_sensors.py                                                                   1           0  0.10s           2025-04-08T11:45:17
/home/vscode/.local/lib/python3.10/site-packages/airflow/example_dags/example_branch_operator_decorator.py                                                 1           0  0.10s           2025-04-08T11:45:47
/home/vscode/.local/lib/python3.10/site-packages/airflow/example_dags/example_branch_operator.py                                                           1           0  0.10s           2025-04-08T11:45:47
/home/vscode/.local/lib/python3.10/site-packages/airflow/example_dags/example_xcomargs.py                                                                  2           0  0.10s           2025-04-08T11:45:36
/home/vscode/.local/lib/python3.10/site-packages/airflow/example_dags/example_external_task_marker_dag.py                                                  2           0  0.10s           2025-04-08T11:45:19
/home/vscode/.local/lib/python3.10/site-packages/airflow/example_dags/example_branch_datetime_operator.py                                                  3           0  0.10s           2025-04-08T11:45:30
/home/vscode/.local/lib/python3.10/site-packages/airflow/example_dags/example_subdag_operator.py                                                           3           0  0.10s           2025-04-08T11:45:45
/home/vscode/.local/lib/python3.10/site-packages/airflow/example_dags/example_datasets.py                                                                  6           0  0.10s           2025-04-08T11:45:24
================================================================================
[2025-04-08T11:46:18.182+0000] {manager.py:889} INFO - 
================================================================================
DAG File Processing Stats

File Path                                                                                                                         PID    Runtime      # DAGs    # Errors  Last Runtime    Last Run
--------------------------------------------------------------------------------------------------------------------------------  -----  ---------  --------  ----------  --------------  -------------------
/home/vscode/.local/lib/python3.10/site-packages/airflow/example_dags/example_setup_teardown_taskflow.py                                                   0           0  0.10s           2025-04-08T11:45:56
/home/vscode/.local/lib/python3.10/site-packages/airflow/example_dags/example_setup_teardown.py                                                            0           0  0.10s           2025-04-08T11:45:58
/home/vscode/.local/lib/python3.10/site-packages/airflow/example_dags/example_local_kubernetes_executor.py                                                 0           0  0.10s           2025-04-08T11:46:12
/home/vscode/.local/lib/python3.10/site-packages/airflow/example_dags/example_kubernetes_executor.py                                                       0           0  0.10s           2025-04-08T11:46:16
/home/vscode/.local/lib/python3.10/site-packages/airflow/example_dags/plugins/workday.py                                                                   0           0  0.10s           2025-04-08T11:46:05
/home/vscode/.local/lib/python3.10/site-packages/airflow/example_dags/plugins/listener_plugin.py                                                           0           0  0.10s           2025-04-08T11:45:36
/home/vscode/.local/lib/python3.10/site-packages/airflow/example_dags/plugins/event_listener.py                                                            0           0  0.10s           2025-04-08T11:46:06
/home/vscode/.local/lib/python3.10/site-packages/airflow/example_dags/subdags/subdag.py                                                                    0           0  0.10s           2025-04-08T11:46:07
/home/vscode/.local/lib/python3.10/site-packages/airflow/example_dags/example_short_circuit_operator.py                                                    1           0  0.10s           2025-04-08T11:45:42
/home/vscode/.local/lib/python3.10/site-packages/airflow/example_dags/example_branch_python_dop_operator_3.py                                              1           0  0.10s           2025-04-08T11:46:17
/home/vscode/.local/lib/python3.10/site-packages/airflow/example_dags/example_python_operator.py                                                           1           0  0.10s           2025-04-08T11:45:54
/home/vscode/.local/lib/python3.10/site-packages/airflow/example_dags/tutorial_dag.py                                                                      1           0  0.11s           2025-04-08T11:46:08
/home/vscode/.local/lib/python3.10/site-packages/airflow/example_dags/example_latest_only_with_trigger.py                                                  1           0  0.10s           2025-04-08T11:46:03
/home/vscode/.local/lib/python3.10/site-packages/airflow/example_dags/example_dynamic_task_mapping.py                                                      1           0  0.10s           2025-04-08T11:46:04
/home/vscode/.local/lib/python3.10/site-packages/airflow/example_dags/example_sensor_decorator.py                                                          1           0  0.10s           2025-04-08T11:45:55
/home/vscode/.local/lib/python3.10/site-packages/airflow/example_dags/example_complex.py                                                                   1           0  0.10s           2025-04-08T11:46:18
/home/vscode/.local/lib/python3.10/site-packages/airflow/example_dags/tutorial.py                                                                          1           0  0.10s           2025-04-08T11:45:38
/home/vscode/.local/lib/python3.10/site-packages/airflow/example_dags/example_task_group.py                                                                1           0  0.11s           2025-04-08T11:45:43
/home/vscode/.local/lib/python3.10/site-packages/airflow/example_dags/example_dynamic_task_mapping_with_no_taskflow_operators.py                           1           0  0.10s           2025-04-08T11:46:10
/home/vscode/.local/lib/python3.10/site-packages/airflow/example_dags/example_xcom.py                                                                      1           0  0.10s           2025-04-08T11:45:38
/home/vscode/.local/lib/python3.10/site-packages/airflow/example_dags/example_bash_operator.py                                                             1           0  0.10s           2025-04-08T11:45:32
/home/vscode/.local/lib/python3.10/site-packages/airflow/example_dags/example_branch_labels.py                                                             1           0  0.10s           2025-04-08T11:45:33
/home/vscode/.local/lib/python3.10/site-packages/airflow/example_dags/example_sla_dag.py                                                                   1           0  0.10s           2025-04-08T11:45:44
/home/vscode/.local/lib/python3.10/site-packages/airflow/example_dags/example_params_ui_tutorial.py                                                        1           0  0.10s           2025-04-08T11:45:57
/home/vscode/.local/lib/python3.10/site-packages/airflow/example_dags/example_branch_day_of_week_operator.py                                               1           0  0.10s           2025-04-08T11:45:46
/home/vscode/.local/lib/python3.10/site-packages/airflow/example_dags/tutorial_taskflow_api_virtualenv.py                                                  1           0  0.10s           2025-04-08T11:45:39
/home/vscode/.local/lib/python3.10/site-packages/airflow/example_dags/example_short_circuit_decorator.py                                                   1           0  0.10s           2025-04-08T11:45:45
/home/vscode/.local/lib/python3.10/site-packages/airflow/example_dags/tutorial_taskflow_api.py                                                             1           0  0.10s           2025-04-08T11:45:41
/home/vscode/.local/lib/python3.10/site-packages/airflow/example_dags/example_dag_decorator.py                                                             1           0  0.20s           2025-04-08T11:46:13
/home/vscode/.local/lib/python3.10/site-packages/airflow/example_dags/example_params_trigger_ui.py                                                         1           0  0.10s           2025-04-08T11:45:59
/home/vscode/.local/lib/python3.10/site-packages/airflow/example_dags/example_trigger_target_dag.py                                                        1           0  0.10s           2025-04-08T11:45:48
/home/vscode/.local/lib/python3.10/site-packages/airflow/example_dags/example_nested_branch_dag.py                                                         1           0  0.10s           2025-04-08T11:46:00
/home/vscode/.local/lib/python3.10/site-packages/airflow/example_dags/example_trigger_controller_dag.py                                                    1           0  0.11s           2025-04-08T11:45:50
/home/vscode/.local/lib/python3.10/site-packages/airflow/example_dags/example_latest_only.py                                                               1           0  0.10s           2025-04-08T11:46:15
/home/vscode/.local/lib/python3.10/site-packages/airflow/example_dags/example_passing_params_via_test_command.py                                           1           0  0.10s           2025-04-08T11:46:01
/home/vscode/.local/lib/python3.10/site-packages/airflow/example_dags/example_time_delta_sensor_async.py                                                   1           0  0.10s           2025-04-08T11:45:51
/home/vscode/.local/lib/python3.10/site-packages/airflow/example_dags/example_task_group_decorator.py                                                      1           0  0.10s           2025-04-08T11:45:52
/home/vscode/.local/lib/python3.10/site-packages/airflow/example_dags/example_skip_dag.py                                                                  1           0  0.10s           2025-04-08T11:45:53
/home/vscode/.local/lib/python3.10/site-packages/airflow/example_dags/example_sensors.py                                                                   1           0  0.10s           2025-04-08T11:46:02
/home/vscode/.local/lib/python3.10/site-packages/airflow/example_dags/example_branch_operator_decorator.py                                                 1           0  0.10s           2025-04-08T11:45:47
/home/vscode/.local/lib/python3.10/site-packages/airflow/example_dags/example_branch_operator.py                                                           1           0  0.10s           2025-04-08T11:45:47
/home/vscode/.local/lib/python3.10/site-packages/airflow/example_dags/example_xcomargs.py                                                                  2           0  0.10s           2025-04-08T11:45:36
/home/vscode/.local/lib/python3.10/site-packages/airflow/example_dags/example_external_task_marker_dag.py                                                  2           0  0.10s           2025-04-08T11:46:09
/home/vscode/.local/lib/python3.10/site-packages/airflow/example_dags/example_branch_datetime_operator.py                                                  3           0  0.10s           2025-04-08T11:46:17
/home/vscode/.local/lib/python3.10/site-packages/airflow/example_dags/example_subdag_operator.py                                                           3           0  0.10s           2025-04-08T11:45:45
/home/vscode/.local/lib/python3.10/site-packages/airflow/example_dags/example_datasets.py                                                                  6           0  0.10s           2025-04-08T11:46:11
================================================================================
[2025-04-08T11:46:45.647+0000] {manager.py:758} INFO - Searching for files in /workspaces/hands-on-introduction-data-engineering-4395021/airflow/dags
[2025-04-08T11:46:45.655+0000] {manager.py:761} INFO - There are 46 files in /workspaces/hands-on-introduction-data-engineering-4395021/airflow/dags
[2025-04-08T11:46:48.353+0000] {manager.py:889} INFO - 
================================================================================
DAG File Processing Stats

File Path                                                                                                                         PID    Runtime      # DAGs    # Errors  Last Runtime    Last Run
--------------------------------------------------------------------------------------------------------------------------------  -----  ---------  --------  ----------  --------------  -------------------
/home/vscode/.local/lib/python3.10/site-packages/airflow/example_dags/example_setup_teardown_taskflow.py                                                   0           0  0.10s           2025-04-08T11:46:44
/home/vscode/.local/lib/python3.10/site-packages/airflow/example_dags/example_setup_teardown.py                                                            0           0  0.10s           2025-04-08T11:46:46
/home/vscode/.local/lib/python3.10/site-packages/airflow/example_dags/example_local_kubernetes_executor.py                                                 0           0  0.10s           2025-04-08T11:46:12
/home/vscode/.local/lib/python3.10/site-packages/airflow/example_dags/example_kubernetes_executor.py                                                       0           0  0.10s           2025-04-08T11:46:16
/home/vscode/.local/lib/python3.10/site-packages/airflow/example_dags/plugins/workday.py                                                                   0           0  0.10s           2025-04-08T11:46:37
/home/vscode/.local/lib/python3.10/site-packages/airflow/example_dags/plugins/listener_plugin.py                                                           0           0  0.10s           2025-04-08T11:46:21
/home/vscode/.local/lib/python3.10/site-packages/airflow/example_dags/plugins/event_listener.py                                                            0           0  0.10s           2025-04-08T11:46:38
/home/vscode/.local/lib/python3.10/site-packages/airflow/example_dags/subdags/subdag.py                                                                    0           0  0.10s           2025-04-08T11:46:39
/home/vscode/.local/lib/python3.10/site-packages/airflow/example_dags/example_short_circuit_operator.py                                                    1           0  0.10s           2025-04-08T11:46:27
/home/vscode/.local/lib/python3.10/site-packages/airflow/example_dags/example_branch_python_dop_operator_3.py                                              1           0  0.10s           2025-04-08T11:46:17
/home/vscode/.local/lib/python3.10/site-packages/airflow/example_dags/example_python_operator.py                                                           1           0  0.10s           2025-04-08T11:46:42
/home/vscode/.local/lib/python3.10/site-packages/airflow/example_dags/tutorial_dag.py                                                                      1           0  0.11s           2025-04-08T11:46:08
/home/vscode/.local/lib/python3.10/site-packages/airflow/example_dags/example_latest_only_with_trigger.py                                                  1           0  0.10s           2025-04-08T11:46:03
/home/vscode/.local/lib/python3.10/site-packages/airflow/example_dags/example_dynamic_task_mapping.py                                                      1           0  0.10s           2025-04-08T11:46:04
/home/vscode/.local/lib/python3.10/site-packages/airflow/example_dags/example_sensor_decorator.py                                                          1           0  0.10s           2025-04-08T11:46:43
/home/vscode/.local/lib/python3.10/site-packages/airflow/example_dags/example_complex.py                                                                   1           0  0.10s           2025-04-08T11:46:18
/home/vscode/.local/lib/python3.10/site-packages/airflow/example_dags/tutorial.py                                                                          1           0  0.10s           2025-04-08T11:46:22
/home/vscode/.local/lib/python3.10/site-packages/airflow/example_dags/example_task_group.py                                                                1           0  0.10s           2025-04-08T11:46:28
/home/vscode/.local/lib/python3.10/site-packages/airflow/example_dags/example_dynamic_task_mapping_with_no_taskflow_operators.py                           1           0  0.10s           2025-04-08T11:46:10
/home/vscode/.local/lib/python3.10/site-packages/airflow/example_dags/example_xcom.py                                                                      1           0  0.10s           2025-04-08T11:46:24
/home/vscode/.local/lib/python3.10/site-packages/airflow/example_dags/example_bash_operator.py                                                             1           0  0.10s           2025-04-08T11:46:19
/home/vscode/.local/lib/python3.10/site-packages/airflow/example_dags/example_branch_labels.py                                                             1           0  0.10s           2025-04-08T11:46:20
/home/vscode/.local/lib/python3.10/site-packages/airflow/example_dags/example_sla_dag.py                                                                   1           0  0.10s           2025-04-08T11:46:29
/home/vscode/.local/lib/python3.10/site-packages/airflow/example_dags/example_params_ui_tutorial.py                                                        1           0  0.10s           2025-04-08T11:46:45
/home/vscode/.local/lib/python3.10/site-packages/airflow/example_dags/example_branch_day_of_week_operator.py                                               1           0  0.10s           2025-04-08T11:46:34
/home/vscode/.local/lib/python3.10/site-packages/airflow/example_dags/tutorial_taskflow_api_virtualenv.py                                                  1           0  0.10s           2025-04-08T11:46:25
/home/vscode/.local/lib/python3.10/site-packages/airflow/example_dags/example_short_circuit_decorator.py                                                   1           0  0.10s           2025-04-08T11:46:29
/home/vscode/.local/lib/python3.10/site-packages/airflow/example_dags/tutorial_taskflow_api.py                                                             1           0  0.10s           2025-04-08T11:46:26
/home/vscode/.local/lib/python3.10/site-packages/airflow/example_dags/example_dag_decorator.py                                                             1           0  0.20s           2025-04-08T11:46:13
/home/vscode/.local/lib/python3.10/site-packages/airflow/example_dags/example_params_trigger_ui.py                                                         1           0  0.10s           2025-04-08T11:46:47
/home/vscode/.local/lib/python3.10/site-packages/airflow/example_dags/example_trigger_target_dag.py                                                        1           0  0.10s           2025-04-08T11:46:31
/home/vscode/.local/lib/python3.10/site-packages/airflow/example_dags/example_nested_branch_dag.py                                                         1           0  0.10s           2025-04-08T11:46:48
/home/vscode/.local/lib/python3.10/site-packages/airflow/example_dags/example_trigger_controller_dag.py                                                    1           0  0.10s           2025-04-08T11:46:32
/home/vscode/.local/lib/python3.10/site-packages/airflow/example_dags/example_latest_only.py                                                               1           0  0.10s           2025-04-08T11:46:15
/home/vscode/.local/lib/python3.10/site-packages/airflow/example_dags/example_passing_params_via_test_command.py                                           1           0  0.10s           2025-04-08T11:46:01
/home/vscode/.local/lib/python3.10/site-packages/airflow/example_dags/example_time_delta_sensor_async.py                                                   1           0  0.10s           2025-04-08T11:46:33
/home/vscode/.local/lib/python3.10/site-packages/airflow/example_dags/example_task_group_decorator.py                                                      1           0  0.10s           2025-04-08T11:46:40
/home/vscode/.local/lib/python3.10/site-packages/airflow/example_dags/example_skip_dag.py                                                                  1           0  0.10s           2025-04-08T11:46:41
/home/vscode/.local/lib/python3.10/site-packages/airflow/example_dags/example_sensors.py                                                                   1           0  0.10s           2025-04-08T11:46:02
/home/vscode/.local/lib/python3.10/site-packages/airflow/example_dags/example_branch_operator_decorator.py                                                 1           0  0.10s           2025-04-08T11:46:35
/home/vscode/.local/lib/python3.10/site-packages/airflow/example_dags/example_branch_operator.py                                                           1           0  0.10s           2025-04-08T11:46:36
/home/vscode/.local/lib/python3.10/site-packages/airflow/example_dags/example_xcomargs.py                                                                  2           0  0.10s           2025-04-08T11:46:22
/home/vscode/.local/lib/python3.10/site-packages/airflow/example_dags/example_external_task_marker_dag.py                                                  2           0  0.10s           2025-04-08T11:46:09
/home/vscode/.local/lib/python3.10/site-packages/airflow/example_dags/example_branch_datetime_operator.py                                                  3           0  0.10s           2025-04-08T11:46:17
/home/vscode/.local/lib/python3.10/site-packages/airflow/example_dags/example_subdag_operator.py                                                           3           0  0.10s           2025-04-08T11:46:30
/home/vscode/.local/lib/python3.10/site-packages/airflow/example_dags/example_datasets.py                                                                  6           0  0.10s           2025-04-08T11:46:11
================================================================================
[2025-04-08T11:47:18.624+0000] {manager.py:889} INFO - 
================================================================================
DAG File Processing Stats

File Path                                                                                                                         PID    Runtime      # DAGs    # Errors  Last Runtime    Last Run
--------------------------------------------------------------------------------------------------------------------------------  -----  ---------  --------  ----------  --------------  -------------------
/home/vscode/.local/lib/python3.10/site-packages/airflow/example_dags/example_setup_teardown_taskflow.py                                                   0           0  0.10s           2025-04-08T11:46:44
/home/vscode/.local/lib/python3.10/site-packages/airflow/example_dags/example_setup_teardown.py                                                            0           0  0.10s           2025-04-08T11:46:46
/home/vscode/.local/lib/python3.10/site-packages/airflow/example_dags/example_local_kubernetes_executor.py                                                 0           0  0.10s           2025-04-08T11:46:58
/home/vscode/.local/lib/python3.10/site-packages/airflow/example_dags/example_kubernetes_executor.py                                                       0           0  0.10s           2025-04-08T11:47:02
/home/vscode/.local/lib/python3.10/site-packages/airflow/example_dags/plugins/workday.py                                                                   0           0  0.10s           2025-04-08T11:46:37
/home/vscode/.local/lib/python3.10/site-packages/airflow/example_dags/plugins/listener_plugin.py                                                           0           0  0.10s           2025-04-08T11:46:53
/home/vscode/.local/lib/python3.10/site-packages/airflow/example_dags/plugins/event_listener.py                                                            0           0  0.10s           2025-04-08T11:46:38
/home/vscode/.local/lib/python3.10/site-packages/airflow/example_dags/subdags/subdag.py                                                                    0           0  0.10s           2025-04-08T11:46:39
/home/vscode/.local/lib/python3.10/site-packages/airflow/example_dags/example_short_circuit_operator.py                                                    1           0  0.10s           2025-04-08T11:47:11
/home/vscode/.local/lib/python3.10/site-packages/airflow/example_dags/example_branch_python_dop_operator_3.py                                              1           0  0.10s           2025-04-08T11:47:03
/home/vscode/.local/lib/python3.10/site-packages/airflow/example_dags/example_python_operator.py                                                           1           0  0.10s           2025-04-08T11:46:42
/home/vscode/.local/lib/python3.10/site-packages/airflow/example_dags/tutorial_dag.py                                                                      1           0  0.10s           2025-04-08T11:46:53
/home/vscode/.local/lib/python3.10/site-packages/airflow/example_dags/example_latest_only_with_trigger.py                                                  1           0  0.10s           2025-04-08T11:46:50
/home/vscode/.local/lib/python3.10/site-packages/airflow/example_dags/example_dynamic_task_mapping.py                                                      1           0  0.10s           2025-04-08T11:46:51
/home/vscode/.local/lib/python3.10/site-packages/airflow/example_dags/example_sensor_decorator.py                                                          1           0  0.10s           2025-04-08T11:46:43
/home/vscode/.local/lib/python3.10/site-packages/airflow/example_dags/example_complex.py                                                                   1           0  0.10s           2025-04-08T11:47:04
/home/vscode/.local/lib/python3.10/site-packages/airflow/example_dags/tutorial.py                                                                          1           0  0.11s           2025-04-08T11:47:07
/home/vscode/.local/lib/python3.10/site-packages/airflow/example_dags/example_task_group.py                                                                1           0  0.10s           2025-04-08T11:47:12
/home/vscode/.local/lib/python3.10/site-packages/airflow/example_dags/example_dynamic_task_mapping_with_no_taskflow_operators.py                           1           0  0.10s           2025-04-08T11:46:57
/home/vscode/.local/lib/python3.10/site-packages/airflow/example_dags/example_xcom.py                                                                      1           0  0.10s           2025-04-08T11:47:08
/home/vscode/.local/lib/python3.10/site-packages/airflow/example_dags/example_bash_operator.py                                                             1           0  0.10s           2025-04-08T11:47:05
/home/vscode/.local/lib/python3.10/site-packages/airflow/example_dags/example_branch_labels.py                                                             1           0  0.10s           2025-04-08T11:47:06
/home/vscode/.local/lib/python3.10/site-packages/airflow/example_dags/example_sla_dag.py                                                                   1           0  0.10s           2025-04-08T11:47:13
/home/vscode/.local/lib/python3.10/site-packages/airflow/example_dags/example_params_ui_tutorial.py                                                        1           0  0.10s           2025-04-08T11:46:45
/home/vscode/.local/lib/python3.10/site-packages/airflow/example_dags/example_branch_day_of_week_operator.py                                               1           0  0.10s           2025-04-08T11:46:34
/home/vscode/.local/lib/python3.10/site-packages/airflow/example_dags/tutorial_taskflow_api_virtualenv.py                                                  1           0  0.10s           2025-04-08T11:47:09
/home/vscode/.local/lib/python3.10/site-packages/airflow/example_dags/example_short_circuit_decorator.py                                                   1           0  0.10s           2025-04-08T11:47:14
/home/vscode/.local/lib/python3.10/site-packages/airflow/example_dags/tutorial_taskflow_api.py                                                             1           0  0.10s           2025-04-08T11:47:09
/home/vscode/.local/lib/python3.10/site-packages/airflow/example_dags/example_dag_decorator.py                                                             1           0  0.20s           2025-04-08T11:46:59
/home/vscode/.local/lib/python3.10/site-packages/airflow/example_dags/example_params_trigger_ui.py                                                         1           0  0.10s           2025-04-08T11:46:47
/home/vscode/.local/lib/python3.10/site-packages/airflow/example_dags/example_trigger_target_dag.py                                                        1           0  0.10s           2025-04-08T11:47:16
/home/vscode/.local/lib/python3.10/site-packages/airflow/example_dags/example_nested_branch_dag.py                                                         1           0  0.10s           2025-04-08T11:46:48
/home/vscode/.local/lib/python3.10/site-packages/airflow/example_dags/example_trigger_controller_dag.py                                                    1           0  0.10s           2025-04-08T11:47:17
/home/vscode/.local/lib/python3.10/site-packages/airflow/example_dags/example_latest_only.py                                                               1           0  0.10s           2025-04-08T11:47:00
/home/vscode/.local/lib/python3.10/site-packages/airflow/example_dags/example_passing_params_via_test_command.py                                           1           0  0.10s           2025-04-08T11:46:48
/home/vscode/.local/lib/python3.10/site-packages/airflow/example_dags/example_time_delta_sensor_async.py                                                   1           0  0.10s           2025-04-08T11:47:18
/home/vscode/.local/lib/python3.10/site-packages/airflow/example_dags/example_task_group_decorator.py                                                      1           0  0.10s           2025-04-08T11:46:40
/home/vscode/.local/lib/python3.10/site-packages/airflow/example_dags/example_skip_dag.py                                                                  1           0  0.10s           2025-04-08T11:46:41
/home/vscode/.local/lib/python3.10/site-packages/airflow/example_dags/example_sensors.py                                                                   1           0  0.10s           2025-04-08T11:46:49
/home/vscode/.local/lib/python3.10/site-packages/airflow/example_dags/example_branch_operator_decorator.py                                                 1           0  0.10s           2025-04-08T11:46:35
/home/vscode/.local/lib/python3.10/site-packages/airflow/example_dags/example_branch_operator.py                                                           1           0  0.10s           2025-04-08T11:46:36
/home/vscode/.local/lib/python3.10/site-packages/airflow/example_dags/example_xcomargs.py                                                                  2           0  0.10s           2025-04-08T11:46:54
/home/vscode/.local/lib/python3.10/site-packages/airflow/example_dags/example_external_task_marker_dag.py                                                  2           0  0.10s           2025-04-08T11:46:56
/home/vscode/.local/lib/python3.10/site-packages/airflow/example_dags/example_branch_datetime_operator.py                                                  3           0  0.10s           2025-04-08T11:47:03
/home/vscode/.local/lib/python3.10/site-packages/airflow/example_dags/example_subdag_operator.py                                                           3           0  0.10s           2025-04-08T11:47:15
/home/vscode/.local/lib/python3.10/site-packages/airflow/example_dags/example_datasets.py                                                                  6           0  0.10s           2025-04-08T11:46:58
================================================================================
[2025-04-08T11:47:48.688+0000] {manager.py:889} INFO - 
================================================================================
DAG File Processing Stats

File Path                                                                                                                         PID    Runtime      # DAGs    # Errors  Last Runtime    Last Run
--------------------------------------------------------------------------------------------------------------------------------  -----  ---------  --------  ----------  --------------  -------------------
/home/vscode/.local/lib/python3.10/site-packages/airflow/example_dags/example_setup_teardown_taskflow.py                                                   0           0  0.10s           2025-04-08T11:47:29
/home/vscode/.local/lib/python3.10/site-packages/airflow/example_dags/example_setup_teardown.py                                                            0           0  0.10s           2025-04-08T11:47:31
/home/vscode/.local/lib/python3.10/site-packages/airflow/example_dags/example_local_kubernetes_executor.py                                                 0           0  0.10s           2025-04-08T11:47:46
/home/vscode/.local/lib/python3.10/site-packages/airflow/example_dags/example_kubernetes_executor.py                                                       0           0  0.10s           2025-04-08T11:47:02
/home/vscode/.local/lib/python3.10/site-packages/airflow/example_dags/plugins/workday.py                                                                   0           0  0.10s           2025-04-08T11:47:22
/home/vscode/.local/lib/python3.10/site-packages/airflow/example_dags/plugins/listener_plugin.py                                                           0           0  0.10s           2025-04-08T11:47:39
/home/vscode/.local/lib/python3.10/site-packages/airflow/example_dags/plugins/event_listener.py                                                            0           0  0.10s           2025-04-08T11:47:23
/home/vscode/.local/lib/python3.10/site-packages/airflow/example_dags/subdags/subdag.py                                                                    0           0  0.10s           2025-04-08T11:47:24
/home/vscode/.local/lib/python3.10/site-packages/airflow/example_dags/example_short_circuit_operator.py                                                    1           0  0.10s           2025-04-08T11:47:11
/home/vscode/.local/lib/python3.10/site-packages/airflow/example_dags/example_branch_python_dop_operator_3.py                                              1           0  0.10s           2025-04-08T11:47:03
/home/vscode/.local/lib/python3.10/site-packages/airflow/example_dags/example_python_operator.py                                                           1           0  0.10s           2025-04-08T11:47:27
/home/vscode/.local/lib/python3.10/site-packages/airflow/example_dags/tutorial_dag.py                                                                      1           0  0.10s           2025-04-08T11:47:39
/home/vscode/.local/lib/python3.10/site-packages/airflow/example_dags/example_latest_only_with_trigger.py                                                  1           0  0.10s           2025-04-08T11:47:37
/home/vscode/.local/lib/python3.10/site-packages/airflow/example_dags/example_dynamic_task_mapping.py                                                      1           0  0.11s           2025-04-08T11:47:38
/home/vscode/.local/lib/python3.10/site-packages/airflow/example_dags/example_sensor_decorator.py                                                          1           0  0.10s           2025-04-08T11:47:29
/home/vscode/.local/lib/python3.10/site-packages/airflow/example_dags/example_complex.py                                                                   1           0  0.10s           2025-04-08T11:47:04
/home/vscode/.local/lib/python3.10/site-packages/airflow/example_dags/tutorial.py                                                                          1           0  0.10s           2025-04-08T11:47:41
/home/vscode/.local/lib/python3.10/site-packages/airflow/example_dags/example_task_group.py                                                                1           0  0.10s           2025-04-08T11:47:12
/home/vscode/.local/lib/python3.10/site-packages/airflow/example_dags/example_dynamic_task_mapping_with_no_taskflow_operators.py                           1           0  0.10s           2025-04-08T11:47:45
/home/vscode/.local/lib/python3.10/site-packages/airflow/example_dags/example_xcom.py                                                                      1           0  0.10s           2025-04-08T11:47:42
/home/vscode/.local/lib/python3.10/site-packages/airflow/example_dags/example_bash_operator.py                                                             1           0  0.10s           2025-04-08T11:47:05
/home/vscode/.local/lib/python3.10/site-packages/airflow/example_dags/example_branch_labels.py                                                             1           0  0.10s           2025-04-08T11:47:06
/home/vscode/.local/lib/python3.10/site-packages/airflow/example_dags/example_sla_dag.py                                                                   1           0  0.10s           2025-04-08T11:47:13
/home/vscode/.local/lib/python3.10/site-packages/airflow/example_dags/example_params_ui_tutorial.py                                                        1           0  0.10s           2025-04-08T11:47:30
/home/vscode/.local/lib/python3.10/site-packages/airflow/example_dags/example_branch_day_of_week_operator.py                                               1           0  0.10s           2025-04-08T11:47:19
/home/vscode/.local/lib/python3.10/site-packages/airflow/example_dags/tutorial_taskflow_api_virtualenv.py                                                  1           0  0.10s           2025-04-08T11:47:43
/home/vscode/.local/lib/python3.10/site-packages/airflow/example_dags/example_short_circuit_decorator.py                                                   1           0  0.10s           2025-04-08T11:47:14
/home/vscode/.local/lib/python3.10/site-packages/airflow/example_dags/tutorial_taskflow_api.py                                                             1           0  0.10s           2025-04-08T11:47:09
/home/vscode/.local/lib/python3.10/site-packages/airflow/example_dags/example_dag_decorator.py                                                             1           0  0.20s           2025-04-08T11:47:47
/home/vscode/.local/lib/python3.10/site-packages/airflow/example_dags/example_params_trigger_ui.py                                                         1           0  0.10s           2025-04-08T11:47:32
/home/vscode/.local/lib/python3.10/site-packages/airflow/example_dags/example_trigger_target_dag.py                                                        1           0  0.10s           2025-04-08T11:47:16
/home/vscode/.local/lib/python3.10/site-packages/airflow/example_dags/example_nested_branch_dag.py                                                         1           0  0.10s           2025-04-08T11:47:33
/home/vscode/.local/lib/python3.10/site-packages/airflow/example_dags/example_trigger_controller_dag.py                                                    1           0  0.10s           2025-04-08T11:47:17
/home/vscode/.local/lib/python3.10/site-packages/airflow/example_dags/example_latest_only.py                                                               1           0  0.10s           2025-04-08T11:47:48
/home/vscode/.local/lib/python3.10/site-packages/airflow/example_dags/example_passing_params_via_test_command.py                                           1           0  0.10s           2025-04-08T11:47:34
/home/vscode/.local/lib/python3.10/site-packages/airflow/example_dags/example_time_delta_sensor_async.py                                                   1           0  0.10s           2025-04-08T11:47:18
/home/vscode/.local/lib/python3.10/site-packages/airflow/example_dags/example_task_group_decorator.py                                                      1           0  0.10s           2025-04-08T11:47:25
/home/vscode/.local/lib/python3.10/site-packages/airflow/example_dags/example_skip_dag.py                                                                  1           0  0.10s           2025-04-08T11:47:26
/home/vscode/.local/lib/python3.10/site-packages/airflow/example_dags/example_sensors.py                                                                   1           0  0.10s           2025-04-08T11:47:35
/home/vscode/.local/lib/python3.10/site-packages/airflow/example_dags/example_branch_operator_decorator.py                                                 1           0  0.10s           2025-04-08T11:47:20
/home/vscode/.local/lib/python3.10/site-packages/airflow/example_dags/example_branch_operator.py                                                           1           0  0.10s           2025-04-08T11:47:21
/home/vscode/.local/lib/python3.10/site-packages/airflow/example_dags/example_xcomargs.py                                                                  2           0  0.10s           2025-04-08T11:47:40
/home/vscode/.local/lib/python3.10/site-packages/airflow/example_dags/example_external_task_marker_dag.py                                                  2           0  0.10s           2025-04-08T11:47:44
/home/vscode/.local/lib/python3.10/site-packages/airflow/example_dags/example_branch_datetime_operator.py                                                  3           0  0.10s           2025-04-08T11:47:03
/home/vscode/.local/lib/python3.10/site-packages/airflow/example_dags/example_subdag_operator.py                                                           3           0  0.10s           2025-04-08T11:47:15
/home/vscode/.local/lib/python3.10/site-packages/airflow/example_dags/example_datasets.py                                                                  6           0  0.10s           2025-04-08T11:47:46
================================================================================
[2025-04-08T11:48:18.960+0000] {manager.py:889} INFO - 
================================================================================
DAG File Processing Stats

File Path                                                                                                                         PID    Runtime      # DAGs    # Errors  Last Runtime    Last Run
--------------------------------------------------------------------------------------------------------------------------------  -----  ---------  --------  ----------  --------------  -------------------
/home/vscode/.local/lib/python3.10/site-packages/airflow/example_dags/example_setup_teardown_taskflow.py                                                   0           0  0.10s           2025-04-08T11:48:13
/home/vscode/.local/lib/python3.10/site-packages/airflow/example_dags/example_setup_teardown.py                                                            0           0  0.10s           2025-04-08T11:48:15
/home/vscode/.local/lib/python3.10/site-packages/airflow/example_dags/example_local_kubernetes_executor.py                                                 0           0  0.10s           2025-04-08T11:47:46
/home/vscode/.local/lib/python3.10/site-packages/airflow/example_dags/example_kubernetes_executor.py                                                       0           0  0.10s           2025-04-08T11:47:49
/home/vscode/.local/lib/python3.10/site-packages/airflow/example_dags/plugins/workday.py                                                                   0           0  0.10s           2025-04-08T11:47:55
/home/vscode/.local/lib/python3.10/site-packages/airflow/example_dags/plugins/listener_plugin.py                                                           0           0  0.10s           2025-04-08T11:47:39
/home/vscode/.local/lib/python3.10/site-packages/airflow/example_dags/plugins/event_listener.py                                                            0           0  0.10s           2025-04-08T11:47:55
/home/vscode/.local/lib/python3.10/site-packages/airflow/example_dags/subdags/subdag.py                                                                    0           0  0.10s           2025-04-08T11:47:56
/home/vscode/.local/lib/python3.10/site-packages/airflow/example_dags/example_short_circuit_operator.py                                                    1           0  0.10s           2025-04-08T11:47:58
/home/vscode/.local/lib/python3.10/site-packages/airflow/example_dags/example_branch_python_dop_operator_3.py                                              1           0  0.10s           2025-04-08T11:47:50
/home/vscode/.local/lib/python3.10/site-packages/airflow/example_dags/example_python_operator.py                                                           1           0  0.10s           2025-04-08T11:48:10
/home/vscode/.local/lib/python3.10/site-packages/airflow/example_dags/tutorial_dag.py                                                                      1           0  0.10s           2025-04-08T11:47:39
/home/vscode/.local/lib/python3.10/site-packages/airflow/example_dags/example_latest_only_with_trigger.py                                                  1           0  0.10s           2025-04-08T11:47:37
/home/vscode/.local/lib/python3.10/site-packages/airflow/example_dags/example_dynamic_task_mapping.py                                                      1           0  0.11s           2025-04-08T11:47:38
/home/vscode/.local/lib/python3.10/site-packages/airflow/example_dags/example_sensor_decorator.py                                                          1           0  0.10s           2025-04-08T11:48:11
/home/vscode/.local/lib/python3.10/site-packages/airflow/example_dags/example_complex.py                                                                   1           0  0.10s           2025-04-08T11:47:51
/home/vscode/.local/lib/python3.10/site-packages/airflow/example_dags/tutorial.py                                                                          1           0  0.10s           2025-04-08T11:47:41
/home/vscode/.local/lib/python3.10/site-packages/airflow/example_dags/example_task_group.py                                                                1           0  0.10s           2025-04-08T11:47:59
/home/vscode/.local/lib/python3.10/site-packages/airflow/example_dags/example_dynamic_task_mapping_with_no_taskflow_operators.py                           1           0  0.10s           2025-04-08T11:47:45
/home/vscode/.local/lib/python3.10/site-packages/airflow/example_dags/example_xcom.py                                                                      1           0  0.10s           2025-04-08T11:47:42
/home/vscode/.local/lib/python3.10/site-packages/airflow/example_dags/example_bash_operator.py                                                             1           0  0.10s           2025-04-08T11:47:52
/home/vscode/.local/lib/python3.10/site-packages/airflow/example_dags/example_branch_labels.py                                                             1           0  0.10s           2025-04-08T11:47:53
/home/vscode/.local/lib/python3.10/site-packages/airflow/example_dags/example_sla_dag.py                                                                   1           0  0.10s           2025-04-08T11:48:00
/home/vscode/.local/lib/python3.10/site-packages/airflow/example_dags/example_params_ui_tutorial.py                                                        1           0  0.10s           2025-04-08T11:48:14
/home/vscode/.local/lib/python3.10/site-packages/airflow/example_dags/example_branch_day_of_week_operator.py                                               1           0  0.10s           2025-04-08T11:48:05
/home/vscode/.local/lib/python3.10/site-packages/airflow/example_dags/tutorial_taskflow_api_virtualenv.py                                                  1           0  0.10s           2025-04-08T11:47:43
/home/vscode/.local/lib/python3.10/site-packages/airflow/example_dags/example_short_circuit_decorator.py                                                   1           0  0.10s           2025-04-08T11:48:00
/home/vscode/.local/lib/python3.10/site-packages/airflow/example_dags/tutorial_taskflow_api.py                                                             1           0  0.10s           2025-04-08T11:47:57
/home/vscode/.local/lib/python3.10/site-packages/airflow/example_dags/example_dag_decorator.py                                                             1           0  0.20s           2025-04-08T11:47:47
/home/vscode/.local/lib/python3.10/site-packages/airflow/example_dags/example_params_trigger_ui.py                                                         1           0  0.10s           2025-04-08T11:48:15
/home/vscode/.local/lib/python3.10/site-packages/airflow/example_dags/example_trigger_target_dag.py                                                        1           0  0.10s           2025-04-08T11:48:02
/home/vscode/.local/lib/python3.10/site-packages/airflow/example_dags/example_nested_branch_dag.py                                                         1           0  0.11s           2025-04-08T11:48:17
/home/vscode/.local/lib/python3.10/site-packages/airflow/example_dags/example_trigger_controller_dag.py                                                    1           0  0.10s           2025-04-08T11:48:03
/home/vscode/.local/lib/python3.10/site-packages/airflow/example_dags/example_latest_only.py                                                               1           0  0.10s           2025-04-08T11:47:48
/home/vscode/.local/lib/python3.10/site-packages/airflow/example_dags/example_passing_params_via_test_command.py                                           1           0  0.11s           2025-04-08T11:48:18
/home/vscode/.local/lib/python3.10/site-packages/airflow/example_dags/example_time_delta_sensor_async.py                                                   1           0  0.10s           2025-04-08T11:48:04
/home/vscode/.local/lib/python3.10/site-packages/airflow/example_dags/example_task_group_decorator.py                                                      1           0  0.10s           2025-04-08T11:48:09
/home/vscode/.local/lib/python3.10/site-packages/airflow/example_dags/example_skip_dag.py                                                                  1           0  0.10s           2025-04-08T11:48:10
/home/vscode/.local/lib/python3.10/site-packages/airflow/example_dags/example_sensors.py                                                                   1           0  0.10s           2025-04-08T11:48:18
/home/vscode/.local/lib/python3.10/site-packages/airflow/example_dags/example_branch_operator_decorator.py                                                 1           0  0.10s           2025-04-08T11:48:06
/home/vscode/.local/lib/python3.10/site-packages/airflow/example_dags/example_branch_operator.py                                                           1           0  0.10s           2025-04-08T11:48:07
/home/vscode/.local/lib/python3.10/site-packages/airflow/example_dags/example_xcomargs.py                                                                  2           0  0.10s           2025-04-08T11:47:40
/home/vscode/.local/lib/python3.10/site-packages/airflow/example_dags/example_external_task_marker_dag.py                                                  2           0  0.10s           2025-04-08T11:47:44
/home/vscode/.local/lib/python3.10/site-packages/airflow/example_dags/example_branch_datetime_operator.py                                                  3           0  0.10s           2025-04-08T11:47:50
/home/vscode/.local/lib/python3.10/site-packages/airflow/example_dags/example_subdag_operator.py                                                           3           0  0.11s           2025-04-08T11:48:01
/home/vscode/.local/lib/python3.10/site-packages/airflow/example_dags/example_datasets.py                                                                  6           0  0.10s           2025-04-08T11:47:46
================================================================================
[2025-04-08T11:48:49.233+0000] {manager.py:889} INFO - 
================================================================================
DAG File Processing Stats

File Path                                                                                                                         PID    Runtime      # DAGs    # Errors  Last Runtime    Last Run
--------------------------------------------------------------------------------------------------------------------------------  -----  ---------  --------  ----------  --------------  -------------------
/home/vscode/.local/lib/python3.10/site-packages/airflow/example_dags/example_setup_teardown_taskflow.py                                                   0           0  0.10s           2025-04-08T11:48:13
/home/vscode/.local/lib/python3.10/site-packages/airflow/example_dags/example_setup_teardown.py                                                            0           0  0.10s           2025-04-08T11:48:15
/home/vscode/.local/lib/python3.10/site-packages/airflow/example_dags/example_local_kubernetes_executor.py                                                 0           0  0.11s           2025-04-08T11:48:31
/home/vscode/.local/lib/python3.10/site-packages/airflow/example_dags/example_kubernetes_executor.py                                                       0           0  0.10s           2025-04-08T11:48:34
/home/vscode/.local/lib/python3.10/site-packages/airflow/example_dags/plugins/workday.py                                                                   0           0  0.10s           2025-04-08T11:48:38
/home/vscode/.local/lib/python3.10/site-packages/airflow/example_dags/plugins/listener_plugin.py                                                           0           0  0.10s           2025-04-08T11:48:22
/home/vscode/.local/lib/python3.10/site-packages/airflow/example_dags/plugins/event_listener.py                                                            0           0  0.10s           2025-04-08T11:48:39
/home/vscode/.local/lib/python3.10/site-packages/airflow/example_dags/subdags/subdag.py                                                                    0           0  0.10s           2025-04-08T11:48:40
/home/vscode/.local/lib/python3.10/site-packages/airflow/example_dags/example_short_circuit_operator.py                                                    1           0  0.10s           2025-04-08T11:48:41
/home/vscode/.local/lib/python3.10/site-packages/airflow/example_dags/example_branch_python_dop_operator_3.py                                              1           0  0.10s           2025-04-08T11:48:35
/home/vscode/.local/lib/python3.10/site-packages/airflow/example_dags/example_python_operator.py                                                           1           0  0.10s           2025-04-08T11:48:10
/home/vscode/.local/lib/python3.10/site-packages/airflow/example_dags/tutorial_dag.py                                                                      1           0  0.10s           2025-04-08T11:48:23
/home/vscode/.local/lib/python3.10/site-packages/airflow/example_dags/example_latest_only_with_trigger.py                                                  1           0  0.10s           2025-04-08T11:48:20
/home/vscode/.local/lib/python3.10/site-packages/airflow/example_dags/example_dynamic_task_mapping.py                                                      1           0  0.10s           2025-04-08T11:48:20
/home/vscode/.local/lib/python3.10/site-packages/airflow/example_dags/example_sensor_decorator.py                                                          1           0  0.10s           2025-04-08T11:48:11
/home/vscode/.local/lib/python3.10/site-packages/airflow/example_dags/example_complex.py                                                                   1           0  0.10s           2025-04-08T11:48:37
/home/vscode/.local/lib/python3.10/site-packages/airflow/example_dags/tutorial.py                                                                          1           0  0.10s           2025-04-08T11:48:25
/home/vscode/.local/lib/python3.10/site-packages/airflow/example_dags/example_task_group.py                                                                1           0  0.10s           2025-04-08T11:48:42
/home/vscode/.local/lib/python3.10/site-packages/airflow/example_dags/example_dynamic_task_mapping_with_no_taskflow_operators.py                           1           0  0.10s           2025-04-08T11:48:29
/home/vscode/.local/lib/python3.10/site-packages/airflow/example_dags/example_xcom.py                                                                      1           0  0.10s           2025-04-08T11:48:26
/home/vscode/.local/lib/python3.10/site-packages/airflow/example_dags/example_bash_operator.py                                                             1           0  0.10s           2025-04-08T11:48:49
/home/vscode/.local/lib/python3.10/site-packages/airflow/example_dags/example_branch_labels.py                                                             1           0  0.10s           2025-04-08T11:47:53
/home/vscode/.local/lib/python3.10/site-packages/airflow/example_dags/example_sla_dag.py                                                                   1           0  0.10s           2025-04-08T11:48:43
/home/vscode/.local/lib/python3.10/site-packages/airflow/example_dags/example_params_ui_tutorial.py                                                        1           0  0.10s           2025-04-08T11:48:14
/home/vscode/.local/lib/python3.10/site-packages/airflow/example_dags/example_branch_day_of_week_operator.py                                               1           0  0.10s           2025-04-08T11:48:05
/home/vscode/.local/lib/python3.10/site-packages/airflow/example_dags/tutorial_taskflow_api_virtualenv.py                                                  1           0  0.10s           2025-04-08T11:48:27
/home/vscode/.local/lib/python3.10/site-packages/airflow/example_dags/example_short_circuit_decorator.py                                                   1           0  0.10s           2025-04-08T11:48:44
/home/vscode/.local/lib/python3.10/site-packages/airflow/example_dags/tutorial_taskflow_api.py                                                             1           0  0.10s           2025-04-08T11:48:41
/home/vscode/.local/lib/python3.10/site-packages/airflow/example_dags/example_dag_decorator.py                                                             1           0  0.20s           2025-04-08T11:48:32
/home/vscode/.local/lib/python3.10/site-packages/airflow/example_dags/example_params_trigger_ui.py                                                         1           0  0.10s           2025-04-08T11:48:15
/home/vscode/.local/lib/python3.10/site-packages/airflow/example_dags/example_trigger_target_dag.py                                                        1           0  0.10s           2025-04-08T11:48:46
/home/vscode/.local/lib/python3.10/site-packages/airflow/example_dags/example_nested_branch_dag.py                                                         1           0  0.11s           2025-04-08T11:48:17
/home/vscode/.local/lib/python3.10/site-packages/airflow/example_dags/example_trigger_controller_dag.py                                                    1           0  0.10s           2025-04-08T11:48:47
/home/vscode/.local/lib/python3.10/site-packages/airflow/example_dags/example_latest_only.py                                                               1           0  0.10s           2025-04-08T11:48:33
/home/vscode/.local/lib/python3.10/site-packages/airflow/example_dags/example_passing_params_via_test_command.py                                           1           0  0.11s           2025-04-08T11:48:18
/home/vscode/.local/lib/python3.10/site-packages/airflow/example_dags/example_time_delta_sensor_async.py                                                   1           0  0.10s           2025-04-08T11:48:48
/home/vscode/.local/lib/python3.10/site-packages/airflow/example_dags/example_task_group_decorator.py                                                      1           0  0.10s           2025-04-08T11:48:09
/home/vscode/.local/lib/python3.10/site-packages/airflow/example_dags/example_skip_dag.py                                                                  1           0  0.10s           2025-04-08T11:48:10
/home/vscode/.local/lib/python3.10/site-packages/airflow/example_dags/example_sensors.py                                                                   1           0  0.10s           2025-04-08T11:48:18
/home/vscode/.local/lib/python3.10/site-packages/airflow/example_dags/example_branch_operator_decorator.py                                                 1           0  0.10s           2025-04-08T11:48:06
/home/vscode/.local/lib/python3.10/site-packages/airflow/example_dags/example_branch_operator.py                                                           1           0  0.10s           2025-04-08T11:48:07
/home/vscode/.local/lib/python3.10/site-packages/airflow/example_dags/example_xcomargs.py                                                                  2           0  0.10s           2025-04-08T11:48:24
/home/vscode/.local/lib/python3.10/site-packages/airflow/example_dags/example_external_task_marker_dag.py                                                  2           0  0.10s           2025-04-08T11:48:28
/home/vscode/.local/lib/python3.10/site-packages/airflow/example_dags/example_branch_datetime_operator.py                                                  3           0  0.10s           2025-04-08T11:48:36
/home/vscode/.local/lib/python3.10/site-packages/airflow/example_dags/example_subdag_operator.py                                                           3           0  0.10s           2025-04-08T11:48:45
/home/vscode/.local/lib/python3.10/site-packages/airflow/example_dags/example_datasets.py                                                                  6           0  0.10s           2025-04-08T11:48:30
================================================================================
[2025-04-08T11:49:19.507+0000] {manager.py:889} INFO - 
================================================================================
DAG File Processing Stats

File Path                                                                                                                         PID    Runtime      # DAGs    # Errors  Last Runtime    Last Run
--------------------------------------------------------------------------------------------------------------------------------  -----  ---------  --------  ----------  --------------  -------------------
/home/vscode/.local/lib/python3.10/site-packages/airflow/example_dags/example_setup_teardown_taskflow.py                                                   0           0  0.10s           2025-04-08T11:49:00
/home/vscode/.local/lib/python3.10/site-packages/airflow/example_dags/example_setup_teardown.py                                                            0           0  0.11s           2025-04-08T11:49:01
/home/vscode/.local/lib/python3.10/site-packages/airflow/example_dags/example_local_kubernetes_executor.py                                                 0           0  0.10s           2025-04-08T11:49:14
/home/vscode/.local/lib/python3.10/site-packages/airflow/example_dags/example_kubernetes_executor.py                                                       0           0  0.10s           2025-04-08T11:49:17
/home/vscode/.local/lib/python3.10/site-packages/airflow/example_dags/plugins/workday.py                                                                   0           0  0.10s           2025-04-08T11:48:38
/home/vscode/.local/lib/python3.10/site-packages/airflow/example_dags/plugins/listener_plugin.py                                                           0           0  0.10s           2025-04-08T11:48:53
/home/vscode/.local/lib/python3.10/site-packages/airflow/example_dags/plugins/event_listener.py                                                            0           0  0.10s           2025-04-08T11:48:39
/home/vscode/.local/lib/python3.10/site-packages/airflow/example_dags/subdags/subdag.py                                                                    0           0  0.10s           2025-04-08T11:48:40
/home/vscode/.local/lib/python3.10/site-packages/airflow/example_dags/example_short_circuit_operator.py                                                    1           0  0.10s           2025-04-08T11:48:41
/home/vscode/.local/lib/python3.10/site-packages/airflow/example_dags/example_branch_python_dop_operator_3.py                                              1           0  0.10s           2025-04-08T11:49:18
/home/vscode/.local/lib/python3.10/site-packages/airflow/example_dags/example_python_operator.py                                                           1           0  0.10s           2025-04-08T11:48:57
/home/vscode/.local/lib/python3.10/site-packages/airflow/example_dags/tutorial_dag.py                                                                      1           0  0.11s           2025-04-08T11:48:55
/home/vscode/.local/lib/python3.10/site-packages/airflow/example_dags/example_latest_only_with_trigger.py                                                  1           0  0.10s           2025-04-08T11:49:05
/home/vscode/.local/lib/python3.10/site-packages/airflow/example_dags/example_dynamic_task_mapping.py                                                      1           0  0.10s           2025-04-08T11:49:06
/home/vscode/.local/lib/python3.10/site-packages/airflow/example_dags/example_sensor_decorator.py                                                          1           0  0.10s           2025-04-08T11:48:59
/home/vscode/.local/lib/python3.10/site-packages/airflow/example_dags/example_complex.py                                                                   1           0  0.10s           2025-04-08T11:48:37
/home/vscode/.local/lib/python3.10/site-packages/airflow/example_dags/tutorial.py                                                                          1           0  0.10s           2025-04-08T11:49:08
/home/vscode/.local/lib/python3.10/site-packages/airflow/example_dags/example_task_group.py                                                                1           0  0.10s           2025-04-08T11:48:42
/home/vscode/.local/lib/python3.10/site-packages/airflow/example_dags/example_dynamic_task_mapping_with_no_taskflow_operators.py                           1           0  0.10s           2025-04-08T11:49:12
/home/vscode/.local/lib/python3.10/site-packages/airflow/example_dags/example_xcom.py                                                                      1           0  0.10s           2025-04-08T11:49:09
/home/vscode/.local/lib/python3.10/site-packages/airflow/example_dags/example_bash_operator.py                                                             1           0  0.10s           2025-04-08T11:48:49
/home/vscode/.local/lib/python3.10/site-packages/airflow/example_dags/example_branch_labels.py                                                             1           0  0.21s           2025-04-08T11:48:50
/home/vscode/.local/lib/python3.10/site-packages/airflow/example_dags/example_sla_dag.py                                                                   1           0  0.10s           2025-04-08T11:48:43
/home/vscode/.local/lib/python3.10/site-packages/airflow/example_dags/example_params_ui_tutorial.py                                                        1           0  0.10s           2025-04-08T11:49:01
/home/vscode/.local/lib/python3.10/site-packages/airflow/example_dags/example_branch_day_of_week_operator.py                                               1           0  0.10s           2025-04-08T11:48:51
/home/vscode/.local/lib/python3.10/site-packages/airflow/example_dags/tutorial_taskflow_api_virtualenv.py                                                  1           0  0.10s           2025-04-08T11:49:10
/home/vscode/.local/lib/python3.10/site-packages/airflow/example_dags/example_short_circuit_decorator.py                                                   1           0  0.10s           2025-04-08T11:48:44
/home/vscode/.local/lib/python3.10/site-packages/airflow/example_dags/tutorial_taskflow_api.py                                                             1           0  0.10s           2025-04-08T11:48:41
/home/vscode/.local/lib/python3.10/site-packages/airflow/example_dags/example_dag_decorator.py                                                             1           0  0.20s           2025-04-08T11:49:15
/home/vscode/.local/lib/python3.10/site-packages/airflow/example_dags/example_params_trigger_ui.py                                                         1           0  0.10s           2025-04-08T11:49:01
/home/vscode/.local/lib/python3.10/site-packages/airflow/example_dags/example_trigger_target_dag.py                                                        1           0  0.10s           2025-04-08T11:48:46
/home/vscode/.local/lib/python3.10/site-packages/airflow/example_dags/example_nested_branch_dag.py                                                         1           0  0.11s           2025-04-08T11:49:03
/home/vscode/.local/lib/python3.10/site-packages/airflow/example_dags/example_trigger_controller_dag.py                                                    1           0  0.10s           2025-04-08T11:48:47
/home/vscode/.local/lib/python3.10/site-packages/airflow/example_dags/example_latest_only.py                                                               1           0  0.10s           2025-04-08T11:49:16
/home/vscode/.local/lib/python3.10/site-packages/airflow/example_dags/example_passing_params_via_test_command.py                                           1           0  0.10s           2025-04-08T11:49:04
/home/vscode/.local/lib/python3.10/site-packages/airflow/example_dags/example_time_delta_sensor_async.py                                                   1           0  0.10s           2025-04-08T11:48:48
/home/vscode/.local/lib/python3.10/site-packages/airflow/example_dags/example_task_group_decorator.py                                                      1           0  0.10s           2025-04-08T11:48:56
/home/vscode/.local/lib/python3.10/site-packages/airflow/example_dags/example_skip_dag.py                                                                  1           0  0.10s           2025-04-08T11:48:56
/home/vscode/.local/lib/python3.10/site-packages/airflow/example_dags/example_sensors.py                                                                   1           0  0.10s           2025-04-08T11:49:04
/home/vscode/.local/lib/python3.10/site-packages/airflow/example_dags/example_branch_operator_decorator.py                                                 1           0  0.10s           2025-04-08T11:48:51
/home/vscode/.local/lib/python3.10/site-packages/airflow/example_dags/example_branch_operator.py                                                           1           0  0.10s           2025-04-08T11:48:52
/home/vscode/.local/lib/python3.10/site-packages/airflow/example_dags/example_xcomargs.py                                                                  2           0  0.10s           2025-04-08T11:49:07
/home/vscode/.local/lib/python3.10/site-packages/airflow/example_dags/example_external_task_marker_dag.py                                                  2           0  0.10s           2025-04-08T11:49:11
/home/vscode/.local/lib/python3.10/site-packages/airflow/example_dags/example_branch_datetime_operator.py                                                  3           0  0.10s           2025-04-08T11:49:19
/home/vscode/.local/lib/python3.10/site-packages/airflow/example_dags/example_subdag_operator.py                                                           3           0  0.10s           2025-04-08T11:48:45
/home/vscode/.local/lib/python3.10/site-packages/airflow/example_dags/example_datasets.py                                                                  6           0  0.11s           2025-04-08T11:49:13
================================================================================
[2025-04-08T11:49:49.778+0000] {manager.py:889} INFO - 
================================================================================
DAG File Processing Stats

File Path                                                                                                                         PID    Runtime      # DAGs    # Errors  Last Runtime    Last Run
--------------------------------------------------------------------------------------------------------------------------------  -----  ---------  --------  ----------  --------------  -------------------
/home/vscode/.local/lib/python3.10/site-packages/airflow/example_dags/example_setup_teardown_taskflow.py                                                   0           0  0.10s           2025-04-08T11:49:41
/home/vscode/.local/lib/python3.10/site-packages/airflow/example_dags/example_setup_teardown.py                                                            0           0  0.10s           2025-04-08T11:49:44
/home/vscode/.local/lib/python3.10/site-packages/airflow/example_dags/example_local_kubernetes_executor.py                                                 0           0  0.10s           2025-04-08T11:49:14
/home/vscode/.local/lib/python3.10/site-packages/airflow/example_dags/example_kubernetes_executor.py                                                       0           0  0.10s           2025-04-08T11:49:17
/home/vscode/.local/lib/python3.10/site-packages/airflow/example_dags/plugins/workday.py                                                                   0           0  0.10s           2025-04-08T11:49:20
/home/vscode/.local/lib/python3.10/site-packages/airflow/example_dags/plugins/listener_plugin.py                                                           0           0  0.10s           2025-04-08T11:49:35
/home/vscode/.local/lib/python3.10/site-packages/airflow/example_dags/plugins/event_listener.py                                                            0           0  0.10s           2025-04-08T11:49:21
/home/vscode/.local/lib/python3.10/site-packages/airflow/example_dags/subdags/subdag.py                                                                    0           0  0.10s           2025-04-08T11:49:22
/home/vscode/.local/lib/python3.10/site-packages/airflow/example_dags/example_short_circuit_operator.py                                                    1           0  0.10s           2025-04-08T11:49:24
/home/vscode/.local/lib/python3.10/site-packages/airflow/example_dags/example_branch_python_dop_operator_3.py                                              1           0  0.10s           2025-04-08T11:49:18
/home/vscode/.local/lib/python3.10/site-packages/airflow/example_dags/example_python_operator.py                                                           1           0  0.10s           2025-04-08T11:49:40
/home/vscode/.local/lib/python3.10/site-packages/airflow/example_dags/tutorial_dag.py                                                                      1           0  0.10s           2025-04-08T11:49:36
/home/vscode/.local/lib/python3.10/site-packages/airflow/example_dags/example_latest_only_with_trigger.py                                                  1           0  0.10s           2025-04-08T11:49:48
/home/vscode/.local/lib/python3.10/site-packages/airflow/example_dags/example_dynamic_task_mapping.py                                                      1           0  0.10s           2025-04-08T11:49:06
/home/vscode/.local/lib/python3.10/site-packages/airflow/example_dags/example_sensor_decorator.py                                                          1           0  0.10s           2025-04-08T11:49:41
/home/vscode/.local/lib/python3.10/site-packages/airflow/example_dags/example_complex.py                                                                   1           0  0.10s           2025-04-08T11:49:32
/home/vscode/.local/lib/python3.10/site-packages/airflow/example_dags/tutorial.py                                                                          1           0  0.10s           2025-04-08T11:49:08
/home/vscode/.local/lib/python3.10/site-packages/airflow/example_dags/example_task_group.py                                                                1           0  0.10s           2025-04-08T11:49:25
/home/vscode/.local/lib/python3.10/site-packages/airflow/example_dags/example_dynamic_task_mapping_with_no_taskflow_operators.py                           1           0  0.10s           2025-04-08T11:49:12
/home/vscode/.local/lib/python3.10/site-packages/airflow/example_dags/example_xcom.py                                                                      1           0  0.10s           2025-04-08T11:49:09
/home/vscode/.local/lib/python3.10/site-packages/airflow/example_dags/example_bash_operator.py                                                             1           0  0.10s           2025-04-08T11:49:33
/home/vscode/.local/lib/python3.10/site-packages/airflow/example_dags/example_branch_labels.py                                                             1           0  0.10s           2025-04-08T11:49:34
/home/vscode/.local/lib/python3.10/site-packages/airflow/example_dags/example_sla_dag.py                                                                   1           0  0.10s           2025-04-08T11:49:26
/home/vscode/.local/lib/python3.10/site-packages/airflow/example_dags/example_params_ui_tutorial.py                                                        1           0  0.10s           2025-04-08T11:49:42
/home/vscode/.local/lib/python3.10/site-packages/airflow/example_dags/example_branch_day_of_week_operator.py                                               1           0  0.10s           2025-04-08T11:49:49
/home/vscode/.local/lib/python3.10/site-packages/airflow/example_dags/tutorial_taskflow_api_virtualenv.py                                                  1           0  0.10s           2025-04-08T11:49:10
/home/vscode/.local/lib/python3.10/site-packages/airflow/example_dags/example_short_circuit_decorator.py                                                   1           0  0.10s           2025-04-08T11:49:27
/home/vscode/.local/lib/python3.10/site-packages/airflow/example_dags/tutorial_taskflow_api.py                                                             1           0  0.10s           2025-04-08T11:49:23
/home/vscode/.local/lib/python3.10/site-packages/airflow/example_dags/example_dag_decorator.py                                                             1           0  0.20s           2025-04-08T11:49:15
/home/vscode/.local/lib/python3.10/site-packages/airflow/example_dags/example_params_trigger_ui.py                                                         1           0  0.10s           2025-04-08T11:49:45
/home/vscode/.local/lib/python3.10/site-packages/airflow/example_dags/example_trigger_target_dag.py                                                        1           0  0.10s           2025-04-08T11:49:29
/home/vscode/.local/lib/python3.10/site-packages/airflow/example_dags/example_nested_branch_dag.py                                                         1           0  0.10s           2025-04-08T11:49:46
/home/vscode/.local/lib/python3.10/site-packages/airflow/example_dags/example_trigger_controller_dag.py                                                    1           0  0.10s           2025-04-08T11:49:30
/home/vscode/.local/lib/python3.10/site-packages/airflow/example_dags/example_latest_only.py                                                               1           0  0.10s           2025-04-08T11:49:16
/home/vscode/.local/lib/python3.10/site-packages/airflow/example_dags/example_passing_params_via_test_command.py                                           1           0  0.10s           2025-04-08T11:49:46
/home/vscode/.local/lib/python3.10/site-packages/airflow/example_dags/example_time_delta_sensor_async.py                                                   1           0  0.10s           2025-04-08T11:49:31
/home/vscode/.local/lib/python3.10/site-packages/airflow/example_dags/example_task_group_decorator.py                                                      1           0  0.10s           2025-04-08T11:49:37
/home/vscode/.local/lib/python3.10/site-packages/airflow/example_dags/example_skip_dag.py                                                                  1           0  0.10s           2025-04-08T11:49:38
/home/vscode/.local/lib/python3.10/site-packages/airflow/example_dags/example_sensors.py                                                                   1           0  0.10s           2025-04-08T11:49:47
/home/vscode/.local/lib/python3.10/site-packages/airflow/example_dags/example_branch_operator_decorator.py                                                 1           0  0.10s           2025-04-08T11:49:49
/home/vscode/.local/lib/python3.10/site-packages/airflow/example_dags/example_branch_operator.py                                                           1           0  0.10s           2025-04-08T11:48:52
/home/vscode/.local/lib/python3.10/site-packages/airflow/example_dags/example_xcomargs.py                                                                  2           0  0.10s           2025-04-08T11:49:07
/home/vscode/.local/lib/python3.10/site-packages/airflow/example_dags/example_external_task_marker_dag.py                                                  2           0  0.10s           2025-04-08T11:49:11
/home/vscode/.local/lib/python3.10/site-packages/airflow/example_dags/example_branch_datetime_operator.py                                                  3           0  0.10s           2025-04-08T11:49:19
/home/vscode/.local/lib/python3.10/site-packages/airflow/example_dags/example_subdag_operator.py                                                           3           0  0.11s           2025-04-08T11:49:28
/home/vscode/.local/lib/python3.10/site-packages/airflow/example_dags/example_datasets.py                                                                  6           0  0.11s           2025-04-08T11:49:13
================================================================================
[2025-04-08T11:50:19.973+0000] {manager.py:889} INFO - 
================================================================================
DAG File Processing Stats

File Path                                                                                                                         PID    Runtime      # DAGs    # Errors  Last Runtime    Last Run
--------------------------------------------------------------------------------------------------------------------------------  -----  ---------  --------  ----------  --------------  -------------------
/home/vscode/.local/lib/python3.10/site-packages/airflow/example_dags/example_setup_teardown_taskflow.py                                                   0           0  0.10s           2025-04-08T11:49:41
/home/vscode/.local/lib/python3.10/site-packages/airflow/example_dags/example_setup_teardown.py                                                            0           0  0.10s           2025-04-08T11:49:44
/home/vscode/.local/lib/python3.10/site-packages/airflow/example_dags/example_local_kubernetes_executor.py                                                 0           0  0.10s           2025-04-08T11:50:02
/home/vscode/.local/lib/python3.10/site-packages/airflow/example_dags/example_kubernetes_executor.py                                                       0           0  0.10s           2025-04-08T11:50:04
/home/vscode/.local/lib/python3.10/site-packages/airflow/example_dags/plugins/workday.py                                                                   0           0  0.10s           2025-04-08T11:49:52
/home/vscode/.local/lib/python3.10/site-packages/airflow/example_dags/plugins/listener_plugin.py                                                           0           0  0.10s           2025-04-08T11:50:08
/home/vscode/.local/lib/python3.10/site-packages/airflow/example_dags/plugins/event_listener.py                                                            0           0  0.10s           2025-04-08T11:49:53
/home/vscode/.local/lib/python3.10/site-packages/airflow/example_dags/subdags/subdag.py                                                                    0           0  0.10s           2025-04-08T11:50:08
/home/vscode/.local/lib/python3.10/site-packages/airflow/example_dags/example_short_circuit_operator.py                                                    1           0  0.10s           2025-04-08T11:50:11
/home/vscode/.local/lib/python3.10/site-packages/airflow/example_dags/example_branch_python_dop_operator_3.py                                              1           0  0.10s           2025-04-08T11:50:06
/home/vscode/.local/lib/python3.10/site-packages/airflow/example_dags/example_python_operator.py                                                           1           0  0.10s           2025-04-08T11:49:40
/home/vscode/.local/lib/python3.10/site-packages/airflow/example_dags/tutorial_dag.py                                                                      1           0  0.11s           2025-04-08T11:50:09
/home/vscode/.local/lib/python3.10/site-packages/airflow/example_dags/example_latest_only_with_trigger.py                                                  1           0  0.10s           2025-04-08T11:49:48
/home/vscode/.local/lib/python3.10/site-packages/airflow/example_dags/example_dynamic_task_mapping.py                                                      1           0  0.10s           2025-04-08T11:49:58
/home/vscode/.local/lib/python3.10/site-packages/airflow/example_dags/example_sensor_decorator.py                                                          1           0  0.10s           2025-04-08T11:49:41
/home/vscode/.local/lib/python3.10/site-packages/airflow/example_dags/example_complex.py                                                                   1           0  0.10s           2025-04-08T11:50:19
/home/vscode/.local/lib/python3.10/site-packages/airflow/example_dags/tutorial.py                                                                          1           0  0.10s           2025-04-08T11:49:55
/home/vscode/.local/lib/python3.10/site-packages/airflow/example_dags/example_task_group.py                                                                1           0  0.10s           2025-04-08T11:50:12
/home/vscode/.local/lib/python3.10/site-packages/airflow/example_dags/example_dynamic_task_mapping_with_no_taskflow_operators.py                           1           0  0.10s           2025-04-08T11:50:00
/home/vscode/.local/lib/python3.10/site-packages/airflow/example_dags/example_xcom.py                                                                      1           0  0.10s           2025-04-08T11:49:56
/home/vscode/.local/lib/python3.10/site-packages/airflow/example_dags/example_bash_operator.py                                                             1           0  0.10s           2025-04-08T11:49:33
/home/vscode/.local/lib/python3.10/site-packages/airflow/example_dags/example_branch_labels.py                                                             1           0  0.10s           2025-04-08T11:49:34
/home/vscode/.local/lib/python3.10/site-packages/airflow/example_dags/example_sla_dag.py                                                                   1           0  0.10s           2025-04-08T11:50:13
/home/vscode/.local/lib/python3.10/site-packages/airflow/example_dags/example_params_ui_tutorial.py                                                        1           0  0.10s           2025-04-08T11:49:42
/home/vscode/.local/lib/python3.10/site-packages/airflow/example_dags/example_branch_day_of_week_operator.py                                               1           0  0.10s           2025-04-08T11:49:49
/home/vscode/.local/lib/python3.10/site-packages/airflow/example_dags/tutorial_taskflow_api_virtualenv.py                                                  1           0  0.10s           2025-04-08T11:49:57
/home/vscode/.local/lib/python3.10/site-packages/airflow/example_dags/example_short_circuit_decorator.py                                                   1           0  0.10s           2025-04-08T11:50:13
/home/vscode/.local/lib/python3.10/site-packages/airflow/example_dags/tutorial_taskflow_api.py                                                             1           0  0.10s           2025-04-08T11:50:10
/home/vscode/.local/lib/python3.10/site-packages/airflow/example_dags/example_dag_decorator.py                                                             1           0  0.20s           2025-04-08T11:50:03
/home/vscode/.local/lib/python3.10/site-packages/airflow/example_dags/example_params_trigger_ui.py                                                         1           0  0.10s           2025-04-08T11:49:45
/home/vscode/.local/lib/python3.10/site-packages/airflow/example_dags/example_trigger_target_dag.py                                                        1           0  0.11s           2025-04-08T11:50:15
/home/vscode/.local/lib/python3.10/site-packages/airflow/example_dags/example_nested_branch_dag.py                                                         1           0  0.10s           2025-04-08T11:49:46
/home/vscode/.local/lib/python3.10/site-packages/airflow/example_dags/example_trigger_controller_dag.py                                                    1           0  0.10s           2025-04-08T11:50:17
/home/vscode/.local/lib/python3.10/site-packages/airflow/example_dags/example_latest_only.py                                                               1           0  0.10s           2025-04-08T11:50:04
/home/vscode/.local/lib/python3.10/site-packages/airflow/example_dags/example_passing_params_via_test_command.py                                           1           0  0.10s           2025-04-08T11:49:46
/home/vscode/.local/lib/python3.10/site-packages/airflow/example_dags/example_time_delta_sensor_async.py                                                   1           0  0.11s           2025-04-08T11:50:18
/home/vscode/.local/lib/python3.10/site-packages/airflow/example_dags/example_task_group_decorator.py                                                      1           0  0.10s           2025-04-08T11:50:18
/home/vscode/.local/lib/python3.10/site-packages/airflow/example_dags/example_skip_dag.py                                                                  1           0  0.10s           2025-04-08T11:49:38
/home/vscode/.local/lib/python3.10/site-packages/airflow/example_dags/example_sensors.py                                                                   1           0  0.10s           2025-04-08T11:49:47
/home/vscode/.local/lib/python3.10/site-packages/airflow/example_dags/example_branch_operator_decorator.py                                                 1           0  0.10s           2025-04-08T11:49:49
/home/vscode/.local/lib/python3.10/site-packages/airflow/example_dags/example_branch_operator.py                                                           1           0  0.10s           2025-04-08T11:49:50
/home/vscode/.local/lib/python3.10/site-packages/airflow/example_dags/example_xcomargs.py                                                                  2           0  0.10s           2025-04-08T11:49:54
/home/vscode/.local/lib/python3.10/site-packages/airflow/example_dags/example_external_task_marker_dag.py                                                  2           0  0.10s           2025-04-08T11:49:59
/home/vscode/.local/lib/python3.10/site-packages/airflow/example_dags/example_branch_datetime_operator.py                                                  3           0  0.10s           2025-04-08T11:50:07
/home/vscode/.local/lib/python3.10/site-packages/airflow/example_dags/example_subdag_operator.py                                                           3           0  0.10s           2025-04-08T11:50:14
/home/vscode/.local/lib/python3.10/site-packages/airflow/example_dags/example_datasets.py                                                                  6           0  0.10s           2025-04-08T11:50:01
================================================================================
[2025-04-08T11:50:50.242+0000] {manager.py:889} INFO - 
================================================================================
DAG File Processing Stats

File Path                                                                                                                         PID    Runtime      # DAGs    # Errors  Last Runtime    Last Run
--------------------------------------------------------------------------------------------------------------------------------  -----  ---------  --------  ----------  --------------  -------------------
/home/vscode/.local/lib/python3.10/site-packages/airflow/example_dags/example_setup_teardown_taskflow.py                                                   0           0  0.10s           2025-04-08T11:50:26
/home/vscode/.local/lib/python3.10/site-packages/airflow/example_dags/example_setup_teardown.py                                                            0           0  0.10s           2025-04-08T11:50:28
/home/vscode/.local/lib/python3.10/site-packages/airflow/example_dags/example_local_kubernetes_executor.py                                                 0           0  0.10s           2025-04-08T11:50:46
/home/vscode/.local/lib/python3.10/site-packages/airflow/example_dags/example_kubernetes_executor.py                                                       0           0  0.10s           2025-04-08T11:50:49
/home/vscode/.local/lib/python3.10/site-packages/airflow/example_dags/plugins/workday.py                                                                   0           0  0.10s           2025-04-08T11:50:22
/home/vscode/.local/lib/python3.10/site-packages/airflow/example_dags/plugins/listener_plugin.py                                                           0           0  0.10s           2025-04-08T11:50:08
/home/vscode/.local/lib/python3.10/site-packages/airflow/example_dags/plugins/event_listener.py                                                            0           0  0.10s           2025-04-08T11:50:37
/home/vscode/.local/lib/python3.10/site-packages/airflow/example_dags/subdags/subdag.py                                                                    0           0  0.10s           2025-04-08T11:50:08
/home/vscode/.local/lib/python3.10/site-packages/airflow/example_dags/example_short_circuit_operator.py                                                    1           0  0.10s           2025-04-08T11:50:11
/home/vscode/.local/lib/python3.10/site-packages/airflow/example_dags/example_branch_python_dop_operator_3.py                                              1           0  0.10s           2025-04-08T11:50:50
/home/vscode/.local/lib/python3.10/site-packages/airflow/example_dags/example_python_operator.py                                                           1           0  0.10s           2025-04-08T11:50:23
/home/vscode/.local/lib/python3.10/site-packages/airflow/example_dags/tutorial_dag.py                                                                      1           0  0.11s           2025-04-08T11:50:09
/home/vscode/.local/lib/python3.10/site-packages/airflow/example_dags/example_latest_only_with_trigger.py                                                  1           0  0.11s           2025-04-08T11:50:33
/home/vscode/.local/lib/python3.10/site-packages/airflow/example_dags/example_dynamic_task_mapping.py                                                      1           0  0.10s           2025-04-08T11:50:42
/home/vscode/.local/lib/python3.10/site-packages/airflow/example_dags/example_sensor_decorator.py                                                          1           0  0.10s           2025-04-08T11:50:25
/home/vscode/.local/lib/python3.10/site-packages/airflow/example_dags/example_complex.py                                                                   1           0  0.10s           2025-04-08T11:50:19
/home/vscode/.local/lib/python3.10/site-packages/airflow/example_dags/tutorial.py                                                                          1           0  0.10s           2025-04-08T11:50:39
/home/vscode/.local/lib/python3.10/site-packages/airflow/example_dags/example_task_group.py                                                                1           0  0.10s           2025-04-08T11:50:12
/home/vscode/.local/lib/python3.10/site-packages/airflow/example_dags/example_dynamic_task_mapping_with_no_taskflow_operators.py                           1           0  0.10s           2025-04-08T11:50:44
/home/vscode/.local/lib/python3.10/site-packages/airflow/example_dags/example_xcom.py                                                                      1           0  0.10s           2025-04-08T11:50:40
/home/vscode/.local/lib/python3.10/site-packages/airflow/example_dags/example_bash_operator.py                                                             1           0  0.10s           2025-04-08T11:50:21
/home/vscode/.local/lib/python3.10/site-packages/airflow/example_dags/example_branch_labels.py                                                             1           0  0.10s           2025-04-08T11:50:22
/home/vscode/.local/lib/python3.10/site-packages/airflow/example_dags/example_sla_dag.py                                                                   1           0  0.10s           2025-04-08T11:50:13
/home/vscode/.local/lib/python3.10/site-packages/airflow/example_dags/example_params_ui_tutorial.py                                                        1           0  0.10s           2025-04-08T11:50:27
/home/vscode/.local/lib/python3.10/site-packages/airflow/example_dags/example_branch_day_of_week_operator.py                                               1           0  0.10s           2025-04-08T11:50:34
/home/vscode/.local/lib/python3.10/site-packages/airflow/example_dags/tutorial_taskflow_api_virtualenv.py                                                  1           0  0.10s           2025-04-08T11:50:41
/home/vscode/.local/lib/python3.10/site-packages/airflow/example_dags/example_short_circuit_decorator.py                                                   1           0  0.10s           2025-04-08T11:50:13
/home/vscode/.local/lib/python3.10/site-packages/airflow/example_dags/tutorial_taskflow_api.py                                                             1           0  0.10s           2025-04-08T11:50:10
/home/vscode/.local/lib/python3.10/site-packages/airflow/example_dags/example_dag_decorator.py                                                             1           0  0.20s           2025-04-08T11:50:47
/home/vscode/.local/lib/python3.10/site-packages/airflow/example_dags/example_params_trigger_ui.py                                                         1           0  0.10s           2025-04-08T11:50:29
/home/vscode/.local/lib/python3.10/site-packages/airflow/example_dags/example_trigger_target_dag.py                                                        1           0  0.11s           2025-04-08T11:50:15
/home/vscode/.local/lib/python3.10/site-packages/airflow/example_dags/example_nested_branch_dag.py                                                         1           0  0.10s           2025-04-08T11:50:30
/home/vscode/.local/lib/python3.10/site-packages/airflow/example_dags/example_trigger_controller_dag.py                                                    1           0  0.10s           2025-04-08T11:50:17
/home/vscode/.local/lib/python3.10/site-packages/airflow/example_dags/example_latest_only.py                                                               1           0  0.10s           2025-04-08T11:50:49
/home/vscode/.local/lib/python3.10/site-packages/airflow/example_dags/example_passing_params_via_test_command.py                                           1           0  0.10s           2025-04-08T11:50:31
/home/vscode/.local/lib/python3.10/site-packages/airflow/example_dags/example_time_delta_sensor_async.py                                                   1           0  0.11s           2025-04-08T11:50:18
/home/vscode/.local/lib/python3.10/site-packages/airflow/example_dags/example_task_group_decorator.py                                                      1           0  0.10s           2025-04-08T11:50:18
/home/vscode/.local/lib/python3.10/site-packages/airflow/example_dags/example_skip_dag.py                                                                  1           0  0.10s           2025-04-08T11:50:23
/home/vscode/.local/lib/python3.10/site-packages/airflow/example_dags/example_sensors.py                                                                   1           0  0.10s           2025-04-08T11:50:32
/home/vscode/.local/lib/python3.10/site-packages/airflow/example_dags/example_branch_operator_decorator.py                                                 1           0  0.10s           2025-04-08T11:50:35
/home/vscode/.local/lib/python3.10/site-packages/airflow/example_dags/example_branch_operator.py                                                           1           0  0.10s           2025-04-08T11:50:36
/home/vscode/.local/lib/python3.10/site-packages/airflow/example_dags/example_xcomargs.py                                                                  2           0  0.10s           2025-04-08T11:50:38
/home/vscode/.local/lib/python3.10/site-packages/airflow/example_dags/example_external_task_marker_dag.py                                                  2           0  0.10s           2025-04-08T11:50:43
/home/vscode/.local/lib/python3.10/site-packages/airflow/example_dags/example_branch_datetime_operator.py                                                  3           0  0.10s           2025-04-08T11:50:07
/home/vscode/.local/lib/python3.10/site-packages/airflow/example_dags/example_subdag_operator.py                                                           3           0  0.10s           2025-04-08T11:50:14
/home/vscode/.local/lib/python3.10/site-packages/airflow/example_dags/example_datasets.py                                                                  6           0  0.10s           2025-04-08T11:50:45
================================================================================
[2025-04-08T11:51:39.834+0000] {manager.py:470} INFO - Exiting gracefully upon receiving signal 15
[2025-04-08T11:57:10.472+0000] {manager.py:487} INFO - Processing files using up to 1 processes at a time 
[2025-04-08T11:57:10.472+0000] {manager.py:488} INFO - Process each file at most once every 30 seconds
[2025-04-08T11:57:10.472+0000] {manager.py:489} INFO - Checking for new files in /workspaces/hands-on-introduction-data-engineering-4395021/airflow/dags every 300 seconds
[2025-04-08T11:57:10.473+0000] {manager.py:758} INFO - Searching for files in /workspaces/hands-on-introduction-data-engineering-4395021/airflow/dags
[2025-04-08T11:57:10.474+0000] {manager.py:761} INFO - There are 0 files in /workspaces/hands-on-introduction-data-engineering-4395021/airflow/dags
[2025-04-08T12:02:10.492+0000] {manager.py:758} INFO - Searching for files in /workspaces/hands-on-introduction-data-engineering-4395021/airflow/dags
[2025-04-08T12:02:10.493+0000] {manager.py:761} INFO - There are 1 files in /workspaces/hands-on-introduction-data-engineering-4395021/airflow/dags
[2025-04-08T12:02:11.141+0000] {manager.py:889} INFO - 
================================================================================
DAG File Processing Stats

File Path                                                                                PID    Runtime      # DAGs    # Errors  Last Runtime    Last Run
---------------------------------------------------------------------------------------  -----  ---------  --------  ----------  --------------  -------------------
/workspaces/hands-on-introduction-data-engineering-4395021/airflow/dags/one_task_dag.py                           0           0  0.10s           2025-04-08T12:02:10
================================================================================
[2025-04-08T12:02:41.168+0000] {manager.py:889} INFO - 
================================================================================
DAG File Processing Stats

File Path                                                                                PID    Runtime      # DAGs    # Errors  Last Runtime    Last Run
---------------------------------------------------------------------------------------  -----  ---------  --------  ----------  --------------  -------------------
/workspaces/hands-on-introduction-data-engineering-4395021/airflow/dags/one_task_dag.py                           0           0  0.11s           2025-04-08T12:02:41
================================================================================
[2025-04-08T12:03:11.263+0000] {manager.py:889} INFO - 
================================================================================
DAG File Processing Stats

File Path                                                                                PID    Runtime      # DAGs    # Errors  Last Runtime    Last Run
---------------------------------------------------------------------------------------  -----  ---------  --------  ----------  --------------  -------------------
/workspaces/hands-on-introduction-data-engineering-4395021/airflow/dags/one_task_dag.py                           0           0  0.11s           2025-04-08T12:03:10
================================================================================
[2025-04-08T12:03:41.427+0000] {manager.py:889} INFO - 
================================================================================
DAG File Processing Stats

File Path                                                                                PID    Runtime      # DAGs    # Errors  Last Runtime    Last Run
---------------------------------------------------------------------------------------  -----  ---------  --------  ----------  --------------  -------------------
/workspaces/hands-on-introduction-data-engineering-4395021/airflow/dags/one_task_dag.py                           0           0  0.10s           2025-04-08T12:03:41
================================================================================
[2025-04-08T12:04:11.713+0000] {manager.py:889} INFO - 
================================================================================
DAG File Processing Stats

File Path                                                                                PID    Runtime      # DAGs    # Errors  Last Runtime    Last Run
---------------------------------------------------------------------------------------  -----  ---------  --------  ----------  --------------  -------------------
/workspaces/hands-on-introduction-data-engineering-4395021/airflow/dags/one_task_dag.py                           0           1  0.11s           2025-04-08T12:04:11
================================================================================
[2025-04-08T12:04:41.770+0000] {manager.py:889} INFO - 
================================================================================
DAG File Processing Stats

File Path                                                                                PID    Runtime      # DAGs    # Errors  Last Runtime    Last Run
---------------------------------------------------------------------------------------  -----  ---------  --------  ----------  --------------  -------------------
/workspaces/hands-on-introduction-data-engineering-4395021/airflow/dags/one_task_dag.py                           0           1  0.11s           2025-04-08T12:04:39
================================================================================
[2025-04-08T12:05:11.877+0000] {manager.py:889} INFO - 
================================================================================
DAG File Processing Stats

File Path                                                                                PID    Runtime      # DAGs    # Errors  Last Runtime    Last Run
---------------------------------------------------------------------------------------  -----  ---------  --------  ----------  --------------  -------------------
/workspaces/hands-on-introduction-data-engineering-4395021/airflow/dags/one_task_dag.py                           0           1  0.10s           2025-04-08T12:05:11
================================================================================
[2025-04-08T12:05:42.105+0000] {manager.py:889} INFO - 
================================================================================
DAG File Processing Stats

File Path                                                                                PID    Runtime      # DAGs    # Errors  Last Runtime    Last Run
---------------------------------------------------------------------------------------  -----  ---------  --------  ----------  --------------  -------------------
/workspaces/hands-on-introduction-data-engineering-4395021/airflow/dags/one_task_dag.py                           1           0  0.10s           2025-04-08T12:05:40
================================================================================
[2025-04-08T12:06:12.169+0000] {manager.py:889} INFO - 
================================================================================
DAG File Processing Stats

File Path                                                                                PID    Runtime      # DAGs    # Errors  Last Runtime    Last Run
---------------------------------------------------------------------------------------  -----  ---------  --------  ----------  --------------  -------------------
/workspaces/hands-on-introduction-data-engineering-4395021/airflow/dags/one_task_dag.py                           1           0  0.10s           2025-04-08T12:05:58
================================================================================
[2025-04-08T12:06:42.188+0000] {manager.py:889} INFO - 
================================================================================
DAG File Processing Stats

File Path                                                                                PID    Runtime      # DAGs    # Errors  Last Runtime    Last Run
---------------------------------------------------------------------------------------  -----  ---------  --------  ----------  --------------  -------------------
/workspaces/hands-on-introduction-data-engineering-4395021/airflow/dags/one_task_dag.py                           1           0  0.10s           2025-04-08T12:06:42
================================================================================
[2025-04-08T12:07:10.610+0000] {manager.py:758} INFO - Searching for files in /workspaces/hands-on-introduction-data-engineering-4395021/airflow/dags
[2025-04-08T12:07:10.612+0000] {manager.py:761} INFO - There are 1 files in /workspaces/hands-on-introduction-data-engineering-4395021/airflow/dags
[2025-04-08T12:07:12.295+0000] {manager.py:889} INFO - 
================================================================================
DAG File Processing Stats

File Path                                                                                PID    Runtime      # DAGs    # Errors  Last Runtime    Last Run
---------------------------------------------------------------------------------------  -----  ---------  --------  ----------  --------------  -------------------
/workspaces/hands-on-introduction-data-engineering-4395021/airflow/dags/one_task_dag.py                           1           0  0.11s           2025-04-08T12:06:54
================================================================================
[2025-04-08T12:07:42.353+0000] {manager.py:889} INFO - 
================================================================================
DAG File Processing Stats

File Path                                                                                PID    Runtime      # DAGs    # Errors  Last Runtime    Last Run
---------------------------------------------------------------------------------------  -----  ---------  --------  ----------  --------------  -------------------
/workspaces/hands-on-introduction-data-engineering-4395021/airflow/dags/one_task_dag.py                           1           0  0.10s           2025-04-08T12:07:21
================================================================================
[2025-04-08T12:08:12.418+0000] {manager.py:889} INFO - 
================================================================================
DAG File Processing Stats

File Path                                                                                PID    Runtime      # DAGs    # Errors  Last Runtime    Last Run
---------------------------------------------------------------------------------------  -----  ---------  --------  ----------  --------------  -------------------
/workspaces/hands-on-introduction-data-engineering-4395021/airflow/dags/one_task_dag.py                           1           0  0.10s           2025-04-08T12:07:51
================================================================================
[2025-04-08T12:08:42.473+0000] {manager.py:889} INFO - 
================================================================================
DAG File Processing Stats

File Path                                                                                PID    Runtime      # DAGs    # Errors  Last Runtime    Last Run
---------------------------------------------------------------------------------------  -----  ---------  --------  ----------  --------------  -------------------
/workspaces/hands-on-introduction-data-engineering-4395021/airflow/dags/one_task_dag.py                           1           0  0.10s           2025-04-08T12:08:22
================================================================================
[2025-04-08T12:09:12.542+0000] {manager.py:889} INFO - 
================================================================================
DAG File Processing Stats

File Path                                                                                PID    Runtime      # DAGs    # Errors  Last Runtime    Last Run
---------------------------------------------------------------------------------------  -----  ---------  --------  ----------  --------------  -------------------
/workspaces/hands-on-introduction-data-engineering-4395021/airflow/dags/one_task_dag.py                           1           0  0.10s           2025-04-08T12:08:52
================================================================================
[2025-04-08T12:09:42.597+0000] {manager.py:889} INFO - 
================================================================================
DAG File Processing Stats

File Path                                                                                PID    Runtime      # DAGs    # Errors  Last Runtime    Last Run
---------------------------------------------------------------------------------------  -----  ---------  --------  ----------  --------------  -------------------
/workspaces/hands-on-introduction-data-engineering-4395021/airflow/dags/one_task_dag.py                           1           0  0.10s           2025-04-08T12:09:22
================================================================================
[2025-04-08T12:10:12.664+0000] {manager.py:889} INFO - 
================================================================================
DAG File Processing Stats

File Path                                                                                PID    Runtime      # DAGs    # Errors  Last Runtime    Last Run
---------------------------------------------------------------------------------------  -----  ---------  --------  ----------  --------------  -------------------
/workspaces/hands-on-introduction-data-engineering-4395021/airflow/dags/one_task_dag.py                           1           0  0.10s           2025-04-08T12:09:53
================================================================================
[2025-04-08T12:10:42.719+0000] {manager.py:889} INFO - 
================================================================================
DAG File Processing Stats

File Path                                                                                PID    Runtime      # DAGs    # Errors  Last Runtime    Last Run
---------------------------------------------------------------------------------------  -----  ---------  --------  ----------  --------------  -------------------
/workspaces/hands-on-introduction-data-engineering-4395021/airflow/dags/one_task_dag.py                           1           0  0.10s           2025-04-08T12:10:33
================================================================================
[2025-04-08T12:11:12.778+0000] {manager.py:889} INFO - 
================================================================================
DAG File Processing Stats

File Path                                                                                PID    Runtime      # DAGs    # Errors  Last Runtime    Last Run
---------------------------------------------------------------------------------------  -----  ---------  --------  ----------  --------------  -------------------
/workspaces/hands-on-introduction-data-engineering-4395021/airflow/dags/one_task_dag.py                           1           0  0.10s           2025-04-08T12:11:03
================================================================================
[2025-04-08T12:11:42.833+0000] {manager.py:889} INFO - 
================================================================================
DAG File Processing Stats

File Path                                                                                PID    Runtime      # DAGs    # Errors  Last Runtime    Last Run
---------------------------------------------------------------------------------------  -----  ---------  --------  ----------  --------------  -------------------
/workspaces/hands-on-introduction-data-engineering-4395021/airflow/dags/one_task_dag.py                           1           0  0.10s           2025-04-08T12:11:33
================================================================================
[2025-04-08T12:12:10.685+0000] {manager.py:758} INFO - Searching for files in /workspaces/hands-on-introduction-data-engineering-4395021/airflow/dags
[2025-04-08T12:12:10.687+0000] {manager.py:761} INFO - There are 1 files in /workspaces/hands-on-introduction-data-engineering-4395021/airflow/dags
[2025-04-08T12:12:12.890+0000] {manager.py:889} INFO - 
================================================================================
DAG File Processing Stats

File Path                                                                                PID    Runtime      # DAGs    # Errors  Last Runtime    Last Run
---------------------------------------------------------------------------------------  -----  ---------  --------  ----------  --------------  -------------------
/workspaces/hands-on-introduction-data-engineering-4395021/airflow/dags/one_task_dag.py                           1           0  0.10s           2025-04-08T12:12:04
================================================================================
[2025-04-08T12:12:42.956+0000] {manager.py:889} INFO - 
================================================================================
DAG File Processing Stats

File Path                                                                                PID    Runtime      # DAGs    # Errors  Last Runtime    Last Run
---------------------------------------------------------------------------------------  -----  ---------  --------  ----------  --------------  -------------------
/workspaces/hands-on-introduction-data-engineering-4395021/airflow/dags/one_task_dag.py                           1           0  0.10s           2025-04-08T12:12:34
================================================================================
[2025-04-08T12:13:13.014+0000] {manager.py:889} INFO - 
================================================================================
DAG File Processing Stats

File Path                                                                                PID    Runtime      # DAGs    # Errors  Last Runtime    Last Run
---------------------------------------------------------------------------------------  -----  ---------  --------  ----------  --------------  -------------------
/workspaces/hands-on-introduction-data-engineering-4395021/airflow/dags/one_task_dag.py                           1           0  0.10s           2025-04-08T12:13:04
================================================================================
[2025-04-08T12:13:43.068+0000] {manager.py:889} INFO - 
================================================================================
DAG File Processing Stats

File Path                                                                                PID    Runtime      # DAGs    # Errors  Last Runtime    Last Run
---------------------------------------------------------------------------------------  -----  ---------  --------  ----------  --------------  -------------------
/workspaces/hands-on-introduction-data-engineering-4395021/airflow/dags/one_task_dag.py                           1           0  0.10s           2025-04-08T12:13:34
================================================================================
[2025-04-08T12:14:13.121+0000] {manager.py:889} INFO - 
================================================================================
DAG File Processing Stats

File Path                                                                                PID    Runtime      # DAGs    # Errors  Last Runtime    Last Run
---------------------------------------------------------------------------------------  -----  ---------  --------  ----------  --------------  -------------------
/workspaces/hands-on-introduction-data-engineering-4395021/airflow/dags/one_task_dag.py                           1           0  0.10s           2025-04-08T12:14:04
================================================================================
[2025-04-08T12:14:43.175+0000] {manager.py:889} INFO - 
================================================================================
DAG File Processing Stats

File Path                                                                                PID    Runtime      # DAGs    # Errors  Last Runtime    Last Run
---------------------------------------------------------------------------------------  -----  ---------  --------  ----------  --------------  -------------------
/workspaces/hands-on-introduction-data-engineering-4395021/airflow/dags/one_task_dag.py                           1           0  0.10s           2025-04-08T12:14:34
================================================================================
[2025-04-08T12:15:13.207+0000] {manager.py:889} INFO - 
================================================================================
DAG File Processing Stats

File Path                                                                                PID    Runtime      # DAGs    # Errors  Last Runtime    Last Run
---------------------------------------------------------------------------------------  -----  ---------  --------  ----------  --------------  -------------------
/workspaces/hands-on-introduction-data-engineering-4395021/airflow/dags/one_task_dag.py                           1           0  0.10s           2025-04-08T12:15:05
================================================================================
[2025-04-08T12:15:43.266+0000] {manager.py:889} INFO - 
================================================================================
DAG File Processing Stats

File Path                                                                                PID    Runtime      # DAGs    # Errors  Last Runtime    Last Run
---------------------------------------------------------------------------------------  -----  ---------  --------  ----------  --------------  -------------------
/workspaces/hands-on-introduction-data-engineering-4395021/airflow/dags/one_task_dag.py                           1           0  0.11s           2025-04-08T12:15:35
================================================================================
[2025-04-08T12:16:13.322+0000] {manager.py:889} INFO - 
================================================================================
DAG File Processing Stats

File Path                                                                                PID    Runtime      # DAGs    # Errors  Last Runtime    Last Run
---------------------------------------------------------------------------------------  -----  ---------  --------  ----------  --------------  -------------------
/workspaces/hands-on-introduction-data-engineering-4395021/airflow/dags/one_task_dag.py                           1           0  0.21s           2025-04-08T12:16:05
================================================================================
[2025-04-08T12:16:43.383+0000] {manager.py:889} INFO - 
================================================================================
DAG File Processing Stats

File Path                                                                                PID    Runtime      # DAGs    # Errors  Last Runtime    Last Run
---------------------------------------------------------------------------------------  -----  ---------  --------  ----------  --------------  -------------------
/workspaces/hands-on-introduction-data-engineering-4395021/airflow/dags/one_task_dag.py                           1           0  0.10s           2025-04-08T12:16:35
================================================================================
[2025-04-08T12:17:10.730+0000] {manager.py:758} INFO - Searching for files in /workspaces/hands-on-introduction-data-engineering-4395021/airflow/dags
[2025-04-08T12:17:10.731+0000] {manager.py:761} INFO - There are 1 files in /workspaces/hands-on-introduction-data-engineering-4395021/airflow/dags
[2025-04-08T12:17:13.441+0000] {manager.py:889} INFO - 
================================================================================
DAG File Processing Stats

File Path                                                                                PID    Runtime      # DAGs    # Errors  Last Runtime    Last Run
---------------------------------------------------------------------------------------  -----  ---------  --------  ----------  --------------  -------------------
/workspaces/hands-on-introduction-data-engineering-4395021/airflow/dags/one_task_dag.py                           1           0  0.10s           2025-04-08T12:17:06
================================================================================
[2025-04-08T12:17:43.477+0000] {manager.py:889} INFO - 
================================================================================
DAG File Processing Stats

File Path                                                                                PID    Runtime      # DAGs    # Errors  Last Runtime    Last Run
---------------------------------------------------------------------------------------  -----  ---------  --------  ----------  --------------  -------------------
/workspaces/hands-on-introduction-data-engineering-4395021/airflow/dags/one_task_dag.py                           1           0  0.10s           2025-04-08T12:17:36
================================================================================
[2025-04-08T12:18:13.548+0000] {manager.py:889} INFO - 
================================================================================
DAG File Processing Stats

File Path                                                                                PID    Runtime      # DAGs    # Errors  Last Runtime    Last Run
---------------------------------------------------------------------------------------  -----  ---------  --------  ----------  --------------  -------------------
/workspaces/hands-on-introduction-data-engineering-4395021/airflow/dags/one_task_dag.py                           1           0  0.10s           2025-04-08T12:18:06
================================================================================
[2025-04-08T12:18:43.607+0000] {manager.py:889} INFO - 
================================================================================
DAG File Processing Stats

File Path                                                                                PID    Runtime      # DAGs    # Errors  Last Runtime    Last Run
---------------------------------------------------------------------------------------  -----  ---------  --------  ----------  --------------  -------------------
/workspaces/hands-on-introduction-data-engineering-4395021/airflow/dags/one_task_dag.py                           1           0  0.10s           2025-04-08T12:18:36
================================================================================
[2025-04-08T12:19:13.663+0000] {manager.py:889} INFO - 
================================================================================
DAG File Processing Stats

File Path                                                                                PID    Runtime      # DAGs    # Errors  Last Runtime    Last Run
---------------------------------------------------------------------------------------  -----  ---------  --------  ----------  --------------  -------------------
/workspaces/hands-on-introduction-data-engineering-4395021/airflow/dags/one_task_dag.py                           1           0  0.10s           2025-04-08T12:19:06
================================================================================
[2025-04-08T12:19:43.718+0000] {manager.py:889} INFO - 
================================================================================
DAG File Processing Stats

File Path                                                                                PID    Runtime      # DAGs    # Errors  Last Runtime    Last Run
---------------------------------------------------------------------------------------  -----  ---------  --------  ----------  --------------  -------------------
/workspaces/hands-on-introduction-data-engineering-4395021/airflow/dags/one_task_dag.py                           1           0  0.10s           2025-04-08T12:19:37
================================================================================
[2025-04-08T12:20:13.775+0000] {manager.py:889} INFO - 
================================================================================
DAG File Processing Stats

File Path                                                                                PID    Runtime      # DAGs    # Errors  Last Runtime    Last Run
---------------------------------------------------------------------------------------  -----  ---------  --------  ----------  --------------  -------------------
/workspaces/hands-on-introduction-data-engineering-4395021/airflow/dags/one_task_dag.py                           1           0  0.10s           2025-04-08T12:20:07
================================================================================
[2025-04-08T12:20:43.831+0000] {manager.py:889} INFO - 
================================================================================
DAG File Processing Stats

File Path                                                                                PID    Runtime      # DAGs    # Errors  Last Runtime    Last Run
---------------------------------------------------------------------------------------  -----  ---------  --------  ----------  --------------  -------------------
/workspaces/hands-on-introduction-data-engineering-4395021/airflow/dags/one_task_dag.py                           1           0  0.10s           2025-04-08T12:20:37
================================================================================
[2025-04-08T12:21:13.859+0000] {manager.py:889} INFO - 
================================================================================
DAG File Processing Stats

File Path                                                                                PID    Runtime      # DAGs    # Errors  Last Runtime    Last Run
---------------------------------------------------------------------------------------  -----  ---------  --------  ----------  --------------  -------------------
/workspaces/hands-on-introduction-data-engineering-4395021/airflow/dags/one_task_dag.py                           1           0  0.10s           2025-04-08T12:21:07
================================================================================
[2025-04-08T12:21:43.950+0000] {manager.py:889} INFO - 
================================================================================
DAG File Processing Stats

File Path                                                                                PID    Runtime      # DAGs    # Errors  Last Runtime    Last Run
---------------------------------------------------------------------------------------  -----  ---------  --------  ----------  --------------  -------------------
/workspaces/hands-on-introduction-data-engineering-4395021/airflow/dags/one_task_dag.py                           1           0  0.10s           2025-04-08T12:21:37
================================================================================
[2025-04-08T12:22:10.770+0000] {manager.py:758} INFO - Searching for files in /workspaces/hands-on-introduction-data-engineering-4395021/airflow/dags
[2025-04-08T12:22:10.772+0000] {manager.py:761} INFO - There are 1 files in /workspaces/hands-on-introduction-data-engineering-4395021/airflow/dags
[2025-04-08T12:22:14.009+0000] {manager.py:889} INFO - 
================================================================================
DAG File Processing Stats

File Path                                                                                PID    Runtime      # DAGs    # Errors  Last Runtime    Last Run
---------------------------------------------------------------------------------------  -----  ---------  --------  ----------  --------------  -------------------
/workspaces/hands-on-introduction-data-engineering-4395021/airflow/dags/one_task_dag.py                           1           0  0.10s           2025-04-08T12:22:07
================================================================================
[2025-04-08T12:22:44.063+0000] {manager.py:889} INFO - 
================================================================================
DAG File Processing Stats

File Path                                                                                PID    Runtime      # DAGs    # Errors  Last Runtime    Last Run
---------------------------------------------------------------------------------------  -----  ---------  --------  ----------  --------------  -------------------
/workspaces/hands-on-introduction-data-engineering-4395021/airflow/dags/one_task_dag.py                           1           0  0.10s           2025-04-08T12:22:38
================================================================================
[2025-04-08T12:23:14.119+0000] {manager.py:889} INFO - 
================================================================================
DAG File Processing Stats

File Path                                                                                PID    Runtime      # DAGs    # Errors  Last Runtime    Last Run
---------------------------------------------------------------------------------------  -----  ---------  --------  ----------  --------------  -------------------
/workspaces/hands-on-introduction-data-engineering-4395021/airflow/dags/one_task_dag.py                           1           0  0.10s           2025-04-08T12:23:08
================================================================================
[2025-04-08T12:23:44.173+0000] {manager.py:889} INFO - 
================================================================================
DAG File Processing Stats

File Path                                                                                PID    Runtime      # DAGs    # Errors  Last Runtime    Last Run
---------------------------------------------------------------------------------------  -----  ---------  --------  ----------  --------------  -------------------
/workspaces/hands-on-introduction-data-engineering-4395021/airflow/dags/one_task_dag.py                           1           0  0.10s           2025-04-08T12:23:38
================================================================================
[2025-04-08T12:24:14.227+0000] {manager.py:889} INFO - 
================================================================================
DAG File Processing Stats

File Path                                                                                PID    Runtime      # DAGs    # Errors  Last Runtime    Last Run
---------------------------------------------------------------------------------------  -----  ---------  --------  ----------  --------------  -------------------
/workspaces/hands-on-introduction-data-engineering-4395021/airflow/dags/one_task_dag.py                           1           0  0.10s           2025-04-08T12:24:08
================================================================================
[2025-04-08T12:24:44.247+0000] {manager.py:889} INFO - 
================================================================================
DAG File Processing Stats

File Path                                                                                PID    Runtime      # DAGs    # Errors  Last Runtime    Last Run
---------------------------------------------------------------------------------------  -----  ---------  --------  ----------  --------------  -------------------
/workspaces/hands-on-introduction-data-engineering-4395021/airflow/dags/one_task_dag.py                           1           0  0.10s           2025-04-08T12:24:38
================================================================================
[2025-04-08T12:25:14.317+0000] {manager.py:889} INFO - 
================================================================================
DAG File Processing Stats

File Path                                                                                PID    Runtime      # DAGs    # Errors  Last Runtime    Last Run
---------------------------------------------------------------------------------------  -----  ---------  --------  ----------  --------------  -------------------
/workspaces/hands-on-introduction-data-engineering-4395021/airflow/dags/one_task_dag.py                           1           0  0.10s           2025-04-08T12:25:09
================================================================================
[2025-04-08T12:25:44.382+0000] {manager.py:889} INFO - 
================================================================================
DAG File Processing Stats

File Path                                                                                PID    Runtime      # DAGs    # Errors  Last Runtime    Last Run
---------------------------------------------------------------------------------------  -----  ---------  --------  ----------  --------------  -------------------
/workspaces/hands-on-introduction-data-engineering-4395021/airflow/dags/one_task_dag.py                           1           0  0.10s           2025-04-08T12:25:39
================================================================================
[2025-04-08T12:26:14.418+0000] {manager.py:889} INFO - 
================================================================================
DAG File Processing Stats

File Path                                                                                PID    Runtime      # DAGs    # Errors  Last Runtime    Last Run
---------------------------------------------------------------------------------------  -----  ---------  --------  ----------  --------------  -------------------
/workspaces/hands-on-introduction-data-engineering-4395021/airflow/dags/one_task_dag.py                           1           0  0.10s           2025-04-08T12:26:09
================================================================================
[2025-04-08T12:26:44.498+0000] {manager.py:889} INFO - 
================================================================================
DAG File Processing Stats

File Path                                                                                PID    Runtime      # DAGs    # Errors  Last Runtime    Last Run
---------------------------------------------------------------------------------------  -----  ---------  --------  ----------  --------------  -------------------
/workspaces/hands-on-introduction-data-engineering-4395021/airflow/dags/one_task_dag.py                           1           0  0.10s           2025-04-08T12:26:39
================================================================================
[2025-04-08T12:27:10.811+0000] {manager.py:758} INFO - Searching for files in /workspaces/hands-on-introduction-data-engineering-4395021/airflow/dags
[2025-04-08T12:27:10.812+0000] {manager.py:761} INFO - There are 1 files in /workspaces/hands-on-introduction-data-engineering-4395021/airflow/dags
[2025-04-08T12:27:14.556+0000] {manager.py:889} INFO - 
================================================================================
DAG File Processing Stats

File Path                                                                                PID    Runtime      # DAGs    # Errors  Last Runtime    Last Run
---------------------------------------------------------------------------------------  -----  ---------  --------  ----------  --------------  -------------------
/workspaces/hands-on-introduction-data-engineering-4395021/airflow/dags/one_task_dag.py                           1           0  0.10s           2025-04-08T12:27:09
================================================================================
[2025-04-08T12:27:44.592+0000] {manager.py:889} INFO - 
================================================================================
DAG File Processing Stats

File Path                                                                                PID    Runtime      # DAGs    # Errors  Last Runtime    Last Run
---------------------------------------------------------------------------------------  -----  ---------  --------  ----------  --------------  -------------------
/workspaces/hands-on-introduction-data-engineering-4395021/airflow/dags/one_task_dag.py                           1           0  0.11s           2025-04-08T12:27:40
================================================================================
[2025-04-08T12:28:14.647+0000] {manager.py:889} INFO - 
================================================================================
DAG File Processing Stats

File Path                                                                                PID    Runtime      # DAGs    # Errors  Last Runtime    Last Run
---------------------------------------------------------------------------------------  -----  ---------  --------  ----------  --------------  -------------------
/workspaces/hands-on-introduction-data-engineering-4395021/airflow/dags/one_task_dag.py                           1           0  0.10s           2025-04-08T12:28:10
================================================================================
[2025-04-08T12:28:44.707+0000] {manager.py:889} INFO - 
================================================================================
DAG File Processing Stats

File Path                                                                                PID    Runtime      # DAGs    # Errors  Last Runtime    Last Run
---------------------------------------------------------------------------------------  -----  ---------  --------  ----------  --------------  -------------------
/workspaces/hands-on-introduction-data-engineering-4395021/airflow/dags/one_task_dag.py                           1           0  0.11s           2025-04-08T12:28:40
================================================================================
[2025-04-08T12:29:14.766+0000] {manager.py:889} INFO - 
================================================================================
DAG File Processing Stats

File Path                                                                                PID    Runtime      # DAGs    # Errors  Last Runtime    Last Run
---------------------------------------------------------------------------------------  -----  ---------  --------  ----------  --------------  -------------------
/workspaces/hands-on-introduction-data-engineering-4395021/airflow/dags/one_task_dag.py                           1           0  0.10s           2025-04-08T12:29:10
================================================================================
[2025-04-08T12:29:44.821+0000] {manager.py:889} INFO - 
================================================================================
DAG File Processing Stats

File Path                                                                                PID    Runtime      # DAGs    # Errors  Last Runtime    Last Run
---------------------------------------------------------------------------------------  -----  ---------  --------  ----------  --------------  -------------------
/workspaces/hands-on-introduction-data-engineering-4395021/airflow/dags/one_task_dag.py                           1           0  0.10s           2025-04-08T12:29:40
================================================================================
[2025-04-08T12:30:14.878+0000] {manager.py:889} INFO - 
================================================================================
DAG File Processing Stats

File Path                                                                                PID    Runtime      # DAGs    # Errors  Last Runtime    Last Run
---------------------------------------------------------------------------------------  -----  ---------  --------  ----------  --------------  -------------------
/workspaces/hands-on-introduction-data-engineering-4395021/airflow/dags/one_task_dag.py                           1           0  0.10s           2025-04-08T12:30:11
================================================================================
[2025-04-08T12:30:44.937+0000] {manager.py:889} INFO - 
================================================================================
DAG File Processing Stats

File Path                                                                                PID    Runtime      # DAGs    # Errors  Last Runtime    Last Run
---------------------------------------------------------------------------------------  -----  ---------  --------  ----------  --------------  -------------------
/workspaces/hands-on-introduction-data-engineering-4395021/airflow/dags/one_task_dag.py                           1           0  0.10s           2025-04-08T12:30:41
================================================================================
[2025-04-08T12:31:14.957+0000] {manager.py:889} INFO - 
================================================================================
DAG File Processing Stats

File Path                                                                                PID    Runtime      # DAGs    # Errors  Last Runtime    Last Run
---------------------------------------------------------------------------------------  -----  ---------  --------  ----------  --------------  -------------------
/workspaces/hands-on-introduction-data-engineering-4395021/airflow/dags/one_task_dag.py                           1           0  0.10s           2025-04-08T12:31:11
================================================================================
[2025-04-08T12:31:45.052+0000] {manager.py:889} INFO - 
================================================================================
DAG File Processing Stats

File Path                                                                                PID    Runtime      # DAGs    # Errors  Last Runtime    Last Run
---------------------------------------------------------------------------------------  -----  ---------  --------  ----------  --------------  -------------------
/workspaces/hands-on-introduction-data-engineering-4395021/airflow/dags/one_task_dag.py                           1           0  0.10s           2025-04-08T12:31:41
================================================================================
[2025-04-08T12:32:10.849+0000] {manager.py:758} INFO - Searching for files in /workspaces/hands-on-introduction-data-engineering-4395021/airflow/dags
[2025-04-08T12:32:10.850+0000] {manager.py:761} INFO - There are 1 files in /workspaces/hands-on-introduction-data-engineering-4395021/airflow/dags
[2025-04-08T12:32:15.110+0000] {manager.py:889} INFO - 
================================================================================
DAG File Processing Stats

File Path                                                                                PID    Runtime      # DAGs    # Errors  Last Runtime    Last Run
---------------------------------------------------------------------------------------  -----  ---------  --------  ----------  --------------  -------------------
/workspaces/hands-on-introduction-data-engineering-4395021/airflow/dags/one_task_dag.py                           1           0  0.10s           2025-04-08T12:32:11
================================================================================
[2025-04-08T12:32:45.168+0000] {manager.py:889} INFO - 
================================================================================
DAG File Processing Stats

File Path                                                                                PID    Runtime      # DAGs    # Errors  Last Runtime    Last Run
---------------------------------------------------------------------------------------  -----  ---------  --------  ----------  --------------  -------------------
/workspaces/hands-on-introduction-data-engineering-4395021/airflow/dags/one_task_dag.py                           1           0  0.10s           2025-04-08T12:32:41
================================================================================
[2025-04-08T12:33:15.230+0000] {manager.py:889} INFO - 
================================================================================
DAG File Processing Stats

File Path                                                                                PID    Runtime      # DAGs    # Errors  Last Runtime    Last Run
---------------------------------------------------------------------------------------  -----  ---------  --------  ----------  --------------  -------------------
/workspaces/hands-on-introduction-data-engineering-4395021/airflow/dags/one_task_dag.py                           1           0  0.10s           2025-04-08T12:33:12
================================================================================
[2025-04-08T12:33:45.285+0000] {manager.py:889} INFO - 
================================================================================
DAG File Processing Stats

File Path                                                                                PID    Runtime      # DAGs    # Errors  Last Runtime    Last Run
---------------------------------------------------------------------------------------  -----  ---------  --------  ----------  --------------  -------------------
/workspaces/hands-on-introduction-data-engineering-4395021/airflow/dags/one_task_dag.py                           1           0  0.10s           2025-04-08T12:33:42
================================================================================
[2025-04-08T12:34:15.342+0000] {manager.py:889} INFO - 
================================================================================
DAG File Processing Stats

File Path                                                                                PID    Runtime      # DAGs    # Errors  Last Runtime    Last Run
---------------------------------------------------------------------------------------  -----  ---------  --------  ----------  --------------  -------------------
/workspaces/hands-on-introduction-data-engineering-4395021/airflow/dags/one_task_dag.py                           1           0  0.10s           2025-04-08T12:34:12
================================================================================
[2025-04-08T12:34:45.397+0000] {manager.py:889} INFO - 
================================================================================
DAG File Processing Stats

File Path                                                                                PID    Runtime      # DAGs    # Errors  Last Runtime    Last Run
---------------------------------------------------------------------------------------  -----  ---------  --------  ----------  --------------  -------------------
/workspaces/hands-on-introduction-data-engineering-4395021/airflow/dags/one_task_dag.py                           1           0  0.10s           2025-04-08T12:34:42
================================================================================
[2025-04-08T12:35:15.454+0000] {manager.py:889} INFO - 
================================================================================
DAG File Processing Stats

File Path                                                                                PID    Runtime      # DAGs    # Errors  Last Runtime    Last Run
---------------------------------------------------------------------------------------  -----  ---------  --------  ----------  --------------  -------------------
/workspaces/hands-on-introduction-data-engineering-4395021/airflow/dags/one_task_dag.py                           1           0  0.10s           2025-04-08T12:35:12
================================================================================
[2025-04-08T12:35:45.513+0000] {manager.py:889} INFO - 
================================================================================
DAG File Processing Stats

File Path                                                                                PID    Runtime      # DAGs    # Errors  Last Runtime    Last Run
---------------------------------------------------------------------------------------  -----  ---------  --------  ----------  --------------  -------------------
/workspaces/hands-on-introduction-data-engineering-4395021/airflow/dags/one_task_dag.py                           1           0  0.10s           2025-04-08T12:35:43
================================================================================
[2025-04-08T12:36:15.570+0000] {manager.py:889} INFO - 
================================================================================
DAG File Processing Stats

File Path                                                                                PID    Runtime      # DAGs    # Errors  Last Runtime    Last Run
---------------------------------------------------------------------------------------  -----  ---------  --------  ----------  --------------  -------------------
/workspaces/hands-on-introduction-data-engineering-4395021/airflow/dags/one_task_dag.py                           1           0  0.10s           2025-04-08T12:36:13
================================================================================
[2025-04-08T12:36:45.626+0000] {manager.py:889} INFO - 
================================================================================
DAG File Processing Stats

File Path                                                                                PID    Runtime      # DAGs    # Errors  Last Runtime    Last Run
---------------------------------------------------------------------------------------  -----  ---------  --------  ----------  --------------  -------------------
/workspaces/hands-on-introduction-data-engineering-4395021/airflow/dags/one_task_dag.py                           1           0  0.10s           2025-04-08T12:36:43
================================================================================
[2025-04-08T12:37:10.891+0000] {manager.py:758} INFO - Searching for files in /workspaces/hands-on-introduction-data-engineering-4395021/airflow/dags
[2025-04-08T12:37:10.892+0000] {manager.py:761} INFO - There are 1 files in /workspaces/hands-on-introduction-data-engineering-4395021/airflow/dags
[2025-04-08T12:37:15.684+0000] {manager.py:889} INFO - 
================================================================================
DAG File Processing Stats

File Path                                                                                PID    Runtime      # DAGs    # Errors  Last Runtime    Last Run
---------------------------------------------------------------------------------------  -----  ---------  --------  ----------  --------------  -------------------
/workspaces/hands-on-introduction-data-engineering-4395021/airflow/dags/one_task_dag.py                           1           0  0.10s           2025-04-08T12:37:13
================================================================================
[2025-04-08T12:37:45.739+0000] {manager.py:889} INFO - 
================================================================================
DAG File Processing Stats

File Path                                                                                PID    Runtime      # DAGs    # Errors  Last Runtime    Last Run
---------------------------------------------------------------------------------------  -----  ---------  --------  ----------  --------------  -------------------
/workspaces/hands-on-introduction-data-engineering-4395021/airflow/dags/one_task_dag.py                           1           0  0.10s           2025-04-08T12:37:43
================================================================================
[2025-04-08T12:38:15.775+0000] {manager.py:889} INFO - 
================================================================================
DAG File Processing Stats

File Path                                                                                PID    Runtime      # DAGs    # Errors  Last Runtime    Last Run
---------------------------------------------------------------------------------------  -----  ---------  --------  ----------  --------------  -------------------
/workspaces/hands-on-introduction-data-engineering-4395021/airflow/dags/one_task_dag.py                           1           0  0.10s           2025-04-08T12:38:13
================================================================================
[2025-04-08T12:38:45.834+0000] {manager.py:889} INFO - 
================================================================================
DAG File Processing Stats

File Path                                                                                PID    Runtime      # DAGs    # Errors  Last Runtime    Last Run
---------------------------------------------------------------------------------------  -----  ---------  --------  ----------  --------------  -------------------
/workspaces/hands-on-introduction-data-engineering-4395021/airflow/dags/one_task_dag.py                           1           0  0.10s           2025-04-08T12:38:44
================================================================================
[2025-04-08T12:39:15.893+0000] {manager.py:889} INFO - 
================================================================================
DAG File Processing Stats

File Path                                                                                PID    Runtime      # DAGs    # Errors  Last Runtime    Last Run
---------------------------------------------------------------------------------------  -----  ---------  --------  ----------  --------------  -------------------
/workspaces/hands-on-introduction-data-engineering-4395021/airflow/dags/one_task_dag.py                           1           0  0.10s           2025-04-08T12:39:14
================================================================================
[2025-04-08T12:39:45.950+0000] {manager.py:889} INFO - 
================================================================================
DAG File Processing Stats

File Path                                                                                PID    Runtime      # DAGs    # Errors  Last Runtime    Last Run
---------------------------------------------------------------------------------------  -----  ---------  --------  ----------  --------------  -------------------
/workspaces/hands-on-introduction-data-engineering-4395021/airflow/dags/one_task_dag.py                           1           0  0.10s           2025-04-08T12:39:44
================================================================================
[2025-04-08T12:40:16.005+0000] {manager.py:889} INFO - 
================================================================================
DAG File Processing Stats

File Path                                                                                PID    Runtime      # DAGs    # Errors  Last Runtime    Last Run
---------------------------------------------------------------------------------------  -----  ---------  --------  ----------  --------------  -------------------
/workspaces/hands-on-introduction-data-engineering-4395021/airflow/dags/one_task_dag.py                           1           0  0.10s           2025-04-08T12:40:14
================================================================================
[2025-04-08T12:40:46.063+0000] {manager.py:889} INFO - 
================================================================================
DAG File Processing Stats

File Path                                                                                PID    Runtime      # DAGs    # Errors  Last Runtime    Last Run
---------------------------------------------------------------------------------------  -----  ---------  --------  ----------  --------------  -------------------
/workspaces/hands-on-introduction-data-engineering-4395021/airflow/dags/one_task_dag.py                           1           0  0.10s           2025-04-08T12:40:44
================================================================================
[2025-04-08T12:41:16.124+0000] {manager.py:889} INFO - 
================================================================================
DAG File Processing Stats

File Path                                                                                PID    Runtime      # DAGs    # Errors  Last Runtime    Last Run
---------------------------------------------------------------------------------------  -----  ---------  --------  ----------  --------------  -------------------
/workspaces/hands-on-introduction-data-engineering-4395021/airflow/dags/one_task_dag.py                           1           0  0.10s           2025-04-08T12:41:15
================================================================================
[2025-04-08T12:41:46.161+0000] {manager.py:889} INFO - 
================================================================================
DAG File Processing Stats

File Path                                                                                PID    Runtime      # DAGs    # Errors  Last Runtime    Last Run
---------------------------------------------------------------------------------------  -----  ---------  --------  ----------  --------------  -------------------
/workspaces/hands-on-introduction-data-engineering-4395021/airflow/dags/one_task_dag.py                           1           0  0.10s           2025-04-08T12:41:45
================================================================================
[2025-04-08T12:42:10.931+0000] {manager.py:758} INFO - Searching for files in /workspaces/hands-on-introduction-data-engineering-4395021/airflow/dags
[2025-04-08T12:42:10.932+0000] {manager.py:761} INFO - There are 1 files in /workspaces/hands-on-introduction-data-engineering-4395021/airflow/dags
[2025-04-08T12:42:16.227+0000] {manager.py:889} INFO - 
================================================================================
DAG File Processing Stats

File Path                                                                                PID    Runtime      # DAGs    # Errors  Last Runtime    Last Run
---------------------------------------------------------------------------------------  -----  ---------  --------  ----------  --------------  -------------------
/workspaces/hands-on-introduction-data-engineering-4395021/airflow/dags/one_task_dag.py                           1           0  0.10s           2025-04-08T12:42:15
================================================================================
[2025-04-08T17:02:45.447+0000] {manager.py:487} INFO - Processing files using up to 1 processes at a time 
[2025-04-08T17:02:45.449+0000] {manager.py:488} INFO - Process each file at most once every 30 seconds
[2025-04-08T17:02:45.449+0000] {manager.py:489} INFO - Checking for new files in /workspaces/hands-on-introduction-data-engineering-4395021/airflow/dags every 300 seconds
[2025-04-08T17:02:45.449+0000] {manager.py:758} INFO - Searching for files in /workspaces/hands-on-introduction-data-engineering-4395021/airflow/dags
[2025-04-08T17:02:45.452+0000] {manager.py:761} INFO - There are 1 files in /workspaces/hands-on-introduction-data-engineering-4395021/airflow/dags
[2025-04-08T17:02:45.704+0000] {manager.py:889} INFO - 
================================================================================
DAG File Processing Stats

File Path                                                                                PID    Runtime      # DAGs    # Errors  Last Runtime    Last Run
---------------------------------------------------------------------------------------  -----  ---------  --------  ----------  --------------  -------------------
/workspaces/hands-on-introduction-data-engineering-4395021/airflow/dags/one_task_dag.py                           1           0  0.20s           2025-04-08T17:02:45
================================================================================
[2025-04-08T17:03:16.824+0000] {manager.py:889} INFO - 
================================================================================
DAG File Processing Stats

File Path                                                                                PID    Runtime      # DAGs    # Errors  Last Runtime    Last Run
---------------------------------------------------------------------------------------  -----  ---------  --------  ----------  --------------  -------------------
/workspaces/hands-on-introduction-data-engineering-4395021/airflow/dags/one_task_dag.py                           1           0  0.10s           2025-04-08T17:03:16
================================================================================
[2025-04-08T17:03:47.011+0000] {manager.py:889} INFO - 
================================================================================
DAG File Processing Stats

File Path                                                                                PID    Runtime      # DAGs    # Errors  Last Runtime    Last Run
---------------------------------------------------------------------------------------  -----  ---------  --------  ----------  --------------  -------------------
/workspaces/hands-on-introduction-data-engineering-4395021/airflow/dags/one_task_dag.py                           1           0  0.10s           2025-04-08T17:03:47
================================================================================
[2025-04-08T17:04:17.205+0000] {manager.py:889} INFO - 
================================================================================
DAG File Processing Stats

File Path                                                                                PID    Runtime      # DAGs    # Errors  Last Runtime    Last Run
---------------------------------------------------------------------------------------  -----  ---------  --------  ----------  --------------  -------------------
/workspaces/hands-on-introduction-data-engineering-4395021/airflow/dags/one_task_dag.py                           1           0  0.10s           2025-04-08T17:04:17
================================================================================
[2025-04-08T17:04:47.893+0000] {manager.py:889} INFO - 
================================================================================
DAG File Processing Stats

File Path                                                                                PID    Runtime      # DAGs    # Errors  Last Runtime    Last Run
---------------------------------------------------------------------------------------  -----  ---------  --------  ----------  --------------  -------------------
/workspaces/hands-on-introduction-data-engineering-4395021/airflow/dags/one_task_dag.py                           1           0  0.31s           2025-04-08T17:04:47
================================================================================
[2025-04-08T17:05:18.899+0000] {manager.py:889} INFO - 
================================================================================
DAG File Processing Stats

File Path                                                                                PID    Runtime      # DAGs    # Errors  Last Runtime    Last Run
---------------------------------------------------------------------------------------  -----  ---------  --------  ----------  --------------  -------------------
/workspaces/hands-on-introduction-data-engineering-4395021/airflow/dags/one_task_dag.py                           1           0  0.10s           2025-04-08T17:05:18
================================================================================
[2025-04-08T17:05:49.084+0000] {manager.py:889} INFO - 
================================================================================
DAG File Processing Stats

File Path                                                                                PID    Runtime      # DAGs    # Errors  Last Runtime    Last Run
---------------------------------------------------------------------------------------  -----  ---------  --------  ----------  --------------  -------------------
/workspaces/hands-on-introduction-data-engineering-4395021/airflow/dags/one_task_dag.py                           1           0  0.10s           2025-04-08T17:05:49
================================================================================
[2025-04-08T17:06:19.237+0000] {manager.py:889} INFO - 
================================================================================
DAG File Processing Stats

File Path                                                                                PID    Runtime      # DAGs    # Errors  Last Runtime    Last Run
---------------------------------------------------------------------------------------  -----  ---------  --------  ----------  --------------  -------------------
/workspaces/hands-on-introduction-data-engineering-4395021/airflow/dags/one_task_dag.py                           1           0  0.10s           2025-04-08T17:06:19
================================================================================
[2025-04-08T17:06:49.420+0000] {manager.py:889} INFO - 
================================================================================
DAG File Processing Stats

File Path                                                                                PID    Runtime      # DAGs    # Errors  Last Runtime    Last Run
---------------------------------------------------------------------------------------  -----  ---------  --------  ----------  --------------  -------------------
/workspaces/hands-on-introduction-data-engineering-4395021/airflow/dags/one_task_dag.py                           1           0  0.10s           2025-04-08T17:06:49
================================================================================
[2025-04-08T17:07:19.608+0000] {manager.py:889} INFO - 
================================================================================
DAG File Processing Stats

File Path                                                                                PID    Runtime      # DAGs    # Errors  Last Runtime    Last Run
---------------------------------------------------------------------------------------  -----  ---------  --------  ----------  --------------  -------------------
/workspaces/hands-on-introduction-data-engineering-4395021/airflow/dags/one_task_dag.py                           1           0  0.10s           2025-04-08T17:07:19
================================================================================
[2025-04-08T17:07:45.555+0000] {manager.py:758} INFO - Searching for files in /workspaces/hands-on-introduction-data-engineering-4395021/airflow/dags
[2025-04-08T17:07:45.556+0000] {manager.py:761} INFO - There are 1 files in /workspaces/hands-on-introduction-data-engineering-4395021/airflow/dags
[2025-04-08T17:07:49.965+0000] {manager.py:889} INFO - 
================================================================================
DAG File Processing Stats

File Path                                                                                PID    Runtime      # DAGs    # Errors  Last Runtime    Last Run
---------------------------------------------------------------------------------------  -----  ---------  --------  ----------  --------------  -------------------
/workspaces/hands-on-introduction-data-engineering-4395021/airflow/dags/one_task_dag.py                           1           0  0.22s           2025-04-08T17:07:49
================================================================================
[2025-04-08T17:08:20.962+0000] {manager.py:889} INFO - 
================================================================================
DAG File Processing Stats

File Path                                                                                PID    Runtime      # DAGs    # Errors  Last Runtime    Last Run
---------------------------------------------------------------------------------------  -----  ---------  --------  ----------  --------------  -------------------
/workspaces/hands-on-introduction-data-engineering-4395021/airflow/dags/one_task_dag.py                           1           0  0.20s           2025-04-08T17:08:14
================================================================================
[2025-04-08T17:08:51.146+0000] {manager.py:889} INFO - 
================================================================================
DAG File Processing Stats

File Path                                                                                PID    Runtime      # DAGs    # Errors  Last Runtime    Last Run
---------------------------------------------------------------------------------------  -----  ---------  --------  ----------  --------------  -------------------
/workspaces/hands-on-introduction-data-engineering-4395021/airflow/dags/one_task_dag.py                           1           0  0.10s           2025-04-08T17:08:45
================================================================================
[2025-04-08T17:09:21.377+0000] {manager.py:889} INFO - 
================================================================================
DAG File Processing Stats

File Path                                                                                PID    Runtime      # DAGs    # Errors  Last Runtime    Last Run
---------------------------------------------------------------------------------------  -----  ---------  --------  ----------  --------------  -------------------
/workspaces/hands-on-introduction-data-engineering-4395021/airflow/dags/one_task_dag.py                           1           0  0.10s           2025-04-08T17:09:15
================================================================================
[2025-04-08T17:09:51.567+0000] {manager.py:889} INFO - 
================================================================================
DAG File Processing Stats

File Path                                                                                PID    Runtime      # DAGs    # Errors  Last Runtime    Last Run
---------------------------------------------------------------------------------------  -----  ---------  --------  ----------  --------------  -------------------
/workspaces/hands-on-introduction-data-engineering-4395021/airflow/dags/one_task_dag.py                           1           0  0.10s           2025-04-08T17:09:45
================================================================================
[2025-04-08T17:10:21.752+0000] {manager.py:889} INFO - 
================================================================================
DAG File Processing Stats

File Path                                                                                PID    Runtime      # DAGs    # Errors  Last Runtime    Last Run
---------------------------------------------------------------------------------------  -----  ---------  --------  ----------  --------------  -------------------
/workspaces/hands-on-introduction-data-engineering-4395021/airflow/dags/one_task_dag.py                           1           0  0.10s           2025-04-08T17:10:15
================================================================================
[2025-04-08T17:10:51.927+0000] {manager.py:889} INFO - 
================================================================================
DAG File Processing Stats

File Path                                                                                PID    Runtime      # DAGs    # Errors  Last Runtime    Last Run
---------------------------------------------------------------------------------------  -----  ---------  --------  ----------  --------------  -------------------
/workspaces/hands-on-introduction-data-engineering-4395021/airflow/dags/one_task_dag.py                           1           0  0.10s           2025-04-08T17:10:46
================================================================================
[2025-04-08T17:11:22.121+0000] {manager.py:889} INFO - 
================================================================================
DAG File Processing Stats

File Path                                                                                PID    Runtime      # DAGs    # Errors  Last Runtime    Last Run
---------------------------------------------------------------------------------------  -----  ---------  --------  ----------  --------------  -------------------
/workspaces/hands-on-introduction-data-engineering-4395021/airflow/dags/one_task_dag.py                           1           0  0.10s           2025-04-08T17:11:16
================================================================================
[2025-04-08T17:11:52.303+0000] {manager.py:889} INFO - 
================================================================================
DAG File Processing Stats

File Path                                                                                PID    Runtime      # DAGs    # Errors  Last Runtime    Last Run
---------------------------------------------------------------------------------------  -----  ---------  --------  ----------  --------------  -------------------
/workspaces/hands-on-introduction-data-engineering-4395021/airflow/dags/one_task_dag.py                           1           0  0.10s           2025-04-08T17:11:46
================================================================================
[2025-04-08T17:12:22.478+0000] {manager.py:889} INFO - 
================================================================================
DAG File Processing Stats

File Path                                                                                PID    Runtime      # DAGs    # Errors  Last Runtime    Last Run
---------------------------------------------------------------------------------------  -----  ---------  --------  ----------  --------------  -------------------
/workspaces/hands-on-introduction-data-engineering-4395021/airflow/dags/one_task_dag.py                           1           0  0.10s           2025-04-08T17:12:16
================================================================================
[2025-04-08T17:12:45.693+0000] {manager.py:758} INFO - Searching for files in /workspaces/hands-on-introduction-data-engineering-4395021/airflow/dags
[2025-04-08T17:12:45.694+0000] {manager.py:761} INFO - There are 1 files in /workspaces/hands-on-introduction-data-engineering-4395021/airflow/dags
[2025-04-08T17:12:52.673+0000] {manager.py:889} INFO - 
================================================================================
DAG File Processing Stats

File Path                                                                                PID    Runtime      # DAGs    # Errors  Last Runtime    Last Run
---------------------------------------------------------------------------------------  -----  ---------  --------  ----------  --------------  -------------------
/workspaces/hands-on-introduction-data-engineering-4395021/airflow/dags/one_task_dag.py                           1           0  0.10s           2025-04-08T17:12:47
================================================================================
[2025-04-08T17:13:22.850+0000] {manager.py:889} INFO - 
================================================================================
DAG File Processing Stats

File Path                                                                                PID    Runtime      # DAGs    # Errors  Last Runtime    Last Run
---------------------------------------------------------------------------------------  -----  ---------  --------  ----------  --------------  -------------------
/workspaces/hands-on-introduction-data-engineering-4395021/airflow/dags/one_task_dag.py                           1           0  0.10s           2025-04-08T17:13:17
================================================================================
[2025-04-08T17:13:53.032+0000] {manager.py:889} INFO - 
================================================================================
DAG File Processing Stats

File Path                                                                                PID    Runtime      # DAGs    # Errors  Last Runtime    Last Run
---------------------------------------------------------------------------------------  -----  ---------  --------  ----------  --------------  -------------------
/workspaces/hands-on-introduction-data-engineering-4395021/airflow/dags/one_task_dag.py                           1           0  0.10s           2025-04-08T17:13:47
================================================================================
[2025-04-08T17:14:23.246+0000] {manager.py:889} INFO - 
================================================================================
DAG File Processing Stats

File Path                                                                                PID    Runtime      # DAGs    # Errors  Last Runtime    Last Run
---------------------------------------------------------------------------------------  -----  ---------  --------  ----------  --------------  -------------------
/workspaces/hands-on-introduction-data-engineering-4395021/airflow/dags/one_task_dag.py                           1           0  0.10s           2025-04-08T17:14:17
================================================================================
[2025-04-08T17:14:53.741+0000] {manager.py:889} INFO - 
================================================================================
DAG File Processing Stats

File Path                                                                                PID    Runtime      # DAGs    # Errors  Last Runtime    Last Run
---------------------------------------------------------------------------------------  -----  ---------  --------  ----------  --------------  -------------------
/workspaces/hands-on-introduction-data-engineering-4395021/airflow/dags/one_task_dag.py                           1           0  0.10s           2025-04-08T17:14:50
================================================================================
[2025-04-08T17:15:24.033+0000] {manager.py:889} INFO - 
================================================================================
DAG File Processing Stats

File Path                                                                                PID    Runtime      # DAGs    # Errors  Last Runtime    Last Run
---------------------------------------------------------------------------------------  -----  ---------  --------  ----------  --------------  -------------------
/workspaces/hands-on-introduction-data-engineering-4395021/airflow/dags/one_task_dag.py                           1           0  0.10s           2025-04-08T17:15:05
================================================================================
[2025-04-08T17:15:54.424+0000] {manager.py:889} INFO - 
================================================================================
DAG File Processing Stats

File Path                                                                                PID    Runtime      # DAGs    # Errors  Last Runtime    Last Run
---------------------------------------------------------------------------------------  -----  ---------  --------  ----------  --------------  -------------------
/workspaces/hands-on-introduction-data-engineering-4395021/airflow/dags/one_task_dag.py                           1           0  0.10s           2025-04-08T17:15:43
================================================================================
[2025-04-08T17:16:24.660+0000] {manager.py:889} INFO - 
================================================================================
DAG File Processing Stats

File Path                                                                                PID    Runtime      # DAGs    # Errors  Last Runtime    Last Run
---------------------------------------------------------------------------------------  -----  ---------  --------  ----------  --------------  -------------------
/workspaces/hands-on-introduction-data-engineering-4395021/airflow/dags/one_task_dag.py                           1           0  0.20s           2025-04-08T17:16:13
================================================================================
[2025-04-08T17:16:54.871+0000] {manager.py:889} INFO - 
================================================================================
DAG File Processing Stats

File Path                                                                                PID    Runtime      # DAGs    # Errors  Last Runtime    Last Run
---------------------------------------------------------------------------------------  -----  ---------  --------  ----------  --------------  -------------------
/workspaces/hands-on-introduction-data-engineering-4395021/airflow/dags/one_task_dag.py                           1           0  0.10s           2025-04-08T17:16:43
================================================================================
[2025-04-08T17:17:25.067+0000] {manager.py:889} INFO - 
================================================================================
DAG File Processing Stats

File Path                                                                                PID    Runtime      # DAGs    # Errors  Last Runtime    Last Run
---------------------------------------------------------------------------------------  -----  ---------  --------  ----------  --------------  -------------------
/workspaces/hands-on-introduction-data-engineering-4395021/airflow/dags/one_task_dag.py                           1           0  0.10s           2025-04-08T17:17:14
================================================================================
[2025-04-08T17:17:45.873+0000] {manager.py:758} INFO - Searching for files in /workspaces/hands-on-introduction-data-engineering-4395021/airflow/dags
[2025-04-08T17:17:45.874+0000] {manager.py:761} INFO - There are 1 files in /workspaces/hands-on-introduction-data-engineering-4395021/airflow/dags
[2025-04-08T17:17:55.245+0000] {manager.py:889} INFO - 
================================================================================
DAG File Processing Stats

File Path                                                                                PID    Runtime      # DAGs    # Errors  Last Runtime    Last Run
---------------------------------------------------------------------------------------  -----  ---------  --------  ----------  --------------  -------------------
/workspaces/hands-on-introduction-data-engineering-4395021/airflow/dags/one_task_dag.py                           1           0  0.10s           2025-04-08T17:17:44
================================================================================
[2025-04-08T17:18:25.416+0000] {manager.py:889} INFO - 
================================================================================
DAG File Processing Stats

File Path                                                                                PID    Runtime      # DAGs    # Errors  Last Runtime    Last Run
---------------------------------------------------------------------------------------  -----  ---------  --------  ----------  --------------  -------------------
/workspaces/hands-on-introduction-data-engineering-4395021/airflow/dags/one_task_dag.py                           1           0  0.10s           2025-04-08T17:18:14
================================================================================
[2025-04-08T17:18:55.596+0000] {manager.py:889} INFO - 
================================================================================
DAG File Processing Stats

File Path                                                                                PID    Runtime      # DAGs    # Errors  Last Runtime    Last Run
---------------------------------------------------------------------------------------  -----  ---------  --------  ----------  --------------  -------------------
/workspaces/hands-on-introduction-data-engineering-4395021/airflow/dags/one_task_dag.py                           1           0  0.10s           2025-04-08T17:18:44
================================================================================
[2025-04-08T17:19:26.022+0000] {manager.py:889} INFO - 
================================================================================
DAG File Processing Stats

File Path                                                                                PID    Runtime      # DAGs    # Errors  Last Runtime    Last Run
---------------------------------------------------------------------------------------  -----  ---------  --------  ----------  --------------  -------------------
/workspaces/hands-on-introduction-data-engineering-4395021/airflow/dags/one_task_dag.py                           1           0  0.10s           2025-04-08T17:19:26
================================================================================
[2025-04-08T17:19:57.023+0000] {manager.py:889} INFO - 
================================================================================
DAG File Processing Stats

File Path                                                                                PID    Runtime      # DAGs    # Errors  Last Runtime    Last Run
---------------------------------------------------------------------------------------  -----  ---------  --------  ----------  --------------  -------------------
/workspaces/hands-on-introduction-data-engineering-4395021/airflow/dags/one_task_dag.py                           1           0  0.10s           2025-04-08T17:19:37
================================================================================
[2025-04-08T17:20:27.369+0000] {manager.py:889} INFO - 
================================================================================
DAG File Processing Stats

File Path                                                                                PID    Runtime      # DAGs    # Errors  Last Runtime    Last Run
---------------------------------------------------------------------------------------  -----  ---------  --------  ----------  --------------  -------------------
/workspaces/hands-on-introduction-data-engineering-4395021/airflow/dags/one_task_dag.py                           1           0  0.20s           2025-04-08T17:20:08
================================================================================
[2025-04-08T17:20:57.656+0000] {manager.py:889} INFO - 
================================================================================
DAG File Processing Stats

File Path                                                                                PID    Runtime      # DAGs    # Errors  Last Runtime    Last Run
---------------------------------------------------------------------------------------  -----  ---------  --------  ----------  --------------  -------------------
/workspaces/hands-on-introduction-data-engineering-4395021/airflow/dags/one_task_dag.py                           1           0  0.10s           2025-04-08T17:20:38
================================================================================
[2025-04-08T17:21:28.012+0000] {manager.py:889} INFO - 
================================================================================
DAG File Processing Stats

File Path                                                                                PID    Runtime      # DAGs    # Errors  Last Runtime    Last Run
---------------------------------------------------------------------------------------  -----  ---------  --------  ----------  --------------  -------------------
/workspaces/hands-on-introduction-data-engineering-4395021/airflow/dags/one_task_dag.py                           1           0  0.10s           2025-04-08T17:21:08
================================================================================
[2025-04-08T17:21:58.253+0000] {manager.py:889} INFO - 
================================================================================
DAG File Processing Stats

File Path                                                                                PID    Runtime      # DAGs    # Errors  Last Runtime    Last Run
---------------------------------------------------------------------------------------  -----  ---------  --------  ----------  --------------  -------------------
/workspaces/hands-on-introduction-data-engineering-4395021/airflow/dags/one_task_dag.py                           1           0  0.10s           2025-04-08T17:21:39
================================================================================
[2025-04-08T17:22:28.493+0000] {manager.py:889} INFO - 
================================================================================
DAG File Processing Stats

File Path                                                                                PID    Runtime      # DAGs    # Errors  Last Runtime    Last Run
---------------------------------------------------------------------------------------  -----  ---------  --------  ----------  --------------  -------------------
/workspaces/hands-on-introduction-data-engineering-4395021/airflow/dags/one_task_dag.py                           1           0  0.10s           2025-04-08T17:22:09
================================================================================
[2025-04-08T17:22:46.017+0000] {manager.py:758} INFO - Searching for files in /workspaces/hands-on-introduction-data-engineering-4395021/airflow/dags
[2025-04-08T17:22:46.018+0000] {manager.py:761} INFO - There are 1 files in /workspaces/hands-on-introduction-data-engineering-4395021/airflow/dags
[2025-04-08T17:22:58.785+0000] {manager.py:889} INFO - 
================================================================================
DAG File Processing Stats

File Path                                                                                PID    Runtime      # DAGs    # Errors  Last Runtime    Last Run
---------------------------------------------------------------------------------------  -----  ---------  --------  ----------  --------------  -------------------
/workspaces/hands-on-introduction-data-engineering-4395021/airflow/dags/one_task_dag.py                           1           0  0.10s           2025-04-08T17:22:39
================================================================================
[2025-04-08T17:23:29.097+0000] {manager.py:889} INFO - 
================================================================================
DAG File Processing Stats

File Path                                                                                PID    Runtime      # DAGs    # Errors  Last Runtime    Last Run
---------------------------------------------------------------------------------------  -----  ---------  --------  ----------  --------------  -------------------
/workspaces/hands-on-introduction-data-engineering-4395021/airflow/dags/one_task_dag.py                           1           0  0.10s           2025-04-08T17:23:09
================================================================================
[2025-04-08T17:23:59.527+0000] {manager.py:889} INFO - 
================================================================================
DAG File Processing Stats

File Path                                                                                PID    Runtime      # DAGs    # Errors  Last Runtime    Last Run
---------------------------------------------------------------------------------------  -----  ---------  --------  ----------  --------------  -------------------
/workspaces/hands-on-introduction-data-engineering-4395021/airflow/dags/one_task_dag.py                           1           0  0.21s           2025-04-08T17:23:40
================================================================================
[2025-04-08T17:24:29.824+0000] {manager.py:889} INFO - 
================================================================================
DAG File Processing Stats

File Path                                                                                PID    Runtime      # DAGs    # Errors  Last Runtime    Last Run
---------------------------------------------------------------------------------------  -----  ---------  --------  ----------  --------------  -------------------
/workspaces/hands-on-introduction-data-engineering-4395021/airflow/dags/one_task_dag.py                           1           0  0.10s           2025-04-08T17:24:10
================================================================================
[2025-04-08T17:25:00.027+0000] {manager.py:889} INFO - 
================================================================================
DAG File Processing Stats

File Path                                                                                PID    Runtime      # DAGs    # Errors  Last Runtime    Last Run
---------------------------------------------------------------------------------------  -----  ---------  --------  ----------  --------------  -------------------
/workspaces/hands-on-introduction-data-engineering-4395021/airflow/dags/one_task_dag.py                           1           0  0.10s           2025-04-08T17:24:40
================================================================================
[2025-04-08T17:25:30.243+0000] {manager.py:889} INFO - 
================================================================================
DAG File Processing Stats

File Path                                                                                PID    Runtime      # DAGs    # Errors  Last Runtime    Last Run
---------------------------------------------------------------------------------------  -----  ---------  --------  ----------  --------------  -------------------
/workspaces/hands-on-introduction-data-engineering-4395021/airflow/dags/one_task_dag.py                           1           0  0.10s           2025-04-08T17:25:11
================================================================================
[2025-04-08T17:26:00.595+0000] {manager.py:889} INFO - 
================================================================================
DAG File Processing Stats

File Path                                                                                PID    Runtime      # DAGs    # Errors  Last Runtime    Last Run
---------------------------------------------------------------------------------------  -----  ---------  --------  ----------  --------------  -------------------
/workspaces/hands-on-introduction-data-engineering-4395021/airflow/dags/one_task_dag.py                           1           0  0.10s           2025-04-08T17:25:41
================================================================================
[2025-04-08T17:26:30.778+0000] {manager.py:889} INFO - 
================================================================================
DAG File Processing Stats

File Path                                                                                PID    Runtime      # DAGs    # Errors  Last Runtime    Last Run
---------------------------------------------------------------------------------------  -----  ---------  --------  ----------  --------------  -------------------
/workspaces/hands-on-introduction-data-engineering-4395021/airflow/dags/one_task_dag.py                           1           0  0.10s           2025-04-08T17:26:11
================================================================================
[2025-04-08T17:27:00.973+0000] {manager.py:889} INFO - 
================================================================================
DAG File Processing Stats

File Path                                                                                PID    Runtime      # DAGs    # Errors  Last Runtime    Last Run
---------------------------------------------------------------------------------------  -----  ---------  --------  ----------  --------------  -------------------
/workspaces/hands-on-introduction-data-engineering-4395021/airflow/dags/one_task_dag.py                           1           0  0.10s           2025-04-08T17:26:41
================================================================================
[2025-04-08T17:27:31.157+0000] {manager.py:889} INFO - 
================================================================================
DAG File Processing Stats

File Path                                                                                PID    Runtime      # DAGs    # Errors  Last Runtime    Last Run
---------------------------------------------------------------------------------------  -----  ---------  --------  ----------  --------------  -------------------
/workspaces/hands-on-introduction-data-engineering-4395021/airflow/dags/one_task_dag.py                           1           0  0.10s           2025-04-08T17:27:11
================================================================================
[2025-04-08T17:27:46.477+0000] {manager.py:758} INFO - Searching for files in /workspaces/hands-on-introduction-data-engineering-4395021/airflow/dags
[2025-04-08T17:27:46.478+0000] {manager.py:761} INFO - There are 1 files in /workspaces/hands-on-introduction-data-engineering-4395021/airflow/dags
[2025-04-08T17:28:01.343+0000] {manager.py:889} INFO - 
================================================================================
DAG File Processing Stats

File Path                                                                                PID    Runtime      # DAGs    # Errors  Last Runtime    Last Run
---------------------------------------------------------------------------------------  -----  ---------  --------  ----------  --------------  -------------------
/workspaces/hands-on-introduction-data-engineering-4395021/airflow/dags/one_task_dag.py                           1           0  0.10s           2025-04-08T17:27:41
================================================================================
[2025-04-08T17:28:31.533+0000] {manager.py:889} INFO - 
================================================================================
DAG File Processing Stats

File Path                                                                                PID    Runtime      # DAGs    # Errors  Last Runtime    Last Run
---------------------------------------------------------------------------------------  -----  ---------  --------  ----------  --------------  -------------------
/workspaces/hands-on-introduction-data-engineering-4395021/airflow/dags/one_task_dag.py                           1           0  0.10s           2025-04-08T17:28:12
================================================================================
[2025-04-08T17:29:01.707+0000] {manager.py:889} INFO - 
================================================================================
DAG File Processing Stats

File Path                                                                                PID    Runtime      # DAGs    # Errors  Last Runtime    Last Run
---------------------------------------------------------------------------------------  -----  ---------  --------  ----------  --------------  -------------------
/workspaces/hands-on-introduction-data-engineering-4395021/airflow/dags/one_task_dag.py                           1           0  0.10s           2025-04-08T17:28:42
================================================================================
[2025-04-08T17:29:31.889+0000] {manager.py:889} INFO - 
================================================================================
DAG File Processing Stats

File Path                                                                                PID    Runtime      # DAGs    # Errors  Last Runtime    Last Run
---------------------------------------------------------------------------------------  -----  ---------  --------  ----------  --------------  -------------------
/workspaces/hands-on-introduction-data-engineering-4395021/airflow/dags/one_task_dag.py                           1           0  0.21s           2025-04-08T17:29:12
================================================================================
[2025-04-08T17:30:02.083+0000] {manager.py:889} INFO - 
================================================================================
DAG File Processing Stats

File Path                                                                                PID    Runtime      # DAGs    # Errors  Last Runtime    Last Run
---------------------------------------------------------------------------------------  -----  ---------  --------  ----------  --------------  -------------------
/workspaces/hands-on-introduction-data-engineering-4395021/airflow/dags/one_task_dag.py                           1           0  0.10s           2025-04-08T17:29:42
================================================================================
[2025-04-08T17:30:32.305+0000] {manager.py:889} INFO - 
================================================================================
DAG File Processing Stats

File Path                                                                                PID    Runtime      # DAGs    # Errors  Last Runtime    Last Run
---------------------------------------------------------------------------------------  -----  ---------  --------  ----------  --------------  -------------------
/workspaces/hands-on-introduction-data-engineering-4395021/airflow/dags/one_task_dag.py                           1           0  0.10s           2025-04-08T17:30:13
================================================================================
[2025-04-08T17:31:02.489+0000] {manager.py:889} INFO - 
================================================================================
DAG File Processing Stats

File Path                                                                                PID    Runtime      # DAGs    # Errors  Last Runtime    Last Run
---------------------------------------------------------------------------------------  -----  ---------  --------  ----------  --------------  -------------------
/workspaces/hands-on-introduction-data-engineering-4395021/airflow/dags/one_task_dag.py                           1           0  0.10s           2025-04-08T17:30:43
================================================================================
[2025-04-08T17:31:32.672+0000] {manager.py:889} INFO - 
================================================================================
DAG File Processing Stats

File Path                                                                                PID    Runtime      # DAGs    # Errors  Last Runtime    Last Run
---------------------------------------------------------------------------------------  -----  ---------  --------  ----------  --------------  -------------------
/workspaces/hands-on-introduction-data-engineering-4395021/airflow/dags/one_task_dag.py                           1           0  0.10s           2025-04-08T17:31:13
================================================================================
[2025-04-08T17:32:02.882+0000] {manager.py:889} INFO - 
================================================================================
DAG File Processing Stats

File Path                                                                                PID    Runtime      # DAGs    # Errors  Last Runtime    Last Run
---------------------------------------------------------------------------------------  -----  ---------  --------  ----------  --------------  -------------------
/workspaces/hands-on-introduction-data-engineering-4395021/airflow/dags/one_task_dag.py                           1           0  0.10s           2025-04-08T17:31:43
================================================================================
[2025-04-08T17:32:33.064+0000] {manager.py:889} INFO - 
================================================================================
DAG File Processing Stats

File Path                                                                                PID    Runtime      # DAGs    # Errors  Last Runtime    Last Run
---------------------------------------------------------------------------------------  -----  ---------  --------  ----------  --------------  -------------------
/workspaces/hands-on-introduction-data-engineering-4395021/airflow/dags/one_task_dag.py                           1           0  0.10s           2025-04-08T17:32:13
================================================================================
[2025-04-08T17:32:46.616+0000] {manager.py:758} INFO - Searching for files in /workspaces/hands-on-introduction-data-engineering-4395021/airflow/dags
[2025-04-08T17:32:46.618+0000] {manager.py:761} INFO - There are 1 files in /workspaces/hands-on-introduction-data-engineering-4395021/airflow/dags
[2025-04-08T17:33:03.449+0000] {manager.py:889} INFO - 
================================================================================
DAG File Processing Stats

File Path                                                                                PID    Runtime      # DAGs    # Errors  Last Runtime    Last Run
---------------------------------------------------------------------------------------  -----  ---------  --------  ----------  --------------  -------------------
/workspaces/hands-on-introduction-data-engineering-4395021/airflow/dags/one_task_dag.py                           1           0  0.34s           2025-04-08T17:32:44
================================================================================
[2025-04-08T17:33:33.768+0000] {manager.py:889} INFO - 
================================================================================
DAG File Processing Stats

File Path                                                                                PID    Runtime      # DAGs    # Errors  Last Runtime    Last Run
---------------------------------------------------------------------------------------  -----  ---------  --------  ----------  --------------  -------------------
/workspaces/hands-on-introduction-data-engineering-4395021/airflow/dags/one_task_dag.py                           1           0  0.20s           2025-04-08T17:33:14
================================================================================
[2025-04-08T17:34:03.930+0000] {manager.py:889} INFO - 
================================================================================
DAG File Processing Stats

File Path                                                                                PID    Runtime      # DAGs    # Errors  Last Runtime    Last Run
---------------------------------------------------------------------------------------  -----  ---------  --------  ----------  --------------  -------------------
/workspaces/hands-on-introduction-data-engineering-4395021/airflow/dags/one_task_dag.py                           1           0  0.10s           2025-04-08T17:33:44
================================================================================
[2025-04-08T17:34:34.138+0000] {manager.py:889} INFO - 
================================================================================
DAG File Processing Stats

File Path                                                                                PID    Runtime      # DAGs    # Errors  Last Runtime    Last Run
---------------------------------------------------------------------------------------  -----  ---------  --------  ----------  --------------  -------------------
/workspaces/hands-on-introduction-data-engineering-4395021/airflow/dags/one_task_dag.py                           1           0  0.20s           2025-04-08T17:34:26
================================================================================
[2025-04-08T17:35:04.309+0000] {manager.py:889} INFO - 
================================================================================
DAG File Processing Stats

File Path                                                                                PID    Runtime      # DAGs    # Errors  Last Runtime    Last Run
---------------------------------------------------------------------------------------  -----  ---------  --------  ----------  --------------  -------------------
/workspaces/hands-on-introduction-data-engineering-4395021/airflow/dags/one_task_dag.py                           1           0  0.10s           2025-04-08T17:34:57
================================================================================
[2025-04-08T17:35:34.535+0000] {manager.py:889} INFO - 
================================================================================
DAG File Processing Stats

File Path                                                                                PID    Runtime      # DAGs    # Errors  Last Runtime    Last Run
---------------------------------------------------------------------------------------  -----  ---------  --------  ----------  --------------  -------------------
/workspaces/hands-on-introduction-data-engineering-4395021/airflow/dags/one_task_dag.py                           1           0  0.10s           2025-04-08T17:35:27
================================================================================
[2025-04-08T17:36:04.729+0000] {manager.py:889} INFO - 
================================================================================
DAG File Processing Stats

File Path                                                                                PID    Runtime      # DAGs    # Errors  Last Runtime    Last Run
---------------------------------------------------------------------------------------  -----  ---------  --------  ----------  --------------  -------------------
/workspaces/hands-on-introduction-data-engineering-4395021/airflow/dags/one_task_dag.py                           1           0  0.10s           2025-04-08T17:35:57
================================================================================
[2025-04-08T17:36:35.108+0000] {manager.py:889} INFO - 
================================================================================
DAG File Processing Stats

File Path                                                                                PID    Runtime      # DAGs    # Errors  Last Runtime    Last Run
---------------------------------------------------------------------------------------  -----  ---------  --------  ----------  --------------  -------------------
/workspaces/hands-on-introduction-data-engineering-4395021/airflow/dags/one_task_dag.py                           1           0  0.10s           2025-04-08T17:36:28
================================================================================
[2025-04-08T17:37:05.408+0000] {manager.py:889} INFO - 
================================================================================
DAG File Processing Stats

File Path                                                                                PID    Runtime      # DAGs    # Errors  Last Runtime    Last Run
---------------------------------------------------------------------------------------  -----  ---------  --------  ----------  --------------  -------------------
/workspaces/hands-on-introduction-data-engineering-4395021/airflow/dags/one_task_dag.py                           1           0  0.22s           2025-04-08T17:36:58
================================================================================
[2025-04-08T17:37:35.609+0000] {manager.py:889} INFO - 
================================================================================
DAG File Processing Stats

File Path                                                                                PID    Runtime      # DAGs    # Errors  Last Runtime    Last Run
---------------------------------------------------------------------------------------  -----  ---------  --------  ----------  --------------  -------------------
/workspaces/hands-on-introduction-data-engineering-4395021/airflow/dags/one_task_dag.py                           1           0  0.10s           2025-04-08T17:37:28
================================================================================
[2025-04-08T17:37:46.631+0000] {manager.py:758} INFO - Searching for files in /workspaces/hands-on-introduction-data-engineering-4395021/airflow/dags
[2025-04-08T17:37:46.632+0000] {manager.py:761} INFO - There are 2 files in /workspaces/hands-on-introduction-data-engineering-4395021/airflow/dags
[2025-04-08T17:38:05.692+0000] {manager.py:889} INFO - 
================================================================================
DAG File Processing Stats

File Path                                                                                PID    Runtime      # DAGs    # Errors  Last Runtime    Last Run
---------------------------------------------------------------------------------------  -----  ---------  --------  ----------  --------------  -------------------
/workspaces/hands-on-introduction-data-engineering-4395021/airflow/dags/two_task_dag.py                           1           0  0.32s           2025-04-08T17:38:05
/workspaces/hands-on-introduction-data-engineering-4395021/airflow/dags/one_task_dag.py                           1           0  0.10s           2025-04-08T17:38:00
================================================================================
[2025-04-08T17:38:35.774+0000] {manager.py:889} INFO - 
================================================================================
DAG File Processing Stats

File Path                                                                                PID    Runtime      # DAGs    # Errors  Last Runtime    Last Run
---------------------------------------------------------------------------------------  -----  ---------  --------  ----------  --------------  -------------------
/workspaces/hands-on-introduction-data-engineering-4395021/airflow/dags/two_task_dag.py                           0           1  0.11s           2025-04-08T17:38:35
/workspaces/hands-on-introduction-data-engineering-4395021/airflow/dags/one_task_dag.py                           1           0  0.11s           2025-04-08T17:38:31
================================================================================
[2025-04-08T17:39:05.857+0000] {manager.py:889} INFO - 
================================================================================
DAG File Processing Stats

File Path                                                                                PID    Runtime      # DAGs    # Errors  Last Runtime    Last Run
---------------------------------------------------------------------------------------  -----  ---------  --------  ----------  --------------  -------------------
/workspaces/hands-on-introduction-data-engineering-4395021/airflow/dags/two_task_dag.py                           0           1  0.10s           2025-04-08T17:38:49
/workspaces/hands-on-introduction-data-engineering-4395021/airflow/dags/one_task_dag.py                           1           0  0.10s           2025-04-08T17:39:02
================================================================================
[2025-04-08T17:39:35.935+0000] {manager.py:889} INFO - 
================================================================================
DAG File Processing Stats

File Path                                                                                PID    Runtime      # DAGs    # Errors  Last Runtime    Last Run
---------------------------------------------------------------------------------------  -----  ---------  --------  ----------  --------------  -------------------
/workspaces/hands-on-introduction-data-engineering-4395021/airflow/dags/two_task_dag.py                           0           1  0.10s           2025-04-08T17:39:19
/workspaces/hands-on-introduction-data-engineering-4395021/airflow/dags/one_task_dag.py                           1           0  0.10s           2025-04-08T17:39:32
================================================================================
[2025-04-08T17:40:05.993+0000] {manager.py:889} INFO - 
================================================================================
DAG File Processing Stats

File Path                                                                                PID    Runtime      # DAGs    # Errors  Last Runtime    Last Run
---------------------------------------------------------------------------------------  -----  ---------  --------  ----------  --------------  -------------------
/workspaces/hands-on-introduction-data-engineering-4395021/airflow/dags/two_task_dag.py                           0           1  0.10s           2025-04-08T17:39:49
/workspaces/hands-on-introduction-data-engineering-4395021/airflow/dags/one_task_dag.py                           1           0  0.10s           2025-04-08T17:40:02
================================================================================
[2025-04-08T17:40:36.073+0000] {manager.py:889} INFO - 
================================================================================
DAG File Processing Stats

File Path                                                                                PID    Runtime      # DAGs    # Errors  Last Runtime    Last Run
---------------------------------------------------------------------------------------  -----  ---------  --------  ----------  --------------  -------------------
/workspaces/hands-on-introduction-data-engineering-4395021/airflow/dags/two_task_dag.py                           0           1  0.10s           2025-04-08T17:40:21
/workspaces/hands-on-introduction-data-engineering-4395021/airflow/dags/one_task_dag.py                           1           0  0.10s           2025-04-08T17:40:33
================================================================================
[2025-04-08T17:41:06.153+0000] {manager.py:889} INFO - 
================================================================================
DAG File Processing Stats

File Path                                                                                PID    Runtime      # DAGs    # Errors  Last Runtime    Last Run
---------------------------------------------------------------------------------------  -----  ---------  --------  ----------  --------------  -------------------
/workspaces/hands-on-introduction-data-engineering-4395021/airflow/dags/two_task_dag.py                           0           1  0.10s           2025-04-08T17:41:05
/workspaces/hands-on-introduction-data-engineering-4395021/airflow/dags/one_task_dag.py                           1           0  0.10s           2025-04-08T17:41:03
================================================================================
[2025-04-08T17:41:36.280+0000] {manager.py:889} INFO - 
================================================================================
DAG File Processing Stats

File Path                                                                                PID    Runtime      # DAGs    # Errors  Last Runtime    Last Run
---------------------------------------------------------------------------------------  -----  ---------  --------  ----------  --------------  -------------------
/workspaces/hands-on-introduction-data-engineering-4395021/airflow/dags/two_task_dag.py                           0           1  0.10s           2025-04-08T17:41:32
/workspaces/hands-on-introduction-data-engineering-4395021/airflow/dags/one_task_dag.py                           1           0  0.10s           2025-04-08T17:41:33
================================================================================
[2025-04-08T17:42:06.361+0000] {manager.py:889} INFO - 
================================================================================
DAG File Processing Stats

File Path                                                                                PID    Runtime      # DAGs    # Errors  Last Runtime    Last Run
---------------------------------------------------------------------------------------  -----  ---------  --------  ----------  --------------  -------------------
/workspaces/hands-on-introduction-data-engineering-4395021/airflow/dags/two_task_dag.py                           0           1  0.10s           2025-04-08T17:41:54
/workspaces/hands-on-introduction-data-engineering-4395021/airflow/dags/one_task_dag.py                           1           0  0.11s           2025-04-08T17:42:04
================================================================================
[2025-04-08T17:42:36.439+0000] {manager.py:889} INFO - 
================================================================================
DAG File Processing Stats

File Path                                                                                PID    Runtime      # DAGs    # Errors  Last Runtime    Last Run
---------------------------------------------------------------------------------------  -----  ---------  --------  ----------  --------------  -------------------
/workspaces/hands-on-introduction-data-engineering-4395021/airflow/dags/two_task_dag.py                           0           1  0.10s           2025-04-08T17:42:30
/workspaces/hands-on-introduction-data-engineering-4395021/airflow/dags/one_task_dag.py                           1           0  0.10s           2025-04-08T17:42:34
================================================================================
[2025-04-08T17:42:46.965+0000] {manager.py:758} INFO - Searching for files in /workspaces/hands-on-introduction-data-engineering-4395021/airflow/dags
[2025-04-08T17:42:46.967+0000] {manager.py:761} INFO - There are 2 files in /workspaces/hands-on-introduction-data-engineering-4395021/airflow/dags
[2025-04-08T17:43:06.517+0000] {manager.py:889} INFO - 
================================================================================
DAG File Processing Stats

File Path                                                                                PID    Runtime      # DAGs    # Errors  Last Runtime    Last Run
---------------------------------------------------------------------------------------  -----  ---------  --------  ----------  --------------  -------------------
/workspaces/hands-on-introduction-data-engineering-4395021/airflow/dags/two_task_dag.py                           1           0  0.20s           2025-04-08T17:42:51
/workspaces/hands-on-introduction-data-engineering-4395021/airflow/dags/one_task_dag.py                           1           0  0.10s           2025-04-08T17:43:05
================================================================================
[2025-04-08T17:43:36.604+0000] {manager.py:889} INFO - 
================================================================================
DAG File Processing Stats

File Path                                                                                PID    Runtime      # DAGs    # Errors  Last Runtime    Last Run
---------------------------------------------------------------------------------------  -----  ---------  --------  ----------  --------------  -------------------
/workspaces/hands-on-introduction-data-engineering-4395021/airflow/dags/two_task_dag.py                           1           0  0.10s           2025-04-08T17:43:21
/workspaces/hands-on-introduction-data-engineering-4395021/airflow/dags/one_task_dag.py                           1           0  0.10s           2025-04-08T17:43:35
================================================================================
[2025-04-08T17:44:06.695+0000] {manager.py:889} INFO - 
================================================================================
DAG File Processing Stats

File Path                                                                                PID    Runtime      # DAGs    # Errors  Last Runtime    Last Run
---------------------------------------------------------------------------------------  -----  ---------  --------  ----------  --------------  -------------------
/workspaces/hands-on-introduction-data-engineering-4395021/airflow/dags/two_task_dag.py                           0           1  0.11s           2025-04-08T17:44:04
/workspaces/hands-on-introduction-data-engineering-4395021/airflow/dags/one_task_dag.py                           1           0  0.10s           2025-04-08T17:44:05
================================================================================
[2025-04-08T17:44:36.791+0000] {manager.py:889} INFO - 
================================================================================
DAG File Processing Stats

File Path                                                                                PID    Runtime      # DAGs    # Errors  Last Runtime    Last Run
---------------------------------------------------------------------------------------  -----  ---------  --------  ----------  --------------  -------------------
/workspaces/hands-on-introduction-data-engineering-4395021/airflow/dags/two_task_dag.py                           0           1  0.10s           2025-04-08T17:44:15
/workspaces/hands-on-introduction-data-engineering-4395021/airflow/dags/one_task_dag.py                           1           0  0.10s           2025-04-08T17:44:36
================================================================================
[2025-04-08T17:45:06.870+0000] {manager.py:889} INFO - 
================================================================================
DAG File Processing Stats

File Path                                                                                PID    Runtime      # DAGs    # Errors  Last Runtime    Last Run
---------------------------------------------------------------------------------------  -----  ---------  --------  ----------  --------------  -------------------
/workspaces/hands-on-introduction-data-engineering-4395021/airflow/dags/two_task_dag.py                           0           1  0.10s           2025-04-08T17:44:45
/workspaces/hands-on-introduction-data-engineering-4395021/airflow/dags/one_task_dag.py                           1           0  0.10s           2025-04-08T17:45:06
================================================================================
[2025-04-08T17:45:36.953+0000] {manager.py:889} INFO - 
================================================================================
DAG File Processing Stats

File Path                                                                                PID    Runtime      # DAGs    # Errors  Last Runtime    Last Run
---------------------------------------------------------------------------------------  -----  ---------  --------  ----------  --------------  -------------------
/workspaces/hands-on-introduction-data-engineering-4395021/airflow/dags/two_task_dag.py                           0           1  0.10s           2025-04-08T17:45:15
/workspaces/hands-on-introduction-data-engineering-4395021/airflow/dags/one_task_dag.py                           1           0  0.10s           2025-04-08T17:45:36
================================================================================
[2025-04-08T17:46:07.039+0000] {manager.py:889} INFO - 
================================================================================
DAG File Processing Stats

File Path                                                                                PID    Runtime      # DAGs    # Errors  Last Runtime    Last Run
---------------------------------------------------------------------------------------  -----  ---------  --------  ----------  --------------  -------------------
/workspaces/hands-on-introduction-data-engineering-4395021/airflow/dags/two_task_dag.py                           0           1  0.10s           2025-04-08T17:45:45
/workspaces/hands-on-introduction-data-engineering-4395021/airflow/dags/one_task_dag.py                           1           0  0.10s           2025-04-08T17:46:06
================================================================================
[2025-04-08T17:46:37.227+0000] {manager.py:889} INFO - 
================================================================================
DAG File Processing Stats

File Path                                                                                PID    Runtime      # DAGs    # Errors  Last Runtime    Last Run
---------------------------------------------------------------------------------------  -----  ---------  --------  ----------  --------------  -------------------
/workspaces/hands-on-introduction-data-engineering-4395021/airflow/dags/two_task_dag.py                           0           1  0.10s           2025-04-08T17:46:16
/workspaces/hands-on-introduction-data-engineering-4395021/airflow/dags/one_task_dag.py                           1           0  0.10s           2025-04-08T17:46:37
================================================================================
[2025-04-08T17:47:07.426+0000] {manager.py:889} INFO - 
================================================================================
DAG File Processing Stats

File Path                                                                                PID    Runtime      # DAGs    # Errors  Last Runtime    Last Run
---------------------------------------------------------------------------------------  -----  ---------  --------  ----------  --------------  -------------------
/workspaces/hands-on-introduction-data-engineering-4395021/airflow/dags/two_task_dag.py                           0           1  0.10s           2025-04-08T17:46:47
/workspaces/hands-on-introduction-data-engineering-4395021/airflow/dags/one_task_dag.py                           1           0  0.11s           2025-04-08T17:47:07
================================================================================
[2025-04-08T17:47:37.723+0000] {manager.py:889} INFO - 
================================================================================
DAG File Processing Stats

File Path                                                                                PID    Runtime      # DAGs    # Errors  Last Runtime    Last Run
---------------------------------------------------------------------------------------  -----  ---------  --------  ----------  --------------  -------------------
/workspaces/hands-on-introduction-data-engineering-4395021/airflow/dags/two_task_dag.py                           0           1  0.10s           2025-04-08T17:47:17
/workspaces/hands-on-introduction-data-engineering-4395021/airflow/dags/one_task_dag.py                           1           0  0.10s           2025-04-08T17:47:37
================================================================================
[2025-04-08T17:47:47.234+0000] {manager.py:758} INFO - Searching for files in /workspaces/hands-on-introduction-data-engineering-4395021/airflow/dags
[2025-04-08T17:47:47.235+0000] {manager.py:761} INFO - There are 2 files in /workspaces/hands-on-introduction-data-engineering-4395021/airflow/dags
[2025-04-08T17:48:08.026+0000] {manager.py:889} INFO - 
================================================================================
DAG File Processing Stats

File Path                                                                                PID    Runtime      # DAGs    # Errors  Last Runtime    Last Run
---------------------------------------------------------------------------------------  -----  ---------  --------  ----------  --------------  -------------------
/workspaces/hands-on-introduction-data-engineering-4395021/airflow/dags/two_task_dag.py                           0           1  0.11s           2025-04-08T17:47:47
/workspaces/hands-on-introduction-data-engineering-4395021/airflow/dags/one_task_dag.py                           1           0  0.10s           2025-04-08T17:48:08
================================================================================
[2025-04-08T17:48:38.324+0000] {manager.py:889} INFO - 
================================================================================
DAG File Processing Stats

File Path                                                                                PID    Runtime      # DAGs    # Errors  Last Runtime    Last Run
---------------------------------------------------------------------------------------  -----  ---------  --------  ----------  --------------  -------------------
/workspaces/hands-on-introduction-data-engineering-4395021/airflow/dags/two_task_dag.py                           0           1  0.10s           2025-04-08T17:48:18
/workspaces/hands-on-introduction-data-engineering-4395021/airflow/dags/one_task_dag.py                           1           0  0.10s           2025-04-08T17:48:38
================================================================================
[2025-04-08T17:49:08.490+0000] {manager.py:889} INFO - 
================================================================================
DAG File Processing Stats

File Path                                                                                PID    Runtime      # DAGs    # Errors  Last Runtime    Last Run
---------------------------------------------------------------------------------------  -----  ---------  --------  ----------  --------------  -------------------
/workspaces/hands-on-introduction-data-engineering-4395021/airflow/dags/two_task_dag.py                           0           1  0.10s           2025-04-08T17:48:48
/workspaces/hands-on-introduction-data-engineering-4395021/airflow/dags/one_task_dag.py                           1           0  0.10s           2025-04-08T17:49:08
================================================================================
[2025-04-08T17:49:38.648+0000] {manager.py:889} INFO - 
================================================================================
DAG File Processing Stats

File Path                                                                                PID    Runtime      # DAGs    # Errors  Last Runtime    Last Run
---------------------------------------------------------------------------------------  -----  ---------  --------  ----------  --------------  -------------------
/workspaces/hands-on-introduction-data-engineering-4395021/airflow/dags/two_task_dag.py                           0           1  0.10s           2025-04-08T17:49:18
/workspaces/hands-on-introduction-data-engineering-4395021/airflow/dags/one_task_dag.py                           1           0  0.10s           2025-04-08T17:49:38
================================================================================
[2025-04-08T17:50:08.808+0000] {manager.py:889} INFO - 
================================================================================
DAG File Processing Stats

File Path                                                                                PID    Runtime      # DAGs    # Errors  Last Runtime    Last Run
---------------------------------------------------------------------------------------  -----  ---------  --------  ----------  --------------  -------------------
/workspaces/hands-on-introduction-data-engineering-4395021/airflow/dags/two_task_dag.py                           0           1  0.10s           2025-04-08T17:49:48
/workspaces/hands-on-introduction-data-engineering-4395021/airflow/dags/one_task_dag.py                           1           0  0.10s           2025-04-08T17:50:08
================================================================================
[2025-04-08T17:50:38.966+0000] {manager.py:889} INFO - 
================================================================================
DAG File Processing Stats

File Path                                                                                PID    Runtime      # DAGs    # Errors  Last Runtime    Last Run
---------------------------------------------------------------------------------------  -----  ---------  --------  ----------  --------------  -------------------
/workspaces/hands-on-introduction-data-engineering-4395021/airflow/dags/two_task_dag.py                           0           1  0.10s           2025-04-08T17:50:18
/workspaces/hands-on-introduction-data-engineering-4395021/airflow/dags/one_task_dag.py                           1           0  0.10s           2025-04-08T17:50:38
================================================================================
[2025-04-08T17:51:09.126+0000] {manager.py:889} INFO - 
================================================================================
DAG File Processing Stats

File Path                                                                                PID    Runtime      # DAGs    # Errors  Last Runtime    Last Run
---------------------------------------------------------------------------------------  -----  ---------  --------  ----------  --------------  -------------------
/workspaces/hands-on-introduction-data-engineering-4395021/airflow/dags/two_task_dag.py                           0           1  0.10s           2025-04-08T17:50:49
/workspaces/hands-on-introduction-data-engineering-4395021/airflow/dags/one_task_dag.py                           1           0  0.10s           2025-04-08T17:51:09
================================================================================
[2025-04-08T17:51:39.283+0000] {manager.py:889} INFO - 
================================================================================
DAG File Processing Stats

File Path                                                                                PID    Runtime      # DAGs    # Errors  Last Runtime    Last Run
---------------------------------------------------------------------------------------  -----  ---------  --------  ----------  --------------  -------------------
/workspaces/hands-on-introduction-data-engineering-4395021/airflow/dags/two_task_dag.py                           0           1  0.10s           2025-04-08T17:51:19
/workspaces/hands-on-introduction-data-engineering-4395021/airflow/dags/one_task_dag.py                           1           0  0.10s           2025-04-08T17:51:39
================================================================================
[2025-04-08T17:52:09.442+0000] {manager.py:889} INFO - 
================================================================================
DAG File Processing Stats

File Path                                                                                PID    Runtime      # DAGs    # Errors  Last Runtime    Last Run
---------------------------------------------------------------------------------------  -----  ---------  --------  ----------  --------------  -------------------
/workspaces/hands-on-introduction-data-engineering-4395021/airflow/dags/two_task_dag.py                           0           1  0.10s           2025-04-08T17:51:49
/workspaces/hands-on-introduction-data-engineering-4395021/airflow/dags/one_task_dag.py                           1           0  0.10s           2025-04-08T17:52:09
================================================================================
[2025-04-08T17:52:39.599+0000] {manager.py:889} INFO - 
================================================================================
DAG File Processing Stats

File Path                                                                                PID    Runtime      # DAGs    # Errors  Last Runtime    Last Run
---------------------------------------------------------------------------------------  -----  ---------  --------  ----------  --------------  -------------------
/workspaces/hands-on-introduction-data-engineering-4395021/airflow/dags/two_task_dag.py                           0           1  0.10s           2025-04-08T17:52:19
/workspaces/hands-on-introduction-data-engineering-4395021/airflow/dags/one_task_dag.py                           1           0  0.10s           2025-04-08T17:52:39
================================================================================
[2025-04-08T17:52:47.261+0000] {manager.py:758} INFO - Searching for files in /workspaces/hands-on-introduction-data-engineering-4395021/airflow/dags
[2025-04-08T17:52:47.262+0000] {manager.py:761} INFO - There are 2 files in /workspaces/hands-on-introduction-data-engineering-4395021/airflow/dags
[2025-04-08T17:53:09.766+0000] {manager.py:889} INFO - 
================================================================================
DAG File Processing Stats

File Path                                                                                PID    Runtime      # DAGs    # Errors  Last Runtime    Last Run
---------------------------------------------------------------------------------------  -----  ---------  --------  ----------  --------------  -------------------
/workspaces/hands-on-introduction-data-engineering-4395021/airflow/dags/two_task_dag.py                           0           1  0.10s           2025-04-08T17:52:49
/workspaces/hands-on-introduction-data-engineering-4395021/airflow/dags/one_task_dag.py                           1           0  0.10s           2025-04-08T17:53:09
================================================================================
[2025-04-08T17:53:39.923+0000] {manager.py:889} INFO - 
================================================================================
DAG File Processing Stats

File Path                                                                                PID    Runtime      # DAGs    # Errors  Last Runtime    Last Run
---------------------------------------------------------------------------------------  -----  ---------  --------  ----------  --------------  -------------------
/workspaces/hands-on-introduction-data-engineering-4395021/airflow/dags/two_task_dag.py                           0           1  0.11s           2025-04-08T17:53:20
/workspaces/hands-on-introduction-data-engineering-4395021/airflow/dags/one_task_dag.py                           1           0  0.10s           2025-04-08T17:53:39
================================================================================
[2025-04-08T17:54:10.081+0000] {manager.py:889} INFO - 
================================================================================
DAG File Processing Stats

File Path                                                                                PID    Runtime      # DAGs    # Errors  Last Runtime    Last Run
---------------------------------------------------------------------------------------  -----  ---------  --------  ----------  --------------  -------------------
/workspaces/hands-on-introduction-data-engineering-4395021/airflow/dags/two_task_dag.py                           0           1  0.10s           2025-04-08T17:53:50
/workspaces/hands-on-introduction-data-engineering-4395021/airflow/dags/one_task_dag.py                           1           0  0.10s           2025-04-08T17:54:10
================================================================================
[2025-04-08T17:54:40.238+0000] {manager.py:889} INFO - 
================================================================================
DAG File Processing Stats

File Path                                                                                PID    Runtime      # DAGs    # Errors  Last Runtime    Last Run
---------------------------------------------------------------------------------------  -----  ---------  --------  ----------  --------------  -------------------
/workspaces/hands-on-introduction-data-engineering-4395021/airflow/dags/two_task_dag.py                           0           1  0.10s           2025-04-08T17:54:20
/workspaces/hands-on-introduction-data-engineering-4395021/airflow/dags/one_task_dag.py                           1           0  0.10s           2025-04-08T17:54:40
================================================================================
[2025-04-08T17:55:10.399+0000] {manager.py:889} INFO - 
================================================================================
DAG File Processing Stats

File Path                                                                                PID    Runtime      # DAGs    # Errors  Last Runtime    Last Run
---------------------------------------------------------------------------------------  -----  ---------  --------  ----------  --------------  -------------------
/workspaces/hands-on-introduction-data-engineering-4395021/airflow/dags/two_task_dag.py                           0           1  0.10s           2025-04-08T17:54:50
/workspaces/hands-on-introduction-data-engineering-4395021/airflow/dags/one_task_dag.py                           1           0  0.10s           2025-04-08T17:55:10
================================================================================
[2025-04-08T17:55:40.515+0000] {manager.py:889} INFO - 
================================================================================
DAG File Processing Stats

File Path                                                                                PID    Runtime      # DAGs    # Errors  Last Runtime    Last Run
---------------------------------------------------------------------------------------  -----  ---------  --------  ----------  --------------  -------------------
/workspaces/hands-on-introduction-data-engineering-4395021/airflow/dags/two_task_dag.py                           1           0  0.20s           2025-04-08T17:55:38
/workspaces/hands-on-introduction-data-engineering-4395021/airflow/dags/one_task_dag.py                           1           0  0.10s           2025-04-08T17:55:40
================================================================================
[2025-04-08T17:56:10.657+0000] {manager.py:889} INFO - 
================================================================================
DAG File Processing Stats

File Path                                                                                PID    Runtime      # DAGs    # Errors  Last Runtime    Last Run
---------------------------------------------------------------------------------------  -----  ---------  --------  ----------  --------------  -------------------
/workspaces/hands-on-introduction-data-engineering-4395021/airflow/dags/two_task_dag.py                           1           0  0.10s           2025-04-08T17:56:08
/workspaces/hands-on-introduction-data-engineering-4395021/airflow/dags/one_task_dag.py                           1           0  0.10s           2025-04-08T17:56:10
================================================================================
[2025-04-08T17:56:41.474+0000] {manager.py:889} INFO - 
================================================================================
DAG File Processing Stats

File Path                                                                                PID    Runtime      # DAGs    # Errors  Last Runtime    Last Run
---------------------------------------------------------------------------------------  -----  ---------  --------  ----------  --------------  -------------------
/workspaces/hands-on-introduction-data-engineering-4395021/airflow/dags/two_task_dag.py                           1           0  0.10s           2025-04-08T17:56:39
/workspaces/hands-on-introduction-data-engineering-4395021/airflow/dags/one_task_dag.py                           1           0  0.10s           2025-04-08T17:56:41
================================================================================
[2025-04-08T17:57:11.745+0000] {manager.py:889} INFO - 
================================================================================
DAG File Processing Stats

File Path                                                                                PID    Runtime      # DAGs    # Errors  Last Runtime    Last Run
---------------------------------------------------------------------------------------  -----  ---------  --------  ----------  --------------  -------------------
/workspaces/hands-on-introduction-data-engineering-4395021/airflow/dags/two_task_dag.py                           1           0  0.10s           2025-04-08T17:57:09
/workspaces/hands-on-introduction-data-engineering-4395021/airflow/dags/one_task_dag.py                           1           0  0.10s           2025-04-08T17:57:11
================================================================================
[2025-04-08T17:57:41.936+0000] {manager.py:889} INFO - 
================================================================================
DAG File Processing Stats

File Path                                                                                PID    Runtime      # DAGs    # Errors  Last Runtime    Last Run
---------------------------------------------------------------------------------------  -----  ---------  --------  ----------  --------------  -------------------
/workspaces/hands-on-introduction-data-engineering-4395021/airflow/dags/two_task_dag.py                           1           0  0.10s           2025-04-08T17:57:39
/workspaces/hands-on-introduction-data-engineering-4395021/airflow/dags/one_task_dag.py                           1           0  0.10s           2025-04-08T17:57:41
================================================================================
[2025-04-08T17:57:47.545+0000] {manager.py:758} INFO - Searching for files in /workspaces/hands-on-introduction-data-engineering-4395021/airflow/dags
[2025-04-08T17:57:47.547+0000] {manager.py:761} INFO - There are 2 files in /workspaces/hands-on-introduction-data-engineering-4395021/airflow/dags
[2025-04-08T17:58:12.127+0000] {manager.py:889} INFO - 
================================================================================
DAG File Processing Stats

File Path                                                                                PID    Runtime      # DAGs    # Errors  Last Runtime    Last Run
---------------------------------------------------------------------------------------  -----  ---------  --------  ----------  --------------  -------------------
/workspaces/hands-on-introduction-data-engineering-4395021/airflow/dags/two_task_dag.py                           1           0  0.10s           2025-04-08T17:58:09
/workspaces/hands-on-introduction-data-engineering-4395021/airflow/dags/one_task_dag.py                           1           0  0.10s           2025-04-08T17:58:12
================================================================================
[2025-04-08T17:58:42.313+0000] {manager.py:889} INFO - 
================================================================================
DAG File Processing Stats

File Path                                                                                PID    Runtime      # DAGs    # Errors  Last Runtime    Last Run
---------------------------------------------------------------------------------------  -----  ---------  --------  ----------  --------------  -------------------
/workspaces/hands-on-introduction-data-engineering-4395021/airflow/dags/two_task_dag.py                           1           0  0.10s           2025-04-08T17:58:40
/workspaces/hands-on-introduction-data-engineering-4395021/airflow/dags/one_task_dag.py                           1           0  0.10s           2025-04-08T17:58:42
================================================================================
[2025-04-08T17:59:12.501+0000] {manager.py:889} INFO - 
================================================================================
DAG File Processing Stats

File Path                                                                                PID    Runtime      # DAGs    # Errors  Last Runtime    Last Run
---------------------------------------------------------------------------------------  -----  ---------  --------  ----------  --------------  -------------------
/workspaces/hands-on-introduction-data-engineering-4395021/airflow/dags/two_task_dag.py                           1           0  0.10s           2025-04-08T17:59:10
/workspaces/hands-on-introduction-data-engineering-4395021/airflow/dags/one_task_dag.py                           1           0  0.10s           2025-04-08T17:59:12
================================================================================
[2025-04-08T17:59:42.687+0000] {manager.py:889} INFO - 
================================================================================
DAG File Processing Stats

File Path                                                                                PID    Runtime      # DAGs    # Errors  Last Runtime    Last Run
---------------------------------------------------------------------------------------  -----  ---------  --------  ----------  --------------  -------------------
/workspaces/hands-on-introduction-data-engineering-4395021/airflow/dags/two_task_dag.py                           1           0  0.10s           2025-04-08T17:59:40
/workspaces/hands-on-introduction-data-engineering-4395021/airflow/dags/one_task_dag.py                           1           0  0.10s           2025-04-08T17:59:42
================================================================================
[2025-04-08T18:00:12.871+0000] {manager.py:889} INFO - 
================================================================================
DAG File Processing Stats

File Path                                                                                PID    Runtime      # DAGs    # Errors  Last Runtime    Last Run
---------------------------------------------------------------------------------------  -----  ---------  --------  ----------  --------------  -------------------
/workspaces/hands-on-introduction-data-engineering-4395021/airflow/dags/two_task_dag.py                           1           0  0.10s           2025-04-08T18:00:10
/workspaces/hands-on-introduction-data-engineering-4395021/airflow/dags/one_task_dag.py                           1           0  0.10s           2025-04-08T18:00:12
================================================================================
[2025-04-08T18:00:43.054+0000] {manager.py:889} INFO - 
================================================================================
DAG File Processing Stats

File Path                                                                                PID    Runtime      # DAGs    # Errors  Last Runtime    Last Run
---------------------------------------------------------------------------------------  -----  ---------  --------  ----------  --------------  -------------------
/workspaces/hands-on-introduction-data-engineering-4395021/airflow/dags/two_task_dag.py                           1           0  0.10s           2025-04-08T18:00:40
/workspaces/hands-on-introduction-data-engineering-4395021/airflow/dags/one_task_dag.py                           1           0  0.10s           2025-04-08T18:00:43
================================================================================
[2025-04-08T18:01:13.233+0000] {manager.py:889} INFO - 
================================================================================
DAG File Processing Stats

File Path                                                                                PID    Runtime      # DAGs    # Errors  Last Runtime    Last Run
---------------------------------------------------------------------------------------  -----  ---------  --------  ----------  --------------  -------------------
/workspaces/hands-on-introduction-data-engineering-4395021/airflow/dags/two_task_dag.py                           1           0  0.10s           2025-04-08T18:01:11
/workspaces/hands-on-introduction-data-engineering-4395021/airflow/dags/one_task_dag.py                           1           0  0.10s           2025-04-08T18:01:13
================================================================================
[2025-04-08T18:01:43.415+0000] {manager.py:889} INFO - 
================================================================================
DAG File Processing Stats

File Path                                                                                PID    Runtime      # DAGs    # Errors  Last Runtime    Last Run
---------------------------------------------------------------------------------------  -----  ---------  --------  ----------  --------------  -------------------
/workspaces/hands-on-introduction-data-engineering-4395021/airflow/dags/two_task_dag.py                           1           0  0.10s           2025-04-08T18:01:41
/workspaces/hands-on-introduction-data-engineering-4395021/airflow/dags/one_task_dag.py                           1           0  0.10s           2025-04-08T18:01:43
================================================================================
[2025-04-08T18:02:13.601+0000] {manager.py:889} INFO - 
================================================================================
DAG File Processing Stats

File Path                                                                                PID    Runtime      # DAGs    # Errors  Last Runtime    Last Run
---------------------------------------------------------------------------------------  -----  ---------  --------  ----------  --------------  -------------------
/workspaces/hands-on-introduction-data-engineering-4395021/airflow/dags/two_task_dag.py                           1           0  0.10s           2025-04-08T18:02:11
/workspaces/hands-on-introduction-data-engineering-4395021/airflow/dags/one_task_dag.py                           1           0  0.10s           2025-04-08T18:02:13
================================================================================
[2025-04-08T18:02:43.786+0000] {manager.py:889} INFO - 
================================================================================
DAG File Processing Stats

File Path                                                                                PID    Runtime      # DAGs    # Errors  Last Runtime    Last Run
---------------------------------------------------------------------------------------  -----  ---------  --------  ----------  --------------  -------------------
/workspaces/hands-on-introduction-data-engineering-4395021/airflow/dags/two_task_dag.py                           1           0  0.10s           2025-04-08T18:02:41
/workspaces/hands-on-introduction-data-engineering-4395021/airflow/dags/one_task_dag.py                           1           0  0.10s           2025-04-08T18:02:43
================================================================================
[2025-04-08T18:02:47.685+0000] {manager.py:758} INFO - Searching for files in /workspaces/hands-on-introduction-data-engineering-4395021/airflow/dags
[2025-04-08T18:02:47.686+0000] {manager.py:761} INFO - There are 2 files in /workspaces/hands-on-introduction-data-engineering-4395021/airflow/dags
[2025-04-08T18:03:13.977+0000] {manager.py:889} INFO - 
================================================================================
DAG File Processing Stats

File Path                                                                                PID    Runtime      # DAGs    # Errors  Last Runtime    Last Run
---------------------------------------------------------------------------------------  -----  ---------  --------  ----------  --------------  -------------------
/workspaces/hands-on-introduction-data-engineering-4395021/airflow/dags/two_task_dag.py                           1           0  0.11s           2025-04-08T18:03:11
/workspaces/hands-on-introduction-data-engineering-4395021/airflow/dags/one_task_dag.py                           1           0  0.11s           2025-04-08T18:03:13
================================================================================
[2025-04-08T18:03:44.163+0000] {manager.py:889} INFO - 
================================================================================
DAG File Processing Stats

File Path                                                                                PID    Runtime      # DAGs    # Errors  Last Runtime    Last Run
---------------------------------------------------------------------------------------  -----  ---------  --------  ----------  --------------  -------------------
/workspaces/hands-on-introduction-data-engineering-4395021/airflow/dags/two_task_dag.py                           1           0  0.10s           2025-04-08T18:03:42
/workspaces/hands-on-introduction-data-engineering-4395021/airflow/dags/one_task_dag.py                           1           0  0.10s           2025-04-08T18:03:44
================================================================================
[2025-04-08T18:04:14.359+0000] {manager.py:889} INFO - 
================================================================================
DAG File Processing Stats

File Path                                                                                PID    Runtime      # DAGs    # Errors  Last Runtime    Last Run
---------------------------------------------------------------------------------------  -----  ---------  --------  ----------  --------------  -------------------
/workspaces/hands-on-introduction-data-engineering-4395021/airflow/dags/two_task_dag.py                           1           0  0.10s           2025-04-08T18:04:12
/workspaces/hands-on-introduction-data-engineering-4395021/airflow/dags/one_task_dag.py                           1           0  0.10s           2025-04-08T18:04:14
================================================================================
[2025-04-08T18:04:44.549+0000] {manager.py:889} INFO - 
================================================================================
DAG File Processing Stats

File Path                                                                                PID    Runtime      # DAGs    # Errors  Last Runtime    Last Run
---------------------------------------------------------------------------------------  -----  ---------  --------  ----------  --------------  -------------------
/workspaces/hands-on-introduction-data-engineering-4395021/airflow/dags/two_task_dag.py                           1           0  0.10s           2025-04-08T18:04:42
/workspaces/hands-on-introduction-data-engineering-4395021/airflow/dags/one_task_dag.py                           1           0  0.10s           2025-04-08T18:04:44
================================================================================
[2025-04-08T18:05:14.746+0000] {manager.py:889} INFO - 
================================================================================
DAG File Processing Stats

File Path                                                                                PID    Runtime      # DAGs    # Errors  Last Runtime    Last Run
---------------------------------------------------------------------------------------  -----  ---------  --------  ----------  --------------  -------------------
/workspaces/hands-on-introduction-data-engineering-4395021/airflow/dags/two_task_dag.py                           1           0  0.10s           2025-04-08T18:05:12
/workspaces/hands-on-introduction-data-engineering-4395021/airflow/dags/one_task_dag.py                           1           0  0.10s           2025-04-08T18:05:14
================================================================================
[2025-04-08T18:05:44.929+0000] {manager.py:889} INFO - 
================================================================================
DAG File Processing Stats

File Path                                                                                PID    Runtime      # DAGs    # Errors  Last Runtime    Last Run
---------------------------------------------------------------------------------------  -----  ---------  --------  ----------  --------------  -------------------
/workspaces/hands-on-introduction-data-engineering-4395021/airflow/dags/two_task_dag.py                           1           0  0.10s           2025-04-08T18:05:42
/workspaces/hands-on-introduction-data-engineering-4395021/airflow/dags/one_task_dag.py                           1           0  0.10s           2025-04-08T18:05:44
================================================================================
[2025-04-08T18:06:15.112+0000] {manager.py:889} INFO - 
================================================================================
DAG File Processing Stats

File Path                                                                                PID    Runtime      # DAGs    # Errors  Last Runtime    Last Run
---------------------------------------------------------------------------------------  -----  ---------  --------  ----------  --------------  -------------------
/workspaces/hands-on-introduction-data-engineering-4395021/airflow/dags/two_task_dag.py                           1           0  0.10s           2025-04-08T18:06:12
/workspaces/hands-on-introduction-data-engineering-4395021/airflow/dags/one_task_dag.py                           1           0  0.10s           2025-04-08T18:06:15
================================================================================
[2025-04-08T18:06:45.313+0000] {manager.py:889} INFO - 
================================================================================
DAG File Processing Stats

File Path                                                                                PID    Runtime      # DAGs    # Errors  Last Runtime    Last Run
---------------------------------------------------------------------------------------  -----  ---------  --------  ----------  --------------  -------------------
/workspaces/hands-on-introduction-data-engineering-4395021/airflow/dags/two_task_dag.py                           1           0  0.10s           2025-04-08T18:06:43
/workspaces/hands-on-introduction-data-engineering-4395021/airflow/dags/one_task_dag.py                           1           0  0.10s           2025-04-08T18:06:45
================================================================================
[2025-04-08T18:07:15.524+0000] {manager.py:889} INFO - 
================================================================================
DAG File Processing Stats

File Path                                                                                PID    Runtime      # DAGs    # Errors  Last Runtime    Last Run
---------------------------------------------------------------------------------------  -----  ---------  --------  ----------  --------------  -------------------
/workspaces/hands-on-introduction-data-engineering-4395021/airflow/dags/two_task_dag.py                           1           0  0.10s           2025-04-08T18:07:13
/workspaces/hands-on-introduction-data-engineering-4395021/airflow/dags/one_task_dag.py                           1           0  0.10s           2025-04-08T18:07:15
================================================================================
[2025-04-08T18:07:45.724+0000] {manager.py:889} INFO - 
================================================================================
DAG File Processing Stats

File Path                                                                                PID    Runtime      # DAGs    # Errors  Last Runtime    Last Run
---------------------------------------------------------------------------------------  -----  ---------  --------  ----------  --------------  -------------------
/workspaces/hands-on-introduction-data-engineering-4395021/airflow/dags/two_task_dag.py                           1           0  0.10s           2025-04-08T18:07:43
/workspaces/hands-on-introduction-data-engineering-4395021/airflow/dags/one_task_dag.py                           1           0  0.10s           2025-04-08T18:07:45
================================================================================
[2025-04-08T18:07:47.824+0000] {manager.py:758} INFO - Searching for files in /workspaces/hands-on-introduction-data-engineering-4395021/airflow/dags
[2025-04-08T18:07:47.825+0000] {manager.py:761} INFO - There are 2 files in /workspaces/hands-on-introduction-data-engineering-4395021/airflow/dags
[2025-04-08T18:08:15.911+0000] {manager.py:889} INFO - 
================================================================================
DAG File Processing Stats

File Path                                                                                PID    Runtime      # DAGs    # Errors  Last Runtime    Last Run
---------------------------------------------------------------------------------------  -----  ---------  --------  ----------  --------------  -------------------
/workspaces/hands-on-introduction-data-engineering-4395021/airflow/dags/two_task_dag.py                           1           0  0.10s           2025-04-08T18:08:13
/workspaces/hands-on-introduction-data-engineering-4395021/airflow/dags/one_task_dag.py                           1           0  0.10s           2025-04-08T18:08:15
================================================================================
[2025-04-08T18:08:46.103+0000] {manager.py:889} INFO - 
================================================================================
DAG File Processing Stats

File Path                                                                                PID    Runtime      # DAGs    # Errors  Last Runtime    Last Run
---------------------------------------------------------------------------------------  -----  ---------  --------  ----------  --------------  -------------------
/workspaces/hands-on-introduction-data-engineering-4395021/airflow/dags/two_task_dag.py                           1           0  0.10s           2025-04-08T18:08:43
/workspaces/hands-on-introduction-data-engineering-4395021/airflow/dags/one_task_dag.py                           1           0  0.10s           2025-04-08T18:08:46
================================================================================
[2025-04-08T18:09:16.288+0000] {manager.py:889} INFO - 
================================================================================
DAG File Processing Stats

File Path                                                                                PID    Runtime      # DAGs    # Errors  Last Runtime    Last Run
---------------------------------------------------------------------------------------  -----  ---------  --------  ----------  --------------  -------------------
/workspaces/hands-on-introduction-data-engineering-4395021/airflow/dags/two_task_dag.py                           1           0  0.10s           2025-04-08T18:09:14
/workspaces/hands-on-introduction-data-engineering-4395021/airflow/dags/one_task_dag.py                           1           0  0.10s           2025-04-08T18:09:16
================================================================================
[2025-04-08T18:09:46.467+0000] {manager.py:889} INFO - 
================================================================================
DAG File Processing Stats

File Path                                                                                PID    Runtime      # DAGs    # Errors  Last Runtime    Last Run
---------------------------------------------------------------------------------------  -----  ---------  --------  ----------  --------------  -------------------
/workspaces/hands-on-introduction-data-engineering-4395021/airflow/dags/two_task_dag.py                           1           0  0.10s           2025-04-08T18:09:44
/workspaces/hands-on-introduction-data-engineering-4395021/airflow/dags/one_task_dag.py                           1           0  0.10s           2025-04-08T18:09:46
================================================================================
[2025-04-08T18:10:16.650+0000] {manager.py:889} INFO - 
================================================================================
DAG File Processing Stats

File Path                                                                                PID    Runtime      # DAGs    # Errors  Last Runtime    Last Run
---------------------------------------------------------------------------------------  -----  ---------  --------  ----------  --------------  -------------------
/workspaces/hands-on-introduction-data-engineering-4395021/airflow/dags/two_task_dag.py                           1           0  0.10s           2025-04-08T18:10:14
/workspaces/hands-on-introduction-data-engineering-4395021/airflow/dags/one_task_dag.py                           1           0  0.10s           2025-04-08T18:10:16
================================================================================
[2025-04-08T18:10:47.595+0000] {manager.py:889} INFO - 
================================================================================
DAG File Processing Stats

File Path                                                                                PID    Runtime      # DAGs    # Errors  Last Runtime    Last Run
---------------------------------------------------------------------------------------  -----  ---------  --------  ----------  --------------  -------------------
/workspaces/hands-on-introduction-data-engineering-4395021/airflow/dags/two_task_dag.py                           1           0  0.10s           2025-04-08T18:10:44
/workspaces/hands-on-introduction-data-engineering-4395021/airflow/dags/one_task_dag.py                           1           0  0.10s           2025-04-08T18:10:47
================================================================================
[2025-04-08T18:11:17.885+0000] {manager.py:889} INFO - 
================================================================================
DAG File Processing Stats

File Path                                                                                PID    Runtime      # DAGs    # Errors  Last Runtime    Last Run
---------------------------------------------------------------------------------------  -----  ---------  --------  ----------  --------------  -------------------
/workspaces/hands-on-introduction-data-engineering-4395021/airflow/dags/two_task_dag.py                           1           0  0.10s           2025-04-08T18:11:14
/workspaces/hands-on-introduction-data-engineering-4395021/airflow/dags/one_task_dag.py                           1           0  0.10s           2025-04-08T18:11:17
================================================================================
[2025-04-08T18:11:48.052+0000] {manager.py:889} INFO - 
================================================================================
DAG File Processing Stats

File Path                                                                                PID    Runtime      # DAGs    # Errors  Last Runtime    Last Run
---------------------------------------------------------------------------------------  -----  ---------  --------  ----------  --------------  -------------------
/workspaces/hands-on-introduction-data-engineering-4395021/airflow/dags/two_task_dag.py                           1           0  0.10s           2025-04-08T18:11:45
/workspaces/hands-on-introduction-data-engineering-4395021/airflow/dags/one_task_dag.py                           1           0  0.10s           2025-04-08T18:11:48
================================================================================
[2025-04-08T18:12:18.353+0000] {manager.py:889} INFO - 
================================================================================
DAG File Processing Stats

File Path                                                                                PID    Runtime      # DAGs    # Errors  Last Runtime    Last Run
---------------------------------------------------------------------------------------  -----  ---------  --------  ----------  --------------  -------------------
/workspaces/hands-on-introduction-data-engineering-4395021/airflow/dags/two_task_dag.py                           1           0  0.10s           2025-04-08T18:12:15
/workspaces/hands-on-introduction-data-engineering-4395021/airflow/dags/one_task_dag.py                           1           0  0.10s           2025-04-08T18:12:18
================================================================================
[2025-04-08T18:12:48.083+0000] {manager.py:758} INFO - Searching for files in /workspaces/hands-on-introduction-data-engineering-4395021/airflow/dags
[2025-04-08T18:12:48.084+0000] {manager.py:761} INFO - There are 2 files in /workspaces/hands-on-introduction-data-engineering-4395021/airflow/dags
[2025-04-08T18:12:48.645+0000] {manager.py:889} INFO - 
================================================================================
DAG File Processing Stats

File Path                                                                                PID    Runtime      # DAGs    # Errors  Last Runtime    Last Run
---------------------------------------------------------------------------------------  -----  ---------  --------  ----------  --------------  -------------------
/workspaces/hands-on-introduction-data-engineering-4395021/airflow/dags/two_task_dag.py                           1           0  0.10s           2025-04-08T18:12:45
/workspaces/hands-on-introduction-data-engineering-4395021/airflow/dags/one_task_dag.py                           1           0  0.10s           2025-04-08T18:12:48
================================================================================
[2025-04-08T18:13:18.919+0000] {manager.py:889} INFO - 
================================================================================
DAG File Processing Stats

File Path                                                                                PID    Runtime      # DAGs    # Errors  Last Runtime    Last Run
---------------------------------------------------------------------------------------  -----  ---------  --------  ----------  --------------  -------------------
/workspaces/hands-on-introduction-data-engineering-4395021/airflow/dags/two_task_dag.py                           1           0  0.10s           2025-04-08T18:13:15
/workspaces/hands-on-introduction-data-engineering-4395021/airflow/dags/one_task_dag.py                           1           0  0.10s           2025-04-08T18:13:18
================================================================================
[2025-04-08T18:13:49.081+0000] {manager.py:889} INFO - 
================================================================================
DAG File Processing Stats

File Path                                                                                PID    Runtime      # DAGs    # Errors  Last Runtime    Last Run
---------------------------------------------------------------------------------------  -----  ---------  --------  ----------  --------------  -------------------
/workspaces/hands-on-introduction-data-engineering-4395021/airflow/dags/two_task_dag.py                           1           0  0.10s           2025-04-08T18:13:46
/workspaces/hands-on-introduction-data-engineering-4395021/airflow/dags/one_task_dag.py                           1           0  0.10s           2025-04-08T18:13:49
================================================================================
[2025-04-08T18:14:19.242+0000] {manager.py:889} INFO - 
================================================================================
DAG File Processing Stats

File Path                                                                                PID    Runtime      # DAGs    # Errors  Last Runtime    Last Run
---------------------------------------------------------------------------------------  -----  ---------  --------  ----------  --------------  -------------------
/workspaces/hands-on-introduction-data-engineering-4395021/airflow/dags/two_task_dag.py                           1           0  0.10s           2025-04-08T18:14:16
/workspaces/hands-on-introduction-data-engineering-4395021/airflow/dags/one_task_dag.py                           1           0  0.10s           2025-04-08T18:14:19
================================================================================
[2025-04-08T18:14:49.403+0000] {manager.py:889} INFO - 
================================================================================
DAG File Processing Stats

File Path                                                                                PID    Runtime      # DAGs    # Errors  Last Runtime    Last Run
---------------------------------------------------------------------------------------  -----  ---------  --------  ----------  --------------  -------------------
/workspaces/hands-on-introduction-data-engineering-4395021/airflow/dags/two_task_dag.py                           1           0  0.10s           2025-04-08T18:14:46
/workspaces/hands-on-introduction-data-engineering-4395021/airflow/dags/one_task_dag.py                           1           0  0.10s           2025-04-08T18:14:49
================================================================================
[2025-04-08T18:15:19.568+0000] {manager.py:889} INFO - 
================================================================================
DAG File Processing Stats

File Path                                                                                PID    Runtime      # DAGs    # Errors  Last Runtime    Last Run
---------------------------------------------------------------------------------------  -----  ---------  --------  ----------  --------------  -------------------
/workspaces/hands-on-introduction-data-engineering-4395021/airflow/dags/two_task_dag.py                           1           0  0.10s           2025-04-08T18:15:16
/workspaces/hands-on-introduction-data-engineering-4395021/airflow/dags/one_task_dag.py                           1           0  0.10s           2025-04-08T18:15:19
================================================================================
[2025-04-08T18:15:49.730+0000] {manager.py:889} INFO - 
================================================================================
DAG File Processing Stats

File Path                                                                                PID    Runtime      # DAGs    # Errors  Last Runtime    Last Run
---------------------------------------------------------------------------------------  -----  ---------  --------  ----------  --------------  -------------------
/workspaces/hands-on-introduction-data-engineering-4395021/airflow/dags/two_task_dag.py                           1           0  0.10s           2025-04-08T18:15:46
/workspaces/hands-on-introduction-data-engineering-4395021/airflow/dags/one_task_dag.py                           1           0  0.10s           2025-04-08T18:15:49
================================================================================
[2025-04-08T18:16:19.887+0000] {manager.py:889} INFO - 
================================================================================
DAG File Processing Stats

File Path                                                                                PID    Runtime      # DAGs    # Errors  Last Runtime    Last Run
---------------------------------------------------------------------------------------  -----  ---------  --------  ----------  --------------  -------------------
/workspaces/hands-on-introduction-data-engineering-4395021/airflow/dags/two_task_dag.py                           1           0  0.10s           2025-04-08T18:16:17
/workspaces/hands-on-introduction-data-engineering-4395021/airflow/dags/one_task_dag.py                           1           0  0.10s           2025-04-08T18:16:19
================================================================================
[2025-04-08T18:16:50.052+0000] {manager.py:889} INFO - 
================================================================================
DAG File Processing Stats

File Path                                                                                PID    Runtime      # DAGs    # Errors  Last Runtime    Last Run
---------------------------------------------------------------------------------------  -----  ---------  --------  ----------  --------------  -------------------
/workspaces/hands-on-introduction-data-engineering-4395021/airflow/dags/two_task_dag.py                           1           0  0.10s           2025-04-08T18:16:47
/workspaces/hands-on-introduction-data-engineering-4395021/airflow/dags/one_task_dag.py                           1           0  0.11s           2025-04-08T18:16:50
================================================================================
[2025-04-08T18:17:20.209+0000] {manager.py:889} INFO - 
================================================================================
DAG File Processing Stats

File Path                                                                                PID    Runtime      # DAGs    # Errors  Last Runtime    Last Run
---------------------------------------------------------------------------------------  -----  ---------  --------  ----------  --------------  -------------------
/workspaces/hands-on-introduction-data-engineering-4395021/airflow/dags/two_task_dag.py                           1           0  0.10s           2025-04-08T18:17:18
/workspaces/hands-on-introduction-data-engineering-4395021/airflow/dags/one_task_dag.py                           1           0  0.10s           2025-04-08T18:17:20
================================================================================
[2025-04-08T18:17:48.226+0000] {manager.py:758} INFO - Searching for files in /workspaces/hands-on-introduction-data-engineering-4395021/airflow/dags
[2025-04-08T18:17:48.227+0000] {manager.py:761} INFO - There are 2 files in /workspaces/hands-on-introduction-data-engineering-4395021/airflow/dags
[2025-04-08T18:17:50.368+0000] {manager.py:889} INFO - 
================================================================================
DAG File Processing Stats

File Path                                                                                PID    Runtime      # DAGs    # Errors  Last Runtime    Last Run
---------------------------------------------------------------------------------------  -----  ---------  --------  ----------  --------------  -------------------
/workspaces/hands-on-introduction-data-engineering-4395021/airflow/dags/two_task_dag.py                           1           0  0.10s           2025-04-08T18:17:49
/workspaces/hands-on-introduction-data-engineering-4395021/airflow/dags/one_task_dag.py                           1           0  0.10s           2025-04-08T18:17:50
================================================================================
[2025-04-08T18:18:20.526+0000] {manager.py:889} INFO - 
================================================================================
DAG File Processing Stats

File Path                                                                                PID    Runtime      # DAGs    # Errors  Last Runtime    Last Run
---------------------------------------------------------------------------------------  -----  ---------  --------  ----------  --------------  -------------------
/workspaces/hands-on-introduction-data-engineering-4395021/airflow/dags/two_task_dag.py                           1           0  0.10s           2025-04-08T18:18:19
/workspaces/hands-on-introduction-data-engineering-4395021/airflow/dags/one_task_dag.py                           1           0  0.10s           2025-04-08T18:18:20
================================================================================
[2025-04-08T18:18:50.684+0000] {manager.py:889} INFO - 
================================================================================
DAG File Processing Stats

File Path                                                                                PID    Runtime      # DAGs    # Errors  Last Runtime    Last Run
---------------------------------------------------------------------------------------  -----  ---------  --------  ----------  --------------  -------------------
/workspaces/hands-on-introduction-data-engineering-4395021/airflow/dags/two_task_dag.py                           1           0  0.10s           2025-04-08T18:18:50
/workspaces/hands-on-introduction-data-engineering-4395021/airflow/dags/one_task_dag.py                           1           0  0.10s           2025-04-08T18:18:50
================================================================================
[2025-04-08T18:19:20.842+0000] {manager.py:889} INFO - 
================================================================================
DAG File Processing Stats

File Path                                                                                PID    Runtime      # DAGs    # Errors  Last Runtime    Last Run
---------------------------------------------------------------------------------------  -----  ---------  --------  ----------  --------------  -------------------
/workspaces/hands-on-introduction-data-engineering-4395021/airflow/dags/two_task_dag.py                           1           0  0.10s           2025-04-08T18:19:20
/workspaces/hands-on-introduction-data-engineering-4395021/airflow/dags/one_task_dag.py                           1           0  0.10s           2025-04-08T18:18:50
================================================================================
[2025-04-08T18:19:51.001+0000] {manager.py:889} INFO - 
================================================================================
DAG File Processing Stats

File Path                                                                                PID    Runtime      # DAGs    # Errors  Last Runtime    Last Run
---------------------------------------------------------------------------------------  -----  ---------  --------  ----------  --------------  -------------------
/workspaces/hands-on-introduction-data-engineering-4395021/airflow/dags/two_task_dag.py                           1           0  0.10s           2025-04-08T18:19:51
/workspaces/hands-on-introduction-data-engineering-4395021/airflow/dags/one_task_dag.py                           1           0  0.10s           2025-04-08T18:19:21
================================================================================
[2025-04-08T18:20:21.158+0000] {manager.py:889} INFO - 
================================================================================
DAG File Processing Stats

File Path                                                                                PID    Runtime      # DAGs    # Errors  Last Runtime    Last Run
---------------------------------------------------------------------------------------  -----  ---------  --------  ----------  --------------  -------------------
/workspaces/hands-on-introduction-data-engineering-4395021/airflow/dags/two_task_dag.py                           1           0  0.10s           2025-04-08T18:20:21
/workspaces/hands-on-introduction-data-engineering-4395021/airflow/dags/one_task_dag.py                           1           0  0.10s           2025-04-08T18:19:51
================================================================================
[2025-04-08T18:20:51.315+0000] {manager.py:889} INFO - 
================================================================================
DAG File Processing Stats

File Path                                                                                PID    Runtime      # DAGs    # Errors  Last Runtime    Last Run
---------------------------------------------------------------------------------------  -----  ---------  --------  ----------  --------------  -------------------
/workspaces/hands-on-introduction-data-engineering-4395021/airflow/dags/two_task_dag.py                           1           0  0.10s           2025-04-08T18:20:51
/workspaces/hands-on-introduction-data-engineering-4395021/airflow/dags/one_task_dag.py                           1           0  0.10s           2025-04-08T18:20:21
================================================================================
[2025-04-08T18:21:21.472+0000] {manager.py:889} INFO - 
================================================================================
DAG File Processing Stats

File Path                                                                                PID    Runtime      # DAGs    # Errors  Last Runtime    Last Run
---------------------------------------------------------------------------------------  -----  ---------  --------  ----------  --------------  -------------------
/workspaces/hands-on-introduction-data-engineering-4395021/airflow/dags/two_task_dag.py                           1           0  0.10s           2025-04-08T18:21:21
/workspaces/hands-on-introduction-data-engineering-4395021/airflow/dags/one_task_dag.py                           1           0  0.11s           2025-04-08T18:20:52
================================================================================
[2025-04-08T18:21:51.629+0000] {manager.py:889} INFO - 
================================================================================
DAG File Processing Stats

File Path                                                                                PID    Runtime      # DAGs    # Errors  Last Runtime    Last Run
---------------------------------------------------------------------------------------  -----  ---------  --------  ----------  --------------  -------------------
/workspaces/hands-on-introduction-data-engineering-4395021/airflow/dags/two_task_dag.py                           1           0  0.10s           2025-04-08T18:21:51
/workspaces/hands-on-introduction-data-engineering-4395021/airflow/dags/one_task_dag.py                           1           0  0.10s           2025-04-08T18:21:22
================================================================================
[2025-04-08T18:22:21.787+0000] {manager.py:889} INFO - 
================================================================================
DAG File Processing Stats

File Path                                                                                PID    Runtime      # DAGs    # Errors  Last Runtime    Last Run
---------------------------------------------------------------------------------------  -----  ---------  --------  ----------  --------------  -------------------
/workspaces/hands-on-introduction-data-engineering-4395021/airflow/dags/two_task_dag.py                           1           0  0.10s           2025-04-08T18:22:21
/workspaces/hands-on-introduction-data-engineering-4395021/airflow/dags/one_task_dag.py                           1           0  0.10s           2025-04-08T18:21:52
================================================================================
[2025-04-08T18:22:48.365+0000] {manager.py:758} INFO - Searching for files in /workspaces/hands-on-introduction-data-engineering-4395021/airflow/dags
[2025-04-08T18:22:48.367+0000] {manager.py:761} INFO - There are 2 files in /workspaces/hands-on-introduction-data-engineering-4395021/airflow/dags
[2025-04-08T18:22:51.944+0000] {manager.py:889} INFO - 
================================================================================
DAG File Processing Stats

File Path                                                                                PID    Runtime      # DAGs    # Errors  Last Runtime    Last Run
---------------------------------------------------------------------------------------  -----  ---------  --------  ----------  --------------  -------------------
/workspaces/hands-on-introduction-data-engineering-4395021/airflow/dags/two_task_dag.py                           1           0  0.10s           2025-04-08T18:22:51
/workspaces/hands-on-introduction-data-engineering-4395021/airflow/dags/one_task_dag.py                           1           0  0.10s           2025-04-08T18:22:22
================================================================================
[2025-04-08T18:23:22.102+0000] {manager.py:889} INFO - 
================================================================================
DAG File Processing Stats

File Path                                                                                PID    Runtime      # DAGs    # Errors  Last Runtime    Last Run
---------------------------------------------------------------------------------------  -----  ---------  --------  ----------  --------------  -------------------
/workspaces/hands-on-introduction-data-engineering-4395021/airflow/dags/two_task_dag.py                           1           0  0.10s           2025-04-08T18:23:22
/workspaces/hands-on-introduction-data-engineering-4395021/airflow/dags/one_task_dag.py                           1           0  0.10s           2025-04-08T18:22:53
================================================================================
[2025-04-08T18:23:52.260+0000] {manager.py:889} INFO - 
================================================================================
DAG File Processing Stats

File Path                                                                                PID    Runtime      # DAGs    # Errors  Last Runtime    Last Run
---------------------------------------------------------------------------------------  -----  ---------  --------  ----------  --------------  -------------------
/workspaces/hands-on-introduction-data-engineering-4395021/airflow/dags/two_task_dag.py                           1           0  0.10s           2025-04-08T18:23:52
/workspaces/hands-on-introduction-data-engineering-4395021/airflow/dags/one_task_dag.py                           1           0  0.10s           2025-04-08T18:23:23
================================================================================
[2025-04-08T18:24:22.417+0000] {manager.py:889} INFO - 
================================================================================
DAG File Processing Stats

File Path                                                                                PID    Runtime      # DAGs    # Errors  Last Runtime    Last Run
---------------------------------------------------------------------------------------  -----  ---------  --------  ----------  --------------  -------------------
/workspaces/hands-on-introduction-data-engineering-4395021/airflow/dags/two_task_dag.py                           1           0  0.10s           2025-04-08T18:24:22
/workspaces/hands-on-introduction-data-engineering-4395021/airflow/dags/one_task_dag.py                           1           0  0.10s           2025-04-08T18:23:53
================================================================================
[2025-04-08T18:24:52.574+0000] {manager.py:889} INFO - 
================================================================================
DAG File Processing Stats

File Path                                                                                PID    Runtime      # DAGs    # Errors  Last Runtime    Last Run
---------------------------------------------------------------------------------------  -----  ---------  --------  ----------  --------------  -------------------
/workspaces/hands-on-introduction-data-engineering-4395021/airflow/dags/two_task_dag.py                           1           0  0.10s           2025-04-08T18:24:52
/workspaces/hands-on-introduction-data-engineering-4395021/airflow/dags/one_task_dag.py                           1           0  0.11s           2025-04-08T18:24:23
================================================================================
[2025-04-08T18:25:22.731+0000] {manager.py:889} INFO - 
================================================================================
DAG File Processing Stats

File Path                                                                                PID    Runtime      # DAGs    # Errors  Last Runtime    Last Run
---------------------------------------------------------------------------------------  -----  ---------  --------  ----------  --------------  -------------------
/workspaces/hands-on-introduction-data-engineering-4395021/airflow/dags/two_task_dag.py                           1           0  0.10s           2025-04-08T18:25:22
/workspaces/hands-on-introduction-data-engineering-4395021/airflow/dags/one_task_dag.py                           1           0  0.10s           2025-04-08T18:24:53
================================================================================
[2025-04-09T16:58:49.293+0000] {manager.py:487} INFO - Processing files using up to 1 processes at a time 
[2025-04-09T16:58:49.295+0000] {manager.py:488} INFO - Process each file at most once every 30 seconds
[2025-04-09T16:58:49.295+0000] {manager.py:489} INFO - Checking for new files in /workspaces/hands-on-introduction-data-engineering-4395021/airflow/dags every 300 seconds
[2025-04-09T16:58:49.295+0000] {manager.py:758} INFO - Searching for files in /workspaces/hands-on-introduction-data-engineering-4395021/airflow/dags
[2025-04-09T16:58:49.302+0000] {manager.py:761} INFO - There are 2 files in /workspaces/hands-on-introduction-data-engineering-4395021/airflow/dags
[2025-04-09T16:58:49.573+0000] {manager.py:889} INFO - 
================================================================================
DAG File Processing Stats

File Path                                                                                PID    Runtime      # DAGs    # Errors  Last Runtime    Last Run
---------------------------------------------------------------------------------------  -----  ---------  --------  ----------  --------------  -------------------
/workspaces/hands-on-introduction-data-engineering-4395021/airflow/dags/one_task_dag.py                           0           0
/workspaces/hands-on-introduction-data-engineering-4395021/airflow/dags/two_task_dag.py                           1           0  0.20s           2025-04-09T16:58:49
================================================================================
[2025-04-09T16:59:19.690+0000] {manager.py:889} INFO - 
================================================================================
DAG File Processing Stats

File Path                                                                                PID    Runtime      # DAGs    # Errors  Last Runtime    Last Run
---------------------------------------------------------------------------------------  -----  ---------  --------  ----------  --------------  -------------------
/workspaces/hands-on-introduction-data-engineering-4395021/airflow/dags/two_task_dag.py                           1           0  0.10s           2025-04-09T16:59:19
/workspaces/hands-on-introduction-data-engineering-4395021/airflow/dags/one_task_dag.py                           1           0  0.20s           2025-04-09T16:58:50
================================================================================
[2025-04-09T16:59:50.001+0000] {manager.py:889} INFO - 
================================================================================
DAG File Processing Stats

File Path                                                                                PID    Runtime      # DAGs    # Errors  Last Runtime    Last Run
---------------------------------------------------------------------------------------  -----  ---------  --------  ----------  --------------  -------------------
/workspaces/hands-on-introduction-data-engineering-4395021/airflow/dags/two_task_dag.py                           1           0  0.10s           2025-04-09T16:59:50
/workspaces/hands-on-introduction-data-engineering-4395021/airflow/dags/one_task_dag.py                           1           0  0.10s           2025-04-09T16:59:22
================================================================================
[2025-04-09T17:00:20.346+0000] {manager.py:889} INFO - 
================================================================================
DAG File Processing Stats

File Path                                                                                PID    Runtime      # DAGs    # Errors  Last Runtime    Last Run
---------------------------------------------------------------------------------------  -----  ---------  --------  ----------  --------------  -------------------
/workspaces/hands-on-introduction-data-engineering-4395021/airflow/dags/two_task_dag.py                           1           0  0.10s           2025-04-09T17:00:20
/workspaces/hands-on-introduction-data-engineering-4395021/airflow/dags/one_task_dag.py                           1           0  0.10s           2025-04-09T16:59:53
================================================================================
[2025-04-09T17:00:50.681+0000] {manager.py:889} INFO - 
================================================================================
DAG File Processing Stats

File Path                                                                                PID    Runtime      # DAGs    # Errors  Last Runtime    Last Run
---------------------------------------------------------------------------------------  -----  ---------  --------  ----------  --------------  -------------------
/workspaces/hands-on-introduction-data-engineering-4395021/airflow/dags/two_task_dag.py                           1           0  0.10s           2025-04-09T17:00:50
/workspaces/hands-on-introduction-data-engineering-4395021/airflow/dags/one_task_dag.py                           1           0  0.10s           2025-04-09T17:00:23
================================================================================
[2025-04-09T17:01:20.798+0000] {manager.py:889} INFO - 
================================================================================
DAG File Processing Stats

File Path                                                                                PID    Runtime      # DAGs    # Errors  Last Runtime    Last Run
---------------------------------------------------------------------------------------  -----  ---------  --------  ----------  --------------  -------------------
/workspaces/hands-on-introduction-data-engineering-4395021/airflow/dags/two_task_dag.py                           1           0  0.10s           2025-04-09T17:01:20
/workspaces/hands-on-introduction-data-engineering-4395021/airflow/dags/one_task_dag.py                           1           0  0.10s           2025-04-09T17:00:53
================================================================================
[2025-04-09T17:01:51.174+0000] {manager.py:889} INFO - 
================================================================================
DAG File Processing Stats

File Path                                                                                PID    Runtime      # DAGs    # Errors  Last Runtime    Last Run
---------------------------------------------------------------------------------------  -----  ---------  --------  ----------  --------------  -------------------
/workspaces/hands-on-introduction-data-engineering-4395021/airflow/dags/two_task_dag.py                           1           0  0.10s           2025-04-09T17:01:51
/workspaces/hands-on-introduction-data-engineering-4395021/airflow/dags/one_task_dag.py                           1           0  0.10s           2025-04-09T17:01:24
================================================================================
[2025-04-09T17:02:21.465+0000] {manager.py:889} INFO - 
================================================================================
DAG File Processing Stats

File Path                                                                                PID    Runtime      # DAGs    # Errors  Last Runtime    Last Run
---------------------------------------------------------------------------------------  -----  ---------  --------  ----------  --------------  -------------------
/workspaces/hands-on-introduction-data-engineering-4395021/airflow/dags/two_task_dag.py                           1           0  0.10s           2025-04-09T17:02:21
/workspaces/hands-on-introduction-data-engineering-4395021/airflow/dags/one_task_dag.py                           1           0  0.10s           2025-04-09T17:01:54
================================================================================
[2025-04-09T17:02:51.757+0000] {manager.py:889} INFO - 
================================================================================
DAG File Processing Stats

File Path                                                                                PID    Runtime      # DAGs    # Errors  Last Runtime    Last Run
---------------------------------------------------------------------------------------  -----  ---------  --------  ----------  --------------  -------------------
/workspaces/hands-on-introduction-data-engineering-4395021/airflow/dags/two_task_dag.py                           1           0  0.11s           2025-04-09T17:02:51
/workspaces/hands-on-introduction-data-engineering-4395021/airflow/dags/one_task_dag.py                           1           0  0.10s           2025-04-09T17:02:24
================================================================================
[2025-04-09T17:03:22.146+0000] {manager.py:889} INFO - 
================================================================================
DAG File Processing Stats

File Path                                                                                PID    Runtime      # DAGs    # Errors  Last Runtime    Last Run
---------------------------------------------------------------------------------------  -----  ---------  --------  ----------  --------------  -------------------
/workspaces/hands-on-introduction-data-engineering-4395021/airflow/dags/two_task_dag.py                           1           0  0.10s           2025-04-09T17:03:22
/workspaces/hands-on-introduction-data-engineering-4395021/airflow/dags/one_task_dag.py                           1           0  0.10s           2025-04-09T17:02:55
================================================================================
[2025-04-09T17:03:49.334+0000] {manager.py:758} INFO - Searching for files in /workspaces/hands-on-introduction-data-engineering-4395021/airflow/dags
[2025-04-09T17:03:49.339+0000] {manager.py:761} INFO - There are 3 files in /workspaces/hands-on-introduction-data-engineering-4395021/airflow/dags
[2025-04-09T17:03:52.571+0000] {manager.py:889} INFO - 
================================================================================
DAG File Processing Stats

File Path                                                                                   PID    Runtime      # DAGs    # Errors  Last Runtime    Last Run
------------------------------------------------------------------------------------------  -----  ---------  --------  ----------  --------------  -------------------
/workspaces/hands-on-introduction-data-engineering-4395021/airflow/dags/extract_csv_dag.py                           0           1  0.10s           2025-04-09T17:03:51
/workspaces/hands-on-introduction-data-engineering-4395021/airflow/dags/two_task_dag.py                              1           0  0.32s           2025-04-09T17:03:52
/workspaces/hands-on-introduction-data-engineering-4395021/airflow/dags/one_task_dag.py                              1           0  0.10s           2025-04-09T17:03:25
================================================================================
[2025-04-09T17:04:23.085+0000] {manager.py:889} INFO - 
================================================================================
DAG File Processing Stats

File Path                                                                                   PID    Runtime      # DAGs    # Errors  Last Runtime    Last Run
------------------------------------------------------------------------------------------  -----  ---------  --------  ----------  --------------  -------------------
/workspaces/hands-on-introduction-data-engineering-4395021/airflow/dags/extract_csv_dag.py                           0           1  0.10s           2025-04-09T17:04:21
/workspaces/hands-on-introduction-data-engineering-4395021/airflow/dags/two_task_dag.py                              1           0  0.21s           2025-04-09T17:04:23
/workspaces/hands-on-introduction-data-engineering-4395021/airflow/dags/one_task_dag.py                              1           0  0.21s           2025-04-09T17:03:57
================================================================================
[2025-04-09T17:04:53.538+0000] {manager.py:889} INFO - 
================================================================================
DAG File Processing Stats

File Path                                                                                   PID    Runtime      # DAGs    # Errors  Last Runtime    Last Run
------------------------------------------------------------------------------------------  -----  ---------  --------  ----------  --------------  -------------------
/workspaces/hands-on-introduction-data-engineering-4395021/airflow/dags/extract_csv_dag.py                           0           1  0.10s           2025-04-09T17:04:50
/workspaces/hands-on-introduction-data-engineering-4395021/airflow/dags/two_task_dag.py                              1           0  0.10s           2025-04-09T17:04:53
/workspaces/hands-on-introduction-data-engineering-4395021/airflow/dags/one_task_dag.py                              1           0  0.21s           2025-04-09T17:04:27
================================================================================
[2025-04-09T17:05:23.656+0000] {manager.py:889} INFO - 
================================================================================
DAG File Processing Stats

File Path                                                                                   PID    Runtime      # DAGs    # Errors  Last Runtime    Last Run
------------------------------------------------------------------------------------------  -----  ---------  --------  ----------  --------------  -------------------
/workspaces/hands-on-introduction-data-engineering-4395021/airflow/dags/extract_csv_dag.py                           0           1  0.10s           2025-04-09T17:05:08
/workspaces/hands-on-introduction-data-engineering-4395021/airflow/dags/two_task_dag.py                              1           0  0.10s           2025-04-09T17:05:23
/workspaces/hands-on-introduction-data-engineering-4395021/airflow/dags/one_task_dag.py                              1           0  0.10s           2025-04-09T17:04:57
================================================================================
[2025-04-09T17:05:53.797+0000] {manager.py:889} INFO - 
================================================================================
DAG File Processing Stats

File Path                                                                                   PID    Runtime      # DAGs    # Errors  Last Runtime    Last Run
------------------------------------------------------------------------------------------  -----  ---------  --------  ----------  --------------  -------------------
/workspaces/hands-on-introduction-data-engineering-4395021/airflow/dags/extract_csv_dag.py                           0           1  0.10s           2025-04-09T17:05:47
/workspaces/hands-on-introduction-data-engineering-4395021/airflow/dags/two_task_dag.py                              1           0  0.11s           2025-04-09T17:05:53
/workspaces/hands-on-introduction-data-engineering-4395021/airflow/dags/one_task_dag.py                              1           0  0.10s           2025-04-09T17:05:28
================================================================================
[2025-04-09T17:06:24.012+0000] {manager.py:889} INFO - 
================================================================================
DAG File Processing Stats

File Path                                                                                   PID    Runtime      # DAGs    # Errors  Last Runtime    Last Run
------------------------------------------------------------------------------------------  -----  ---------  --------  ----------  --------------  -------------------
/workspaces/hands-on-introduction-data-engineering-4395021/airflow/dags/two_task_dag.py                              1           0  0.10s           2025-04-09T17:06:24
/workspaces/hands-on-introduction-data-engineering-4395021/airflow/dags/extract_csv_dag.py                           1           0  0.10s           2025-04-09T17:06:22
/workspaces/hands-on-introduction-data-engineering-4395021/airflow/dags/one_task_dag.py                              1           0  0.10s           2025-04-09T17:05:58
================================================================================
[2025-04-09T17:06:54.872+0000] {manager.py:889} INFO - 
================================================================================
DAG File Processing Stats

File Path                                                                                   PID    Runtime      # DAGs    # Errors  Last Runtime    Last Run
------------------------------------------------------------------------------------------  -----  ---------  --------  ----------  --------------  -------------------
/workspaces/hands-on-introduction-data-engineering-4395021/airflow/dags/two_task_dag.py                              1           0  0.10s           2025-04-09T17:06:54
/workspaces/hands-on-introduction-data-engineering-4395021/airflow/dags/extract_csv_dag.py                           1           0  0.10s           2025-04-09T17:06:50
/workspaces/hands-on-introduction-data-engineering-4395021/airflow/dags/one_task_dag.py                              1           0  0.10s           2025-04-09T17:06:28
================================================================================
[2025-04-09T17:07:25.103+0000] {manager.py:889} INFO - 
================================================================================
DAG File Processing Stats

File Path                                                                                   PID    Runtime      # DAGs    # Errors  Last Runtime    Last Run
------------------------------------------------------------------------------------------  -----  ---------  --------  ----------  --------------  -------------------
/workspaces/hands-on-introduction-data-engineering-4395021/airflow/dags/two_task_dag.py                              1           0  0.10s           2025-04-09T17:07:25
/workspaces/hands-on-introduction-data-engineering-4395021/airflow/dags/extract_csv_dag.py                           1           0  0.10s           2025-04-09T17:07:05
/workspaces/hands-on-introduction-data-engineering-4395021/airflow/dags/one_task_dag.py                              1           0  0.10s           2025-04-09T17:06:59
================================================================================
[2025-04-09T17:07:55.276+0000] {manager.py:889} INFO - 
================================================================================
DAG File Processing Stats

File Path                                                                                   PID    Runtime      # DAGs    # Errors  Last Runtime    Last Run
------------------------------------------------------------------------------------------  -----  ---------  --------  ----------  --------------  -------------------
/workspaces/hands-on-introduction-data-engineering-4395021/airflow/dags/two_task_dag.py                              1           0  0.10s           2025-04-09T17:07:55
/workspaces/hands-on-introduction-data-engineering-4395021/airflow/dags/extract_csv_dag.py                           1           0  0.10s           2025-04-09T17:07:53
/workspaces/hands-on-introduction-data-engineering-4395021/airflow/dags/one_task_dag.py                              1           0  0.10s           2025-04-09T17:07:29
================================================================================
[2025-04-09T17:08:25.825+0000] {manager.py:889} INFO - 
================================================================================
DAG File Processing Stats

File Path                                                                                   PID    Runtime      # DAGs    # Errors  Last Runtime    Last Run
------------------------------------------------------------------------------------------  -----  ---------  --------  ----------  --------------  -------------------
/workspaces/hands-on-introduction-data-engineering-4395021/airflow/dags/two_task_dag.py                              1           0  0.31s           2025-04-09T17:08:25
/workspaces/hands-on-introduction-data-engineering-4395021/airflow/dags/extract_csv_dag.py                           1           0  0.10s           2025-04-09T17:08:18
/workspaces/hands-on-introduction-data-engineering-4395021/airflow/dags/one_task_dag.py                              1           0  0.10s           2025-04-09T17:07:59
================================================================================
[2025-04-09T17:08:49.459+0000] {manager.py:758} INFO - Searching for files in /workspaces/hands-on-introduction-data-engineering-4395021/airflow/dags
[2025-04-09T17:08:49.460+0000] {manager.py:761} INFO - There are 3 files in /workspaces/hands-on-introduction-data-engineering-4395021/airflow/dags
[2025-04-09T17:08:56.176+0000] {manager.py:889} INFO - 
================================================================================
DAG File Processing Stats

File Path                                                                                   PID    Runtime      # DAGs    # Errors  Last Runtime    Last Run
------------------------------------------------------------------------------------------  -----  ---------  --------  ----------  --------------  -------------------
/workspaces/hands-on-introduction-data-engineering-4395021/airflow/dags/two_task_dag.py                              1           0  0.10s           2025-04-09T17:08:56
/workspaces/hands-on-introduction-data-engineering-4395021/airflow/dags/extract_csv_dag.py                           1           0  0.20s           2025-04-09T17:08:49
/workspaces/hands-on-introduction-data-engineering-4395021/airflow/dags/one_task_dag.py                              1           0  0.10s           2025-04-09T17:08:30
================================================================================
[2025-04-09T17:09:26.468+0000] {manager.py:889} INFO - 
================================================================================
DAG File Processing Stats

File Path                                                                                   PID    Runtime      # DAGs    # Errors  Last Runtime    Last Run
------------------------------------------------------------------------------------------  -----  ---------  --------  ----------  --------------  -------------------
/workspaces/hands-on-introduction-data-engineering-4395021/airflow/dags/two_task_dag.py                              1           0  0.10s           2025-04-09T17:09:26
/workspaces/hands-on-introduction-data-engineering-4395021/airflow/dags/extract_csv_dag.py                           1           0  0.10s           2025-04-09T17:09:19
/workspaces/hands-on-introduction-data-engineering-4395021/airflow/dags/one_task_dag.py                              1           0  0.10s           2025-04-09T17:09:00
================================================================================
[2025-04-09T17:09:56.783+0000] {manager.py:889} INFO - 
================================================================================
DAG File Processing Stats

File Path                                                                                   PID    Runtime      # DAGs    # Errors  Last Runtime    Last Run
------------------------------------------------------------------------------------------  -----  ---------  --------  ----------  --------------  -------------------
/workspaces/hands-on-introduction-data-engineering-4395021/airflow/dags/two_task_dag.py                              1           0  0.10s           2025-04-09T17:09:56
/workspaces/hands-on-introduction-data-engineering-4395021/airflow/dags/extract_csv_dag.py                           1           0  0.10s           2025-04-09T17:09:49
/workspaces/hands-on-introduction-data-engineering-4395021/airflow/dags/one_task_dag.py                              1           0  0.10s           2025-04-09T17:09:30
================================================================================
[2025-04-09T17:10:27.074+0000] {manager.py:889} INFO - 
================================================================================
DAG File Processing Stats

File Path                                                                                   PID    Runtime      # DAGs    # Errors  Last Runtime    Last Run
------------------------------------------------------------------------------------------  -----  ---------  --------  ----------  --------------  -------------------
/workspaces/hands-on-introduction-data-engineering-4395021/airflow/dags/two_task_dag.py                              1           0  0.10s           2025-04-09T17:10:27
/workspaces/hands-on-introduction-data-engineering-4395021/airflow/dags/extract_csv_dag.py                           1           0  0.10s           2025-04-09T17:10:20
/workspaces/hands-on-introduction-data-engineering-4395021/airflow/dags/one_task_dag.py                              1           0  0.10s           2025-04-09T17:10:00
================================================================================
[2025-04-09T17:10:57.366+0000] {manager.py:889} INFO - 
================================================================================
DAG File Processing Stats

File Path                                                                                   PID    Runtime      # DAGs    # Errors  Last Runtime    Last Run
------------------------------------------------------------------------------------------  -----  ---------  --------  ----------  --------------  -------------------
/workspaces/hands-on-introduction-data-engineering-4395021/airflow/dags/two_task_dag.py                              1           0  0.10s           2025-04-09T17:10:57
/workspaces/hands-on-introduction-data-engineering-4395021/airflow/dags/extract_csv_dag.py                           1           0  0.10s           2025-04-09T17:10:50
/workspaces/hands-on-introduction-data-engineering-4395021/airflow/dags/one_task_dag.py                              1           0  0.10s           2025-04-09T17:10:31
================================================================================
[2025-04-09T17:11:27.761+0000] {manager.py:889} INFO - 
================================================================================
DAG File Processing Stats

File Path                                                                                   PID    Runtime      # DAGs    # Errors  Last Runtime    Last Run
------------------------------------------------------------------------------------------  -----  ---------  --------  ----------  --------------  -------------------
/workspaces/hands-on-introduction-data-engineering-4395021/airflow/dags/two_task_dag.py                              1           0  0.10s           2025-04-09T17:11:27
/workspaces/hands-on-introduction-data-engineering-4395021/airflow/dags/extract_csv_dag.py                           1           0  0.10s           2025-04-09T17:11:12
/workspaces/hands-on-introduction-data-engineering-4395021/airflow/dags/one_task_dag.py                              1           0  0.10s           2025-04-09T17:11:01
================================================================================
[2025-04-09T17:11:58.125+0000] {manager.py:889} INFO - 
================================================================================
DAG File Processing Stats

File Path                                                                                   PID    Runtime      # DAGs    # Errors  Last Runtime    Last Run
------------------------------------------------------------------------------------------  -----  ---------  --------  ----------  --------------  -------------------
/workspaces/hands-on-introduction-data-engineering-4395021/airflow/dags/two_task_dag.py                              1           0  0.10s           2025-04-09T17:11:58
/workspaces/hands-on-introduction-data-engineering-4395021/airflow/dags/extract_csv_dag.py                           1           0  0.10s           2025-04-09T17:11:42
/workspaces/hands-on-introduction-data-engineering-4395021/airflow/dags/one_task_dag.py                              1           0  0.10s           2025-04-09T17:11:31
================================================================================
[2025-04-09T17:12:28.407+0000] {manager.py:889} INFO - 
================================================================================
DAG File Processing Stats

File Path                                                                                   PID    Runtime      # DAGs    # Errors  Last Runtime    Last Run
------------------------------------------------------------------------------------------  -----  ---------  --------  ----------  --------------  -------------------
/workspaces/hands-on-introduction-data-engineering-4395021/airflow/dags/two_task_dag.py                              1           0  0.10s           2025-04-09T17:12:28
/workspaces/hands-on-introduction-data-engineering-4395021/airflow/dags/extract_csv_dag.py                           1           0  0.20s           2025-04-09T17:12:13
/workspaces/hands-on-introduction-data-engineering-4395021/airflow/dags/one_task_dag.py                              1           0  0.10s           2025-04-09T17:12:01
================================================================================
[2025-04-09T17:12:58.910+0000] {manager.py:889} INFO - 
================================================================================
DAG File Processing Stats

File Path                                                                                   PID    Runtime      # DAGs    # Errors  Last Runtime    Last Run
------------------------------------------------------------------------------------------  -----  ---------  --------  ----------  --------------  -------------------
/workspaces/hands-on-introduction-data-engineering-4395021/airflow/dags/two_task_dag.py                              1           0  0.10s           2025-04-09T17:12:58
/workspaces/hands-on-introduction-data-engineering-4395021/airflow/dags/extract_csv_dag.py                           1           0  0.10s           2025-04-09T17:12:55
/workspaces/hands-on-introduction-data-engineering-4395021/airflow/dags/one_task_dag.py                              1           0  0.10s           2025-04-09T17:12:32
================================================================================
[2025-04-09T17:13:29.221+0000] {manager.py:889} INFO - 
================================================================================
DAG File Processing Stats

File Path                                                                                   PID    Runtime      # DAGs    # Errors  Last Runtime    Last Run
------------------------------------------------------------------------------------------  -----  ---------  --------  ----------  --------------  -------------------
/workspaces/hands-on-introduction-data-engineering-4395021/airflow/dags/extract_csv_dag.py                           0           1  0.10s           2025-04-09T17:13:20
/workspaces/hands-on-introduction-data-engineering-4395021/airflow/dags/two_task_dag.py                              1           0  0.10s           2025-04-09T17:13:29
/workspaces/hands-on-introduction-data-engineering-4395021/airflow/dags/one_task_dag.py                              1           0  0.10s           2025-04-09T17:13:03
================================================================================
[2025-04-09T17:13:49.558+0000] {manager.py:758} INFO - Searching for files in /workspaces/hands-on-introduction-data-engineering-4395021/airflow/dags
[2025-04-09T17:13:49.561+0000] {manager.py:761} INFO - There are 3 files in /workspaces/hands-on-introduction-data-engineering-4395021/airflow/dags
[2025-04-09T17:13:59.745+0000] {manager.py:889} INFO - 
================================================================================
DAG File Processing Stats

File Path                                                                                   PID    Runtime      # DAGs    # Errors  Last Runtime    Last Run
------------------------------------------------------------------------------------------  -----  ---------  --------  ----------  --------------  -------------------
/workspaces/hands-on-introduction-data-engineering-4395021/airflow/dags/two_task_dag.py                              1           0  0.10s           2025-04-09T17:13:59
/workspaces/hands-on-introduction-data-engineering-4395021/airflow/dags/extract_csv_dag.py                           1           0  0.10s           2025-04-09T17:13:48
/workspaces/hands-on-introduction-data-engineering-4395021/airflow/dags/one_task_dag.py                              1           0  0.10s           2025-04-09T17:13:34
================================================================================
[2025-04-09T17:14:30.529+0000] {manager.py:889} INFO - 
================================================================================
DAG File Processing Stats

File Path                                                                                   PID    Runtime      # DAGs    # Errors  Last Runtime    Last Run
------------------------------------------------------------------------------------------  -----  ---------  --------  ----------  --------------  -------------------
/workspaces/hands-on-introduction-data-engineering-4395021/airflow/dags/two_task_dag.py                              1           0  0.10s           2025-04-09T17:14:30
/workspaces/hands-on-introduction-data-engineering-4395021/airflow/dags/extract_csv_dag.py                           1           0  0.21s           2025-04-09T17:14:19
/workspaces/hands-on-introduction-data-engineering-4395021/airflow/dags/one_task_dag.py                              1           0  0.10s           2025-04-09T17:14:04
================================================================================
[2025-04-09T17:15:00.750+0000] {manager.py:889} INFO - 
================================================================================
DAG File Processing Stats

File Path                                                                                   PID    Runtime      # DAGs    # Errors  Last Runtime    Last Run
------------------------------------------------------------------------------------------  -----  ---------  --------  ----------  --------------  -------------------
/workspaces/hands-on-introduction-data-engineering-4395021/airflow/dags/two_task_dag.py                              1           0  0.10s           2025-04-09T17:15:00
/workspaces/hands-on-introduction-data-engineering-4395021/airflow/dags/extract_csv_dag.py                           1           0  0.10s           2025-04-09T17:14:49
/workspaces/hands-on-introduction-data-engineering-4395021/airflow/dags/one_task_dag.py                              1           0  0.10s           2025-04-09T17:14:35
================================================================================
[2025-04-09T17:15:30.952+0000] {manager.py:889} INFO - 
================================================================================
DAG File Processing Stats

File Path                                                                                   PID    Runtime      # DAGs    # Errors  Last Runtime    Last Run
------------------------------------------------------------------------------------------  -----  ---------  --------  ----------  --------------  -------------------
/workspaces/hands-on-introduction-data-engineering-4395021/airflow/dags/two_task_dag.py                              1           0  0.10s           2025-04-09T17:15:30
/workspaces/hands-on-introduction-data-engineering-4395021/airflow/dags/extract_csv_dag.py                           1           0  0.10s           2025-04-09T17:15:19
/workspaces/hands-on-introduction-data-engineering-4395021/airflow/dags/one_task_dag.py                              1           0  0.10s           2025-04-09T17:15:06
================================================================================
[2025-04-09T17:16:01.117+0000] {manager.py:889} INFO - 
================================================================================
DAG File Processing Stats

File Path                                                                                   PID    Runtime      # DAGs    # Errors  Last Runtime    Last Run
------------------------------------------------------------------------------------------  -----  ---------  --------  ----------  --------------  -------------------
/workspaces/hands-on-introduction-data-engineering-4395021/airflow/dags/two_task_dag.py                              1           0  0.10s           2025-04-09T17:16:01
/workspaces/hands-on-introduction-data-engineering-4395021/airflow/dags/extract_csv_dag.py                           1           0  0.10s           2025-04-09T17:15:50
/workspaces/hands-on-introduction-data-engineering-4395021/airflow/dags/one_task_dag.py                              1           0  0.10s           2025-04-09T17:15:36
================================================================================
[2025-04-09T17:16:31.360+0000] {manager.py:889} INFO - 
================================================================================
DAG File Processing Stats

File Path                                                                                   PID    Runtime      # DAGs    # Errors  Last Runtime    Last Run
------------------------------------------------------------------------------------------  -----  ---------  --------  ----------  --------------  -------------------
/workspaces/hands-on-introduction-data-engineering-4395021/airflow/dags/two_task_dag.py                              1           0  0.11s           2025-04-09T17:16:31
/workspaces/hands-on-introduction-data-engineering-4395021/airflow/dags/extract_csv_dag.py                           1           0  0.10s           2025-04-09T17:16:20
/workspaces/hands-on-introduction-data-engineering-4395021/airflow/dags/one_task_dag.py                              1           0  0.10s           2025-04-09T17:16:06
================================================================================
[2025-04-09T17:17:01.531+0000] {manager.py:889} INFO - 
================================================================================
DAG File Processing Stats

File Path                                                                                   PID    Runtime      # DAGs    # Errors  Last Runtime    Last Run
------------------------------------------------------------------------------------------  -----  ---------  --------  ----------  --------------  -------------------
/workspaces/hands-on-introduction-data-engineering-4395021/airflow/dags/two_task_dag.py                              1           0  0.10s           2025-04-09T17:17:01
/workspaces/hands-on-introduction-data-engineering-4395021/airflow/dags/extract_csv_dag.py                           1           0  0.10s           2025-04-09T17:16:51
/workspaces/hands-on-introduction-data-engineering-4395021/airflow/dags/one_task_dag.py                              1           0  0.10s           2025-04-09T17:16:37
================================================================================
[2025-04-09T17:17:31.711+0000] {manager.py:889} INFO - 
================================================================================
DAG File Processing Stats

File Path                                                                                   PID    Runtime      # DAGs    # Errors  Last Runtime    Last Run
------------------------------------------------------------------------------------------  -----  ---------  --------  ----------  --------------  -------------------
/workspaces/hands-on-introduction-data-engineering-4395021/airflow/dags/two_task_dag.py                              1           0  0.10s           2025-04-09T17:17:01
/workspaces/hands-on-introduction-data-engineering-4395021/airflow/dags/extract_csv_dag.py                           1           0  0.10s           2025-04-09T17:17:31
/workspaces/hands-on-introduction-data-engineering-4395021/airflow/dags/one_task_dag.py                              1           0  0.10s           2025-04-09T17:17:07
================================================================================
[2025-04-09T17:18:02.037+0000] {manager.py:889} INFO - 
================================================================================
DAG File Processing Stats

File Path                                                                                   PID    Runtime      # DAGs    # Errors  Last Runtime    Last Run
------------------------------------------------------------------------------------------  -----  ---------  --------  ----------  --------------  -------------------
/workspaces/hands-on-introduction-data-engineering-4395021/airflow/dags/two_task_dag.py                              1           0  0.10s           2025-04-09T17:17:32
/workspaces/hands-on-introduction-data-engineering-4395021/airflow/dags/extract_csv_dag.py                           1           0  0.10s           2025-04-09T17:18:02
/workspaces/hands-on-introduction-data-engineering-4395021/airflow/dags/one_task_dag.py                              1           0  0.10s           2025-04-09T17:17:50
================================================================================
[2025-04-09T17:18:32.370+0000] {manager.py:889} INFO - 
================================================================================
DAG File Processing Stats

File Path                                                                                   PID    Runtime      # DAGs    # Errors  Last Runtime    Last Run
------------------------------------------------------------------------------------------  -----  ---------  --------  ----------  --------------  -------------------
/workspaces/hands-on-introduction-data-engineering-4395021/airflow/dags/two_task_dag.py                              1           0  0.10s           2025-04-09T17:18:02
/workspaces/hands-on-introduction-data-engineering-4395021/airflow/dags/extract_csv_dag.py                           1           0  0.10s           2025-04-09T17:18:32
/workspaces/hands-on-introduction-data-engineering-4395021/airflow/dags/one_task_dag.py                              1           0  0.32s           2025-04-09T17:18:21
================================================================================
[2025-04-09T17:18:49.608+0000] {manager.py:758} INFO - Searching for files in /workspaces/hands-on-introduction-data-engineering-4395021/airflow/dags
[2025-04-09T17:18:49.609+0000] {manager.py:761} INFO - There are 3 files in /workspaces/hands-on-introduction-data-engineering-4395021/airflow/dags
[2025-04-09T17:19:02.648+0000] {manager.py:889} INFO - 
================================================================================
DAG File Processing Stats

File Path                                                                                   PID    Runtime      # DAGs    # Errors  Last Runtime    Last Run
------------------------------------------------------------------------------------------  -----  ---------  --------  ----------  --------------  -------------------
/workspaces/hands-on-introduction-data-engineering-4395021/airflow/dags/two_task_dag.py                              1           0  0.10s           2025-04-09T17:18:33
/workspaces/hands-on-introduction-data-engineering-4395021/airflow/dags/extract_csv_dag.py                           1           0  0.10s           2025-04-09T17:19:02
/workspaces/hands-on-introduction-data-engineering-4395021/airflow/dags/one_task_dag.py                              1           0  0.10s           2025-04-09T17:18:52
================================================================================
[2025-04-09T17:19:32.794+0000] {manager.py:889} INFO - 
================================================================================
DAG File Processing Stats

File Path                                                                                   PID    Runtime      # DAGs    # Errors  Last Runtime    Last Run
------------------------------------------------------------------------------------------  -----  ---------  --------  ----------  --------------  -------------------
/workspaces/hands-on-introduction-data-engineering-4395021/airflow/dags/two_task_dag.py                              1           0  0.10s           2025-04-09T17:19:03
/workspaces/hands-on-introduction-data-engineering-4395021/airflow/dags/extract_csv_dag.py                           1           0  0.10s           2025-04-09T17:19:32
/workspaces/hands-on-introduction-data-engineering-4395021/airflow/dags/one_task_dag.py                              1           0  0.10s           2025-04-09T17:19:22
================================================================================
[2025-04-09T17:20:03.007+0000] {manager.py:889} INFO - 
================================================================================
DAG File Processing Stats

File Path                                                                                   PID    Runtime      # DAGs    # Errors  Last Runtime    Last Run
------------------------------------------------------------------------------------------  -----  ---------  --------  ----------  --------------  -------------------
/workspaces/hands-on-introduction-data-engineering-4395021/airflow/dags/two_task_dag.py                              1           0  0.10s           2025-04-09T17:19:33
/workspaces/hands-on-introduction-data-engineering-4395021/airflow/dags/extract_csv_dag.py                           1           0  0.10s           2025-04-09T17:20:03
/workspaces/hands-on-introduction-data-engineering-4395021/airflow/dags/one_task_dag.py                              1           0  0.10s           2025-04-09T17:19:52
================================================================================
[2025-04-09T17:20:33.266+0000] {manager.py:889} INFO - 
================================================================================
DAG File Processing Stats

File Path                                                                                   PID    Runtime      # DAGs    # Errors  Last Runtime    Last Run
------------------------------------------------------------------------------------------  -----  ---------  --------  ----------  --------------  -------------------
/workspaces/hands-on-introduction-data-engineering-4395021/airflow/dags/two_task_dag.py                              1           0  0.10s           2025-04-09T17:20:03
/workspaces/hands-on-introduction-data-engineering-4395021/airflow/dags/extract_csv_dag.py                           1           0  0.10s           2025-04-09T17:20:33
/workspaces/hands-on-introduction-data-engineering-4395021/airflow/dags/one_task_dag.py                              1           0  0.10s           2025-04-09T17:20:23
================================================================================
[2025-04-09T17:21:03.410+0000] {manager.py:889} INFO - 
================================================================================
DAG File Processing Stats

File Path                                                                                   PID    Runtime      # DAGs    # Errors  Last Runtime    Last Run
------------------------------------------------------------------------------------------  -----  ---------  --------  ----------  --------------  -------------------
/workspaces/hands-on-introduction-data-engineering-4395021/airflow/dags/two_task_dag.py                              1           0  0.11s           2025-04-09T17:20:34
/workspaces/hands-on-introduction-data-engineering-4395021/airflow/dags/extract_csv_dag.py                           1           0  0.10s           2025-04-09T17:21:03
/workspaces/hands-on-introduction-data-engineering-4395021/airflow/dags/one_task_dag.py                              1           0  0.10s           2025-04-09T17:20:53
================================================================================
[2025-04-09T17:21:33.669+0000] {manager.py:889} INFO - 
================================================================================
DAG File Processing Stats

File Path                                                                                   PID    Runtime      # DAGs    # Errors  Last Runtime    Last Run
------------------------------------------------------------------------------------------  -----  ---------  --------  ----------  --------------  -------------------
/workspaces/hands-on-introduction-data-engineering-4395021/airflow/dags/two_task_dag.py                              1           0  0.11s           2025-04-09T17:21:04
/workspaces/hands-on-introduction-data-engineering-4395021/airflow/dags/extract_csv_dag.py                           1           0  0.10s           2025-04-09T17:21:33
/workspaces/hands-on-introduction-data-engineering-4395021/airflow/dags/one_task_dag.py                              1           0  0.10s           2025-04-09T17:21:23
================================================================================
[2025-04-09T17:22:04.088+0000] {manager.py:889} INFO - 
================================================================================
DAG File Processing Stats

File Path                                                                                   PID    Runtime      # DAGs    # Errors  Last Runtime    Last Run
------------------------------------------------------------------------------------------  -----  ---------  --------  ----------  --------------  -------------------
/workspaces/hands-on-introduction-data-engineering-4395021/airflow/dags/two_task_dag.py                              1           0  0.10s           2025-04-09T17:21:34
/workspaces/hands-on-introduction-data-engineering-4395021/airflow/dags/extract_csv_dag.py                           1           0  0.10s           2025-04-09T17:22:04
/workspaces/hands-on-introduction-data-engineering-4395021/airflow/dags/one_task_dag.py                              1           0  0.10s           2025-04-09T17:21:54
================================================================================
[2025-04-09T17:22:34.380+0000] {manager.py:889} INFO - 
================================================================================
DAG File Processing Stats

File Path                                                                                   PID    Runtime      # DAGs    # Errors  Last Runtime    Last Run
------------------------------------------------------------------------------------------  -----  ---------  --------  ----------  --------------  -------------------
/workspaces/hands-on-introduction-data-engineering-4395021/airflow/dags/two_task_dag.py                              1           0  0.10s           2025-04-09T17:22:04
/workspaces/hands-on-introduction-data-engineering-4395021/airflow/dags/extract_csv_dag.py                           1           0  0.10s           2025-04-09T17:22:34
/workspaces/hands-on-introduction-data-engineering-4395021/airflow/dags/one_task_dag.py                              1           0  0.10s           2025-04-09T17:22:25
================================================================================
[2025-04-09T17:23:04.707+0000] {manager.py:889} INFO - 
================================================================================
DAG File Processing Stats

File Path                                                                                   PID    Runtime      # DAGs    # Errors  Last Runtime    Last Run
------------------------------------------------------------------------------------------  -----  ---------  --------  ----------  --------------  -------------------
/workspaces/hands-on-introduction-data-engineering-4395021/airflow/dags/two_task_dag.py                              1           0  0.10s           2025-04-09T17:22:35
/workspaces/hands-on-introduction-data-engineering-4395021/airflow/dags/extract_csv_dag.py                           1           0  0.10s           2025-04-09T17:23:04
/workspaces/hands-on-introduction-data-engineering-4395021/airflow/dags/one_task_dag.py                              1           0  0.10s           2025-04-09T17:22:55
================================================================================
[2025-04-09T17:23:34.998+0000] {manager.py:889} INFO - 
================================================================================
DAG File Processing Stats

File Path                                                                                   PID    Runtime      # DAGs    # Errors  Last Runtime    Last Run
------------------------------------------------------------------------------------------  -----  ---------  --------  ----------  --------------  -------------------
/workspaces/hands-on-introduction-data-engineering-4395021/airflow/dags/two_task_dag.py                              1           0  0.10s           2025-04-09T17:23:05
/workspaces/hands-on-introduction-data-engineering-4395021/airflow/dags/extract_csv_dag.py                           1           0  0.10s           2025-04-09T17:23:34
/workspaces/hands-on-introduction-data-engineering-4395021/airflow/dags/one_task_dag.py                              1           0  0.10s           2025-04-09T17:23:25
================================================================================
[2025-04-09T17:23:49.645+0000] {manager.py:758} INFO - Searching for files in /workspaces/hands-on-introduction-data-engineering-4395021/airflow/dags
[2025-04-09T17:23:49.646+0000] {manager.py:761} INFO - There are 3 files in /workspaces/hands-on-introduction-data-engineering-4395021/airflow/dags
[2025-04-09T17:24:05.401+0000] {manager.py:889} INFO - 
================================================================================
DAG File Processing Stats

File Path                                                                                   PID    Runtime      # DAGs    # Errors  Last Runtime    Last Run
------------------------------------------------------------------------------------------  -----  ---------  --------  ----------  --------------  -------------------
/workspaces/hands-on-introduction-data-engineering-4395021/airflow/dags/two_task_dag.py                              1           0  0.10s           2025-04-09T17:23:35
/workspaces/hands-on-introduction-data-engineering-4395021/airflow/dags/extract_csv_dag.py                           1           0  0.10s           2025-04-09T17:24:05
/workspaces/hands-on-introduction-data-engineering-4395021/airflow/dags/one_task_dag.py                              1           0  0.21s           2025-04-09T17:23:56
================================================================================
[2025-04-09T17:24:36.049+0000] {manager.py:889} INFO - 
================================================================================
DAG File Processing Stats

File Path                                                                                   PID    Runtime      # DAGs    # Errors  Last Runtime    Last Run
------------------------------------------------------------------------------------------  -----  ---------  --------  ----------  --------------  -------------------
/workspaces/hands-on-introduction-data-engineering-4395021/airflow/dags/two_task_dag.py                              1           0  0.10s           2025-04-09T17:24:06
/workspaces/hands-on-introduction-data-engineering-4395021/airflow/dags/extract_csv_dag.py                           1           0  0.10s           2025-04-09T17:24:36
/workspaces/hands-on-introduction-data-engineering-4395021/airflow/dags/one_task_dag.py                              1           0  0.10s           2025-04-09T17:24:27
================================================================================
[2025-04-09T17:25:06.277+0000] {manager.py:889} INFO - 
================================================================================
DAG File Processing Stats

File Path                                                                                   PID    Runtime      # DAGs    # Errors  Last Runtime    Last Run
------------------------------------------------------------------------------------------  -----  ---------  --------  ----------  --------------  -------------------
/workspaces/hands-on-introduction-data-engineering-4395021/airflow/dags/two_task_dag.py                              1           0  0.10s           2025-04-09T17:24:37
/workspaces/hands-on-introduction-data-engineering-4395021/airflow/dags/extract_csv_dag.py                           1           0  0.11s           2025-04-09T17:25:06
/workspaces/hands-on-introduction-data-engineering-4395021/airflow/dags/one_task_dag.py                              1           0  0.11s           2025-04-09T17:24:57
================================================================================
[2025-04-09T17:25:36.395+0000] {manager.py:889} INFO - 
================================================================================
DAG File Processing Stats

File Path                                                                                   PID    Runtime      # DAGs    # Errors  Last Runtime    Last Run
------------------------------------------------------------------------------------------  -----  ---------  --------  ----------  --------------  -------------------
/workspaces/hands-on-introduction-data-engineering-4395021/airflow/dags/two_task_dag.py                              1           0  0.10s           2025-04-09T17:25:07
/workspaces/hands-on-introduction-data-engineering-4395021/airflow/dags/extract_csv_dag.py                           1           0  0.10s           2025-04-09T17:25:27
/workspaces/hands-on-introduction-data-engineering-4395021/airflow/dags/one_task_dag.py                              1           0  0.10s           2025-04-09T17:25:28
================================================================================
[2025-04-09T17:26:06.666+0000] {manager.py:889} INFO - 
================================================================================
DAG File Processing Stats

File Path                                                                                   PID    Runtime      # DAGs    # Errors  Last Runtime    Last Run
------------------------------------------------------------------------------------------  -----  ---------  --------  ----------  --------------  -------------------
/workspaces/hands-on-introduction-data-engineering-4395021/airflow/dags/two_task_dag.py                              1           0  0.10s           2025-04-09T17:25:37
/workspaces/hands-on-introduction-data-engineering-4395021/airflow/dags/extract_csv_dag.py                           1           0  0.20s           2025-04-09T17:25:58
/workspaces/hands-on-introduction-data-engineering-4395021/airflow/dags/one_task_dag.py                              1           0  0.10s           2025-04-09T17:25:59
================================================================================
[2025-04-09T17:26:36.860+0000] {manager.py:889} INFO - 
================================================================================
DAG File Processing Stats

File Path                                                                                   PID    Runtime      # DAGs    # Errors  Last Runtime    Last Run
------------------------------------------------------------------------------------------  -----  ---------  --------  ----------  --------------  -------------------
/workspaces/hands-on-introduction-data-engineering-4395021/airflow/dags/two_task_dag.py                              1           0  0.10s           2025-04-09T17:26:07
/workspaces/hands-on-introduction-data-engineering-4395021/airflow/dags/extract_csv_dag.py                           1           0  0.10s           2025-04-09T17:26:28
/workspaces/hands-on-introduction-data-engineering-4395021/airflow/dags/one_task_dag.py                              1           0  0.10s           2025-04-09T17:26:29
================================================================================
[2025-04-09T17:27:07.051+0000] {manager.py:889} INFO - 
================================================================================
DAG File Processing Stats

File Path                                                                                   PID    Runtime      # DAGs    # Errors  Last Runtime    Last Run
------------------------------------------------------------------------------------------  -----  ---------  --------  ----------  --------------  -------------------
/workspaces/hands-on-introduction-data-engineering-4395021/airflow/dags/two_task_dag.py                              1           0  0.10s           2025-04-09T17:26:37
/workspaces/hands-on-introduction-data-engineering-4395021/airflow/dags/extract_csv_dag.py                           1           0  0.10s           2025-04-09T17:26:58
/workspaces/hands-on-introduction-data-engineering-4395021/airflow/dags/one_task_dag.py                              1           0  0.10s           2025-04-09T17:27:00
================================================================================
[2025-04-09T17:27:37.233+0000] {manager.py:889} INFO - 
================================================================================
DAG File Processing Stats

File Path                                                                                   PID    Runtime      # DAGs    # Errors  Last Runtime    Last Run
------------------------------------------------------------------------------------------  -----  ---------  --------  ----------  --------------  -------------------
/workspaces/hands-on-introduction-data-engineering-4395021/airflow/dags/two_task_dag.py                              1           0  0.10s           2025-04-09T17:27:08
/workspaces/hands-on-introduction-data-engineering-4395021/airflow/dags/extract_csv_dag.py                           1           0  0.10s           2025-04-09T17:27:29
/workspaces/hands-on-introduction-data-engineering-4395021/airflow/dags/one_task_dag.py                              1           0  0.10s           2025-04-09T17:27:30
================================================================================
[2025-04-09T17:28:07.423+0000] {manager.py:889} INFO - 
================================================================================
DAG File Processing Stats

File Path                                                                                   PID    Runtime      # DAGs    # Errors  Last Runtime    Last Run
------------------------------------------------------------------------------------------  -----  ---------  --------  ----------  --------------  -------------------
/workspaces/hands-on-introduction-data-engineering-4395021/airflow/dags/two_task_dag.py                              1           0  0.10s           2025-04-09T17:27:38
/workspaces/hands-on-introduction-data-engineering-4395021/airflow/dags/extract_csv_dag.py                           1           0  0.10s           2025-04-09T17:27:59
/workspaces/hands-on-introduction-data-engineering-4395021/airflow/dags/one_task_dag.py                              1           0  0.10s           2025-04-09T17:28:00
================================================================================
[2025-04-09T17:28:37.614+0000] {manager.py:889} INFO - 
================================================================================
DAG File Processing Stats

File Path                                                                                   PID    Runtime      # DAGs    # Errors  Last Runtime    Last Run
------------------------------------------------------------------------------------------  -----  ---------  --------  ----------  --------------  -------------------
/workspaces/hands-on-introduction-data-engineering-4395021/airflow/dags/two_task_dag.py                              1           0  0.10s           2025-04-09T17:28:08
/workspaces/hands-on-introduction-data-engineering-4395021/airflow/dags/extract_csv_dag.py                           1           0  0.10s           2025-04-09T17:28:29
/workspaces/hands-on-introduction-data-engineering-4395021/airflow/dags/one_task_dag.py                              1           0  0.10s           2025-04-09T17:28:30
================================================================================
[2025-04-09T17:28:49.682+0000] {manager.py:758} INFO - Searching for files in /workspaces/hands-on-introduction-data-engineering-4395021/airflow/dags
[2025-04-09T17:28:49.683+0000] {manager.py:761} INFO - There are 3 files in /workspaces/hands-on-introduction-data-engineering-4395021/airflow/dags
