[2025-04-13T09:40:24.015+0000] {processor.py:157} INFO - Started process (PID=5875) to work on /workspaces/hands-on-introduction-data-engineering-4395021/airflow/dags/first_try/extract_dag.py
[2025-04-13T09:40:24.016+0000] {processor.py:826} INFO - Processing file /workspaces/hands-on-introduction-data-engineering-4395021/airflow/dags/first_try/extract_dag.py for tasks to queue
[2025-04-13T09:40:24.016+0000] {logging_mixin.py:150} INFO - [2025-04-13T09:40:24.016+0000] {dagbag.py:541} INFO - Filling up the DagBag from /workspaces/hands-on-introduction-data-engineering-4395021/airflow/dags/first_try/extract_dag.py
[2025-04-13T09:40:24.023+0000] {processor.py:836} INFO - DAG(s) dict_keys(['extract_dag']) retrieved from /workspaces/hands-on-introduction-data-engineering-4395021/airflow/dags/first_try/extract_dag.py
[2025-04-13T09:40:24.039+0000] {logging_mixin.py:150} INFO - [2025-04-13T09:40:24.039+0000] {dag.py:2742} INFO - Sync 1 DAGs
[2025-04-13T09:40:24.053+0000] {logging_mixin.py:150} INFO - [2025-04-13T09:40:24.052+0000] {dag.py:3504} INFO - Setting next_dagrun for extract_dag to None, run_after=None
[2025-04-13T09:40:24.080+0000] {processor.py:179} INFO - Processing /workspaces/hands-on-introduction-data-engineering-4395021/airflow/dags/first_try/extract_dag.py took 0.067 seconds
[2025-04-13T09:40:55.192+0000] {processor.py:157} INFO - Started process (PID=6122) to work on /workspaces/hands-on-introduction-data-engineering-4395021/airflow/dags/first_try/extract_dag.py
[2025-04-13T09:40:55.192+0000] {processor.py:826} INFO - Processing file /workspaces/hands-on-introduction-data-engineering-4395021/airflow/dags/first_try/extract_dag.py for tasks to queue
[2025-04-13T09:40:55.193+0000] {logging_mixin.py:150} INFO - [2025-04-13T09:40:55.193+0000] {dagbag.py:541} INFO - Filling up the DagBag from /workspaces/hands-on-introduction-data-engineering-4395021/airflow/dags/first_try/extract_dag.py
[2025-04-13T09:40:55.199+0000] {processor.py:836} INFO - DAG(s) dict_keys(['extract_dag']) retrieved from /workspaces/hands-on-introduction-data-engineering-4395021/airflow/dags/first_try/extract_dag.py
[2025-04-13T09:40:55.215+0000] {logging_mixin.py:150} INFO - [2025-04-13T09:40:55.215+0000] {dag.py:2742} INFO - Sync 1 DAGs
[2025-04-13T09:40:55.228+0000] {logging_mixin.py:150} INFO - [2025-04-13T09:40:55.228+0000] {dag.py:3504} INFO - Setting next_dagrun for extract_dag to None, run_after=None
[2025-04-13T09:40:55.244+0000] {processor.py:179} INFO - Processing /workspaces/hands-on-introduction-data-engineering-4395021/airflow/dags/first_try/extract_dag.py took 0.054 seconds
[2025-04-13T09:41:26.259+0000] {processor.py:157} INFO - Started process (PID=6321) to work on /workspaces/hands-on-introduction-data-engineering-4395021/airflow/dags/first_try/extract_dag.py
[2025-04-13T09:41:26.259+0000] {processor.py:826} INFO - Processing file /workspaces/hands-on-introduction-data-engineering-4395021/airflow/dags/first_try/extract_dag.py for tasks to queue
[2025-04-13T09:41:26.260+0000] {logging_mixin.py:150} INFO - [2025-04-13T09:41:26.260+0000] {dagbag.py:541} INFO - Filling up the DagBag from /workspaces/hands-on-introduction-data-engineering-4395021/airflow/dags/first_try/extract_dag.py
[2025-04-13T09:41:26.267+0000] {processor.py:836} INFO - DAG(s) dict_keys(['extract_dag']) retrieved from /workspaces/hands-on-introduction-data-engineering-4395021/airflow/dags/first_try/extract_dag.py
[2025-04-13T09:41:26.283+0000] {logging_mixin.py:150} INFO - [2025-04-13T09:41:26.283+0000] {dag.py:2742} INFO - Sync 1 DAGs
[2025-04-13T09:41:26.296+0000] {logging_mixin.py:150} INFO - [2025-04-13T09:41:26.296+0000] {dag.py:3504} INFO - Setting next_dagrun for extract_dag to None, run_after=None
[2025-04-13T09:41:26.312+0000] {processor.py:179} INFO - Processing /workspaces/hands-on-introduction-data-engineering-4395021/airflow/dags/first_try/extract_dag.py took 0.055 seconds
[2025-04-13T09:41:57.065+0000] {processor.py:157} INFO - Started process (PID=6505) to work on /workspaces/hands-on-introduction-data-engineering-4395021/airflow/dags/first_try/extract_dag.py
[2025-04-13T09:41:57.066+0000] {processor.py:826} INFO - Processing file /workspaces/hands-on-introduction-data-engineering-4395021/airflow/dags/first_try/extract_dag.py for tasks to queue
[2025-04-13T09:41:57.066+0000] {logging_mixin.py:150} INFO - [2025-04-13T09:41:57.066+0000] {dagbag.py:541} INFO - Filling up the DagBag from /workspaces/hands-on-introduction-data-engineering-4395021/airflow/dags/first_try/extract_dag.py
[2025-04-13T09:41:57.073+0000] {processor.py:836} INFO - DAG(s) dict_keys(['extract_dag']) retrieved from /workspaces/hands-on-introduction-data-engineering-4395021/airflow/dags/first_try/extract_dag.py
[2025-04-13T09:41:57.089+0000] {logging_mixin.py:150} INFO - [2025-04-13T09:41:57.089+0000] {dag.py:2742} INFO - Sync 1 DAGs
[2025-04-13T09:41:57.102+0000] {logging_mixin.py:150} INFO - [2025-04-13T09:41:57.102+0000] {dag.py:3504} INFO - Setting next_dagrun for extract_dag to None, run_after=None
[2025-04-13T09:41:57.115+0000] {processor.py:179} INFO - Processing /workspaces/hands-on-introduction-data-engineering-4395021/airflow/dags/first_try/extract_dag.py took 0.053 seconds
[2025-04-13T09:42:27.564+0000] {processor.py:157} INFO - Started process (PID=6700) to work on /workspaces/hands-on-introduction-data-engineering-4395021/airflow/dags/first_try/extract_dag.py
[2025-04-13T09:42:27.565+0000] {processor.py:826} INFO - Processing file /workspaces/hands-on-introduction-data-engineering-4395021/airflow/dags/first_try/extract_dag.py for tasks to queue
[2025-04-13T09:42:27.566+0000] {logging_mixin.py:150} INFO - [2025-04-13T09:42:27.565+0000] {dagbag.py:541} INFO - Filling up the DagBag from /workspaces/hands-on-introduction-data-engineering-4395021/airflow/dags/first_try/extract_dag.py
[2025-04-13T09:42:27.575+0000] {processor.py:836} INFO - DAG(s) dict_keys(['extract_dag']) retrieved from /workspaces/hands-on-introduction-data-engineering-4395021/airflow/dags/first_try/extract_dag.py
[2025-04-13T09:42:27.593+0000] {logging_mixin.py:150} INFO - [2025-04-13T09:42:27.593+0000] {dag.py:2742} INFO - Sync 1 DAGs
[2025-04-13T09:42:27.605+0000] {logging_mixin.py:150} INFO - [2025-04-13T09:42:27.605+0000] {dag.py:3504} INFO - Setting next_dagrun for extract_dag to None, run_after=None
[2025-04-13T09:42:27.618+0000] {processor.py:179} INFO - Processing /workspaces/hands-on-introduction-data-engineering-4395021/airflow/dags/first_try/extract_dag.py took 0.056 seconds
[2025-04-13T09:42:58.215+0000] {processor.py:157} INFO - Started process (PID=6903) to work on /workspaces/hands-on-introduction-data-engineering-4395021/airflow/dags/first_try/extract_dag.py
[2025-04-13T09:42:58.216+0000] {processor.py:826} INFO - Processing file /workspaces/hands-on-introduction-data-engineering-4395021/airflow/dags/first_try/extract_dag.py for tasks to queue
[2025-04-13T09:42:58.217+0000] {logging_mixin.py:150} INFO - [2025-04-13T09:42:58.216+0000] {dagbag.py:541} INFO - Filling up the DagBag from /workspaces/hands-on-introduction-data-engineering-4395021/airflow/dags/first_try/extract_dag.py
[2025-04-13T09:42:58.224+0000] {processor.py:836} INFO - DAG(s) dict_keys(['extract_dag']) retrieved from /workspaces/hands-on-introduction-data-engineering-4395021/airflow/dags/first_try/extract_dag.py
[2025-04-13T09:42:58.241+0000] {logging_mixin.py:150} INFO - [2025-04-13T09:42:58.240+0000] {dag.py:2742} INFO - Sync 1 DAGs
[2025-04-13T09:42:58.254+0000] {logging_mixin.py:150} INFO - [2025-04-13T09:42:58.254+0000] {dag.py:3504} INFO - Setting next_dagrun for extract_dag to None, run_after=None
[2025-04-13T09:42:58.268+0000] {processor.py:179} INFO - Processing /workspaces/hands-on-introduction-data-engineering-4395021/airflow/dags/first_try/extract_dag.py took 0.055 seconds
[2025-04-13T09:43:29.181+0000] {processor.py:157} INFO - Started process (PID=7108) to work on /workspaces/hands-on-introduction-data-engineering-4395021/airflow/dags/first_try/extract_dag.py
[2025-04-13T09:43:29.182+0000] {processor.py:826} INFO - Processing file /workspaces/hands-on-introduction-data-engineering-4395021/airflow/dags/first_try/extract_dag.py for tasks to queue
[2025-04-13T09:43:29.183+0000] {logging_mixin.py:150} INFO - [2025-04-13T09:43:29.183+0000] {dagbag.py:541} INFO - Filling up the DagBag from /workspaces/hands-on-introduction-data-engineering-4395021/airflow/dags/first_try/extract_dag.py
[2025-04-13T09:43:29.193+0000] {processor.py:836} INFO - DAG(s) dict_keys(['extract_dag']) retrieved from /workspaces/hands-on-introduction-data-engineering-4395021/airflow/dags/first_try/extract_dag.py
[2025-04-13T09:43:29.238+0000] {logging_mixin.py:150} INFO - [2025-04-13T09:43:29.238+0000] {dag.py:2742} INFO - Sync 1 DAGs
[2025-04-13T09:43:29.271+0000] {logging_mixin.py:150} INFO - [2025-04-13T09:43:29.271+0000] {dag.py:3504} INFO - Setting next_dagrun for extract_dag to None, run_after=None
[2025-04-13T09:43:29.311+0000] {processor.py:179} INFO - Processing /workspaces/hands-on-introduction-data-engineering-4395021/airflow/dags/first_try/extract_dag.py took 0.138 seconds
[2025-04-13T09:43:59.724+0000] {processor.py:157} INFO - Started process (PID=7304) to work on /workspaces/hands-on-introduction-data-engineering-4395021/airflow/dags/first_try/extract_dag.py
[2025-04-13T09:43:59.725+0000] {processor.py:826} INFO - Processing file /workspaces/hands-on-introduction-data-engineering-4395021/airflow/dags/first_try/extract_dag.py for tasks to queue
[2025-04-13T09:43:59.725+0000] {logging_mixin.py:150} INFO - [2025-04-13T09:43:59.725+0000] {dagbag.py:541} INFO - Filling up the DagBag from /workspaces/hands-on-introduction-data-engineering-4395021/airflow/dags/first_try/extract_dag.py
[2025-04-13T09:43:59.732+0000] {processor.py:836} INFO - DAG(s) dict_keys(['extract_dag']) retrieved from /workspaces/hands-on-introduction-data-engineering-4395021/airflow/dags/first_try/extract_dag.py
[2025-04-13T09:43:59.747+0000] {logging_mixin.py:150} INFO - [2025-04-13T09:43:59.747+0000] {dag.py:2742} INFO - Sync 1 DAGs
[2025-04-13T09:43:59.760+0000] {logging_mixin.py:150} INFO - [2025-04-13T09:43:59.760+0000] {dag.py:3504} INFO - Setting next_dagrun for extract_dag to None, run_after=None
[2025-04-13T09:43:59.773+0000] {processor.py:179} INFO - Processing /workspaces/hands-on-introduction-data-engineering-4395021/airflow/dags/first_try/extract_dag.py took 0.051 seconds
[2025-04-13T09:44:30.009+0000] {processor.py:157} INFO - Started process (PID=7496) to work on /workspaces/hands-on-introduction-data-engineering-4395021/airflow/dags/first_try/extract_dag.py
[2025-04-13T09:44:30.009+0000] {processor.py:826} INFO - Processing file /workspaces/hands-on-introduction-data-engineering-4395021/airflow/dags/first_try/extract_dag.py for tasks to queue
[2025-04-13T09:44:30.010+0000] {logging_mixin.py:150} INFO - [2025-04-13T09:44:30.010+0000] {dagbag.py:541} INFO - Filling up the DagBag from /workspaces/hands-on-introduction-data-engineering-4395021/airflow/dags/first_try/extract_dag.py
[2025-04-13T09:44:30.016+0000] {processor.py:836} INFO - DAG(s) dict_keys(['extract_dag']) retrieved from /workspaces/hands-on-introduction-data-engineering-4395021/airflow/dags/first_try/extract_dag.py
[2025-04-13T09:44:30.033+0000] {logging_mixin.py:150} INFO - [2025-04-13T09:44:30.033+0000] {dag.py:2742} INFO - Sync 1 DAGs
[2025-04-13T09:44:30.046+0000] {logging_mixin.py:150} INFO - [2025-04-13T09:44:30.046+0000] {dag.py:3504} INFO - Setting next_dagrun for extract_dag to None, run_after=None
[2025-04-13T09:44:30.058+0000] {processor.py:179} INFO - Processing /workspaces/hands-on-introduction-data-engineering-4395021/airflow/dags/first_try/extract_dag.py took 0.052 seconds
[2025-04-13T09:45:01.365+0000] {processor.py:157} INFO - Started process (PID=7692) to work on /workspaces/hands-on-introduction-data-engineering-4395021/airflow/dags/first_try/extract_dag.py
[2025-04-13T09:45:01.366+0000] {processor.py:826} INFO - Processing file /workspaces/hands-on-introduction-data-engineering-4395021/airflow/dags/first_try/extract_dag.py for tasks to queue
[2025-04-13T09:45:01.367+0000] {logging_mixin.py:150} INFO - [2025-04-13T09:45:01.366+0000] {dagbag.py:541} INFO - Filling up the DagBag from /workspaces/hands-on-introduction-data-engineering-4395021/airflow/dags/first_try/extract_dag.py
[2025-04-13T09:45:01.373+0000] {processor.py:836} INFO - DAG(s) dict_keys(['extract_dag']) retrieved from /workspaces/hands-on-introduction-data-engineering-4395021/airflow/dags/first_try/extract_dag.py
[2025-04-13T09:45:01.389+0000] {logging_mixin.py:150} INFO - [2025-04-13T09:45:01.389+0000] {dag.py:2742} INFO - Sync 1 DAGs
[2025-04-13T09:45:01.402+0000] {logging_mixin.py:150} INFO - [2025-04-13T09:45:01.402+0000] {dag.py:3504} INFO - Setting next_dagrun for extract_dag to None, run_after=None
[2025-04-13T09:45:01.415+0000] {processor.py:179} INFO - Processing /workspaces/hands-on-introduction-data-engineering-4395021/airflow/dags/first_try/extract_dag.py took 0.052 seconds
[2025-04-13T09:45:31.658+0000] {processor.py:157} INFO - Started process (PID=7888) to work on /workspaces/hands-on-introduction-data-engineering-4395021/airflow/dags/first_try/extract_dag.py
[2025-04-13T09:45:31.658+0000] {processor.py:826} INFO - Processing file /workspaces/hands-on-introduction-data-engineering-4395021/airflow/dags/first_try/extract_dag.py for tasks to queue
[2025-04-13T09:45:31.659+0000] {logging_mixin.py:150} INFO - [2025-04-13T09:45:31.659+0000] {dagbag.py:541} INFO - Filling up the DagBag from /workspaces/hands-on-introduction-data-engineering-4395021/airflow/dags/first_try/extract_dag.py
[2025-04-13T09:45:31.666+0000] {processor.py:836} INFO - DAG(s) dict_keys(['extract_dag']) retrieved from /workspaces/hands-on-introduction-data-engineering-4395021/airflow/dags/first_try/extract_dag.py
[2025-04-13T09:45:31.682+0000] {logging_mixin.py:150} INFO - [2025-04-13T09:45:31.682+0000] {dag.py:2742} INFO - Sync 1 DAGs
[2025-04-13T09:45:31.694+0000] {logging_mixin.py:150} INFO - [2025-04-13T09:45:31.694+0000] {dag.py:3504} INFO - Setting next_dagrun for extract_dag to None, run_after=None
[2025-04-13T09:45:31.710+0000] {processor.py:179} INFO - Processing /workspaces/hands-on-introduction-data-engineering-4395021/airflow/dags/first_try/extract_dag.py took 0.054 seconds
[2025-04-13T09:46:01.964+0000] {processor.py:157} INFO - Started process (PID=8069) to work on /workspaces/hands-on-introduction-data-engineering-4395021/airflow/dags/first_try/extract_dag.py
[2025-04-13T09:46:01.965+0000] {processor.py:826} INFO - Processing file /workspaces/hands-on-introduction-data-engineering-4395021/airflow/dags/first_try/extract_dag.py for tasks to queue
[2025-04-13T09:46:01.965+0000] {logging_mixin.py:150} INFO - [2025-04-13T09:46:01.965+0000] {dagbag.py:541} INFO - Filling up the DagBag from /workspaces/hands-on-introduction-data-engineering-4395021/airflow/dags/first_try/extract_dag.py
[2025-04-13T09:46:01.972+0000] {processor.py:836} INFO - DAG(s) dict_keys(['extract_dag']) retrieved from /workspaces/hands-on-introduction-data-engineering-4395021/airflow/dags/first_try/extract_dag.py
[2025-04-13T09:46:01.987+0000] {logging_mixin.py:150} INFO - [2025-04-13T09:46:01.987+0000] {dag.py:2742} INFO - Sync 1 DAGs
[2025-04-13T09:46:02.000+0000] {logging_mixin.py:150} INFO - [2025-04-13T09:46:01.999+0000] {dag.py:3504} INFO - Setting next_dagrun for extract_dag to None, run_after=None
[2025-04-13T09:46:02.012+0000] {processor.py:179} INFO - Processing /workspaces/hands-on-introduction-data-engineering-4395021/airflow/dags/first_try/extract_dag.py took 0.050 seconds
[2025-04-13T09:46:33.517+0000] {processor.py:157} INFO - Started process (PID=8277) to work on /workspaces/hands-on-introduction-data-engineering-4395021/airflow/dags/first_try/extract_dag.py
[2025-04-13T09:46:33.518+0000] {processor.py:826} INFO - Processing file /workspaces/hands-on-introduction-data-engineering-4395021/airflow/dags/first_try/extract_dag.py for tasks to queue
[2025-04-13T09:46:33.518+0000] {logging_mixin.py:150} INFO - [2025-04-13T09:46:33.518+0000] {dagbag.py:541} INFO - Filling up the DagBag from /workspaces/hands-on-introduction-data-engineering-4395021/airflow/dags/first_try/extract_dag.py
[2025-04-13T09:46:33.525+0000] {processor.py:836} INFO - DAG(s) dict_keys(['extract_dag']) retrieved from /workspaces/hands-on-introduction-data-engineering-4395021/airflow/dags/first_try/extract_dag.py
[2025-04-13T09:46:33.540+0000] {logging_mixin.py:150} INFO - [2025-04-13T09:46:33.540+0000] {dag.py:2742} INFO - Sync 1 DAGs
[2025-04-13T09:46:33.554+0000] {logging_mixin.py:150} INFO - [2025-04-13T09:46:33.554+0000] {dag.py:3504} INFO - Setting next_dagrun for extract_dag to None, run_after=None
[2025-04-13T09:46:33.567+0000] {processor.py:179} INFO - Processing /workspaces/hands-on-introduction-data-engineering-4395021/airflow/dags/first_try/extract_dag.py took 0.052 seconds
[2025-04-13T09:47:04.015+0000] {processor.py:157} INFO - Started process (PID=8476) to work on /workspaces/hands-on-introduction-data-engineering-4395021/airflow/dags/first_try/extract_dag.py
[2025-04-13T09:47:04.015+0000] {processor.py:826} INFO - Processing file /workspaces/hands-on-introduction-data-engineering-4395021/airflow/dags/first_try/extract_dag.py for tasks to queue
[2025-04-13T09:47:04.016+0000] {logging_mixin.py:150} INFO - [2025-04-13T09:47:04.016+0000] {dagbag.py:541} INFO - Filling up the DagBag from /workspaces/hands-on-introduction-data-engineering-4395021/airflow/dags/first_try/extract_dag.py
[2025-04-13T09:47:04.024+0000] {processor.py:836} INFO - DAG(s) dict_keys(['extract_dag']) retrieved from /workspaces/hands-on-introduction-data-engineering-4395021/airflow/dags/first_try/extract_dag.py
[2025-04-13T09:47:04.040+0000] {logging_mixin.py:150} INFO - [2025-04-13T09:47:04.040+0000] {dag.py:2742} INFO - Sync 1 DAGs
[2025-04-13T09:47:04.053+0000] {logging_mixin.py:150} INFO - [2025-04-13T09:47:04.053+0000] {dag.py:3504} INFO - Setting next_dagrun for extract_dag to None, run_after=None
[2025-04-13T09:47:04.066+0000] {processor.py:179} INFO - Processing /workspaces/hands-on-introduction-data-engineering-4395021/airflow/dags/first_try/extract_dag.py took 0.054 seconds
[2025-04-13T09:47:35.160+0000] {processor.py:157} INFO - Started process (PID=8686) to work on /workspaces/hands-on-introduction-data-engineering-4395021/airflow/dags/first_try/extract_dag.py
[2025-04-13T09:47:35.161+0000] {processor.py:826} INFO - Processing file /workspaces/hands-on-introduction-data-engineering-4395021/airflow/dags/first_try/extract_dag.py for tasks to queue
[2025-04-13T09:47:35.162+0000] {logging_mixin.py:150} INFO - [2025-04-13T09:47:35.161+0000] {dagbag.py:541} INFO - Filling up the DagBag from /workspaces/hands-on-introduction-data-engineering-4395021/airflow/dags/first_try/extract_dag.py
[2025-04-13T09:47:35.174+0000] {processor.py:836} INFO - DAG(s) dict_keys(['extract_dag']) retrieved from /workspaces/hands-on-introduction-data-engineering-4395021/airflow/dags/first_try/extract_dag.py
[2025-04-13T09:47:35.223+0000] {logging_mixin.py:150} INFO - [2025-04-13T09:47:35.222+0000] {dag.py:2742} INFO - Sync 1 DAGs
[2025-04-13T09:47:35.281+0000] {logging_mixin.py:150} INFO - [2025-04-13T09:47:35.281+0000] {dag.py:3504} INFO - Setting next_dagrun for extract_dag to None, run_after=None
[2025-04-13T09:47:35.334+0000] {processor.py:179} INFO - Processing /workspaces/hands-on-introduction-data-engineering-4395021/airflow/dags/first_try/extract_dag.py took 0.178 seconds
[2025-04-13T09:48:05.533+0000] {processor.py:157} INFO - Started process (PID=8872) to work on /workspaces/hands-on-introduction-data-engineering-4395021/airflow/dags/first_try/extract_dag.py
[2025-04-13T09:48:05.534+0000] {processor.py:826} INFO - Processing file /workspaces/hands-on-introduction-data-engineering-4395021/airflow/dags/first_try/extract_dag.py for tasks to queue
[2025-04-13T09:48:05.535+0000] {logging_mixin.py:150} INFO - [2025-04-13T09:48:05.535+0000] {dagbag.py:541} INFO - Filling up the DagBag from /workspaces/hands-on-introduction-data-engineering-4395021/airflow/dags/first_try/extract_dag.py
[2025-04-13T09:48:05.541+0000] {processor.py:836} INFO - DAG(s) dict_keys(['extract_dag']) retrieved from /workspaces/hands-on-introduction-data-engineering-4395021/airflow/dags/first_try/extract_dag.py
[2025-04-13T09:48:05.557+0000] {logging_mixin.py:150} INFO - [2025-04-13T09:48:05.557+0000] {dag.py:2742} INFO - Sync 1 DAGs
[2025-04-13T09:48:05.570+0000] {logging_mixin.py:150} INFO - [2025-04-13T09:48:05.570+0000] {dag.py:3504} INFO - Setting next_dagrun for extract_dag to None, run_after=None
[2025-04-13T09:48:05.583+0000] {processor.py:179} INFO - Processing /workspaces/hands-on-introduction-data-engineering-4395021/airflow/dags/first_try/extract_dag.py took 0.052 seconds
[2025-04-13T09:48:35.921+0000] {processor.py:157} INFO - Started process (PID=9078) to work on /workspaces/hands-on-introduction-data-engineering-4395021/airflow/dags/first_try/extract_dag.py
[2025-04-13T09:48:35.922+0000] {processor.py:826} INFO - Processing file /workspaces/hands-on-introduction-data-engineering-4395021/airflow/dags/first_try/extract_dag.py for tasks to queue
[2025-04-13T09:48:35.923+0000] {logging_mixin.py:150} INFO - [2025-04-13T09:48:35.922+0000] {dagbag.py:541} INFO - Filling up the DagBag from /workspaces/hands-on-introduction-data-engineering-4395021/airflow/dags/first_try/extract_dag.py
[2025-04-13T09:48:35.930+0000] {processor.py:836} INFO - DAG(s) dict_keys(['extract_dag']) retrieved from /workspaces/hands-on-introduction-data-engineering-4395021/airflow/dags/first_try/extract_dag.py
[2025-04-13T09:48:35.946+0000] {logging_mixin.py:150} INFO - [2025-04-13T09:48:35.945+0000] {dag.py:2742} INFO - Sync 1 DAGs
[2025-04-13T09:48:35.961+0000] {logging_mixin.py:150} INFO - [2025-04-13T09:48:35.961+0000] {dag.py:3504} INFO - Setting next_dagrun for extract_dag to None, run_after=None
[2025-04-13T09:48:35.974+0000] {processor.py:179} INFO - Processing /workspaces/hands-on-introduction-data-engineering-4395021/airflow/dags/first_try/extract_dag.py took 0.055 seconds
[2025-04-13T09:49:06.320+0000] {processor.py:157} INFO - Started process (PID=9287) to work on /workspaces/hands-on-introduction-data-engineering-4395021/airflow/dags/first_try/extract_dag.py
[2025-04-13T09:49:06.321+0000] {processor.py:826} INFO - Processing file /workspaces/hands-on-introduction-data-engineering-4395021/airflow/dags/first_try/extract_dag.py for tasks to queue
[2025-04-13T09:49:06.322+0000] {logging_mixin.py:150} INFO - [2025-04-13T09:49:06.321+0000] {dagbag.py:541} INFO - Filling up the DagBag from /workspaces/hands-on-introduction-data-engineering-4395021/airflow/dags/first_try/extract_dag.py
[2025-04-13T09:49:06.328+0000] {processor.py:836} INFO - DAG(s) dict_keys(['extract_dag']) retrieved from /workspaces/hands-on-introduction-data-engineering-4395021/airflow/dags/first_try/extract_dag.py
[2025-04-13T09:49:06.344+0000] {logging_mixin.py:150} INFO - [2025-04-13T09:49:06.344+0000] {dag.py:2742} INFO - Sync 1 DAGs
[2025-04-13T09:49:06.357+0000] {logging_mixin.py:150} INFO - [2025-04-13T09:49:06.357+0000] {dag.py:3504} INFO - Setting next_dagrun for extract_dag to None, run_after=None
[2025-04-13T09:49:06.370+0000] {processor.py:179} INFO - Processing /workspaces/hands-on-introduction-data-engineering-4395021/airflow/dags/first_try/extract_dag.py took 0.052 seconds
[2025-04-13T09:49:36.714+0000] {processor.py:157} INFO - Started process (PID=9473) to work on /workspaces/hands-on-introduction-data-engineering-4395021/airflow/dags/first_try/extract_dag.py
[2025-04-13T09:49:36.714+0000] {processor.py:826} INFO - Processing file /workspaces/hands-on-introduction-data-engineering-4395021/airflow/dags/first_try/extract_dag.py for tasks to queue
[2025-04-13T09:49:36.715+0000] {logging_mixin.py:150} INFO - [2025-04-13T09:49:36.715+0000] {dagbag.py:541} INFO - Filling up the DagBag from /workspaces/hands-on-introduction-data-engineering-4395021/airflow/dags/first_try/extract_dag.py
[2025-04-13T09:49:36.721+0000] {processor.py:836} INFO - DAG(s) dict_keys(['extract_dag']) retrieved from /workspaces/hands-on-introduction-data-engineering-4395021/airflow/dags/first_try/extract_dag.py
[2025-04-13T09:49:36.737+0000] {logging_mixin.py:150} INFO - [2025-04-13T09:49:36.737+0000] {dag.py:2742} INFO - Sync 1 DAGs
[2025-04-13T09:49:36.749+0000] {logging_mixin.py:150} INFO - [2025-04-13T09:49:36.749+0000] {dag.py:3504} INFO - Setting next_dagrun for extract_dag to None, run_after=None
[2025-04-13T09:49:36.762+0000] {processor.py:179} INFO - Processing /workspaces/hands-on-introduction-data-engineering-4395021/airflow/dags/first_try/extract_dag.py took 0.051 seconds
[2025-04-13T09:50:07.103+0000] {processor.py:157} INFO - Started process (PID=9654) to work on /workspaces/hands-on-introduction-data-engineering-4395021/airflow/dags/first_try/extract_dag.py
[2025-04-13T09:50:07.103+0000] {processor.py:826} INFO - Processing file /workspaces/hands-on-introduction-data-engineering-4395021/airflow/dags/first_try/extract_dag.py for tasks to queue
[2025-04-13T09:50:07.104+0000] {logging_mixin.py:150} INFO - [2025-04-13T09:50:07.104+0000] {dagbag.py:541} INFO - Filling up the DagBag from /workspaces/hands-on-introduction-data-engineering-4395021/airflow/dags/first_try/extract_dag.py
[2025-04-13T09:50:07.110+0000] {processor.py:836} INFO - DAG(s) dict_keys(['extract_dag']) retrieved from /workspaces/hands-on-introduction-data-engineering-4395021/airflow/dags/first_try/extract_dag.py
[2025-04-13T09:50:07.126+0000] {logging_mixin.py:150} INFO - [2025-04-13T09:50:07.126+0000] {dag.py:2742} INFO - Sync 1 DAGs
[2025-04-13T09:50:07.139+0000] {logging_mixin.py:150} INFO - [2025-04-13T09:50:07.139+0000] {dag.py:3504} INFO - Setting next_dagrun for extract_dag to None, run_after=None
[2025-04-13T09:50:07.153+0000] {processor.py:179} INFO - Processing /workspaces/hands-on-introduction-data-engineering-4395021/airflow/dags/first_try/extract_dag.py took 0.052 seconds
[2025-04-13T09:50:37.494+0000] {processor.py:157} INFO - Started process (PID=9840) to work on /workspaces/hands-on-introduction-data-engineering-4395021/airflow/dags/first_try/extract_dag.py
[2025-04-13T09:50:37.495+0000] {processor.py:826} INFO - Processing file /workspaces/hands-on-introduction-data-engineering-4395021/airflow/dags/first_try/extract_dag.py for tasks to queue
[2025-04-13T09:50:37.495+0000] {logging_mixin.py:150} INFO - [2025-04-13T09:50:37.495+0000] {dagbag.py:541} INFO - Filling up the DagBag from /workspaces/hands-on-introduction-data-engineering-4395021/airflow/dags/first_try/extract_dag.py
[2025-04-13T09:50:37.503+0000] {processor.py:836} INFO - DAG(s) dict_keys(['extract_dag']) retrieved from /workspaces/hands-on-introduction-data-engineering-4395021/airflow/dags/first_try/extract_dag.py
[2025-04-13T09:50:37.519+0000] {logging_mixin.py:150} INFO - [2025-04-13T09:50:37.519+0000] {dag.py:2742} INFO - Sync 1 DAGs
[2025-04-13T09:50:37.533+0000] {logging_mixin.py:150} INFO - [2025-04-13T09:50:37.533+0000] {dag.py:3504} INFO - Setting next_dagrun for extract_dag to None, run_after=None
[2025-04-13T09:50:37.547+0000] {processor.py:179} INFO - Processing /workspaces/hands-on-introduction-data-engineering-4395021/airflow/dags/first_try/extract_dag.py took 0.056 seconds
[2025-04-13T09:51:07.883+0000] {processor.py:157} INFO - Started process (PID=10026) to work on /workspaces/hands-on-introduction-data-engineering-4395021/airflow/dags/first_try/extract_dag.py
[2025-04-13T09:51:07.884+0000] {processor.py:826} INFO - Processing file /workspaces/hands-on-introduction-data-engineering-4395021/airflow/dags/first_try/extract_dag.py for tasks to queue
[2025-04-13T09:51:07.884+0000] {logging_mixin.py:150} INFO - [2025-04-13T09:51:07.884+0000] {dagbag.py:541} INFO - Filling up the DagBag from /workspaces/hands-on-introduction-data-engineering-4395021/airflow/dags/first_try/extract_dag.py
[2025-04-13T09:51:07.891+0000] {processor.py:836} INFO - DAG(s) dict_keys(['extract_dag']) retrieved from /workspaces/hands-on-introduction-data-engineering-4395021/airflow/dags/first_try/extract_dag.py
[2025-04-13T09:51:07.907+0000] {logging_mixin.py:150} INFO - [2025-04-13T09:51:07.906+0000] {dag.py:2742} INFO - Sync 1 DAGs
[2025-04-13T09:51:07.920+0000] {logging_mixin.py:150} INFO - [2025-04-13T09:51:07.919+0000] {dag.py:3504} INFO - Setting next_dagrun for extract_dag to None, run_after=None
[2025-04-13T09:51:07.932+0000] {processor.py:179} INFO - Processing /workspaces/hands-on-introduction-data-engineering-4395021/airflow/dags/first_try/extract_dag.py took 0.051 seconds
[2025-04-13T09:51:38.278+0000] {processor.py:157} INFO - Started process (PID=10207) to work on /workspaces/hands-on-introduction-data-engineering-4395021/airflow/dags/first_try/extract_dag.py
[2025-04-13T09:51:38.279+0000] {processor.py:826} INFO - Processing file /workspaces/hands-on-introduction-data-engineering-4395021/airflow/dags/first_try/extract_dag.py for tasks to queue
[2025-04-13T09:51:38.280+0000] {logging_mixin.py:150} INFO - [2025-04-13T09:51:38.280+0000] {dagbag.py:541} INFO - Filling up the DagBag from /workspaces/hands-on-introduction-data-engineering-4395021/airflow/dags/first_try/extract_dag.py
[2025-04-13T09:51:38.289+0000] {processor.py:836} INFO - DAG(s) dict_keys(['extract_dag']) retrieved from /workspaces/hands-on-introduction-data-engineering-4395021/airflow/dags/first_try/extract_dag.py
[2025-04-13T09:51:38.307+0000] {logging_mixin.py:150} INFO - [2025-04-13T09:51:38.307+0000] {dag.py:2742} INFO - Sync 1 DAGs
[2025-04-13T09:51:38.320+0000] {logging_mixin.py:150} INFO - [2025-04-13T09:51:38.320+0000] {dag.py:3504} INFO - Setting next_dagrun for extract_dag to None, run_after=None
[2025-04-13T09:51:38.333+0000] {processor.py:179} INFO - Processing /workspaces/hands-on-introduction-data-engineering-4395021/airflow/dags/first_try/extract_dag.py took 0.058 seconds
[2025-04-13T09:52:08.664+0000] {processor.py:157} INFO - Started process (PID=10406) to work on /workspaces/hands-on-introduction-data-engineering-4395021/airflow/dags/first_try/extract_dag.py
[2025-04-13T09:52:08.664+0000] {processor.py:826} INFO - Processing file /workspaces/hands-on-introduction-data-engineering-4395021/airflow/dags/first_try/extract_dag.py for tasks to queue
[2025-04-13T09:52:08.665+0000] {logging_mixin.py:150} INFO - [2025-04-13T09:52:08.665+0000] {dagbag.py:541} INFO - Filling up the DagBag from /workspaces/hands-on-introduction-data-engineering-4395021/airflow/dags/first_try/extract_dag.py
[2025-04-13T09:52:08.672+0000] {processor.py:836} INFO - DAG(s) dict_keys(['extract_dag']) retrieved from /workspaces/hands-on-introduction-data-engineering-4395021/airflow/dags/first_try/extract_dag.py
[2025-04-13T09:52:08.688+0000] {logging_mixin.py:150} INFO - [2025-04-13T09:52:08.688+0000] {dag.py:2742} INFO - Sync 1 DAGs
[2025-04-13T09:52:08.701+0000] {logging_mixin.py:150} INFO - [2025-04-13T09:52:08.701+0000] {dag.py:3504} INFO - Setting next_dagrun for extract_dag to None, run_after=None
[2025-04-13T09:52:08.715+0000] {processor.py:179} INFO - Processing /workspaces/hands-on-introduction-data-engineering-4395021/airflow/dags/first_try/extract_dag.py took 0.053 seconds
[2025-04-13T09:52:39.429+0000] {processor.py:157} INFO - Started process (PID=10600) to work on /workspaces/hands-on-introduction-data-engineering-4395021/airflow/dags/first_try/extract_dag.py
[2025-04-13T09:52:39.430+0000] {processor.py:826} INFO - Processing file /workspaces/hands-on-introduction-data-engineering-4395021/airflow/dags/first_try/extract_dag.py for tasks to queue
[2025-04-13T09:52:39.430+0000] {logging_mixin.py:150} INFO - [2025-04-13T09:52:39.430+0000] {dagbag.py:541} INFO - Filling up the DagBag from /workspaces/hands-on-introduction-data-engineering-4395021/airflow/dags/first_try/extract_dag.py
[2025-04-13T09:52:39.437+0000] {processor.py:836} INFO - DAG(s) dict_keys(['extract_dag']) retrieved from /workspaces/hands-on-introduction-data-engineering-4395021/airflow/dags/first_try/extract_dag.py
[2025-04-13T09:52:39.458+0000] {logging_mixin.py:150} INFO - [2025-04-13T09:52:39.458+0000] {dag.py:2742} INFO - Sync 1 DAGs
[2025-04-13T09:52:39.478+0000] {logging_mixin.py:150} INFO - [2025-04-13T09:52:39.478+0000] {dag.py:3504} INFO - Setting next_dagrun for extract_dag to None, run_after=None
[2025-04-13T09:52:39.495+0000] {processor.py:179} INFO - Processing /workspaces/hands-on-introduction-data-engineering-4395021/airflow/dags/first_try/extract_dag.py took 0.068 seconds
[2025-04-13T09:53:09.928+0000] {processor.py:157} INFO - Started process (PID=10787) to work on /workspaces/hands-on-introduction-data-engineering-4395021/airflow/dags/first_try/extract_dag.py
[2025-04-13T09:53:09.928+0000] {processor.py:826} INFO - Processing file /workspaces/hands-on-introduction-data-engineering-4395021/airflow/dags/first_try/extract_dag.py for tasks to queue
[2025-04-13T09:53:09.929+0000] {logging_mixin.py:150} INFO - [2025-04-13T09:53:09.929+0000] {dagbag.py:541} INFO - Filling up the DagBag from /workspaces/hands-on-introduction-data-engineering-4395021/airflow/dags/first_try/extract_dag.py
[2025-04-13T09:53:09.936+0000] {processor.py:836} INFO - DAG(s) dict_keys(['extract_dag']) retrieved from /workspaces/hands-on-introduction-data-engineering-4395021/airflow/dags/first_try/extract_dag.py
[2025-04-13T09:53:09.952+0000] {logging_mixin.py:150} INFO - [2025-04-13T09:53:09.951+0000] {dag.py:2742} INFO - Sync 1 DAGs
[2025-04-13T09:53:09.964+0000] {logging_mixin.py:150} INFO - [2025-04-13T09:53:09.964+0000] {dag.py:3504} INFO - Setting next_dagrun for extract_dag to None, run_after=None
[2025-04-13T09:53:09.977+0000] {processor.py:179} INFO - Processing /workspaces/hands-on-introduction-data-engineering-4395021/airflow/dags/first_try/extract_dag.py took 0.051 seconds
[2025-04-13T09:53:40.563+0000] {processor.py:157} INFO - Started process (PID=11000) to work on /workspaces/hands-on-introduction-data-engineering-4395021/airflow/dags/first_try/extract_dag.py
[2025-04-13T09:53:40.564+0000] {processor.py:826} INFO - Processing file /workspaces/hands-on-introduction-data-engineering-4395021/airflow/dags/first_try/extract_dag.py for tasks to queue
[2025-04-13T09:53:40.564+0000] {logging_mixin.py:150} INFO - [2025-04-13T09:53:40.564+0000] {dagbag.py:541} INFO - Filling up the DagBag from /workspaces/hands-on-introduction-data-engineering-4395021/airflow/dags/first_try/extract_dag.py
[2025-04-13T09:53:40.574+0000] {processor.py:836} INFO - DAG(s) dict_keys(['extract_dag']) retrieved from /workspaces/hands-on-introduction-data-engineering-4395021/airflow/dags/first_try/extract_dag.py
[2025-04-13T09:53:40.597+0000] {logging_mixin.py:150} INFO - [2025-04-13T09:53:40.597+0000] {dag.py:2742} INFO - Sync 1 DAGs
[2025-04-13T09:53:40.618+0000] {logging_mixin.py:150} INFO - [2025-04-13T09:53:40.618+0000] {dag.py:3504} INFO - Setting next_dagrun for extract_dag to None, run_after=None
[2025-04-13T09:53:40.637+0000] {processor.py:179} INFO - Processing /workspaces/hands-on-introduction-data-engineering-4395021/airflow/dags/first_try/extract_dag.py took 0.076 seconds
[2025-04-13T09:54:11.046+0000] {processor.py:157} INFO - Started process (PID=11198) to work on /workspaces/hands-on-introduction-data-engineering-4395021/airflow/dags/first_try/extract_dag.py
[2025-04-13T09:54:11.046+0000] {processor.py:826} INFO - Processing file /workspaces/hands-on-introduction-data-engineering-4395021/airflow/dags/first_try/extract_dag.py for tasks to queue
[2025-04-13T09:54:11.047+0000] {logging_mixin.py:150} INFO - [2025-04-13T09:54:11.047+0000] {dagbag.py:541} INFO - Filling up the DagBag from /workspaces/hands-on-introduction-data-engineering-4395021/airflow/dags/first_try/extract_dag.py
[2025-04-13T09:54:11.053+0000] {processor.py:836} INFO - DAG(s) dict_keys(['extract_dag']) retrieved from /workspaces/hands-on-introduction-data-engineering-4395021/airflow/dags/first_try/extract_dag.py
[2025-04-13T09:54:11.069+0000] {logging_mixin.py:150} INFO - [2025-04-13T09:54:11.069+0000] {dag.py:2742} INFO - Sync 1 DAGs
[2025-04-13T09:54:11.082+0000] {logging_mixin.py:150} INFO - [2025-04-13T09:54:11.081+0000] {dag.py:3504} INFO - Setting next_dagrun for extract_dag to None, run_after=None
[2025-04-13T09:54:11.095+0000] {processor.py:179} INFO - Processing /workspaces/hands-on-introduction-data-engineering-4395021/airflow/dags/first_try/extract_dag.py took 0.051 seconds
[2025-04-13T09:54:41.437+0000] {processor.py:157} INFO - Started process (PID=11385) to work on /workspaces/hands-on-introduction-data-engineering-4395021/airflow/dags/first_try/extract_dag.py
[2025-04-13T09:54:41.437+0000] {processor.py:826} INFO - Processing file /workspaces/hands-on-introduction-data-engineering-4395021/airflow/dags/first_try/extract_dag.py for tasks to queue
[2025-04-13T09:54:41.438+0000] {logging_mixin.py:150} INFO - [2025-04-13T09:54:41.438+0000] {dagbag.py:541} INFO - Filling up the DagBag from /workspaces/hands-on-introduction-data-engineering-4395021/airflow/dags/first_try/extract_dag.py
[2025-04-13T09:54:41.445+0000] {processor.py:836} INFO - DAG(s) dict_keys(['extract_dag']) retrieved from /workspaces/hands-on-introduction-data-engineering-4395021/airflow/dags/first_try/extract_dag.py
[2025-04-13T09:54:41.460+0000] {logging_mixin.py:150} INFO - [2025-04-13T09:54:41.460+0000] {dag.py:2742} INFO - Sync 1 DAGs
[2025-04-13T09:54:41.473+0000] {logging_mixin.py:150} INFO - [2025-04-13T09:54:41.473+0000] {dag.py:3504} INFO - Setting next_dagrun for extract_dag to None, run_after=None
[2025-04-13T09:54:41.486+0000] {processor.py:179} INFO - Processing /workspaces/hands-on-introduction-data-engineering-4395021/airflow/dags/first_try/extract_dag.py took 0.052 seconds
[2025-04-13T09:55:11.939+0000] {processor.py:157} INFO - Started process (PID=11571) to work on /workspaces/hands-on-introduction-data-engineering-4395021/airflow/dags/first_try/extract_dag.py
[2025-04-13T09:55:11.939+0000] {processor.py:826} INFO - Processing file /workspaces/hands-on-introduction-data-engineering-4395021/airflow/dags/first_try/extract_dag.py for tasks to queue
[2025-04-13T09:55:11.940+0000] {logging_mixin.py:150} INFO - [2025-04-13T09:55:11.940+0000] {dagbag.py:541} INFO - Filling up the DagBag from /workspaces/hands-on-introduction-data-engineering-4395021/airflow/dags/first_try/extract_dag.py
[2025-04-13T09:55:11.948+0000] {processor.py:836} INFO - DAG(s) dict_keys(['extract_dag']) retrieved from /workspaces/hands-on-introduction-data-engineering-4395021/airflow/dags/first_try/extract_dag.py
[2025-04-13T09:55:11.970+0000] {logging_mixin.py:150} INFO - [2025-04-13T09:55:11.970+0000] {dag.py:2742} INFO - Sync 1 DAGs
[2025-04-13T09:55:11.991+0000] {logging_mixin.py:150} INFO - [2025-04-13T09:55:11.990+0000] {dag.py:3504} INFO - Setting next_dagrun for extract_dag to None, run_after=None
[2025-04-13T09:55:12.006+0000] {processor.py:179} INFO - Processing /workspaces/hands-on-introduction-data-engineering-4395021/airflow/dags/first_try/extract_dag.py took 0.070 seconds
[2025-04-13T09:55:42.437+0000] {processor.py:157} INFO - Started process (PID=11752) to work on /workspaces/hands-on-introduction-data-engineering-4395021/airflow/dags/first_try/extract_dag.py
[2025-04-13T09:55:42.438+0000] {processor.py:826} INFO - Processing file /workspaces/hands-on-introduction-data-engineering-4395021/airflow/dags/first_try/extract_dag.py for tasks to queue
[2025-04-13T09:55:42.438+0000] {logging_mixin.py:150} INFO - [2025-04-13T09:55:42.438+0000] {dagbag.py:541} INFO - Filling up the DagBag from /workspaces/hands-on-introduction-data-engineering-4395021/airflow/dags/first_try/extract_dag.py
[2025-04-13T09:55:42.445+0000] {processor.py:836} INFO - DAG(s) dict_keys(['extract_dag']) retrieved from /workspaces/hands-on-introduction-data-engineering-4395021/airflow/dags/first_try/extract_dag.py
[2025-04-13T09:55:42.461+0000] {logging_mixin.py:150} INFO - [2025-04-13T09:55:42.461+0000] {dag.py:2742} INFO - Sync 1 DAGs
[2025-04-13T09:55:42.474+0000] {logging_mixin.py:150} INFO - [2025-04-13T09:55:42.474+0000] {dag.py:3504} INFO - Setting next_dagrun for extract_dag to None, run_after=None
[2025-04-13T09:55:42.487+0000] {processor.py:179} INFO - Processing /workspaces/hands-on-introduction-data-engineering-4395021/airflow/dags/first_try/extract_dag.py took 0.052 seconds
[2025-04-13T09:56:12.939+0000] {processor.py:157} INFO - Started process (PID=11952) to work on /workspaces/hands-on-introduction-data-engineering-4395021/airflow/dags/first_try/extract_dag.py
[2025-04-13T09:56:12.939+0000] {processor.py:826} INFO - Processing file /workspaces/hands-on-introduction-data-engineering-4395021/airflow/dags/first_try/extract_dag.py for tasks to queue
[2025-04-13T09:56:12.940+0000] {logging_mixin.py:150} INFO - [2025-04-13T09:56:12.940+0000] {dagbag.py:541} INFO - Filling up the DagBag from /workspaces/hands-on-introduction-data-engineering-4395021/airflow/dags/first_try/extract_dag.py
[2025-04-13T09:56:12.947+0000] {processor.py:836} INFO - DAG(s) dict_keys(['extract_dag']) retrieved from /workspaces/hands-on-introduction-data-engineering-4395021/airflow/dags/first_try/extract_dag.py
[2025-04-13T09:56:12.963+0000] {logging_mixin.py:150} INFO - [2025-04-13T09:56:12.963+0000] {dag.py:2742} INFO - Sync 1 DAGs
[2025-04-13T09:56:12.976+0000] {logging_mixin.py:150} INFO - [2025-04-13T09:56:12.976+0000] {dag.py:3504} INFO - Setting next_dagrun for extract_dag to None, run_after=None
[2025-04-13T09:56:12.990+0000] {processor.py:179} INFO - Processing /workspaces/hands-on-introduction-data-engineering-4395021/airflow/dags/first_try/extract_dag.py took 0.053 seconds
[2025-04-13T09:56:43.444+0000] {processor.py:157} INFO - Started process (PID=12161) to work on /workspaces/hands-on-introduction-data-engineering-4395021/airflow/dags/first_try/extract_dag.py
[2025-04-13T09:56:43.445+0000] {processor.py:826} INFO - Processing file /workspaces/hands-on-introduction-data-engineering-4395021/airflow/dags/first_try/extract_dag.py for tasks to queue
[2025-04-13T09:56:43.445+0000] {logging_mixin.py:150} INFO - [2025-04-13T09:56:43.445+0000] {dagbag.py:541} INFO - Filling up the DagBag from /workspaces/hands-on-introduction-data-engineering-4395021/airflow/dags/first_try/extract_dag.py
[2025-04-13T09:56:43.452+0000] {processor.py:836} INFO - DAG(s) dict_keys(['extract_dag']) retrieved from /workspaces/hands-on-introduction-data-engineering-4395021/airflow/dags/first_try/extract_dag.py
[2025-04-13T09:56:43.468+0000] {logging_mixin.py:150} INFO - [2025-04-13T09:56:43.468+0000] {dag.py:2742} INFO - Sync 1 DAGs
[2025-04-13T09:56:43.481+0000] {logging_mixin.py:150} INFO - [2025-04-13T09:56:43.481+0000] {dag.py:3504} INFO - Setting next_dagrun for extract_dag to None, run_after=None
[2025-04-13T09:56:43.494+0000] {processor.py:179} INFO - Processing /workspaces/hands-on-introduction-data-engineering-4395021/airflow/dags/first_try/extract_dag.py took 0.053 seconds
[2025-04-13T09:57:13.966+0000] {processor.py:157} INFO - Started process (PID=12365) to work on /workspaces/hands-on-introduction-data-engineering-4395021/airflow/dags/first_try/extract_dag.py
[2025-04-13T09:57:13.967+0000] {processor.py:826} INFO - Processing file /workspaces/hands-on-introduction-data-engineering-4395021/airflow/dags/first_try/extract_dag.py for tasks to queue
[2025-04-13T09:57:13.968+0000] {logging_mixin.py:150} INFO - [2025-04-13T09:57:13.967+0000] {dagbag.py:541} INFO - Filling up the DagBag from /workspaces/hands-on-introduction-data-engineering-4395021/airflow/dags/first_try/extract_dag.py
[2025-04-13T09:57:13.974+0000] {processor.py:836} INFO - DAG(s) dict_keys(['extract_dag']) retrieved from /workspaces/hands-on-introduction-data-engineering-4395021/airflow/dags/first_try/extract_dag.py
[2025-04-13T09:57:13.990+0000] {logging_mixin.py:150} INFO - [2025-04-13T09:57:13.990+0000] {dag.py:2742} INFO - Sync 1 DAGs
[2025-04-13T09:57:14.003+0000] {logging_mixin.py:150} INFO - [2025-04-13T09:57:14.002+0000] {dag.py:3504} INFO - Setting next_dagrun for extract_dag to None, run_after=None
[2025-04-13T09:57:14.016+0000] {processor.py:179} INFO - Processing /workspaces/hands-on-introduction-data-engineering-4395021/airflow/dags/first_try/extract_dag.py took 0.052 seconds
[2025-04-13T09:57:44.472+0000] {processor.py:157} INFO - Started process (PID=12579) to work on /workspaces/hands-on-introduction-data-engineering-4395021/airflow/dags/first_try/extract_dag.py
[2025-04-13T09:57:44.473+0000] {processor.py:826} INFO - Processing file /workspaces/hands-on-introduction-data-engineering-4395021/airflow/dags/first_try/extract_dag.py for tasks to queue
[2025-04-13T09:57:44.473+0000] {logging_mixin.py:150} INFO - [2025-04-13T09:57:44.473+0000] {dagbag.py:541} INFO - Filling up the DagBag from /workspaces/hands-on-introduction-data-engineering-4395021/airflow/dags/first_try/extract_dag.py
[2025-04-13T09:57:44.482+0000] {processor.py:836} INFO - DAG(s) dict_keys(['extract_dag']) retrieved from /workspaces/hands-on-introduction-data-engineering-4395021/airflow/dags/first_try/extract_dag.py
[2025-04-13T09:57:44.499+0000] {logging_mixin.py:150} INFO - [2025-04-13T09:57:44.499+0000] {dag.py:2742} INFO - Sync 1 DAGs
[2025-04-13T09:57:44.511+0000] {logging_mixin.py:150} INFO - [2025-04-13T09:57:44.511+0000] {dag.py:3504} INFO - Setting next_dagrun for extract_dag to None, run_after=None
[2025-04-13T09:57:44.526+0000] {processor.py:179} INFO - Processing /workspaces/hands-on-introduction-data-engineering-4395021/airflow/dags/first_try/extract_dag.py took 0.057 seconds
[2025-04-13T09:58:14.865+0000] {processor.py:157} INFO - Started process (PID=12766) to work on /workspaces/hands-on-introduction-data-engineering-4395021/airflow/dags/first_try/extract_dag.py
[2025-04-13T09:58:14.866+0000] {processor.py:826} INFO - Processing file /workspaces/hands-on-introduction-data-engineering-4395021/airflow/dags/first_try/extract_dag.py for tasks to queue
[2025-04-13T09:58:14.867+0000] {logging_mixin.py:150} INFO - [2025-04-13T09:58:14.866+0000] {dagbag.py:541} INFO - Filling up the DagBag from /workspaces/hands-on-introduction-data-engineering-4395021/airflow/dags/first_try/extract_dag.py
[2025-04-13T09:58:14.876+0000] {processor.py:836} INFO - DAG(s) dict_keys(['extract_dag']) retrieved from /workspaces/hands-on-introduction-data-engineering-4395021/airflow/dags/first_try/extract_dag.py
[2025-04-13T09:58:14.898+0000] {logging_mixin.py:150} INFO - [2025-04-13T09:58:14.898+0000] {dag.py:2742} INFO - Sync 1 DAGs
[2025-04-13T09:58:14.911+0000] {logging_mixin.py:150} INFO - [2025-04-13T09:58:14.911+0000] {dag.py:3504} INFO - Setting next_dagrun for extract_dag to None, run_after=None
[2025-04-13T09:58:14.925+0000] {processor.py:179} INFO - Processing /workspaces/hands-on-introduction-data-engineering-4395021/airflow/dags/first_try/extract_dag.py took 0.063 seconds
[2025-04-13T09:58:45.496+0000] {processor.py:157} INFO - Started process (PID=12974) to work on /workspaces/hands-on-introduction-data-engineering-4395021/airflow/dags/first_try/extract_dag.py
[2025-04-13T09:58:45.497+0000] {processor.py:826} INFO - Processing file /workspaces/hands-on-introduction-data-engineering-4395021/airflow/dags/first_try/extract_dag.py for tasks to queue
[2025-04-13T09:58:45.497+0000] {logging_mixin.py:150} INFO - [2025-04-13T09:58:45.497+0000] {dagbag.py:541} INFO - Filling up the DagBag from /workspaces/hands-on-introduction-data-engineering-4395021/airflow/dags/first_try/extract_dag.py
[2025-04-13T09:58:45.504+0000] {processor.py:836} INFO - DAG(s) dict_keys(['extract_dag']) retrieved from /workspaces/hands-on-introduction-data-engineering-4395021/airflow/dags/first_try/extract_dag.py
[2025-04-13T09:58:45.520+0000] {logging_mixin.py:150} INFO - [2025-04-13T09:58:45.520+0000] {dag.py:2742} INFO - Sync 1 DAGs
[2025-04-13T09:58:45.533+0000] {logging_mixin.py:150} INFO - [2025-04-13T09:58:45.532+0000] {dag.py:3504} INFO - Setting next_dagrun for extract_dag to None, run_after=None
[2025-04-13T09:58:45.551+0000] {processor.py:179} INFO - Processing /workspaces/hands-on-introduction-data-engineering-4395021/airflow/dags/first_try/extract_dag.py took 0.058 seconds
[2025-04-13T09:59:15.997+0000] {processor.py:157} INFO - Started process (PID=13186) to work on /workspaces/hands-on-introduction-data-engineering-4395021/airflow/dags/first_try/extract_dag.py
[2025-04-13T09:59:15.998+0000] {processor.py:826} INFO - Processing file /workspaces/hands-on-introduction-data-engineering-4395021/airflow/dags/first_try/extract_dag.py for tasks to queue
[2025-04-13T09:59:15.998+0000] {logging_mixin.py:150} INFO - [2025-04-13T09:59:15.998+0000] {dagbag.py:541} INFO - Filling up the DagBag from /workspaces/hands-on-introduction-data-engineering-4395021/airflow/dags/first_try/extract_dag.py
[2025-04-13T09:59:16.005+0000] {processor.py:836} INFO - DAG(s) dict_keys(['extract_dag']) retrieved from /workspaces/hands-on-introduction-data-engineering-4395021/airflow/dags/first_try/extract_dag.py
[2025-04-13T09:59:16.021+0000] {logging_mixin.py:150} INFO - [2025-04-13T09:59:16.021+0000] {dag.py:2742} INFO - Sync 1 DAGs
[2025-04-13T09:59:16.035+0000] {logging_mixin.py:150} INFO - [2025-04-13T09:59:16.034+0000] {dag.py:3504} INFO - Setting next_dagrun for extract_dag to None, run_after=None
[2025-04-13T09:59:16.048+0000] {processor.py:179} INFO - Processing /workspaces/hands-on-introduction-data-engineering-4395021/airflow/dags/first_try/extract_dag.py took 0.053 seconds
[2025-04-13T09:59:46.498+0000] {processor.py:157} INFO - Started process (PID=13384) to work on /workspaces/hands-on-introduction-data-engineering-4395021/airflow/dags/first_try/extract_dag.py
[2025-04-13T09:59:46.498+0000] {processor.py:826} INFO - Processing file /workspaces/hands-on-introduction-data-engineering-4395021/airflow/dags/first_try/extract_dag.py for tasks to queue
[2025-04-13T09:59:46.499+0000] {logging_mixin.py:150} INFO - [2025-04-13T09:59:46.499+0000] {dagbag.py:541} INFO - Filling up the DagBag from /workspaces/hands-on-introduction-data-engineering-4395021/airflow/dags/first_try/extract_dag.py
[2025-04-13T09:59:46.506+0000] {processor.py:836} INFO - DAG(s) dict_keys(['extract_dag']) retrieved from /workspaces/hands-on-introduction-data-engineering-4395021/airflow/dags/first_try/extract_dag.py
[2025-04-13T09:59:46.522+0000] {logging_mixin.py:150} INFO - [2025-04-13T09:59:46.522+0000] {dag.py:2742} INFO - Sync 1 DAGs
[2025-04-13T09:59:46.535+0000] {logging_mixin.py:150} INFO - [2025-04-13T09:59:46.535+0000] {dag.py:3504} INFO - Setting next_dagrun for extract_dag to None, run_after=None
[2025-04-13T09:59:46.548+0000] {processor.py:179} INFO - Processing /workspaces/hands-on-introduction-data-engineering-4395021/airflow/dags/first_try/extract_dag.py took 0.052 seconds
[2025-04-13T10:00:17.025+0000] {processor.py:157} INFO - Started process (PID=13600) to work on /workspaces/hands-on-introduction-data-engineering-4395021/airflow/dags/first_try/extract_dag.py
[2025-04-13T10:00:17.025+0000] {processor.py:826} INFO - Processing file /workspaces/hands-on-introduction-data-engineering-4395021/airflow/dags/first_try/extract_dag.py for tasks to queue
[2025-04-13T10:00:17.026+0000] {logging_mixin.py:150} INFO - [2025-04-13T10:00:17.026+0000] {dagbag.py:541} INFO - Filling up the DagBag from /workspaces/hands-on-introduction-data-engineering-4395021/airflow/dags/first_try/extract_dag.py
[2025-04-13T10:00:17.033+0000] {processor.py:836} INFO - DAG(s) dict_keys(['extract_dag']) retrieved from /workspaces/hands-on-introduction-data-engineering-4395021/airflow/dags/first_try/extract_dag.py
[2025-04-13T10:00:17.049+0000] {logging_mixin.py:150} INFO - [2025-04-13T10:00:17.049+0000] {dag.py:2742} INFO - Sync 1 DAGs
[2025-04-13T10:00:17.062+0000] {logging_mixin.py:150} INFO - [2025-04-13T10:00:17.062+0000] {dag.py:3504} INFO - Setting next_dagrun for extract_dag to None, run_after=None
[2025-04-13T10:00:17.075+0000] {processor.py:179} INFO - Processing /workspaces/hands-on-introduction-data-engineering-4395021/airflow/dags/first_try/extract_dag.py took 0.052 seconds
[2025-04-13T10:00:47.824+0000] {processor.py:157} INFO - Started process (PID=13814) to work on /workspaces/hands-on-introduction-data-engineering-4395021/airflow/dags/first_try/extract_dag.py
[2025-04-13T10:00:47.832+0000] {processor.py:826} INFO - Processing file /workspaces/hands-on-introduction-data-engineering-4395021/airflow/dags/first_try/extract_dag.py for tasks to queue
[2025-04-13T10:00:47.835+0000] {logging_mixin.py:150} INFO - [2025-04-13T10:00:47.835+0000] {dagbag.py:541} INFO - Filling up the DagBag from /workspaces/hands-on-introduction-data-engineering-4395021/airflow/dags/first_try/extract_dag.py
[2025-04-13T10:00:47.901+0000] {processor.py:836} INFO - DAG(s) dict_keys(['extract_dag']) retrieved from /workspaces/hands-on-introduction-data-engineering-4395021/airflow/dags/first_try/extract_dag.py
[2025-04-13T10:00:47.962+0000] {logging_mixin.py:150} INFO - [2025-04-13T10:00:47.962+0000] {dag.py:2742} INFO - Sync 1 DAGs
[2025-04-13T10:00:47.981+0000] {logging_mixin.py:150} INFO - [2025-04-13T10:00:47.981+0000] {dag.py:3504} INFO - Setting next_dagrun for extract_dag to None, run_after=None
[2025-04-13T10:00:47.995+0000] {processor.py:179} INFO - Processing /workspaces/hands-on-introduction-data-engineering-4395021/airflow/dags/first_try/extract_dag.py took 0.177 seconds
[2025-04-13T10:01:18.258+0000] {processor.py:157} INFO - Started process (PID=14013) to work on /workspaces/hands-on-introduction-data-engineering-4395021/airflow/dags/first_try/extract_dag.py
[2025-04-13T10:01:18.259+0000] {processor.py:826} INFO - Processing file /workspaces/hands-on-introduction-data-engineering-4395021/airflow/dags/first_try/extract_dag.py for tasks to queue
[2025-04-13T10:01:18.260+0000] {logging_mixin.py:150} INFO - [2025-04-13T10:01:18.259+0000] {dagbag.py:541} INFO - Filling up the DagBag from /workspaces/hands-on-introduction-data-engineering-4395021/airflow/dags/first_try/extract_dag.py
[2025-04-13T10:01:18.266+0000] {processor.py:836} INFO - DAG(s) dict_keys(['extract_dag']) retrieved from /workspaces/hands-on-introduction-data-engineering-4395021/airflow/dags/first_try/extract_dag.py
[2025-04-13T10:01:18.282+0000] {logging_mixin.py:150} INFO - [2025-04-13T10:01:18.282+0000] {dag.py:2742} INFO - Sync 1 DAGs
[2025-04-13T10:01:18.294+0000] {logging_mixin.py:150} INFO - [2025-04-13T10:01:18.294+0000] {dag.py:3504} INFO - Setting next_dagrun for extract_dag to None, run_after=None
[2025-04-13T10:01:18.307+0000] {processor.py:179} INFO - Processing /workspaces/hands-on-introduction-data-engineering-4395021/airflow/dags/first_try/extract_dag.py took 0.051 seconds
[2025-04-13T10:01:49.805+0000] {processor.py:157} INFO - Started process (PID=14239) to work on /workspaces/hands-on-introduction-data-engineering-4395021/airflow/dags/first_try/extract_dag.py
[2025-04-13T10:01:49.806+0000] {processor.py:826} INFO - Processing file /workspaces/hands-on-introduction-data-engineering-4395021/airflow/dags/first_try/extract_dag.py for tasks to queue
[2025-04-13T10:01:49.807+0000] {logging_mixin.py:150} INFO - [2025-04-13T10:01:49.806+0000] {dagbag.py:541} INFO - Filling up the DagBag from /workspaces/hands-on-introduction-data-engineering-4395021/airflow/dags/first_try/extract_dag.py
[2025-04-13T10:01:49.813+0000] {processor.py:836} INFO - DAG(s) dict_keys(['extract_dag']) retrieved from /workspaces/hands-on-introduction-data-engineering-4395021/airflow/dags/first_try/extract_dag.py
[2025-04-13T10:01:49.829+0000] {logging_mixin.py:150} INFO - [2025-04-13T10:01:49.829+0000] {dag.py:2742} INFO - Sync 1 DAGs
[2025-04-13T10:01:49.842+0000] {logging_mixin.py:150} INFO - [2025-04-13T10:01:49.842+0000] {dag.py:3504} INFO - Setting next_dagrun for extract_dag to None, run_after=None
[2025-04-13T10:01:49.856+0000] {processor.py:179} INFO - Processing /workspaces/hands-on-introduction-data-engineering-4395021/airflow/dags/first_try/extract_dag.py took 0.053 seconds
[2025-04-13T10:02:20.333+0000] {processor.py:157} INFO - Started process (PID=14456) to work on /workspaces/hands-on-introduction-data-engineering-4395021/airflow/dags/first_try/extract_dag.py
[2025-04-13T10:02:20.333+0000] {processor.py:826} INFO - Processing file /workspaces/hands-on-introduction-data-engineering-4395021/airflow/dags/first_try/extract_dag.py for tasks to queue
[2025-04-13T10:02:20.334+0000] {logging_mixin.py:150} INFO - [2025-04-13T10:02:20.334+0000] {dagbag.py:541} INFO - Filling up the DagBag from /workspaces/hands-on-introduction-data-engineering-4395021/airflow/dags/first_try/extract_dag.py
[2025-04-13T10:02:20.343+0000] {processor.py:836} INFO - DAG(s) dict_keys(['extract_dag']) retrieved from /workspaces/hands-on-introduction-data-engineering-4395021/airflow/dags/first_try/extract_dag.py
[2025-04-13T10:02:20.363+0000] {logging_mixin.py:150} INFO - [2025-04-13T10:02:20.363+0000] {dag.py:2742} INFO - Sync 1 DAGs
[2025-04-13T10:02:20.376+0000] {logging_mixin.py:150} INFO - [2025-04-13T10:02:20.376+0000] {dag.py:3504} INFO - Setting next_dagrun for extract_dag to None, run_after=None
[2025-04-13T10:02:20.393+0000] {processor.py:179} INFO - Processing /workspaces/hands-on-introduction-data-engineering-4395021/airflow/dags/first_try/extract_dag.py took 0.065 seconds
[2025-04-13T10:02:51.162+0000] {processor.py:157} INFO - Started process (PID=14668) to work on /workspaces/hands-on-introduction-data-engineering-4395021/airflow/dags/first_try/extract_dag.py
[2025-04-13T10:02:51.162+0000] {processor.py:826} INFO - Processing file /workspaces/hands-on-introduction-data-engineering-4395021/airflow/dags/first_try/extract_dag.py for tasks to queue
[2025-04-13T10:02:51.163+0000] {logging_mixin.py:150} INFO - [2025-04-13T10:02:51.163+0000] {dagbag.py:541} INFO - Filling up the DagBag from /workspaces/hands-on-introduction-data-engineering-4395021/airflow/dags/first_try/extract_dag.py
[2025-04-13T10:02:51.170+0000] {processor.py:836} INFO - DAG(s) dict_keys(['extract_dag']) retrieved from /workspaces/hands-on-introduction-data-engineering-4395021/airflow/dags/first_try/extract_dag.py
[2025-04-13T10:02:51.185+0000] {logging_mixin.py:150} INFO - [2025-04-13T10:02:51.185+0000] {dag.py:2742} INFO - Sync 1 DAGs
[2025-04-13T10:02:51.198+0000] {logging_mixin.py:150} INFO - [2025-04-13T10:02:51.198+0000] {dag.py:3504} INFO - Setting next_dagrun for extract_dag to None, run_after=None
[2025-04-13T10:02:51.219+0000] {processor.py:179} INFO - Processing /workspaces/hands-on-introduction-data-engineering-4395021/airflow/dags/first_try/extract_dag.py took 0.060 seconds
[2025-04-13T10:03:21.471+0000] {processor.py:157} INFO - Started process (PID=14873) to work on /workspaces/hands-on-introduction-data-engineering-4395021/airflow/dags/first_try/extract_dag.py
[2025-04-13T10:03:21.472+0000] {processor.py:826} INFO - Processing file /workspaces/hands-on-introduction-data-engineering-4395021/airflow/dags/first_try/extract_dag.py for tasks to queue
[2025-04-13T10:03:21.473+0000] {logging_mixin.py:150} INFO - [2025-04-13T10:03:21.472+0000] {dagbag.py:541} INFO - Filling up the DagBag from /workspaces/hands-on-introduction-data-engineering-4395021/airflow/dags/first_try/extract_dag.py
[2025-04-13T10:03:21.479+0000] {processor.py:836} INFO - DAG(s) dict_keys(['extract_dag']) retrieved from /workspaces/hands-on-introduction-data-engineering-4395021/airflow/dags/first_try/extract_dag.py
[2025-04-13T10:03:21.495+0000] {logging_mixin.py:150} INFO - [2025-04-13T10:03:21.495+0000] {dag.py:2742} INFO - Sync 1 DAGs
[2025-04-13T10:03:21.508+0000] {logging_mixin.py:150} INFO - [2025-04-13T10:03:21.508+0000] {dag.py:3504} INFO - Setting next_dagrun for extract_dag to None, run_after=None
[2025-04-13T10:03:21.521+0000] {processor.py:179} INFO - Processing /workspaces/hands-on-introduction-data-engineering-4395021/airflow/dags/first_try/extract_dag.py took 0.051 seconds
[2025-04-13T10:03:52.267+0000] {processor.py:157} INFO - Started process (PID=15180) to work on /workspaces/hands-on-introduction-data-engineering-4395021/airflow/dags/first_try/extract_dag.py
[2025-04-13T10:03:52.268+0000] {processor.py:826} INFO - Processing file /workspaces/hands-on-introduction-data-engineering-4395021/airflow/dags/first_try/extract_dag.py for tasks to queue
[2025-04-13T10:03:52.269+0000] {logging_mixin.py:150} INFO - [2025-04-13T10:03:52.269+0000] {dagbag.py:541} INFO - Filling up the DagBag from /workspaces/hands-on-introduction-data-engineering-4395021/airflow/dags/first_try/extract_dag.py
[2025-04-13T10:03:52.275+0000] {processor.py:836} INFO - DAG(s) dict_keys(['extract_dag']) retrieved from /workspaces/hands-on-introduction-data-engineering-4395021/airflow/dags/first_try/extract_dag.py
[2025-04-13T10:03:52.293+0000] {logging_mixin.py:150} INFO - [2025-04-13T10:03:52.293+0000] {dag.py:2742} INFO - Sync 1 DAGs
[2025-04-13T10:03:52.315+0000] {logging_mixin.py:150} INFO - [2025-04-13T10:03:52.314+0000] {dag.py:3504} INFO - Setting next_dagrun for extract_dag to None, run_after=None
[2025-04-13T10:03:52.334+0000] {processor.py:179} INFO - Processing /workspaces/hands-on-introduction-data-engineering-4395021/airflow/dags/first_try/extract_dag.py took 0.069 seconds
[2025-04-13T10:04:22.432+0000] {processor.py:157} INFO - Started process (PID=15425) to work on /workspaces/hands-on-introduction-data-engineering-4395021/airflow/dags/first_try/extract_dag.py
[2025-04-13T10:04:22.433+0000] {processor.py:826} INFO - Processing file /workspaces/hands-on-introduction-data-engineering-4395021/airflow/dags/first_try/extract_dag.py for tasks to queue
[2025-04-13T10:04:22.433+0000] {logging_mixin.py:150} INFO - [2025-04-13T10:04:22.433+0000] {dagbag.py:541} INFO - Filling up the DagBag from /workspaces/hands-on-introduction-data-engineering-4395021/airflow/dags/first_try/extract_dag.py
[2025-04-13T10:04:22.440+0000] {processor.py:836} INFO - DAG(s) dict_keys(['extract_dag']) retrieved from /workspaces/hands-on-introduction-data-engineering-4395021/airflow/dags/first_try/extract_dag.py
[2025-04-13T10:04:22.455+0000] {logging_mixin.py:150} INFO - [2025-04-13T10:04:22.455+0000] {dag.py:2742} INFO - Sync 1 DAGs
[2025-04-13T10:04:22.468+0000] {logging_mixin.py:150} INFO - [2025-04-13T10:04:22.468+0000] {dag.py:3504} INFO - Setting next_dagrun for extract_dag to None, run_after=None
[2025-04-13T10:04:22.481+0000] {processor.py:179} INFO - Processing /workspaces/hands-on-introduction-data-engineering-4395021/airflow/dags/first_try/extract_dag.py took 0.051 seconds
[2025-04-13T10:04:54.034+0000] {processor.py:157} INFO - Started process (PID=15642) to work on /workspaces/hands-on-introduction-data-engineering-4395021/airflow/dags/first_try/extract_dag.py
[2025-04-13T10:04:54.035+0000] {processor.py:826} INFO - Processing file /workspaces/hands-on-introduction-data-engineering-4395021/airflow/dags/first_try/extract_dag.py for tasks to queue
[2025-04-13T10:04:54.036+0000] {logging_mixin.py:150} INFO - [2025-04-13T10:04:54.036+0000] {dagbag.py:541} INFO - Filling up the DagBag from /workspaces/hands-on-introduction-data-engineering-4395021/airflow/dags/first_try/extract_dag.py
[2025-04-13T10:04:54.043+0000] {processor.py:836} INFO - DAG(s) dict_keys(['extract_dag']) retrieved from /workspaces/hands-on-introduction-data-engineering-4395021/airflow/dags/first_try/extract_dag.py
[2025-04-13T10:04:54.060+0000] {logging_mixin.py:150} INFO - [2025-04-13T10:04:54.060+0000] {dag.py:2742} INFO - Sync 1 DAGs
[2025-04-13T10:04:54.072+0000] {logging_mixin.py:150} INFO - [2025-04-13T10:04:54.072+0000] {dag.py:3504} INFO - Setting next_dagrun for extract_dag to None, run_after=None
[2025-04-13T10:04:54.085+0000] {processor.py:179} INFO - Processing /workspaces/hands-on-introduction-data-engineering-4395021/airflow/dags/first_try/extract_dag.py took 0.054 seconds
[2025-04-13T10:05:25.617+0000] {processor.py:157} INFO - Started process (PID=15871) to work on /workspaces/hands-on-introduction-data-engineering-4395021/airflow/dags/first_try/extract_dag.py
[2025-04-13T10:05:25.618+0000] {processor.py:826} INFO - Processing file /workspaces/hands-on-introduction-data-engineering-4395021/airflow/dags/first_try/extract_dag.py for tasks to queue
[2025-04-13T10:05:25.619+0000] {logging_mixin.py:150} INFO - [2025-04-13T10:05:25.618+0000] {dagbag.py:541} INFO - Filling up the DagBag from /workspaces/hands-on-introduction-data-engineering-4395021/airflow/dags/first_try/extract_dag.py
[2025-04-13T10:05:25.625+0000] {processor.py:836} INFO - DAG(s) dict_keys(['extract_dag']) retrieved from /workspaces/hands-on-introduction-data-engineering-4395021/airflow/dags/first_try/extract_dag.py
[2025-04-13T10:05:25.641+0000] {logging_mixin.py:150} INFO - [2025-04-13T10:05:25.641+0000] {dag.py:2742} INFO - Sync 1 DAGs
[2025-04-13T10:05:25.654+0000] {logging_mixin.py:150} INFO - [2025-04-13T10:05:25.654+0000] {dag.py:3504} INFO - Setting next_dagrun for extract_dag to None, run_after=None
[2025-04-13T10:05:25.667+0000] {processor.py:179} INFO - Processing /workspaces/hands-on-introduction-data-engineering-4395021/airflow/dags/first_try/extract_dag.py took 0.052 seconds
[2025-04-13T10:05:55.976+0000] {processor.py:157} INFO - Started process (PID=16079) to work on /workspaces/hands-on-introduction-data-engineering-4395021/airflow/dags/first_try/extract_dag.py
[2025-04-13T10:05:55.977+0000] {processor.py:826} INFO - Processing file /workspaces/hands-on-introduction-data-engineering-4395021/airflow/dags/first_try/extract_dag.py for tasks to queue
[2025-04-13T10:05:55.978+0000] {logging_mixin.py:150} INFO - [2025-04-13T10:05:55.978+0000] {dagbag.py:541} INFO - Filling up the DagBag from /workspaces/hands-on-introduction-data-engineering-4395021/airflow/dags/first_try/extract_dag.py
[2025-04-13T10:05:55.987+0000] {processor.py:836} INFO - DAG(s) dict_keys(['extract_dag']) retrieved from /workspaces/hands-on-introduction-data-engineering-4395021/airflow/dags/first_try/extract_dag.py
[2025-04-13T10:05:56.010+0000] {logging_mixin.py:150} INFO - [2025-04-13T10:05:56.010+0000] {dag.py:2742} INFO - Sync 1 DAGs
[2025-04-13T10:05:56.030+0000] {logging_mixin.py:150} INFO - [2025-04-13T10:05:56.029+0000] {dag.py:3504} INFO - Setting next_dagrun for extract_dag to None, run_after=None
[2025-04-13T10:05:56.043+0000] {processor.py:179} INFO - Processing /workspaces/hands-on-introduction-data-engineering-4395021/airflow/dags/first_try/extract_dag.py took 0.070 seconds
[2025-04-13T10:06:28.284+0000] {processor.py:157} INFO - Started process (PID=16305) to work on /workspaces/hands-on-introduction-data-engineering-4395021/airflow/dags/first_try/extract_dag.py
[2025-04-13T10:06:28.285+0000] {processor.py:826} INFO - Processing file /workspaces/hands-on-introduction-data-engineering-4395021/airflow/dags/first_try/extract_dag.py for tasks to queue
[2025-04-13T10:06:28.285+0000] {logging_mixin.py:150} INFO - [2025-04-13T10:06:28.285+0000] {dagbag.py:541} INFO - Filling up the DagBag from /workspaces/hands-on-introduction-data-engineering-4395021/airflow/dags/first_try/extract_dag.py
[2025-04-13T10:06:28.292+0000] {processor.py:836} INFO - DAG(s) dict_keys(['extract_dag']) retrieved from /workspaces/hands-on-introduction-data-engineering-4395021/airflow/dags/first_try/extract_dag.py
[2025-04-13T10:06:28.309+0000] {logging_mixin.py:150} INFO - [2025-04-13T10:06:28.309+0000] {dag.py:2742} INFO - Sync 1 DAGs
[2025-04-13T10:06:28.321+0000] {logging_mixin.py:150} INFO - [2025-04-13T10:06:28.321+0000] {dag.py:3504} INFO - Setting next_dagrun for extract_dag to None, run_after=None
[2025-04-13T10:06:28.335+0000] {processor.py:179} INFO - Processing /workspaces/hands-on-introduction-data-engineering-4395021/airflow/dags/first_try/extract_dag.py took 0.053 seconds
[2025-04-13T10:06:59.019+0000] {processor.py:157} INFO - Started process (PID=16502) to work on /workspaces/hands-on-introduction-data-engineering-4395021/airflow/dags/first_try/extract_dag.py
[2025-04-13T10:06:59.020+0000] {processor.py:826} INFO - Processing file /workspaces/hands-on-introduction-data-engineering-4395021/airflow/dags/first_try/extract_dag.py for tasks to queue
[2025-04-13T10:06:59.021+0000] {logging_mixin.py:150} INFO - [2025-04-13T10:06:59.020+0000] {dagbag.py:541} INFO - Filling up the DagBag from /workspaces/hands-on-introduction-data-engineering-4395021/airflow/dags/first_try/extract_dag.py
[2025-04-13T10:06:59.030+0000] {processor.py:836} INFO - DAG(s) dict_keys(['extract_dag']) retrieved from /workspaces/hands-on-introduction-data-engineering-4395021/airflow/dags/first_try/extract_dag.py
[2025-04-13T10:06:59.053+0000] {logging_mixin.py:150} INFO - [2025-04-13T10:06:59.053+0000] {dag.py:2742} INFO - Sync 1 DAGs
[2025-04-13T10:06:59.067+0000] {logging_mixin.py:150} INFO - [2025-04-13T10:06:59.066+0000] {dag.py:3504} INFO - Setting next_dagrun for extract_dag to None, run_after=None
[2025-04-13T10:06:59.081+0000] {processor.py:179} INFO - Processing /workspaces/hands-on-introduction-data-engineering-4395021/airflow/dags/first_try/extract_dag.py took 0.065 seconds
[2025-04-13T10:07:29.521+0000] {processor.py:157} INFO - Started process (PID=16716) to work on /workspaces/hands-on-introduction-data-engineering-4395021/airflow/dags/first_try/extract_dag.py
[2025-04-13T10:07:29.523+0000] {processor.py:826} INFO - Processing file /workspaces/hands-on-introduction-data-engineering-4395021/airflow/dags/first_try/extract_dag.py for tasks to queue
[2025-04-13T10:07:29.524+0000] {logging_mixin.py:150} INFO - [2025-04-13T10:07:29.523+0000] {dagbag.py:541} INFO - Filling up the DagBag from /workspaces/hands-on-introduction-data-engineering-4395021/airflow/dags/first_try/extract_dag.py
[2025-04-13T10:07:29.532+0000] {processor.py:836} INFO - DAG(s) dict_keys(['extract_dag']) retrieved from /workspaces/hands-on-introduction-data-engineering-4395021/airflow/dags/first_try/extract_dag.py
[2025-04-13T10:07:29.547+0000] {logging_mixin.py:150} INFO - [2025-04-13T10:07:29.547+0000] {dag.py:2742} INFO - Sync 1 DAGs
[2025-04-13T10:07:29.560+0000] {logging_mixin.py:150} INFO - [2025-04-13T10:07:29.560+0000] {dag.py:3504} INFO - Setting next_dagrun for extract_dag to None, run_after=None
[2025-04-13T10:07:29.573+0000] {processor.py:179} INFO - Processing /workspaces/hands-on-introduction-data-engineering-4395021/airflow/dags/first_try/extract_dag.py took 0.055 seconds
[2025-04-13T10:08:00.041+0000] {processor.py:157} INFO - Started process (PID=16922) to work on /workspaces/hands-on-introduction-data-engineering-4395021/airflow/dags/first_try/extract_dag.py
[2025-04-13T10:08:00.042+0000] {processor.py:826} INFO - Processing file /workspaces/hands-on-introduction-data-engineering-4395021/airflow/dags/first_try/extract_dag.py for tasks to queue
[2025-04-13T10:08:00.043+0000] {logging_mixin.py:150} INFO - [2025-04-13T10:08:00.042+0000] {dagbag.py:541} INFO - Filling up the DagBag from /workspaces/hands-on-introduction-data-engineering-4395021/airflow/dags/first_try/extract_dag.py
[2025-04-13T10:08:00.051+0000] {processor.py:836} INFO - DAG(s) dict_keys(['extract_dag']) retrieved from /workspaces/hands-on-introduction-data-engineering-4395021/airflow/dags/first_try/extract_dag.py
[2025-04-13T10:08:00.068+0000] {logging_mixin.py:150} INFO - [2025-04-13T10:08:00.068+0000] {dag.py:2742} INFO - Sync 1 DAGs
[2025-04-13T10:08:00.081+0000] {logging_mixin.py:150} INFO - [2025-04-13T10:08:00.081+0000] {dag.py:3504} INFO - Setting next_dagrun for extract_dag to None, run_after=None
[2025-04-13T10:08:00.094+0000] {processor.py:179} INFO - Processing /workspaces/hands-on-introduction-data-engineering-4395021/airflow/dags/first_try/extract_dag.py took 0.055 seconds
[2025-04-13T10:08:30.229+0000] {processor.py:157} INFO - Started process (PID=17125) to work on /workspaces/hands-on-introduction-data-engineering-4395021/airflow/dags/first_try/extract_dag.py
[2025-04-13T10:08:30.230+0000] {processor.py:826} INFO - Processing file /workspaces/hands-on-introduction-data-engineering-4395021/airflow/dags/first_try/extract_dag.py for tasks to queue
[2025-04-13T10:08:30.233+0000] {logging_mixin.py:150} INFO - [2025-04-13T10:08:30.233+0000] {dagbag.py:541} INFO - Filling up the DagBag from /workspaces/hands-on-introduction-data-engineering-4395021/airflow/dags/first_try/extract_dag.py
[2025-04-13T10:08:30.253+0000] {processor.py:836} INFO - DAG(s) dict_keys(['extract_dag']) retrieved from /workspaces/hands-on-introduction-data-engineering-4395021/airflow/dags/first_try/extract_dag.py
[2025-04-13T10:08:30.276+0000] {logging_mixin.py:150} INFO - [2025-04-13T10:08:30.276+0000] {dag.py:2742} INFO - Sync 1 DAGs
[2025-04-13T10:08:30.295+0000] {logging_mixin.py:150} INFO - [2025-04-13T10:08:30.295+0000] {dag.py:3504} INFO - Setting next_dagrun for extract_dag to None, run_after=None
[2025-04-13T10:08:30.315+0000] {processor.py:179} INFO - Processing /workspaces/hands-on-introduction-data-engineering-4395021/airflow/dags/first_try/extract_dag.py took 0.091 seconds
[2025-04-13T10:09:00.974+0000] {processor.py:157} INFO - Started process (PID=17330) to work on /workspaces/hands-on-introduction-data-engineering-4395021/airflow/dags/first_try/extract_dag.py
[2025-04-13T10:09:00.977+0000] {processor.py:826} INFO - Processing file /workspaces/hands-on-introduction-data-engineering-4395021/airflow/dags/first_try/extract_dag.py for tasks to queue
[2025-04-13T10:09:00.978+0000] {logging_mixin.py:150} INFO - [2025-04-13T10:09:00.977+0000] {dagbag.py:541} INFO - Filling up the DagBag from /workspaces/hands-on-introduction-data-engineering-4395021/airflow/dags/first_try/extract_dag.py
[2025-04-13T10:09:00.990+0000] {processor.py:836} INFO - DAG(s) dict_keys(['extract_dag']) retrieved from /workspaces/hands-on-introduction-data-engineering-4395021/airflow/dags/first_try/extract_dag.py
[2025-04-13T10:09:01.021+0000] {logging_mixin.py:150} INFO - [2025-04-13T10:09:01.021+0000] {dag.py:2742} INFO - Sync 1 DAGs
[2025-04-13T10:09:01.041+0000] {logging_mixin.py:150} INFO - [2025-04-13T10:09:01.041+0000] {dag.py:3504} INFO - Setting next_dagrun for extract_dag to None, run_after=None
[2025-04-13T10:09:01.059+0000] {processor.py:179} INFO - Processing /workspaces/hands-on-introduction-data-engineering-4395021/airflow/dags/first_try/extract_dag.py took 0.088 seconds
[2025-04-13T10:09:31.721+0000] {processor.py:157} INFO - Started process (PID=17526) to work on /workspaces/hands-on-introduction-data-engineering-4395021/airflow/dags/first_try/extract_dag.py
[2025-04-13T10:09:31.722+0000] {processor.py:826} INFO - Processing file /workspaces/hands-on-introduction-data-engineering-4395021/airflow/dags/first_try/extract_dag.py for tasks to queue
[2025-04-13T10:09:31.722+0000] {logging_mixin.py:150} INFO - [2025-04-13T10:09:31.722+0000] {dagbag.py:541} INFO - Filling up the DagBag from /workspaces/hands-on-introduction-data-engineering-4395021/airflow/dags/first_try/extract_dag.py
[2025-04-13T10:09:31.729+0000] {processor.py:836} INFO - DAG(s) dict_keys(['extract_dag']) retrieved from /workspaces/hands-on-introduction-data-engineering-4395021/airflow/dags/first_try/extract_dag.py
[2025-04-13T10:09:31.744+0000] {logging_mixin.py:150} INFO - [2025-04-13T10:09:31.744+0000] {dag.py:2742} INFO - Sync 1 DAGs
[2025-04-13T10:09:31.757+0000] {logging_mixin.py:150} INFO - [2025-04-13T10:09:31.757+0000] {dag.py:3504} INFO - Setting next_dagrun for extract_dag to None, run_after=None
[2025-04-13T10:09:31.770+0000] {processor.py:179} INFO - Processing /workspaces/hands-on-introduction-data-engineering-4395021/airflow/dags/first_try/extract_dag.py took 0.051 seconds
[2025-04-13T10:10:02.356+0000] {processor.py:157} INFO - Started process (PID=17731) to work on /workspaces/hands-on-introduction-data-engineering-4395021/airflow/dags/first_try/extract_dag.py
[2025-04-13T10:10:02.363+0000] {processor.py:826} INFO - Processing file /workspaces/hands-on-introduction-data-engineering-4395021/airflow/dags/first_try/extract_dag.py for tasks to queue
[2025-04-13T10:10:02.363+0000] {logging_mixin.py:150} INFO - [2025-04-13T10:10:02.363+0000] {dagbag.py:541} INFO - Filling up the DagBag from /workspaces/hands-on-introduction-data-engineering-4395021/airflow/dags/first_try/extract_dag.py
[2025-04-13T10:10:02.375+0000] {processor.py:836} INFO - DAG(s) dict_keys(['extract_dag']) retrieved from /workspaces/hands-on-introduction-data-engineering-4395021/airflow/dags/first_try/extract_dag.py
[2025-04-13T10:10:02.438+0000] {logging_mixin.py:150} INFO - [2025-04-13T10:10:02.438+0000] {dag.py:2742} INFO - Sync 1 DAGs
[2025-04-13T10:10:02.472+0000] {logging_mixin.py:150} INFO - [2025-04-13T10:10:02.472+0000] {dag.py:3504} INFO - Setting next_dagrun for extract_dag to None, run_after=None
[2025-04-13T10:10:02.486+0000] {processor.py:179} INFO - Processing /workspaces/hands-on-introduction-data-engineering-4395021/airflow/dags/first_try/extract_dag.py took 0.145 seconds
[2025-04-13T10:10:33.567+0000] {processor.py:157} INFO - Started process (PID=17939) to work on /workspaces/hands-on-introduction-data-engineering-4395021/airflow/dags/first_try/extract_dag.py
[2025-04-13T10:10:33.567+0000] {processor.py:826} INFO - Processing file /workspaces/hands-on-introduction-data-engineering-4395021/airflow/dags/first_try/extract_dag.py for tasks to queue
[2025-04-13T10:10:33.568+0000] {logging_mixin.py:150} INFO - [2025-04-13T10:10:33.568+0000] {dagbag.py:541} INFO - Filling up the DagBag from /workspaces/hands-on-introduction-data-engineering-4395021/airflow/dags/first_try/extract_dag.py
[2025-04-13T10:10:33.575+0000] {processor.py:836} INFO - DAG(s) dict_keys(['extract_dag']) retrieved from /workspaces/hands-on-introduction-data-engineering-4395021/airflow/dags/first_try/extract_dag.py
[2025-04-13T10:10:33.591+0000] {logging_mixin.py:150} INFO - [2025-04-13T10:10:33.591+0000] {dag.py:2742} INFO - Sync 1 DAGs
[2025-04-13T10:10:33.604+0000] {logging_mixin.py:150} INFO - [2025-04-13T10:10:33.604+0000] {dag.py:3504} INFO - Setting next_dagrun for extract_dag to None, run_after=None
[2025-04-13T10:10:33.617+0000] {processor.py:179} INFO - Processing /workspaces/hands-on-introduction-data-engineering-4395021/airflow/dags/first_try/extract_dag.py took 0.052 seconds
[2025-04-13T10:11:04.064+0000] {processor.py:157} INFO - Started process (PID=18127) to work on /workspaces/hands-on-introduction-data-engineering-4395021/airflow/dags/first_try/extract_dag.py
[2025-04-13T10:11:04.064+0000] {processor.py:826} INFO - Processing file /workspaces/hands-on-introduction-data-engineering-4395021/airflow/dags/first_try/extract_dag.py for tasks to queue
[2025-04-13T10:11:04.065+0000] {logging_mixin.py:150} INFO - [2025-04-13T10:11:04.065+0000] {dagbag.py:541} INFO - Filling up the DagBag from /workspaces/hands-on-introduction-data-engineering-4395021/airflow/dags/first_try/extract_dag.py
[2025-04-13T10:11:04.071+0000] {processor.py:836} INFO - DAG(s) dict_keys(['extract_dag']) retrieved from /workspaces/hands-on-introduction-data-engineering-4395021/airflow/dags/first_try/extract_dag.py
[2025-04-13T10:11:04.090+0000] {logging_mixin.py:150} INFO - [2025-04-13T10:11:04.090+0000] {dag.py:2742} INFO - Sync 1 DAGs
[2025-04-13T10:11:04.103+0000] {logging_mixin.py:150} INFO - [2025-04-13T10:11:04.103+0000] {dag.py:3504} INFO - Setting next_dagrun for extract_dag to None, run_after=None
[2025-04-13T10:11:04.116+0000] {processor.py:179} INFO - Processing /workspaces/hands-on-introduction-data-engineering-4395021/airflow/dags/first_try/extract_dag.py took 0.055 seconds
[2025-04-13T10:11:34.710+0000] {processor.py:157} INFO - Started process (PID=18317) to work on /workspaces/hands-on-introduction-data-engineering-4395021/airflow/dags/first_try/extract_dag.py
[2025-04-13T10:11:34.710+0000] {processor.py:826} INFO - Processing file /workspaces/hands-on-introduction-data-engineering-4395021/airflow/dags/first_try/extract_dag.py for tasks to queue
[2025-04-13T10:11:34.712+0000] {logging_mixin.py:150} INFO - [2025-04-13T10:11:34.711+0000] {dagbag.py:541} INFO - Filling up the DagBag from /workspaces/hands-on-introduction-data-engineering-4395021/airflow/dags/first_try/extract_dag.py
[2025-04-13T10:11:34.718+0000] {processor.py:836} INFO - DAG(s) dict_keys(['extract_dag']) retrieved from /workspaces/hands-on-introduction-data-engineering-4395021/airflow/dags/first_try/extract_dag.py
[2025-04-13T10:11:34.733+0000] {logging_mixin.py:150} INFO - [2025-04-13T10:11:34.733+0000] {dag.py:2742} INFO - Sync 1 DAGs
[2025-04-13T10:11:34.749+0000] {logging_mixin.py:150} INFO - [2025-04-13T10:11:34.749+0000] {dag.py:3504} INFO - Setting next_dagrun for extract_dag to None, run_after=None
[2025-04-13T10:11:34.761+0000] {processor.py:179} INFO - Processing /workspaces/hands-on-introduction-data-engineering-4395021/airflow/dags/first_try/extract_dag.py took 0.054 seconds
[2025-04-13T10:12:05.306+0000] {processor.py:157} INFO - Started process (PID=18499) to work on /workspaces/hands-on-introduction-data-engineering-4395021/airflow/dags/first_try/extract_dag.py
[2025-04-13T10:12:05.307+0000] {processor.py:826} INFO - Processing file /workspaces/hands-on-introduction-data-engineering-4395021/airflow/dags/first_try/extract_dag.py for tasks to queue
[2025-04-13T10:12:05.308+0000] {logging_mixin.py:150} INFO - [2025-04-13T10:12:05.307+0000] {dagbag.py:541} INFO - Filling up the DagBag from /workspaces/hands-on-introduction-data-engineering-4395021/airflow/dags/first_try/extract_dag.py
[2025-04-13T10:12:05.314+0000] {processor.py:836} INFO - DAG(s) dict_keys(['extract_dag']) retrieved from /workspaces/hands-on-introduction-data-engineering-4395021/airflow/dags/first_try/extract_dag.py
[2025-04-13T10:12:05.330+0000] {logging_mixin.py:150} INFO - [2025-04-13T10:12:05.330+0000] {dag.py:2742} INFO - Sync 1 DAGs
[2025-04-13T10:12:05.342+0000] {logging_mixin.py:150} INFO - [2025-04-13T10:12:05.342+0000] {dag.py:3504} INFO - Setting next_dagrun for extract_dag to None, run_after=None
[2025-04-13T10:12:05.355+0000] {processor.py:179} INFO - Processing /workspaces/hands-on-introduction-data-engineering-4395021/airflow/dags/first_try/extract_dag.py took 0.051 seconds
[2025-04-13T10:12:35.902+0000] {processor.py:157} INFO - Started process (PID=18686) to work on /workspaces/hands-on-introduction-data-engineering-4395021/airflow/dags/first_try/extract_dag.py
[2025-04-13T10:12:35.902+0000] {processor.py:826} INFO - Processing file /workspaces/hands-on-introduction-data-engineering-4395021/airflow/dags/first_try/extract_dag.py for tasks to queue
[2025-04-13T10:12:35.903+0000] {logging_mixin.py:150} INFO - [2025-04-13T10:12:35.903+0000] {dagbag.py:541} INFO - Filling up the DagBag from /workspaces/hands-on-introduction-data-engineering-4395021/airflow/dags/first_try/extract_dag.py
[2025-04-13T10:12:35.910+0000] {processor.py:836} INFO - DAG(s) dict_keys(['extract_dag']) retrieved from /workspaces/hands-on-introduction-data-engineering-4395021/airflow/dags/first_try/extract_dag.py
[2025-04-13T10:12:35.925+0000] {logging_mixin.py:150} INFO - [2025-04-13T10:12:35.925+0000] {dag.py:2742} INFO - Sync 1 DAGs
[2025-04-13T10:12:35.938+0000] {logging_mixin.py:150} INFO - [2025-04-13T10:12:35.938+0000] {dag.py:3504} INFO - Setting next_dagrun for extract_dag to None, run_after=None
[2025-04-13T10:12:35.953+0000] {processor.py:179} INFO - Processing /workspaces/hands-on-introduction-data-engineering-4395021/airflow/dags/first_try/extract_dag.py took 0.053 seconds
[2025-04-13T10:13:06.658+0000] {processor.py:157} INFO - Started process (PID=18882) to work on /workspaces/hands-on-introduction-data-engineering-4395021/airflow/dags/first_try/extract_dag.py
[2025-04-13T10:13:06.658+0000] {processor.py:826} INFO - Processing file /workspaces/hands-on-introduction-data-engineering-4395021/airflow/dags/first_try/extract_dag.py for tasks to queue
[2025-04-13T10:13:06.659+0000] {logging_mixin.py:150} INFO - [2025-04-13T10:13:06.659+0000] {dagbag.py:541} INFO - Filling up the DagBag from /workspaces/hands-on-introduction-data-engineering-4395021/airflow/dags/first_try/extract_dag.py
[2025-04-13T10:13:06.666+0000] {processor.py:836} INFO - DAG(s) dict_keys(['extract_dag']) retrieved from /workspaces/hands-on-introduction-data-engineering-4395021/airflow/dags/first_try/extract_dag.py
[2025-04-13T10:13:06.682+0000] {logging_mixin.py:150} INFO - [2025-04-13T10:13:06.681+0000] {dag.py:2742} INFO - Sync 1 DAGs
[2025-04-13T10:13:06.694+0000] {logging_mixin.py:150} INFO - [2025-04-13T10:13:06.694+0000] {dag.py:3504} INFO - Setting next_dagrun for extract_dag to None, run_after=None
[2025-04-13T10:13:06.709+0000] {processor.py:179} INFO - Processing /workspaces/hands-on-introduction-data-engineering-4395021/airflow/dags/first_try/extract_dag.py took 0.053 seconds
[2025-04-13T10:13:37.349+0000] {processor.py:157} INFO - Started process (PID=19064) to work on /workspaces/hands-on-introduction-data-engineering-4395021/airflow/dags/first_try/extract_dag.py
[2025-04-13T10:13:37.350+0000] {processor.py:826} INFO - Processing file /workspaces/hands-on-introduction-data-engineering-4395021/airflow/dags/first_try/extract_dag.py for tasks to queue
[2025-04-13T10:13:37.350+0000] {logging_mixin.py:150} INFO - [2025-04-13T10:13:37.350+0000] {dagbag.py:541} INFO - Filling up the DagBag from /workspaces/hands-on-introduction-data-engineering-4395021/airflow/dags/first_try/extract_dag.py
[2025-04-13T10:13:37.357+0000] {processor.py:836} INFO - DAG(s) dict_keys(['extract_dag']) retrieved from /workspaces/hands-on-introduction-data-engineering-4395021/airflow/dags/first_try/extract_dag.py
[2025-04-13T10:13:37.373+0000] {logging_mixin.py:150} INFO - [2025-04-13T10:13:37.373+0000] {dag.py:2742} INFO - Sync 1 DAGs
[2025-04-13T10:13:37.386+0000] {logging_mixin.py:150} INFO - [2025-04-13T10:13:37.385+0000] {dag.py:3504} INFO - Setting next_dagrun for extract_dag to None, run_after=None
[2025-04-13T10:13:37.403+0000] {processor.py:179} INFO - Processing /workspaces/hands-on-introduction-data-engineering-4395021/airflow/dags/first_try/extract_dag.py took 0.056 seconds
[2025-04-13T10:14:07.681+0000] {processor.py:157} INFO - Started process (PID=19250) to work on /workspaces/hands-on-introduction-data-engineering-4395021/airflow/dags/first_try/extract_dag.py
[2025-04-13T10:14:07.681+0000] {processor.py:826} INFO - Processing file /workspaces/hands-on-introduction-data-engineering-4395021/airflow/dags/first_try/extract_dag.py for tasks to queue
[2025-04-13T10:14:07.682+0000] {logging_mixin.py:150} INFO - [2025-04-13T10:14:07.682+0000] {dagbag.py:541} INFO - Filling up the DagBag from /workspaces/hands-on-introduction-data-engineering-4395021/airflow/dags/first_try/extract_dag.py
[2025-04-13T10:14:07.689+0000] {processor.py:836} INFO - DAG(s) dict_keys(['extract_dag']) retrieved from /workspaces/hands-on-introduction-data-engineering-4395021/airflow/dags/first_try/extract_dag.py
[2025-04-13T10:14:07.704+0000] {logging_mixin.py:150} INFO - [2025-04-13T10:14:07.704+0000] {dag.py:2742} INFO - Sync 1 DAGs
[2025-04-13T10:14:07.717+0000] {logging_mixin.py:150} INFO - [2025-04-13T10:14:07.717+0000] {dag.py:3504} INFO - Setting next_dagrun for extract_dag to None, run_after=None
[2025-04-13T10:14:07.730+0000] {processor.py:179} INFO - Processing /workspaces/hands-on-introduction-data-engineering-4395021/airflow/dags/first_try/extract_dag.py took 0.052 seconds
[2025-04-13T10:14:38.700+0000] {processor.py:157} INFO - Started process (PID=19451) to work on /workspaces/hands-on-introduction-data-engineering-4395021/airflow/dags/first_try/extract_dag.py
[2025-04-13T10:14:38.701+0000] {processor.py:826} INFO - Processing file /workspaces/hands-on-introduction-data-engineering-4395021/airflow/dags/first_try/extract_dag.py for tasks to queue
[2025-04-13T10:14:38.702+0000] {logging_mixin.py:150} INFO - [2025-04-13T10:14:38.701+0000] {dagbag.py:541} INFO - Filling up the DagBag from /workspaces/hands-on-introduction-data-engineering-4395021/airflow/dags/first_try/extract_dag.py
[2025-04-13T10:14:38.708+0000] {processor.py:836} INFO - DAG(s) dict_keys(['extract_dag']) retrieved from /workspaces/hands-on-introduction-data-engineering-4395021/airflow/dags/first_try/extract_dag.py
[2025-04-13T10:14:38.724+0000] {logging_mixin.py:150} INFO - [2025-04-13T10:14:38.724+0000] {dag.py:2742} INFO - Sync 1 DAGs
[2025-04-13T10:14:38.737+0000] {logging_mixin.py:150} INFO - [2025-04-13T10:14:38.737+0000] {dag.py:3504} INFO - Setting next_dagrun for extract_dag to None, run_after=None
[2025-04-13T10:14:38.751+0000] {processor.py:179} INFO - Processing /workspaces/hands-on-introduction-data-engineering-4395021/airflow/dags/first_try/extract_dag.py took 0.053 seconds
[2025-04-13T10:15:17.156+0000] {processor.py:157} INFO - Started process (PID=19695) to work on /workspaces/hands-on-introduction-data-engineering-4395021/airflow/dags/first_try/extract_dag.py
[2025-04-13T10:15:17.157+0000] {processor.py:826} INFO - Processing file /workspaces/hands-on-introduction-data-engineering-4395021/airflow/dags/first_try/extract_dag.py for tasks to queue
[2025-04-13T10:15:17.158+0000] {logging_mixin.py:150} INFO - [2025-04-13T10:15:17.157+0000] {dagbag.py:541} INFO - Filling up the DagBag from /workspaces/hands-on-introduction-data-engineering-4395021/airflow/dags/first_try/extract_dag.py
[2025-04-13T10:15:17.164+0000] {processor.py:836} INFO - DAG(s) dict_keys(['extract_dag']) retrieved from /workspaces/hands-on-introduction-data-engineering-4395021/airflow/dags/first_try/extract_dag.py
[2025-04-13T10:15:17.180+0000] {logging_mixin.py:150} INFO - [2025-04-13T10:15:17.180+0000] {dag.py:2742} INFO - Sync 1 DAGs
[2025-04-13T10:15:17.192+0000] {logging_mixin.py:150} INFO - [2025-04-13T10:15:17.192+0000] {dag.py:3504} INFO - Setting next_dagrun for extract_dag to None, run_after=None
[2025-04-13T10:15:17.205+0000] {processor.py:179} INFO - Processing /workspaces/hands-on-introduction-data-engineering-4395021/airflow/dags/first_try/extract_dag.py took 0.051 seconds
[2025-04-13T10:15:47.591+0000] {processor.py:157} INFO - Started process (PID=19877) to work on /workspaces/hands-on-introduction-data-engineering-4395021/airflow/dags/first_try/extract_dag.py
[2025-04-13T10:15:47.592+0000] {processor.py:826} INFO - Processing file /workspaces/hands-on-introduction-data-engineering-4395021/airflow/dags/first_try/extract_dag.py for tasks to queue
[2025-04-13T10:15:47.593+0000] {logging_mixin.py:150} INFO - [2025-04-13T10:15:47.592+0000] {dagbag.py:541} INFO - Filling up the DagBag from /workspaces/hands-on-introduction-data-engineering-4395021/airflow/dags/first_try/extract_dag.py
[2025-04-13T10:15:47.599+0000] {processor.py:836} INFO - DAG(s) dict_keys(['extract_dag']) retrieved from /workspaces/hands-on-introduction-data-engineering-4395021/airflow/dags/first_try/extract_dag.py
[2025-04-13T10:15:47.615+0000] {logging_mixin.py:150} INFO - [2025-04-13T10:15:47.615+0000] {dag.py:2742} INFO - Sync 1 DAGs
[2025-04-13T10:15:47.628+0000] {logging_mixin.py:150} INFO - [2025-04-13T10:15:47.628+0000] {dag.py:3504} INFO - Setting next_dagrun for extract_dag to None, run_after=None
[2025-04-13T10:15:47.641+0000] {processor.py:179} INFO - Processing /workspaces/hands-on-introduction-data-engineering-4395021/airflow/dags/first_try/extract_dag.py took 0.052 seconds
[2025-04-13T10:16:19.212+0000] {processor.py:157} INFO - Started process (PID=20071) to work on /workspaces/hands-on-introduction-data-engineering-4395021/airflow/dags/first_try/extract_dag.py
[2025-04-13T10:16:19.213+0000] {processor.py:826} INFO - Processing file /workspaces/hands-on-introduction-data-engineering-4395021/airflow/dags/first_try/extract_dag.py for tasks to queue
[2025-04-13T10:16:19.213+0000] {logging_mixin.py:150} INFO - [2025-04-13T10:16:19.213+0000] {dagbag.py:541} INFO - Filling up the DagBag from /workspaces/hands-on-introduction-data-engineering-4395021/airflow/dags/first_try/extract_dag.py
[2025-04-13T10:16:19.220+0000] {processor.py:836} INFO - DAG(s) dict_keys(['extract_dag']) retrieved from /workspaces/hands-on-introduction-data-engineering-4395021/airflow/dags/first_try/extract_dag.py
[2025-04-13T10:16:19.236+0000] {logging_mixin.py:150} INFO - [2025-04-13T10:16:19.236+0000] {dag.py:2742} INFO - Sync 1 DAGs
[2025-04-13T10:16:19.248+0000] {logging_mixin.py:150} INFO - [2025-04-13T10:16:19.248+0000] {dag.py:3504} INFO - Setting next_dagrun for extract_dag to None, run_after=None
[2025-04-13T10:16:19.261+0000] {processor.py:179} INFO - Processing /workspaces/hands-on-introduction-data-engineering-4395021/airflow/dags/first_try/extract_dag.py took 0.052 seconds
[2025-04-13T10:16:49.816+0000] {processor.py:157} INFO - Started process (PID=20259) to work on /workspaces/hands-on-introduction-data-engineering-4395021/airflow/dags/first_try/extract_dag.py
[2025-04-13T10:16:49.817+0000] {processor.py:826} INFO - Processing file /workspaces/hands-on-introduction-data-engineering-4395021/airflow/dags/first_try/extract_dag.py for tasks to queue
[2025-04-13T10:16:49.817+0000] {logging_mixin.py:150} INFO - [2025-04-13T10:16:49.817+0000] {dagbag.py:541} INFO - Filling up the DagBag from /workspaces/hands-on-introduction-data-engineering-4395021/airflow/dags/first_try/extract_dag.py
[2025-04-13T10:16:49.824+0000] {processor.py:836} INFO - DAG(s) dict_keys(['extract_dag']) retrieved from /workspaces/hands-on-introduction-data-engineering-4395021/airflow/dags/first_try/extract_dag.py
[2025-04-13T10:16:49.840+0000] {logging_mixin.py:150} INFO - [2025-04-13T10:16:49.839+0000] {dag.py:2742} INFO - Sync 1 DAGs
[2025-04-13T10:16:49.852+0000] {logging_mixin.py:150} INFO - [2025-04-13T10:16:49.852+0000] {dag.py:3504} INFO - Setting next_dagrun for extract_dag to None, run_after=None
[2025-04-13T10:16:49.864+0000] {processor.py:179} INFO - Processing /workspaces/hands-on-introduction-data-engineering-4395021/airflow/dags/first_try/extract_dag.py took 0.051 seconds
[2025-04-13T10:17:20.407+0000] {processor.py:157} INFO - Started process (PID=20446) to work on /workspaces/hands-on-introduction-data-engineering-4395021/airflow/dags/first_try/extract_dag.py
[2025-04-13T10:17:20.408+0000] {processor.py:826} INFO - Processing file /workspaces/hands-on-introduction-data-engineering-4395021/airflow/dags/first_try/extract_dag.py for tasks to queue
[2025-04-13T10:17:20.408+0000] {logging_mixin.py:150} INFO - [2025-04-13T10:17:20.408+0000] {dagbag.py:541} INFO - Filling up the DagBag from /workspaces/hands-on-introduction-data-engineering-4395021/airflow/dags/first_try/extract_dag.py
[2025-04-13T10:17:20.415+0000] {processor.py:836} INFO - DAG(s) dict_keys(['extract_dag']) retrieved from /workspaces/hands-on-introduction-data-engineering-4395021/airflow/dags/first_try/extract_dag.py
[2025-04-13T10:17:20.432+0000] {logging_mixin.py:150} INFO - [2025-04-13T10:17:20.431+0000] {dag.py:2742} INFO - Sync 1 DAGs
[2025-04-13T10:17:20.444+0000] {logging_mixin.py:150} INFO - [2025-04-13T10:17:20.444+0000] {dag.py:3504} INFO - Setting next_dagrun for extract_dag to None, run_after=None
[2025-04-13T10:17:20.461+0000] {processor.py:179} INFO - Processing /workspaces/hands-on-introduction-data-engineering-4395021/airflow/dags/first_try/extract_dag.py took 0.056 seconds
[2025-04-13T10:17:50.978+0000] {processor.py:157} INFO - Started process (PID=20628) to work on /workspaces/hands-on-introduction-data-engineering-4395021/airflow/dags/first_try/extract_dag.py
[2025-04-13T10:17:50.978+0000] {processor.py:826} INFO - Processing file /workspaces/hands-on-introduction-data-engineering-4395021/airflow/dags/first_try/extract_dag.py for tasks to queue
[2025-04-13T10:17:50.979+0000] {logging_mixin.py:150} INFO - [2025-04-13T10:17:50.979+0000] {dagbag.py:541} INFO - Filling up the DagBag from /workspaces/hands-on-introduction-data-engineering-4395021/airflow/dags/first_try/extract_dag.py
[2025-04-13T10:17:50.986+0000] {processor.py:836} INFO - DAG(s) dict_keys(['extract_dag']) retrieved from /workspaces/hands-on-introduction-data-engineering-4395021/airflow/dags/first_try/extract_dag.py
[2025-04-13T10:17:51.002+0000] {logging_mixin.py:150} INFO - [2025-04-13T10:17:51.001+0000] {dag.py:2742} INFO - Sync 1 DAGs
[2025-04-13T10:17:51.015+0000] {logging_mixin.py:150} INFO - [2025-04-13T10:17:51.015+0000] {dag.py:3504} INFO - Setting next_dagrun for extract_dag to None, run_after=None
[2025-04-13T10:17:51.028+0000] {processor.py:179} INFO - Processing /workspaces/hands-on-introduction-data-engineering-4395021/airflow/dags/first_try/extract_dag.py took 0.052 seconds
[2025-04-13T10:18:22.533+0000] {processor.py:157} INFO - Started process (PID=20817) to work on /workspaces/hands-on-introduction-data-engineering-4395021/airflow/dags/first_try/extract_dag.py
[2025-04-13T10:18:22.534+0000] {processor.py:826} INFO - Processing file /workspaces/hands-on-introduction-data-engineering-4395021/airflow/dags/first_try/extract_dag.py for tasks to queue
[2025-04-13T10:18:22.534+0000] {logging_mixin.py:150} INFO - [2025-04-13T10:18:22.534+0000] {dagbag.py:541} INFO - Filling up the DagBag from /workspaces/hands-on-introduction-data-engineering-4395021/airflow/dags/first_try/extract_dag.py
[2025-04-13T10:18:22.541+0000] {processor.py:836} INFO - DAG(s) dict_keys(['extract_dag']) retrieved from /workspaces/hands-on-introduction-data-engineering-4395021/airflow/dags/first_try/extract_dag.py
[2025-04-13T10:18:22.556+0000] {logging_mixin.py:150} INFO - [2025-04-13T10:18:22.556+0000] {dag.py:2742} INFO - Sync 1 DAGs
[2025-04-13T10:18:22.569+0000] {logging_mixin.py:150} INFO - [2025-04-13T10:18:22.569+0000] {dag.py:3504} INFO - Setting next_dagrun for extract_dag to None, run_after=None
[2025-04-13T10:18:22.582+0000] {processor.py:179} INFO - Processing /workspaces/hands-on-introduction-data-engineering-4395021/airflow/dags/first_try/extract_dag.py took 0.051 seconds
[2025-04-13T10:18:53.822+0000] {processor.py:157} INFO - Started process (PID=21033) to work on /workspaces/hands-on-introduction-data-engineering-4395021/airflow/dags/first_try/extract_dag.py
[2025-04-13T10:18:53.823+0000] {processor.py:826} INFO - Processing file /workspaces/hands-on-introduction-data-engineering-4395021/airflow/dags/first_try/extract_dag.py for tasks to queue
[2025-04-13T10:18:53.824+0000] {logging_mixin.py:150} INFO - [2025-04-13T10:18:53.824+0000] {dagbag.py:541} INFO - Filling up the DagBag from /workspaces/hands-on-introduction-data-engineering-4395021/airflow/dags/first_try/extract_dag.py
[2025-04-13T10:18:53.833+0000] {processor.py:836} INFO - DAG(s) dict_keys(['extract_dag']) retrieved from /workspaces/hands-on-introduction-data-engineering-4395021/airflow/dags/first_try/extract_dag.py
[2025-04-13T10:18:53.858+0000] {logging_mixin.py:150} INFO - [2025-04-13T10:18:53.857+0000] {dag.py:2742} INFO - Sync 1 DAGs
[2025-04-13T10:18:53.879+0000] {logging_mixin.py:150} INFO - [2025-04-13T10:18:53.879+0000] {dag.py:3504} INFO - Setting next_dagrun for extract_dag to None, run_after=None
[2025-04-13T10:18:53.893+0000] {processor.py:179} INFO - Processing /workspaces/hands-on-introduction-data-engineering-4395021/airflow/dags/first_try/extract_dag.py took 0.074 seconds
[2025-04-13T10:19:24.436+0000] {processor.py:157} INFO - Started process (PID=21250) to work on /workspaces/hands-on-introduction-data-engineering-4395021/airflow/dags/first_try/extract_dag.py
[2025-04-13T10:19:24.437+0000] {processor.py:826} INFO - Processing file /workspaces/hands-on-introduction-data-engineering-4395021/airflow/dags/first_try/extract_dag.py for tasks to queue
[2025-04-13T10:19:24.438+0000] {logging_mixin.py:150} INFO - [2025-04-13T10:19:24.438+0000] {dagbag.py:541} INFO - Filling up the DagBag from /workspaces/hands-on-introduction-data-engineering-4395021/airflow/dags/first_try/extract_dag.py
[2025-04-13T10:19:24.445+0000] {processor.py:836} INFO - DAG(s) dict_keys(['extract_dag']) retrieved from /workspaces/hands-on-introduction-data-engineering-4395021/airflow/dags/first_try/extract_dag.py
[2025-04-13T10:19:24.463+0000] {logging_mixin.py:150} INFO - [2025-04-13T10:19:24.463+0000] {dag.py:2742} INFO - Sync 1 DAGs
[2025-04-13T10:19:24.482+0000] {logging_mixin.py:150} INFO - [2025-04-13T10:19:24.482+0000] {dag.py:3504} INFO - Setting next_dagrun for extract_dag to None, run_after=None
[2025-04-13T10:19:24.511+0000] {processor.py:179} INFO - Processing /workspaces/hands-on-introduction-data-engineering-4395021/airflow/dags/first_try/extract_dag.py took 0.079 seconds
[2025-04-13T10:19:56.525+0000] {processor.py:157} INFO - Started process (PID=21472) to work on /workspaces/hands-on-introduction-data-engineering-4395021/airflow/dags/first_try/extract_dag.py
[2025-04-13T10:19:56.525+0000] {processor.py:826} INFO - Processing file /workspaces/hands-on-introduction-data-engineering-4395021/airflow/dags/first_try/extract_dag.py for tasks to queue
[2025-04-13T10:19:56.526+0000] {logging_mixin.py:150} INFO - [2025-04-13T10:19:56.526+0000] {dagbag.py:541} INFO - Filling up the DagBag from /workspaces/hands-on-introduction-data-engineering-4395021/airflow/dags/first_try/extract_dag.py
[2025-04-13T10:19:56.532+0000] {processor.py:836} INFO - DAG(s) dict_keys(['extract_dag']) retrieved from /workspaces/hands-on-introduction-data-engineering-4395021/airflow/dags/first_try/extract_dag.py
[2025-04-13T10:19:56.549+0000] {logging_mixin.py:150} INFO - [2025-04-13T10:19:56.548+0000] {dag.py:2742} INFO - Sync 1 DAGs
[2025-04-13T10:19:56.561+0000] {logging_mixin.py:150} INFO - [2025-04-13T10:19:56.561+0000] {dag.py:3504} INFO - Setting next_dagrun for extract_dag to None, run_after=None
[2025-04-13T10:19:56.574+0000] {processor.py:179} INFO - Processing /workspaces/hands-on-introduction-data-engineering-4395021/airflow/dags/first_try/extract_dag.py took 0.051 seconds
[2025-04-13T10:20:27.129+0000] {processor.py:157} INFO - Started process (PID=21679) to work on /workspaces/hands-on-introduction-data-engineering-4395021/airflow/dags/first_try/extract_dag.py
[2025-04-13T10:20:27.130+0000] {processor.py:826} INFO - Processing file /workspaces/hands-on-introduction-data-engineering-4395021/airflow/dags/first_try/extract_dag.py for tasks to queue
[2025-04-13T10:20:27.131+0000] {logging_mixin.py:150} INFO - [2025-04-13T10:20:27.130+0000] {dagbag.py:541} INFO - Filling up the DagBag from /workspaces/hands-on-introduction-data-engineering-4395021/airflow/dags/first_try/extract_dag.py
[2025-04-13T10:20:27.137+0000] {processor.py:836} INFO - DAG(s) dict_keys(['extract_dag']) retrieved from /workspaces/hands-on-introduction-data-engineering-4395021/airflow/dags/first_try/extract_dag.py
[2025-04-13T10:20:27.155+0000] {logging_mixin.py:150} INFO - [2025-04-13T10:20:27.155+0000] {dag.py:2742} INFO - Sync 1 DAGs
[2025-04-13T10:20:27.168+0000] {logging_mixin.py:150} INFO - [2025-04-13T10:20:27.168+0000] {dag.py:3504} INFO - Setting next_dagrun for extract_dag to None, run_after=None
[2025-04-13T10:20:27.181+0000] {processor.py:179} INFO - Processing /workspaces/hands-on-introduction-data-engineering-4395021/airflow/dags/first_try/extract_dag.py took 0.053 seconds
[2025-04-13T10:20:57.751+0000] {processor.py:157} INFO - Started process (PID=21890) to work on /workspaces/hands-on-introduction-data-engineering-4395021/airflow/dags/first_try/extract_dag.py
[2025-04-13T10:20:57.752+0000] {processor.py:826} INFO - Processing file /workspaces/hands-on-introduction-data-engineering-4395021/airflow/dags/first_try/extract_dag.py for tasks to queue
[2025-04-13T10:20:57.753+0000] {logging_mixin.py:150} INFO - [2025-04-13T10:20:57.752+0000] {dagbag.py:541} INFO - Filling up the DagBag from /workspaces/hands-on-introduction-data-engineering-4395021/airflow/dags/first_try/extract_dag.py
[2025-04-13T10:20:57.760+0000] {processor.py:836} INFO - DAG(s) dict_keys(['extract_dag']) retrieved from /workspaces/hands-on-introduction-data-engineering-4395021/airflow/dags/first_try/extract_dag.py
[2025-04-13T10:20:57.776+0000] {logging_mixin.py:150} INFO - [2025-04-13T10:20:57.776+0000] {dag.py:2742} INFO - Sync 1 DAGs
[2025-04-13T10:20:57.788+0000] {logging_mixin.py:150} INFO - [2025-04-13T10:20:57.788+0000] {dag.py:3504} INFO - Setting next_dagrun for extract_dag to None, run_after=None
[2025-04-13T10:20:57.804+0000] {processor.py:179} INFO - Processing /workspaces/hands-on-introduction-data-engineering-4395021/airflow/dags/first_try/extract_dag.py took 0.055 seconds
[2025-04-13T10:21:28.330+0000] {processor.py:157} INFO - Started process (PID=22072) to work on /workspaces/hands-on-introduction-data-engineering-4395021/airflow/dags/first_try/extract_dag.py
[2025-04-13T10:21:28.330+0000] {processor.py:826} INFO - Processing file /workspaces/hands-on-introduction-data-engineering-4395021/airflow/dags/first_try/extract_dag.py for tasks to queue
[2025-04-13T10:21:28.331+0000] {logging_mixin.py:150} INFO - [2025-04-13T10:21:28.331+0000] {dagbag.py:541} INFO - Filling up the DagBag from /workspaces/hands-on-introduction-data-engineering-4395021/airflow/dags/first_try/extract_dag.py
[2025-04-13T10:21:28.338+0000] {processor.py:836} INFO - DAG(s) dict_keys(['extract_dag']) retrieved from /workspaces/hands-on-introduction-data-engineering-4395021/airflow/dags/first_try/extract_dag.py
[2025-04-13T10:21:28.368+0000] {logging_mixin.py:150} INFO - [2025-04-13T10:21:28.367+0000] {dag.py:2742} INFO - Sync 1 DAGs
[2025-04-13T10:21:28.385+0000] {logging_mixin.py:150} INFO - [2025-04-13T10:21:28.385+0000] {dag.py:3504} INFO - Setting next_dagrun for extract_dag to None, run_after=None
[2025-04-13T10:21:28.421+0000] {processor.py:179} INFO - Processing /workspaces/hands-on-introduction-data-engineering-4395021/airflow/dags/first_try/extract_dag.py took 0.093 seconds
[2025-04-13T10:21:58.820+0000] {processor.py:157} INFO - Started process (PID=22259) to work on /workspaces/hands-on-introduction-data-engineering-4395021/airflow/dags/first_try/extract_dag.py
[2025-04-13T10:21:58.821+0000] {processor.py:826} INFO - Processing file /workspaces/hands-on-introduction-data-engineering-4395021/airflow/dags/first_try/extract_dag.py for tasks to queue
[2025-04-13T10:21:58.822+0000] {logging_mixin.py:150} INFO - [2025-04-13T10:21:58.821+0000] {dagbag.py:541} INFO - Filling up the DagBag from /workspaces/hands-on-introduction-data-engineering-4395021/airflow/dags/first_try/extract_dag.py
[2025-04-13T10:21:58.828+0000] {processor.py:836} INFO - DAG(s) dict_keys(['extract_dag']) retrieved from /workspaces/hands-on-introduction-data-engineering-4395021/airflow/dags/first_try/extract_dag.py
[2025-04-13T10:21:58.844+0000] {logging_mixin.py:150} INFO - [2025-04-13T10:21:58.844+0000] {dag.py:2742} INFO - Sync 1 DAGs
[2025-04-13T10:21:58.857+0000] {logging_mixin.py:150} INFO - [2025-04-13T10:21:58.857+0000] {dag.py:3504} INFO - Setting next_dagrun for extract_dag to None, run_after=None
[2025-04-13T10:21:58.870+0000] {processor.py:179} INFO - Processing /workspaces/hands-on-introduction-data-engineering-4395021/airflow/dags/first_try/extract_dag.py took 0.051 seconds
[2025-04-13T10:22:29.421+0000] {processor.py:157} INFO - Started process (PID=22447) to work on /workspaces/hands-on-introduction-data-engineering-4395021/airflow/dags/first_try/extract_dag.py
[2025-04-13T10:22:29.422+0000] {processor.py:826} INFO - Processing file /workspaces/hands-on-introduction-data-engineering-4395021/airflow/dags/first_try/extract_dag.py for tasks to queue
[2025-04-13T10:22:29.423+0000] {logging_mixin.py:150} INFO - [2025-04-13T10:22:29.422+0000] {dagbag.py:541} INFO - Filling up the DagBag from /workspaces/hands-on-introduction-data-engineering-4395021/airflow/dags/first_try/extract_dag.py
[2025-04-13T10:22:29.429+0000] {processor.py:836} INFO - DAG(s) dict_keys(['extract_dag']) retrieved from /workspaces/hands-on-introduction-data-engineering-4395021/airflow/dags/first_try/extract_dag.py
[2025-04-13T10:22:29.446+0000] {logging_mixin.py:150} INFO - [2025-04-13T10:22:29.446+0000] {dag.py:2742} INFO - Sync 1 DAGs
[2025-04-13T10:22:29.461+0000] {logging_mixin.py:150} INFO - [2025-04-13T10:22:29.461+0000] {dag.py:3504} INFO - Setting next_dagrun for extract_dag to None, run_after=None
[2025-04-13T10:22:29.474+0000] {processor.py:179} INFO - Processing /workspaces/hands-on-introduction-data-engineering-4395021/airflow/dags/first_try/extract_dag.py took 0.055 seconds
[2025-04-13T10:23:03.622+0000] {processor.py:157} INFO - Started process (PID=22678) to work on /workspaces/hands-on-introduction-data-engineering-4395021/airflow/dags/first_try/extract_dag.py
[2025-04-13T10:23:03.623+0000] {processor.py:826} INFO - Processing file /workspaces/hands-on-introduction-data-engineering-4395021/airflow/dags/first_try/extract_dag.py for tasks to queue
[2025-04-13T10:23:03.624+0000] {logging_mixin.py:150} INFO - [2025-04-13T10:23:03.624+0000] {dagbag.py:541} INFO - Filling up the DagBag from /workspaces/hands-on-introduction-data-engineering-4395021/airflow/dags/first_try/extract_dag.py
[2025-04-13T10:23:03.634+0000] {processor.py:836} INFO - DAG(s) dict_keys(['extract_dag']) retrieved from /workspaces/hands-on-introduction-data-engineering-4395021/airflow/dags/first_try/extract_dag.py
[2025-04-13T10:23:03.657+0000] {logging_mixin.py:150} INFO - [2025-04-13T10:23:03.657+0000] {dag.py:2742} INFO - Sync 1 DAGs
[2025-04-13T10:23:03.678+0000] {logging_mixin.py:150} INFO - [2025-04-13T10:23:03.678+0000] {dag.py:3504} INFO - Setting next_dagrun for extract_dag to None, run_after=None
[2025-04-13T10:23:03.696+0000] {processor.py:179} INFO - Processing /workspaces/hands-on-introduction-data-engineering-4395021/airflow/dags/first_try/extract_dag.py took 0.077 seconds
[2025-04-13T10:23:34.290+0000] {processor.py:157} INFO - Started process (PID=22893) to work on /workspaces/hands-on-introduction-data-engineering-4395021/airflow/dags/first_try/extract_dag.py
[2025-04-13T10:23:34.291+0000] {processor.py:826} INFO - Processing file /workspaces/hands-on-introduction-data-engineering-4395021/airflow/dags/first_try/extract_dag.py for tasks to queue
[2025-04-13T10:23:34.292+0000] {logging_mixin.py:150} INFO - [2025-04-13T10:23:34.292+0000] {dagbag.py:541} INFO - Filling up the DagBag from /workspaces/hands-on-introduction-data-engineering-4395021/airflow/dags/first_try/extract_dag.py
[2025-04-13T10:23:34.299+0000] {processor.py:836} INFO - DAG(s) dict_keys(['extract_dag']) retrieved from /workspaces/hands-on-introduction-data-engineering-4395021/airflow/dags/first_try/extract_dag.py
[2025-04-13T10:23:34.315+0000] {logging_mixin.py:150} INFO - [2025-04-13T10:23:34.315+0000] {dag.py:2742} INFO - Sync 1 DAGs
[2025-04-13T10:23:34.328+0000] {logging_mixin.py:150} INFO - [2025-04-13T10:23:34.328+0000] {dag.py:3504} INFO - Setting next_dagrun for extract_dag to None, run_after=None
[2025-04-13T10:23:34.341+0000] {processor.py:179} INFO - Processing /workspaces/hands-on-introduction-data-engineering-4395021/airflow/dags/first_try/extract_dag.py took 0.054 seconds
[2025-04-13T10:24:04.485+0000] {processor.py:157} INFO - Started process (PID=23074) to work on /workspaces/hands-on-introduction-data-engineering-4395021/airflow/dags/first_try/extract_dag.py
[2025-04-13T10:24:04.485+0000] {processor.py:826} INFO - Processing file /workspaces/hands-on-introduction-data-engineering-4395021/airflow/dags/first_try/extract_dag.py for tasks to queue
[2025-04-13T10:24:04.486+0000] {logging_mixin.py:150} INFO - [2025-04-13T10:24:04.486+0000] {dagbag.py:541} INFO - Filling up the DagBag from /workspaces/hands-on-introduction-data-engineering-4395021/airflow/dags/first_try/extract_dag.py
[2025-04-13T10:24:04.493+0000] {processor.py:836} INFO - DAG(s) dict_keys(['extract_dag']) retrieved from /workspaces/hands-on-introduction-data-engineering-4395021/airflow/dags/first_try/extract_dag.py
[2025-04-13T10:24:04.509+0000] {logging_mixin.py:150} INFO - [2025-04-13T10:24:04.508+0000] {dag.py:2742} INFO - Sync 1 DAGs
[2025-04-13T10:24:04.521+0000] {logging_mixin.py:150} INFO - [2025-04-13T10:24:04.521+0000] {dag.py:3504} INFO - Setting next_dagrun for extract_dag to None, run_after=None
[2025-04-13T10:24:04.534+0000] {processor.py:179} INFO - Processing /workspaces/hands-on-introduction-data-engineering-4395021/airflow/dags/first_try/extract_dag.py took 0.052 seconds
[2025-04-13T10:24:35.056+0000] {processor.py:157} INFO - Started process (PID=23261) to work on /workspaces/hands-on-introduction-data-engineering-4395021/airflow/dags/first_try/extract_dag.py
[2025-04-13T10:24:35.057+0000] {processor.py:826} INFO - Processing file /workspaces/hands-on-introduction-data-engineering-4395021/airflow/dags/first_try/extract_dag.py for tasks to queue
[2025-04-13T10:24:35.057+0000] {logging_mixin.py:150} INFO - [2025-04-13T10:24:35.057+0000] {dagbag.py:541} INFO - Filling up the DagBag from /workspaces/hands-on-introduction-data-engineering-4395021/airflow/dags/first_try/extract_dag.py
[2025-04-13T10:24:35.064+0000] {processor.py:836} INFO - DAG(s) dict_keys(['extract_dag']) retrieved from /workspaces/hands-on-introduction-data-engineering-4395021/airflow/dags/first_try/extract_dag.py
[2025-04-13T10:24:35.080+0000] {logging_mixin.py:150} INFO - [2025-04-13T10:24:35.080+0000] {dag.py:2742} INFO - Sync 1 DAGs
[2025-04-13T10:24:35.093+0000] {logging_mixin.py:150} INFO - [2025-04-13T10:24:35.093+0000] {dag.py:3504} INFO - Setting next_dagrun for extract_dag to None, run_after=None
[2025-04-13T10:24:35.106+0000] {processor.py:179} INFO - Processing /workspaces/hands-on-introduction-data-engineering-4395021/airflow/dags/first_try/extract_dag.py took 0.052 seconds
[2025-04-13T10:25:05.502+0000] {processor.py:157} INFO - Started process (PID=23449) to work on /workspaces/hands-on-introduction-data-engineering-4395021/airflow/dags/first_try/extract_dag.py
[2025-04-13T10:25:05.503+0000] {processor.py:826} INFO - Processing file /workspaces/hands-on-introduction-data-engineering-4395021/airflow/dags/first_try/extract_dag.py for tasks to queue
[2025-04-13T10:25:05.504+0000] {logging_mixin.py:150} INFO - [2025-04-13T10:25:05.503+0000] {dagbag.py:541} INFO - Filling up the DagBag from /workspaces/hands-on-introduction-data-engineering-4395021/airflow/dags/first_try/extract_dag.py
[2025-04-13T10:25:05.510+0000] {processor.py:836} INFO - DAG(s) dict_keys(['extract_dag']) retrieved from /workspaces/hands-on-introduction-data-engineering-4395021/airflow/dags/first_try/extract_dag.py
[2025-04-13T10:25:05.526+0000] {logging_mixin.py:150} INFO - [2025-04-13T10:25:05.526+0000] {dag.py:2742} INFO - Sync 1 DAGs
[2025-04-13T10:25:05.538+0000] {logging_mixin.py:150} INFO - [2025-04-13T10:25:05.538+0000] {dag.py:3504} INFO - Setting next_dagrun for extract_dag to None, run_after=None
[2025-04-13T10:25:05.552+0000] {processor.py:179} INFO - Processing /workspaces/hands-on-introduction-data-engineering-4395021/airflow/dags/first_try/extract_dag.py took 0.051 seconds
[2025-04-13T10:25:36.173+0000] {processor.py:157} INFO - Started process (PID=23630) to work on /workspaces/hands-on-introduction-data-engineering-4395021/airflow/dags/first_try/extract_dag.py
[2025-04-13T10:25:36.173+0000] {processor.py:826} INFO - Processing file /workspaces/hands-on-introduction-data-engineering-4395021/airflow/dags/first_try/extract_dag.py for tasks to queue
[2025-04-13T10:25:36.174+0000] {logging_mixin.py:150} INFO - [2025-04-13T10:25:36.174+0000] {dagbag.py:541} INFO - Filling up the DagBag from /workspaces/hands-on-introduction-data-engineering-4395021/airflow/dags/first_try/extract_dag.py
[2025-04-13T10:25:36.181+0000] {processor.py:836} INFO - DAG(s) dict_keys(['extract_dag']) retrieved from /workspaces/hands-on-introduction-data-engineering-4395021/airflow/dags/first_try/extract_dag.py
[2025-04-13T10:25:36.197+0000] {logging_mixin.py:150} INFO - [2025-04-13T10:25:36.197+0000] {dag.py:2742} INFO - Sync 1 DAGs
[2025-04-13T10:25:36.210+0000] {logging_mixin.py:150} INFO - [2025-04-13T10:25:36.210+0000] {dag.py:3504} INFO - Setting next_dagrun for extract_dag to None, run_after=None
[2025-04-13T10:25:36.224+0000] {processor.py:179} INFO - Processing /workspaces/hands-on-introduction-data-engineering-4395021/airflow/dags/first_try/extract_dag.py took 0.053 seconds
[2025-04-13T10:26:07.802+0000] {processor.py:157} INFO - Started process (PID=23825) to work on /workspaces/hands-on-introduction-data-engineering-4395021/airflow/dags/first_try/extract_dag.py
[2025-04-13T10:26:07.802+0000] {processor.py:826} INFO - Processing file /workspaces/hands-on-introduction-data-engineering-4395021/airflow/dags/first_try/extract_dag.py for tasks to queue
[2025-04-13T10:26:07.803+0000] {logging_mixin.py:150} INFO - [2025-04-13T10:26:07.803+0000] {dagbag.py:541} INFO - Filling up the DagBag from /workspaces/hands-on-introduction-data-engineering-4395021/airflow/dags/first_try/extract_dag.py
[2025-04-13T10:26:07.810+0000] {processor.py:836} INFO - DAG(s) dict_keys(['extract_dag']) retrieved from /workspaces/hands-on-introduction-data-engineering-4395021/airflow/dags/first_try/extract_dag.py
[2025-04-13T10:26:07.826+0000] {logging_mixin.py:150} INFO - [2025-04-13T10:26:07.825+0000] {dag.py:2742} INFO - Sync 1 DAGs
[2025-04-13T10:26:07.838+0000] {logging_mixin.py:150} INFO - [2025-04-13T10:26:07.838+0000] {dag.py:3504} INFO - Setting next_dagrun for extract_dag to None, run_after=None
[2025-04-13T10:26:07.851+0000] {processor.py:179} INFO - Processing /workspaces/hands-on-introduction-data-engineering-4395021/airflow/dags/first_try/extract_dag.py took 0.051 seconds
[2025-04-13T10:26:38.307+0000] {processor.py:157} INFO - Started process (PID=24012) to work on /workspaces/hands-on-introduction-data-engineering-4395021/airflow/dags/first_try/extract_dag.py
[2025-04-13T10:26:38.308+0000] {processor.py:826} INFO - Processing file /workspaces/hands-on-introduction-data-engineering-4395021/airflow/dags/first_try/extract_dag.py for tasks to queue
[2025-04-13T10:26:38.309+0000] {logging_mixin.py:150} INFO - [2025-04-13T10:26:38.309+0000] {dagbag.py:541} INFO - Filling up the DagBag from /workspaces/hands-on-introduction-data-engineering-4395021/airflow/dags/first_try/extract_dag.py
[2025-04-13T10:26:38.315+0000] {processor.py:836} INFO - DAG(s) dict_keys(['extract_dag']) retrieved from /workspaces/hands-on-introduction-data-engineering-4395021/airflow/dags/first_try/extract_dag.py
[2025-04-13T10:26:38.332+0000] {logging_mixin.py:150} INFO - [2025-04-13T10:26:38.332+0000] {dag.py:2742} INFO - Sync 1 DAGs
[2025-04-13T10:26:38.345+0000] {logging_mixin.py:150} INFO - [2025-04-13T10:26:38.344+0000] {dag.py:3504} INFO - Setting next_dagrun for extract_dag to None, run_after=None
[2025-04-13T10:26:38.358+0000] {processor.py:179} INFO - Processing /workspaces/hands-on-introduction-data-engineering-4395021/airflow/dags/first_try/extract_dag.py took 0.053 seconds
[2025-04-13T10:27:08.805+0000] {processor.py:157} INFO - Started process (PID=24217) to work on /workspaces/hands-on-introduction-data-engineering-4395021/airflow/dags/first_try/extract_dag.py
[2025-04-13T10:27:08.805+0000] {processor.py:826} INFO - Processing file /workspaces/hands-on-introduction-data-engineering-4395021/airflow/dags/first_try/extract_dag.py for tasks to queue
[2025-04-13T10:27:08.806+0000] {logging_mixin.py:150} INFO - [2025-04-13T10:27:08.806+0000] {dagbag.py:541} INFO - Filling up the DagBag from /workspaces/hands-on-introduction-data-engineering-4395021/airflow/dags/first_try/extract_dag.py
[2025-04-13T10:27:08.813+0000] {processor.py:836} INFO - DAG(s) dict_keys(['extract_dag']) retrieved from /workspaces/hands-on-introduction-data-engineering-4395021/airflow/dags/first_try/extract_dag.py
[2025-04-13T10:27:08.829+0000] {logging_mixin.py:150} INFO - [2025-04-13T10:27:08.829+0000] {dag.py:2742} INFO - Sync 1 DAGs
[2025-04-13T10:27:08.842+0000] {logging_mixin.py:150} INFO - [2025-04-13T10:27:08.842+0000] {dag.py:3504} INFO - Setting next_dagrun for extract_dag to None, run_after=None
[2025-04-13T10:27:08.855+0000] {processor.py:179} INFO - Processing /workspaces/hands-on-introduction-data-engineering-4395021/airflow/dags/first_try/extract_dag.py took 0.053 seconds
[2025-04-13T10:27:39.510+0000] {processor.py:157} INFO - Started process (PID=24430) to work on /workspaces/hands-on-introduction-data-engineering-4395021/airflow/dags/first_try/extract_dag.py
[2025-04-13T10:27:39.510+0000] {processor.py:826} INFO - Processing file /workspaces/hands-on-introduction-data-engineering-4395021/airflow/dags/first_try/extract_dag.py for tasks to queue
[2025-04-13T10:27:39.511+0000] {logging_mixin.py:150} INFO - [2025-04-13T10:27:39.511+0000] {dagbag.py:541} INFO - Filling up the DagBag from /workspaces/hands-on-introduction-data-engineering-4395021/airflow/dags/first_try/extract_dag.py
[2025-04-13T10:27:39.518+0000] {processor.py:836} INFO - DAG(s) dict_keys(['extract_dag']) retrieved from /workspaces/hands-on-introduction-data-engineering-4395021/airflow/dags/first_try/extract_dag.py
[2025-04-13T10:27:39.533+0000] {logging_mixin.py:150} INFO - [2025-04-13T10:27:39.533+0000] {dag.py:2742} INFO - Sync 1 DAGs
[2025-04-13T10:27:39.546+0000] {logging_mixin.py:150} INFO - [2025-04-13T10:27:39.546+0000] {dag.py:3504} INFO - Setting next_dagrun for extract_dag to None, run_after=None
[2025-04-13T10:27:39.559+0000] {processor.py:179} INFO - Processing /workspaces/hands-on-introduction-data-engineering-4395021/airflow/dags/first_try/extract_dag.py took 0.051 seconds
[2025-04-13T10:28:10.013+0000] {processor.py:157} INFO - Started process (PID=24719) to work on /workspaces/hands-on-introduction-data-engineering-4395021/airflow/dags/first_try/extract_dag.py
[2025-04-13T10:28:10.014+0000] {processor.py:826} INFO - Processing file /workspaces/hands-on-introduction-data-engineering-4395021/airflow/dags/first_try/extract_dag.py for tasks to queue
[2025-04-13T10:28:10.015+0000] {logging_mixin.py:150} INFO - [2025-04-13T10:28:10.014+0000] {dagbag.py:541} INFO - Filling up the DagBag from /workspaces/hands-on-introduction-data-engineering-4395021/airflow/dags/first_try/extract_dag.py
[2025-04-13T10:28:10.021+0000] {processor.py:836} INFO - DAG(s) dict_keys(['extract_dag']) retrieved from /workspaces/hands-on-introduction-data-engineering-4395021/airflow/dags/first_try/extract_dag.py
[2025-04-13T10:28:10.037+0000] {logging_mixin.py:150} INFO - [2025-04-13T10:28:10.037+0000] {dag.py:2742} INFO - Sync 1 DAGs
[2025-04-13T10:28:10.049+0000] {logging_mixin.py:150} INFO - [2025-04-13T10:28:10.049+0000] {dag.py:3504} INFO - Setting next_dagrun for extract_dag to None, run_after=None
[2025-04-13T10:28:10.062+0000] {processor.py:179} INFO - Processing /workspaces/hands-on-introduction-data-engineering-4395021/airflow/dags/first_try/extract_dag.py took 0.051 seconds
[2025-04-13T10:28:40.593+0000] {processor.py:157} INFO - Started process (PID=24945) to work on /workspaces/hands-on-introduction-data-engineering-4395021/airflow/dags/first_try/extract_dag.py
[2025-04-13T10:28:40.594+0000] {processor.py:826} INFO - Processing file /workspaces/hands-on-introduction-data-engineering-4395021/airflow/dags/first_try/extract_dag.py for tasks to queue
[2025-04-13T10:28:40.595+0000] {logging_mixin.py:150} INFO - [2025-04-13T10:28:40.594+0000] {dagbag.py:541} INFO - Filling up the DagBag from /workspaces/hands-on-introduction-data-engineering-4395021/airflow/dags/first_try/extract_dag.py
[2025-04-13T10:28:40.601+0000] {processor.py:836} INFO - DAG(s) dict_keys(['extract_dag']) retrieved from /workspaces/hands-on-introduction-data-engineering-4395021/airflow/dags/first_try/extract_dag.py
[2025-04-13T10:28:40.617+0000] {logging_mixin.py:150} INFO - [2025-04-13T10:28:40.617+0000] {dag.py:2742} INFO - Sync 1 DAGs
[2025-04-13T10:28:40.629+0000] {logging_mixin.py:150} INFO - [2025-04-13T10:28:40.629+0000] {dag.py:3504} INFO - Setting next_dagrun for extract_dag to None, run_after=None
[2025-04-13T10:28:40.642+0000] {processor.py:179} INFO - Processing /workspaces/hands-on-introduction-data-engineering-4395021/airflow/dags/first_try/extract_dag.py took 0.051 seconds
[2025-04-13T10:29:11.173+0000] {processor.py:157} INFO - Started process (PID=25212) to work on /workspaces/hands-on-introduction-data-engineering-4395021/airflow/dags/first_try/extract_dag.py
[2025-04-13T10:29:11.174+0000] {processor.py:826} INFO - Processing file /workspaces/hands-on-introduction-data-engineering-4395021/airflow/dags/first_try/extract_dag.py for tasks to queue
[2025-04-13T10:29:11.175+0000] {logging_mixin.py:150} INFO - [2025-04-13T10:29:11.174+0000] {dagbag.py:541} INFO - Filling up the DagBag from /workspaces/hands-on-introduction-data-engineering-4395021/airflow/dags/first_try/extract_dag.py
[2025-04-13T10:29:11.181+0000] {processor.py:836} INFO - DAG(s) dict_keys(['extract_dag']) retrieved from /workspaces/hands-on-introduction-data-engineering-4395021/airflow/dags/first_try/extract_dag.py
[2025-04-13T10:29:11.197+0000] {logging_mixin.py:150} INFO - [2025-04-13T10:29:11.197+0000] {dag.py:2742} INFO - Sync 1 DAGs
[2025-04-13T10:29:11.210+0000] {logging_mixin.py:150} INFO - [2025-04-13T10:29:11.210+0000] {dag.py:3504} INFO - Setting next_dagrun for extract_dag to None, run_after=None
[2025-04-13T10:29:11.223+0000] {processor.py:179} INFO - Processing /workspaces/hands-on-introduction-data-engineering-4395021/airflow/dags/first_try/extract_dag.py took 0.052 seconds
[2025-04-13T10:29:41.597+0000] {processor.py:157} INFO - Started process (PID=25505) to work on /workspaces/hands-on-introduction-data-engineering-4395021/airflow/dags/first_try/extract_dag.py
[2025-04-13T10:29:41.598+0000] {processor.py:826} INFO - Processing file /workspaces/hands-on-introduction-data-engineering-4395021/airflow/dags/first_try/extract_dag.py for tasks to queue
[2025-04-13T10:29:41.599+0000] {logging_mixin.py:150} INFO - [2025-04-13T10:29:41.598+0000] {dagbag.py:541} INFO - Filling up the DagBag from /workspaces/hands-on-introduction-data-engineering-4395021/airflow/dags/first_try/extract_dag.py
[2025-04-13T10:29:41.605+0000] {processor.py:836} INFO - DAG(s) dict_keys(['extract_dag']) retrieved from /workspaces/hands-on-introduction-data-engineering-4395021/airflow/dags/first_try/extract_dag.py
[2025-04-13T10:29:41.621+0000] {logging_mixin.py:150} INFO - [2025-04-13T10:29:41.621+0000] {dag.py:2742} INFO - Sync 1 DAGs
[2025-04-13T10:29:41.633+0000] {logging_mixin.py:150} INFO - [2025-04-13T10:29:41.633+0000] {dag.py:3504} INFO - Setting next_dagrun for extract_dag to None, run_after=None
[2025-04-13T10:29:41.646+0000] {processor.py:179} INFO - Processing /workspaces/hands-on-introduction-data-engineering-4395021/airflow/dags/first_try/extract_dag.py took 0.051 seconds
[2025-04-13T10:30:12.109+0000] {processor.py:157} INFO - Started process (PID=25858) to work on /workspaces/hands-on-introduction-data-engineering-4395021/airflow/dags/first_try/extract_dag.py
[2025-04-13T10:30:12.110+0000] {processor.py:826} INFO - Processing file /workspaces/hands-on-introduction-data-engineering-4395021/airflow/dags/first_try/extract_dag.py for tasks to queue
[2025-04-13T10:30:12.110+0000] {logging_mixin.py:150} INFO - [2025-04-13T10:30:12.110+0000] {dagbag.py:541} INFO - Filling up the DagBag from /workspaces/hands-on-introduction-data-engineering-4395021/airflow/dags/first_try/extract_dag.py
[2025-04-13T10:30:12.117+0000] {processor.py:836} INFO - DAG(s) dict_keys(['extract_dag']) retrieved from /workspaces/hands-on-introduction-data-engineering-4395021/airflow/dags/first_try/extract_dag.py
[2025-04-13T10:30:12.133+0000] {logging_mixin.py:150} INFO - [2025-04-13T10:30:12.133+0000] {dag.py:2742} INFO - Sync 1 DAGs
[2025-04-13T10:30:12.146+0000] {logging_mixin.py:150} INFO - [2025-04-13T10:30:12.146+0000] {dag.py:3504} INFO - Setting next_dagrun for extract_dag to None, run_after=None
[2025-04-13T10:30:12.159+0000] {processor.py:179} INFO - Processing /workspaces/hands-on-introduction-data-engineering-4395021/airflow/dags/first_try/extract_dag.py took 0.052 seconds
[2025-04-13T10:30:42.610+0000] {processor.py:157} INFO - Started process (PID=26148) to work on /workspaces/hands-on-introduction-data-engineering-4395021/airflow/dags/first_try/extract_dag.py
[2025-04-13T10:30:42.610+0000] {processor.py:826} INFO - Processing file /workspaces/hands-on-introduction-data-engineering-4395021/airflow/dags/first_try/extract_dag.py for tasks to queue
[2025-04-13T10:30:42.611+0000] {logging_mixin.py:150} INFO - [2025-04-13T10:30:42.611+0000] {dagbag.py:541} INFO - Filling up the DagBag from /workspaces/hands-on-introduction-data-engineering-4395021/airflow/dags/first_try/extract_dag.py
[2025-04-13T10:30:42.618+0000] {processor.py:836} INFO - DAG(s) dict_keys(['extract_dag']) retrieved from /workspaces/hands-on-introduction-data-engineering-4395021/airflow/dags/first_try/extract_dag.py
[2025-04-13T10:30:42.634+0000] {logging_mixin.py:150} INFO - [2025-04-13T10:30:42.633+0000] {dag.py:2742} INFO - Sync 1 DAGs
[2025-04-13T10:30:42.646+0000] {logging_mixin.py:150} INFO - [2025-04-13T10:30:42.646+0000] {dag.py:3504} INFO - Setting next_dagrun for extract_dag to None, run_after=None
[2025-04-13T10:30:42.660+0000] {processor.py:179} INFO - Processing /workspaces/hands-on-introduction-data-engineering-4395021/airflow/dags/first_try/extract_dag.py took 0.052 seconds
[2025-04-13T10:31:13.108+0000] {processor.py:157} INFO - Started process (PID=26360) to work on /workspaces/hands-on-introduction-data-engineering-4395021/airflow/dags/first_try/extract_dag.py
[2025-04-13T10:31:13.109+0000] {processor.py:826} INFO - Processing file /workspaces/hands-on-introduction-data-engineering-4395021/airflow/dags/first_try/extract_dag.py for tasks to queue
[2025-04-13T10:31:13.109+0000] {logging_mixin.py:150} INFO - [2025-04-13T10:31:13.109+0000] {dagbag.py:541} INFO - Filling up the DagBag from /workspaces/hands-on-introduction-data-engineering-4395021/airflow/dags/first_try/extract_dag.py
[2025-04-13T10:31:13.122+0000] {processor.py:836} INFO - DAG(s) dict_keys(['extract_dag']) retrieved from /workspaces/hands-on-introduction-data-engineering-4395021/airflow/dags/first_try/extract_dag.py
[2025-04-13T10:31:13.142+0000] {logging_mixin.py:150} INFO - [2025-04-13T10:31:13.142+0000] {dag.py:2742} INFO - Sync 1 DAGs
[2025-04-13T10:31:13.154+0000] {logging_mixin.py:150} INFO - [2025-04-13T10:31:13.154+0000] {dag.py:3504} INFO - Setting next_dagrun for extract_dag to None, run_after=None
[2025-04-13T10:31:13.167+0000] {processor.py:179} INFO - Processing /workspaces/hands-on-introduction-data-engineering-4395021/airflow/dags/first_try/extract_dag.py took 0.061 seconds
[2025-04-13T10:31:43.605+0000] {processor.py:157} INFO - Started process (PID=26567) to work on /workspaces/hands-on-introduction-data-engineering-4395021/airflow/dags/first_try/extract_dag.py
[2025-04-13T10:31:43.606+0000] {processor.py:826} INFO - Processing file /workspaces/hands-on-introduction-data-engineering-4395021/airflow/dags/first_try/extract_dag.py for tasks to queue
[2025-04-13T10:31:43.606+0000] {logging_mixin.py:150} INFO - [2025-04-13T10:31:43.606+0000] {dagbag.py:541} INFO - Filling up the DagBag from /workspaces/hands-on-introduction-data-engineering-4395021/airflow/dags/first_try/extract_dag.py
[2025-04-13T10:31:43.613+0000] {processor.py:836} INFO - DAG(s) dict_keys(['extract_dag']) retrieved from /workspaces/hands-on-introduction-data-engineering-4395021/airflow/dags/first_try/extract_dag.py
[2025-04-13T10:31:43.634+0000] {logging_mixin.py:150} INFO - [2025-04-13T10:31:43.634+0000] {dag.py:2742} INFO - Sync 1 DAGs
[2025-04-13T10:31:43.648+0000] {logging_mixin.py:150} INFO - [2025-04-13T10:31:43.647+0000] {dag.py:3504} INFO - Setting next_dagrun for extract_dag to None, run_after=None
[2025-04-13T10:31:43.661+0000] {processor.py:179} INFO - Processing /workspaces/hands-on-introduction-data-engineering-4395021/airflow/dags/first_try/extract_dag.py took 0.058 seconds
[2025-04-13T10:32:14.103+0000] {processor.py:157} INFO - Started process (PID=26782) to work on /workspaces/hands-on-introduction-data-engineering-4395021/airflow/dags/first_try/extract_dag.py
[2025-04-13T10:32:14.104+0000] {processor.py:826} INFO - Processing file /workspaces/hands-on-introduction-data-engineering-4395021/airflow/dags/first_try/extract_dag.py for tasks to queue
[2025-04-13T10:32:14.104+0000] {logging_mixin.py:150} INFO - [2025-04-13T10:32:14.104+0000] {dagbag.py:541} INFO - Filling up the DagBag from /workspaces/hands-on-introduction-data-engineering-4395021/airflow/dags/first_try/extract_dag.py
[2025-04-13T10:32:14.111+0000] {processor.py:836} INFO - DAG(s) dict_keys(['extract_dag']) retrieved from /workspaces/hands-on-introduction-data-engineering-4395021/airflow/dags/first_try/extract_dag.py
[2025-04-13T10:32:14.129+0000] {logging_mixin.py:150} INFO - [2025-04-13T10:32:14.129+0000] {dag.py:2742} INFO - Sync 1 DAGs
[2025-04-13T10:32:14.143+0000] {logging_mixin.py:150} INFO - [2025-04-13T10:32:14.143+0000] {dag.py:3504} INFO - Setting next_dagrun for extract_dag to None, run_after=None
[2025-04-13T10:32:14.157+0000] {processor.py:179} INFO - Processing /workspaces/hands-on-introduction-data-engineering-4395021/airflow/dags/first_try/extract_dag.py took 0.056 seconds
[2025-04-13T10:32:44.859+0000] {processor.py:157} INFO - Started process (PID=26989) to work on /workspaces/hands-on-introduction-data-engineering-4395021/airflow/dags/first_try/extract_dag.py
[2025-04-13T10:32:44.859+0000] {processor.py:826} INFO - Processing file /workspaces/hands-on-introduction-data-engineering-4395021/airflow/dags/first_try/extract_dag.py for tasks to queue
[2025-04-13T10:32:44.860+0000] {logging_mixin.py:150} INFO - [2025-04-13T10:32:44.860+0000] {dagbag.py:541} INFO - Filling up the DagBag from /workspaces/hands-on-introduction-data-engineering-4395021/airflow/dags/first_try/extract_dag.py
[2025-04-13T10:32:44.867+0000] {processor.py:836} INFO - DAG(s) dict_keys(['extract_dag']) retrieved from /workspaces/hands-on-introduction-data-engineering-4395021/airflow/dags/first_try/extract_dag.py
[2025-04-13T10:32:44.883+0000] {logging_mixin.py:150} INFO - [2025-04-13T10:32:44.883+0000] {dag.py:2742} INFO - Sync 1 DAGs
[2025-04-13T10:32:44.897+0000] {logging_mixin.py:150} INFO - [2025-04-13T10:32:44.896+0000] {dag.py:3504} INFO - Setting next_dagrun for extract_dag to None, run_after=None
[2025-04-13T10:32:44.912+0000] {processor.py:179} INFO - Processing /workspaces/hands-on-introduction-data-engineering-4395021/airflow/dags/first_try/extract_dag.py took 0.056 seconds
[2025-04-13T10:33:15.250+0000] {processor.py:157} INFO - Started process (PID=27196) to work on /workspaces/hands-on-introduction-data-engineering-4395021/airflow/dags/first_try/extract_dag.py
[2025-04-13T10:33:15.250+0000] {processor.py:826} INFO - Processing file /workspaces/hands-on-introduction-data-engineering-4395021/airflow/dags/first_try/extract_dag.py for tasks to queue
[2025-04-13T10:33:15.251+0000] {logging_mixin.py:150} INFO - [2025-04-13T10:33:15.251+0000] {dagbag.py:541} INFO - Filling up the DagBag from /workspaces/hands-on-introduction-data-engineering-4395021/airflow/dags/first_try/extract_dag.py
[2025-04-13T10:33:15.257+0000] {processor.py:836} INFO - DAG(s) dict_keys(['extract_dag']) retrieved from /workspaces/hands-on-introduction-data-engineering-4395021/airflow/dags/first_try/extract_dag.py
[2025-04-13T10:33:15.274+0000] {logging_mixin.py:150} INFO - [2025-04-13T10:33:15.274+0000] {dag.py:2742} INFO - Sync 1 DAGs
[2025-04-13T10:33:15.287+0000] {logging_mixin.py:150} INFO - [2025-04-13T10:33:15.287+0000] {dag.py:3504} INFO - Setting next_dagrun for extract_dag to None, run_after=None
[2025-04-13T10:33:15.300+0000] {processor.py:179} INFO - Processing /workspaces/hands-on-introduction-data-engineering-4395021/airflow/dags/first_try/extract_dag.py took 0.053 seconds
[2025-04-13T10:33:46.207+0000] {processor.py:157} INFO - Started process (PID=27412) to work on /workspaces/hands-on-introduction-data-engineering-4395021/airflow/dags/first_try/extract_dag.py
[2025-04-13T10:33:46.207+0000] {processor.py:826} INFO - Processing file /workspaces/hands-on-introduction-data-engineering-4395021/airflow/dags/first_try/extract_dag.py for tasks to queue
[2025-04-13T10:33:46.208+0000] {logging_mixin.py:150} INFO - [2025-04-13T10:33:46.208+0000] {dagbag.py:541} INFO - Filling up the DagBag from /workspaces/hands-on-introduction-data-engineering-4395021/airflow/dags/first_try/extract_dag.py
[2025-04-13T10:33:46.215+0000] {processor.py:836} INFO - DAG(s) dict_keys(['extract_dag']) retrieved from /workspaces/hands-on-introduction-data-engineering-4395021/airflow/dags/first_try/extract_dag.py
[2025-04-13T10:33:46.231+0000] {logging_mixin.py:150} INFO - [2025-04-13T10:33:46.231+0000] {dag.py:2742} INFO - Sync 1 DAGs
[2025-04-13T10:33:46.244+0000] {logging_mixin.py:150} INFO - [2025-04-13T10:33:46.244+0000] {dag.py:3504} INFO - Setting next_dagrun for extract_dag to None, run_after=None
[2025-04-13T10:33:46.257+0000] {processor.py:179} INFO - Processing /workspaces/hands-on-introduction-data-engineering-4395021/airflow/dags/first_try/extract_dag.py took 0.052 seconds
[2025-04-13T10:34:16.840+0000] {processor.py:157} INFO - Started process (PID=27616) to work on /workspaces/hands-on-introduction-data-engineering-4395021/airflow/dags/first_try/extract_dag.py
[2025-04-13T10:34:16.840+0000] {processor.py:826} INFO - Processing file /workspaces/hands-on-introduction-data-engineering-4395021/airflow/dags/first_try/extract_dag.py for tasks to queue
[2025-04-13T10:34:16.841+0000] {logging_mixin.py:150} INFO - [2025-04-13T10:34:16.841+0000] {dagbag.py:541} INFO - Filling up the DagBag from /workspaces/hands-on-introduction-data-engineering-4395021/airflow/dags/first_try/extract_dag.py
[2025-04-13T10:34:16.848+0000] {processor.py:836} INFO - DAG(s) dict_keys(['extract_dag']) retrieved from /workspaces/hands-on-introduction-data-engineering-4395021/airflow/dags/first_try/extract_dag.py
[2025-04-13T10:34:16.864+0000] {logging_mixin.py:150} INFO - [2025-04-13T10:34:16.863+0000] {dag.py:2742} INFO - Sync 1 DAGs
[2025-04-13T10:34:16.877+0000] {logging_mixin.py:150} INFO - [2025-04-13T10:34:16.877+0000] {dag.py:3504} INFO - Setting next_dagrun for extract_dag to None, run_after=None
[2025-04-13T10:34:16.890+0000] {processor.py:179} INFO - Processing /workspaces/hands-on-introduction-data-engineering-4395021/airflow/dags/first_try/extract_dag.py took 0.052 seconds
[2025-04-13T10:34:48.588+0000] {processor.py:157} INFO - Started process (PID=27829) to work on /workspaces/hands-on-introduction-data-engineering-4395021/airflow/dags/first_try/extract_dag.py
[2025-04-13T10:34:48.589+0000] {processor.py:826} INFO - Processing file /workspaces/hands-on-introduction-data-engineering-4395021/airflow/dags/first_try/extract_dag.py for tasks to queue
[2025-04-13T10:34:48.590+0000] {logging_mixin.py:150} INFO - [2025-04-13T10:34:48.590+0000] {dagbag.py:541} INFO - Filling up the DagBag from /workspaces/hands-on-introduction-data-engineering-4395021/airflow/dags/first_try/extract_dag.py
[2025-04-13T10:34:48.599+0000] {processor.py:836} INFO - DAG(s) dict_keys(['extract_dag']) retrieved from /workspaces/hands-on-introduction-data-engineering-4395021/airflow/dags/first_try/extract_dag.py
[2025-04-13T10:34:48.624+0000] {logging_mixin.py:150} INFO - [2025-04-13T10:34:48.623+0000] {dag.py:2742} INFO - Sync 1 DAGs
[2025-04-13T10:34:48.636+0000] {logging_mixin.py:150} INFO - [2025-04-13T10:34:48.636+0000] {dag.py:3504} INFO - Setting next_dagrun for extract_dag to None, run_after=None
[2025-04-13T10:34:48.650+0000] {processor.py:179} INFO - Processing /workspaces/hands-on-introduction-data-engineering-4395021/airflow/dags/first_try/extract_dag.py took 0.064 seconds
[2025-04-13T10:35:20.520+0000] {processor.py:157} INFO - Started process (PID=28076) to work on /workspaces/hands-on-introduction-data-engineering-4395021/airflow/dags/first_try/extract_dag.py
[2025-04-13T10:35:20.520+0000] {processor.py:826} INFO - Processing file /workspaces/hands-on-introduction-data-engineering-4395021/airflow/dags/first_try/extract_dag.py for tasks to queue
[2025-04-13T10:35:20.521+0000] {logging_mixin.py:150} INFO - [2025-04-13T10:35:20.521+0000] {dagbag.py:541} INFO - Filling up the DagBag from /workspaces/hands-on-introduction-data-engineering-4395021/airflow/dags/first_try/extract_dag.py
[2025-04-13T10:35:20.528+0000] {processor.py:836} INFO - DAG(s) dict_keys(['extract_dag']) retrieved from /workspaces/hands-on-introduction-data-engineering-4395021/airflow/dags/first_try/extract_dag.py
[2025-04-13T10:35:20.543+0000] {logging_mixin.py:150} INFO - [2025-04-13T10:35:20.543+0000] {dag.py:2742} INFO - Sync 1 DAGs
[2025-04-13T10:35:20.556+0000] {logging_mixin.py:150} INFO - [2025-04-13T10:35:20.556+0000] {dag.py:3504} INFO - Setting next_dagrun for extract_dag to None, run_after=None
[2025-04-13T10:35:20.568+0000] {processor.py:179} INFO - Processing /workspaces/hands-on-introduction-data-engineering-4395021/airflow/dags/first_try/extract_dag.py took 0.051 seconds
[2025-04-13T10:35:51.321+0000] {processor.py:157} INFO - Started process (PID=28351) to work on /workspaces/hands-on-introduction-data-engineering-4395021/airflow/dags/first_try/extract_dag.py
[2025-04-13T10:35:51.321+0000] {processor.py:826} INFO - Processing file /workspaces/hands-on-introduction-data-engineering-4395021/airflow/dags/first_try/extract_dag.py for tasks to queue
[2025-04-13T10:35:51.322+0000] {logging_mixin.py:150} INFO - [2025-04-13T10:35:51.322+0000] {dagbag.py:541} INFO - Filling up the DagBag from /workspaces/hands-on-introduction-data-engineering-4395021/airflow/dags/first_try/extract_dag.py
[2025-04-13T10:35:51.330+0000] {processor.py:836} INFO - DAG(s) dict_keys(['extract_dag']) retrieved from /workspaces/hands-on-introduction-data-engineering-4395021/airflow/dags/first_try/extract_dag.py
[2025-04-13T10:35:51.346+0000] {logging_mixin.py:150} INFO - [2025-04-13T10:35:51.346+0000] {dag.py:2742} INFO - Sync 1 DAGs
[2025-04-13T10:35:51.362+0000] {logging_mixin.py:150} INFO - [2025-04-13T10:35:51.362+0000] {dag.py:3504} INFO - Setting next_dagrun for extract_dag to None, run_after=None
[2025-04-13T10:35:51.377+0000] {processor.py:179} INFO - Processing /workspaces/hands-on-introduction-data-engineering-4395021/airflow/dags/first_try/extract_dag.py took 0.058 seconds
[2025-04-13T10:36:21.888+0000] {processor.py:157} INFO - Started process (PID=28562) to work on /workspaces/hands-on-introduction-data-engineering-4395021/airflow/dags/first_try/extract_dag.py
[2025-04-13T10:36:21.888+0000] {processor.py:826} INFO - Processing file /workspaces/hands-on-introduction-data-engineering-4395021/airflow/dags/first_try/extract_dag.py for tasks to queue
[2025-04-13T10:36:21.889+0000] {logging_mixin.py:150} INFO - [2025-04-13T10:36:21.889+0000] {dagbag.py:541} INFO - Filling up the DagBag from /workspaces/hands-on-introduction-data-engineering-4395021/airflow/dags/first_try/extract_dag.py
[2025-04-13T10:36:21.895+0000] {processor.py:836} INFO - DAG(s) dict_keys(['extract_dag']) retrieved from /workspaces/hands-on-introduction-data-engineering-4395021/airflow/dags/first_try/extract_dag.py
[2025-04-13T10:36:21.913+0000] {logging_mixin.py:150} INFO - [2025-04-13T10:36:21.913+0000] {dag.py:2742} INFO - Sync 1 DAGs
[2025-04-13T10:36:21.925+0000] {logging_mixin.py:150} INFO - [2025-04-13T10:36:21.925+0000] {dag.py:3504} INFO - Setting next_dagrun for extract_dag to None, run_after=None
[2025-04-13T10:36:21.939+0000] {processor.py:179} INFO - Processing /workspaces/hands-on-introduction-data-engineering-4395021/airflow/dags/first_try/extract_dag.py took 0.053 seconds
[2025-04-13T10:36:54.129+0000] {processor.py:157} INFO - Started process (PID=28797) to work on /workspaces/hands-on-introduction-data-engineering-4395021/airflow/dags/first_try/extract_dag.py
[2025-04-13T10:36:54.129+0000] {processor.py:826} INFO - Processing file /workspaces/hands-on-introduction-data-engineering-4395021/airflow/dags/first_try/extract_dag.py for tasks to queue
[2025-04-13T10:36:54.130+0000] {logging_mixin.py:150} INFO - [2025-04-13T10:36:54.130+0000] {dagbag.py:541} INFO - Filling up the DagBag from /workspaces/hands-on-introduction-data-engineering-4395021/airflow/dags/first_try/extract_dag.py
[2025-04-13T10:36:54.136+0000] {processor.py:836} INFO - DAG(s) dict_keys(['extract_dag']) retrieved from /workspaces/hands-on-introduction-data-engineering-4395021/airflow/dags/first_try/extract_dag.py
[2025-04-13T10:36:54.152+0000] {logging_mixin.py:150} INFO - [2025-04-13T10:36:54.152+0000] {dag.py:2742} INFO - Sync 1 DAGs
[2025-04-13T10:36:54.165+0000] {logging_mixin.py:150} INFO - [2025-04-13T10:36:54.165+0000] {dag.py:3504} INFO - Setting next_dagrun for extract_dag to None, run_after=None
[2025-04-13T10:36:54.178+0000] {processor.py:179} INFO - Processing /workspaces/hands-on-introduction-data-engineering-4395021/airflow/dags/first_try/extract_dag.py took 0.051 seconds
[2025-04-13T10:37:26.275+0000] {processor.py:157} INFO - Started process (PID=29030) to work on /workspaces/hands-on-introduction-data-engineering-4395021/airflow/dags/first_try/extract_dag.py
[2025-04-13T10:37:26.276+0000] {processor.py:826} INFO - Processing file /workspaces/hands-on-introduction-data-engineering-4395021/airflow/dags/first_try/extract_dag.py for tasks to queue
[2025-04-13T10:37:26.277+0000] {logging_mixin.py:150} INFO - [2025-04-13T10:37:26.276+0000] {dagbag.py:541} INFO - Filling up the DagBag from /workspaces/hands-on-introduction-data-engineering-4395021/airflow/dags/first_try/extract_dag.py
[2025-04-13T10:37:26.283+0000] {processor.py:836} INFO - DAG(s) dict_keys(['extract_dag']) retrieved from /workspaces/hands-on-introduction-data-engineering-4395021/airflow/dags/first_try/extract_dag.py
[2025-04-13T10:37:26.298+0000] {logging_mixin.py:150} INFO - [2025-04-13T10:37:26.298+0000] {dag.py:2742} INFO - Sync 1 DAGs
[2025-04-13T10:37:26.312+0000] {logging_mixin.py:150} INFO - [2025-04-13T10:37:26.312+0000] {dag.py:3504} INFO - Setting next_dagrun for extract_dag to None, run_after=None
[2025-04-13T10:37:26.325+0000] {processor.py:179} INFO - Processing /workspaces/hands-on-introduction-data-engineering-4395021/airflow/dags/first_try/extract_dag.py took 0.052 seconds
[2025-04-13T10:37:57.013+0000] {processor.py:157} INFO - Started process (PID=29238) to work on /workspaces/hands-on-introduction-data-engineering-4395021/airflow/dags/first_try/extract_dag.py
[2025-04-13T10:37:57.013+0000] {processor.py:826} INFO - Processing file /workspaces/hands-on-introduction-data-engineering-4395021/airflow/dags/first_try/extract_dag.py for tasks to queue
[2025-04-13T10:37:57.014+0000] {logging_mixin.py:150} INFO - [2025-04-13T10:37:57.014+0000] {dagbag.py:541} INFO - Filling up the DagBag from /workspaces/hands-on-introduction-data-engineering-4395021/airflow/dags/first_try/extract_dag.py
[2025-04-13T10:37:57.020+0000] {processor.py:836} INFO - DAG(s) dict_keys(['extract_dag']) retrieved from /workspaces/hands-on-introduction-data-engineering-4395021/airflow/dags/first_try/extract_dag.py
[2025-04-13T10:37:57.036+0000] {logging_mixin.py:150} INFO - [2025-04-13T10:37:57.036+0000] {dag.py:2742} INFO - Sync 1 DAGs
[2025-04-13T10:37:57.049+0000] {logging_mixin.py:150} INFO - [2025-04-13T10:37:57.049+0000] {dag.py:3504} INFO - Setting next_dagrun for extract_dag to None, run_after=None
[2025-04-13T10:37:57.062+0000] {processor.py:179} INFO - Processing /workspaces/hands-on-introduction-data-engineering-4395021/airflow/dags/first_try/extract_dag.py took 0.051 seconds
[2025-04-13T10:38:27.611+0000] {processor.py:157} INFO - Started process (PID=29427) to work on /workspaces/hands-on-introduction-data-engineering-4395021/airflow/dags/first_try/extract_dag.py
[2025-04-13T10:38:27.612+0000] {processor.py:826} INFO - Processing file /workspaces/hands-on-introduction-data-engineering-4395021/airflow/dags/first_try/extract_dag.py for tasks to queue
[2025-04-13T10:38:27.613+0000] {logging_mixin.py:150} INFO - [2025-04-13T10:38:27.613+0000] {dagbag.py:541} INFO - Filling up the DagBag from /workspaces/hands-on-introduction-data-engineering-4395021/airflow/dags/first_try/extract_dag.py
[2025-04-13T10:38:27.619+0000] {processor.py:836} INFO - DAG(s) dict_keys(['extract_dag']) retrieved from /workspaces/hands-on-introduction-data-engineering-4395021/airflow/dags/first_try/extract_dag.py
[2025-04-13T10:38:27.635+0000] {logging_mixin.py:150} INFO - [2025-04-13T10:38:27.635+0000] {dag.py:2742} INFO - Sync 1 DAGs
[2025-04-13T10:38:27.648+0000] {logging_mixin.py:150} INFO - [2025-04-13T10:38:27.648+0000] {dag.py:3504} INFO - Setting next_dagrun for extract_dag to None, run_after=None
[2025-04-13T10:38:27.660+0000] {processor.py:179} INFO - Processing /workspaces/hands-on-introduction-data-engineering-4395021/airflow/dags/first_try/extract_dag.py took 0.051 seconds
[2025-04-13T10:38:58.795+0000] {processor.py:157} INFO - Started process (PID=29632) to work on /workspaces/hands-on-introduction-data-engineering-4395021/airflow/dags/first_try/extract_dag.py
[2025-04-13T10:38:58.796+0000] {processor.py:826} INFO - Processing file /workspaces/hands-on-introduction-data-engineering-4395021/airflow/dags/first_try/extract_dag.py for tasks to queue
[2025-04-13T10:38:58.796+0000] {logging_mixin.py:150} INFO - [2025-04-13T10:38:58.796+0000] {dagbag.py:541} INFO - Filling up the DagBag from /workspaces/hands-on-introduction-data-engineering-4395021/airflow/dags/first_try/extract_dag.py
[2025-04-13T10:38:58.804+0000] {processor.py:836} INFO - DAG(s) dict_keys(['extract_dag']) retrieved from /workspaces/hands-on-introduction-data-engineering-4395021/airflow/dags/first_try/extract_dag.py
[2025-04-13T10:38:58.820+0000] {logging_mixin.py:150} INFO - [2025-04-13T10:38:58.820+0000] {dag.py:2742} INFO - Sync 1 DAGs
[2025-04-13T10:38:58.833+0000] {logging_mixin.py:150} INFO - [2025-04-13T10:38:58.833+0000] {dag.py:3504} INFO - Setting next_dagrun for extract_dag to None, run_after=None
[2025-04-13T10:38:58.846+0000] {processor.py:179} INFO - Processing /workspaces/hands-on-introduction-data-engineering-4395021/airflow/dags/first_try/extract_dag.py took 0.053 seconds
[2025-04-13T10:39:28.985+0000] {processor.py:157} INFO - Started process (PID=29846) to work on /workspaces/hands-on-introduction-data-engineering-4395021/airflow/dags/first_try/extract_dag.py
[2025-04-13T10:39:28.985+0000] {processor.py:826} INFO - Processing file /workspaces/hands-on-introduction-data-engineering-4395021/airflow/dags/first_try/extract_dag.py for tasks to queue
[2025-04-13T10:39:28.986+0000] {logging_mixin.py:150} INFO - [2025-04-13T10:39:28.986+0000] {dagbag.py:541} INFO - Filling up the DagBag from /workspaces/hands-on-introduction-data-engineering-4395021/airflow/dags/first_try/extract_dag.py
[2025-04-13T10:39:28.993+0000] {processor.py:836} INFO - DAG(s) dict_keys(['extract_dag']) retrieved from /workspaces/hands-on-introduction-data-engineering-4395021/airflow/dags/first_try/extract_dag.py
[2025-04-13T10:39:29.008+0000] {logging_mixin.py:150} INFO - [2025-04-13T10:39:29.008+0000] {dag.py:2742} INFO - Sync 1 DAGs
[2025-04-13T10:39:29.021+0000] {logging_mixin.py:150} INFO - [2025-04-13T10:39:29.020+0000] {dag.py:3504} INFO - Setting next_dagrun for extract_dag to None, run_after=None
[2025-04-13T10:39:29.033+0000] {processor.py:179} INFO - Processing /workspaces/hands-on-introduction-data-engineering-4395021/airflow/dags/first_try/extract_dag.py took 0.051 seconds
[2025-04-13T10:39:59.475+0000] {processor.py:157} INFO - Started process (PID=30038) to work on /workspaces/hands-on-introduction-data-engineering-4395021/airflow/dags/first_try/extract_dag.py
[2025-04-13T10:39:59.476+0000] {processor.py:826} INFO - Processing file /workspaces/hands-on-introduction-data-engineering-4395021/airflow/dags/first_try/extract_dag.py for tasks to queue
[2025-04-13T10:39:59.476+0000] {logging_mixin.py:150} INFO - [2025-04-13T10:39:59.476+0000] {dagbag.py:541} INFO - Filling up the DagBag from /workspaces/hands-on-introduction-data-engineering-4395021/airflow/dags/first_try/extract_dag.py
[2025-04-13T10:39:59.483+0000] {processor.py:836} INFO - DAG(s) dict_keys(['extract_dag']) retrieved from /workspaces/hands-on-introduction-data-engineering-4395021/airflow/dags/first_try/extract_dag.py
[2025-04-13T10:39:59.499+0000] {logging_mixin.py:150} INFO - [2025-04-13T10:39:59.499+0000] {dag.py:2742} INFO - Sync 1 DAGs
[2025-04-13T10:39:59.511+0000] {logging_mixin.py:150} INFO - [2025-04-13T10:39:59.511+0000] {dag.py:3504} INFO - Setting next_dagrun for extract_dag to None, run_after=None
[2025-04-13T10:39:59.525+0000] {processor.py:179} INFO - Processing /workspaces/hands-on-introduction-data-engineering-4395021/airflow/dags/first_try/extract_dag.py took 0.052 seconds
[2025-04-13T10:40:29.997+0000] {processor.py:157} INFO - Started process (PID=30221) to work on /workspaces/hands-on-introduction-data-engineering-4395021/airflow/dags/first_try/extract_dag.py
[2025-04-13T10:40:29.998+0000] {processor.py:826} INFO - Processing file /workspaces/hands-on-introduction-data-engineering-4395021/airflow/dags/first_try/extract_dag.py for tasks to queue
[2025-04-13T10:40:29.998+0000] {logging_mixin.py:150} INFO - [2025-04-13T10:40:29.998+0000] {dagbag.py:541} INFO - Filling up the DagBag from /workspaces/hands-on-introduction-data-engineering-4395021/airflow/dags/first_try/extract_dag.py
[2025-04-13T10:40:30.005+0000] {processor.py:836} INFO - DAG(s) dict_keys(['extract_dag']) retrieved from /workspaces/hands-on-introduction-data-engineering-4395021/airflow/dags/first_try/extract_dag.py
[2025-04-13T10:40:30.020+0000] {logging_mixin.py:150} INFO - [2025-04-13T10:40:30.020+0000] {dag.py:2742} INFO - Sync 1 DAGs
[2025-04-13T10:40:30.033+0000] {logging_mixin.py:150} INFO - [2025-04-13T10:40:30.033+0000] {dag.py:3504} INFO - Setting next_dagrun for extract_dag to None, run_after=None
[2025-04-13T10:40:30.045+0000] {processor.py:179} INFO - Processing /workspaces/hands-on-introduction-data-engineering-4395021/airflow/dags/first_try/extract_dag.py took 0.050 seconds
[2025-04-13T10:41:00.492+0000] {processor.py:157} INFO - Started process (PID=30409) to work on /workspaces/hands-on-introduction-data-engineering-4395021/airflow/dags/first_try/extract_dag.py
[2025-04-13T10:41:00.492+0000] {processor.py:826} INFO - Processing file /workspaces/hands-on-introduction-data-engineering-4395021/airflow/dags/first_try/extract_dag.py for tasks to queue
[2025-04-13T10:41:00.493+0000] {logging_mixin.py:150} INFO - [2025-04-13T10:41:00.493+0000] {dagbag.py:541} INFO - Filling up the DagBag from /workspaces/hands-on-introduction-data-engineering-4395021/airflow/dags/first_try/extract_dag.py
[2025-04-13T10:41:00.499+0000] {processor.py:836} INFO - DAG(s) dict_keys(['extract_dag']) retrieved from /workspaces/hands-on-introduction-data-engineering-4395021/airflow/dags/first_try/extract_dag.py
[2025-04-13T10:41:00.515+0000] {logging_mixin.py:150} INFO - [2025-04-13T10:41:00.515+0000] {dag.py:2742} INFO - Sync 1 DAGs
[2025-04-13T10:41:00.528+0000] {logging_mixin.py:150} INFO - [2025-04-13T10:41:00.528+0000] {dag.py:3504} INFO - Setting next_dagrun for extract_dag to None, run_after=None
[2025-04-13T10:41:00.541+0000] {processor.py:179} INFO - Processing /workspaces/hands-on-introduction-data-engineering-4395021/airflow/dags/first_try/extract_dag.py took 0.051 seconds
[2025-04-13T10:41:30.986+0000] {processor.py:157} INFO - Started process (PID=30591) to work on /workspaces/hands-on-introduction-data-engineering-4395021/airflow/dags/first_try/extract_dag.py
[2025-04-13T10:41:30.987+0000] {processor.py:826} INFO - Processing file /workspaces/hands-on-introduction-data-engineering-4395021/airflow/dags/first_try/extract_dag.py for tasks to queue
[2025-04-13T10:41:30.988+0000] {logging_mixin.py:150} INFO - [2025-04-13T10:41:30.988+0000] {dagbag.py:541} INFO - Filling up the DagBag from /workspaces/hands-on-introduction-data-engineering-4395021/airflow/dags/first_try/extract_dag.py
[2025-04-13T10:41:30.994+0000] {processor.py:836} INFO - DAG(s) dict_keys(['extract_dag']) retrieved from /workspaces/hands-on-introduction-data-engineering-4395021/airflow/dags/first_try/extract_dag.py
[2025-04-13T10:41:31.010+0000] {logging_mixin.py:150} INFO - [2025-04-13T10:41:31.010+0000] {dag.py:2742} INFO - Sync 1 DAGs
[2025-04-13T10:41:31.024+0000] {logging_mixin.py:150} INFO - [2025-04-13T10:41:31.024+0000] {dag.py:3504} INFO - Setting next_dagrun for extract_dag to None, run_after=None
[2025-04-13T10:41:31.036+0000] {processor.py:179} INFO - Processing /workspaces/hands-on-introduction-data-engineering-4395021/airflow/dags/first_try/extract_dag.py took 0.052 seconds
[2025-04-13T10:42:01.483+0000] {processor.py:157} INFO - Started process (PID=30779) to work on /workspaces/hands-on-introduction-data-engineering-4395021/airflow/dags/first_try/extract_dag.py
[2025-04-13T10:42:01.483+0000] {processor.py:826} INFO - Processing file /workspaces/hands-on-introduction-data-engineering-4395021/airflow/dags/first_try/extract_dag.py for tasks to queue
[2025-04-13T10:42:01.484+0000] {logging_mixin.py:150} INFO - [2025-04-13T10:42:01.484+0000] {dagbag.py:541} INFO - Filling up the DagBag from /workspaces/hands-on-introduction-data-engineering-4395021/airflow/dags/first_try/extract_dag.py
[2025-04-13T10:42:01.491+0000] {processor.py:836} INFO - DAG(s) dict_keys(['extract_dag']) retrieved from /workspaces/hands-on-introduction-data-engineering-4395021/airflow/dags/first_try/extract_dag.py
[2025-04-13T10:42:01.506+0000] {logging_mixin.py:150} INFO - [2025-04-13T10:42:01.506+0000] {dag.py:2742} INFO - Sync 1 DAGs
[2025-04-13T10:42:01.520+0000] {logging_mixin.py:150} INFO - [2025-04-13T10:42:01.519+0000] {dag.py:3504} INFO - Setting next_dagrun for extract_dag to None, run_after=None
[2025-04-13T10:42:01.532+0000] {processor.py:179} INFO - Processing /workspaces/hands-on-introduction-data-engineering-4395021/airflow/dags/first_try/extract_dag.py took 0.052 seconds
[2025-04-13T10:42:33.013+0000] {processor.py:157} INFO - Started process (PID=30987) to work on /workspaces/hands-on-introduction-data-engineering-4395021/airflow/dags/first_try/extract_dag.py
[2025-04-13T10:42:33.013+0000] {processor.py:826} INFO - Processing file /workspaces/hands-on-introduction-data-engineering-4395021/airflow/dags/first_try/extract_dag.py for tasks to queue
[2025-04-13T10:42:33.014+0000] {logging_mixin.py:150} INFO - [2025-04-13T10:42:33.014+0000] {dagbag.py:541} INFO - Filling up the DagBag from /workspaces/hands-on-introduction-data-engineering-4395021/airflow/dags/first_try/extract_dag.py
[2025-04-13T10:42:33.021+0000] {processor.py:836} INFO - DAG(s) dict_keys(['extract_dag']) retrieved from /workspaces/hands-on-introduction-data-engineering-4395021/airflow/dags/first_try/extract_dag.py
[2025-04-13T10:42:33.037+0000] {logging_mixin.py:150} INFO - [2025-04-13T10:42:33.037+0000] {dag.py:2742} INFO - Sync 1 DAGs
[2025-04-13T10:42:33.050+0000] {logging_mixin.py:150} INFO - [2025-04-13T10:42:33.049+0000] {dag.py:3504} INFO - Setting next_dagrun for extract_dag to None, run_after=None
[2025-04-13T10:42:33.063+0000] {processor.py:179} INFO - Processing /workspaces/hands-on-introduction-data-engineering-4395021/airflow/dags/first_try/extract_dag.py took 0.052 seconds
[2025-04-13T10:43:03.702+0000] {processor.py:157} INFO - Started process (PID=31179) to work on /workspaces/hands-on-introduction-data-engineering-4395021/airflow/dags/first_try/extract_dag.py
[2025-04-13T10:43:03.703+0000] {processor.py:826} INFO - Processing file /workspaces/hands-on-introduction-data-engineering-4395021/airflow/dags/first_try/extract_dag.py for tasks to queue
[2025-04-13T10:43:03.703+0000] {logging_mixin.py:150} INFO - [2025-04-13T10:43:03.703+0000] {dagbag.py:541} INFO - Filling up the DagBag from /workspaces/hands-on-introduction-data-engineering-4395021/airflow/dags/first_try/extract_dag.py
[2025-04-13T10:43:03.710+0000] {processor.py:836} INFO - DAG(s) dict_keys(['extract_dag']) retrieved from /workspaces/hands-on-introduction-data-engineering-4395021/airflow/dags/first_try/extract_dag.py
[2025-04-13T10:43:03.729+0000] {logging_mixin.py:150} INFO - [2025-04-13T10:43:03.729+0000] {dag.py:2742} INFO - Sync 1 DAGs
[2025-04-13T10:43:03.742+0000] {logging_mixin.py:150} INFO - [2025-04-13T10:43:03.741+0000] {dag.py:3504} INFO - Setting next_dagrun for extract_dag to None, run_after=None
[2025-04-13T10:43:03.755+0000] {processor.py:179} INFO - Processing /workspaces/hands-on-introduction-data-engineering-4395021/airflow/dags/first_try/extract_dag.py took 0.055 seconds
[2025-04-13T10:43:35.629+0000] {processor.py:157} INFO - Started process (PID=31393) to work on /workspaces/hands-on-introduction-data-engineering-4395021/airflow/dags/first_try/extract_dag.py
[2025-04-13T10:43:35.630+0000] {processor.py:826} INFO - Processing file /workspaces/hands-on-introduction-data-engineering-4395021/airflow/dags/first_try/extract_dag.py for tasks to queue
[2025-04-13T10:43:35.631+0000] {logging_mixin.py:150} INFO - [2025-04-13T10:43:35.630+0000] {dagbag.py:541} INFO - Filling up the DagBag from /workspaces/hands-on-introduction-data-engineering-4395021/airflow/dags/first_try/extract_dag.py
[2025-04-13T10:43:35.637+0000] {processor.py:836} INFO - DAG(s) dict_keys(['extract_dag']) retrieved from /workspaces/hands-on-introduction-data-engineering-4395021/airflow/dags/first_try/extract_dag.py
[2025-04-13T10:43:35.653+0000] {logging_mixin.py:150} INFO - [2025-04-13T10:43:35.653+0000] {dag.py:2742} INFO - Sync 1 DAGs
[2025-04-13T10:43:35.666+0000] {logging_mixin.py:150} INFO - [2025-04-13T10:43:35.666+0000] {dag.py:3504} INFO - Setting next_dagrun for extract_dag to None, run_after=None
[2025-04-13T10:43:35.679+0000] {processor.py:179} INFO - Processing /workspaces/hands-on-introduction-data-engineering-4395021/airflow/dags/first_try/extract_dag.py took 0.052 seconds
[2025-04-13T10:44:07.183+0000] {processor.py:157} INFO - Started process (PID=31600) to work on /workspaces/hands-on-introduction-data-engineering-4395021/airflow/dags/first_try/extract_dag.py
[2025-04-13T10:44:07.184+0000] {processor.py:826} INFO - Processing file /workspaces/hands-on-introduction-data-engineering-4395021/airflow/dags/first_try/extract_dag.py for tasks to queue
[2025-04-13T10:44:07.184+0000] {logging_mixin.py:150} INFO - [2025-04-13T10:44:07.184+0000] {dagbag.py:541} INFO - Filling up the DagBag from /workspaces/hands-on-introduction-data-engineering-4395021/airflow/dags/first_try/extract_dag.py
[2025-04-13T10:44:07.191+0000] {processor.py:836} INFO - DAG(s) dict_keys(['extract_dag']) retrieved from /workspaces/hands-on-introduction-data-engineering-4395021/airflow/dags/first_try/extract_dag.py
[2025-04-13T10:44:07.207+0000] {logging_mixin.py:150} INFO - [2025-04-13T10:44:07.207+0000] {dag.py:2742} INFO - Sync 1 DAGs
[2025-04-13T10:44:07.223+0000] {logging_mixin.py:150} INFO - [2025-04-13T10:44:07.222+0000] {dag.py:3504} INFO - Setting next_dagrun for extract_dag to None, run_after=None
[2025-04-13T10:44:07.238+0000] {processor.py:179} INFO - Processing /workspaces/hands-on-introduction-data-engineering-4395021/airflow/dags/first_try/extract_dag.py took 0.057 seconds
[2025-04-13T10:44:38.338+0000] {processor.py:157} INFO - Started process (PID=31915) to work on /workspaces/hands-on-introduction-data-engineering-4395021/airflow/dags/first_try/extract_dag.py
[2025-04-13T10:44:38.339+0000] {processor.py:826} INFO - Processing file /workspaces/hands-on-introduction-data-engineering-4395021/airflow/dags/first_try/extract_dag.py for tasks to queue
[2025-04-13T10:44:38.339+0000] {logging_mixin.py:150} INFO - [2025-04-13T10:44:38.339+0000] {dagbag.py:541} INFO - Filling up the DagBag from /workspaces/hands-on-introduction-data-engineering-4395021/airflow/dags/first_try/extract_dag.py
[2025-04-13T10:44:38.346+0000] {processor.py:836} INFO - DAG(s) dict_keys(['extract_dag']) retrieved from /workspaces/hands-on-introduction-data-engineering-4395021/airflow/dags/first_try/extract_dag.py
[2025-04-13T10:44:38.363+0000] {logging_mixin.py:150} INFO - [2025-04-13T10:44:38.363+0000] {dag.py:2742} INFO - Sync 1 DAGs
[2025-04-13T10:44:38.377+0000] {logging_mixin.py:150} INFO - [2025-04-13T10:44:38.377+0000] {dag.py:3504} INFO - Setting next_dagrun for extract_dag to None, run_after=None
[2025-04-13T10:44:38.389+0000] {processor.py:179} INFO - Processing /workspaces/hands-on-introduction-data-engineering-4395021/airflow/dags/first_try/extract_dag.py took 0.054 seconds
[2025-04-13T10:45:08.835+0000] {processor.py:157} INFO - Started process (PID=32206) to work on /workspaces/hands-on-introduction-data-engineering-4395021/airflow/dags/first_try/extract_dag.py
[2025-04-13T10:45:08.836+0000] {processor.py:826} INFO - Processing file /workspaces/hands-on-introduction-data-engineering-4395021/airflow/dags/first_try/extract_dag.py for tasks to queue
[2025-04-13T10:45:08.836+0000] {logging_mixin.py:150} INFO - [2025-04-13T10:45:08.836+0000] {dagbag.py:541} INFO - Filling up the DagBag from /workspaces/hands-on-introduction-data-engineering-4395021/airflow/dags/first_try/extract_dag.py
[2025-04-13T10:45:08.843+0000] {processor.py:836} INFO - DAG(s) dict_keys(['extract_dag']) retrieved from /workspaces/hands-on-introduction-data-engineering-4395021/airflow/dags/first_try/extract_dag.py
[2025-04-13T10:45:08.859+0000] {logging_mixin.py:150} INFO - [2025-04-13T10:45:08.859+0000] {dag.py:2742} INFO - Sync 1 DAGs
[2025-04-13T10:45:08.872+0000] {logging_mixin.py:150} INFO - [2025-04-13T10:45:08.871+0000] {dag.py:3504} INFO - Setting next_dagrun for extract_dag to None, run_after=None
[2025-04-13T10:45:08.885+0000] {processor.py:179} INFO - Processing /workspaces/hands-on-introduction-data-engineering-4395021/airflow/dags/first_try/extract_dag.py took 0.051 seconds
