[2025-04-13T09:40:20.721+0000] {processor.py:157} INFO - Started process (PID=5838) to work on /workspaces/hands-on-introduction-data-engineering-4395021/airflow/dags/first_try/load_dag.py
[2025-04-13T09:40:20.722+0000] {processor.py:826} INFO - Processing file /workspaces/hands-on-introduction-data-engineering-4395021/airflow/dags/first_try/load_dag.py for tasks to queue
[2025-04-13T09:40:20.723+0000] {logging_mixin.py:150} INFO - [2025-04-13T09:40:20.723+0000] {dagbag.py:541} INFO - Filling up the DagBag from /workspaces/hands-on-introduction-data-engineering-4395021/airflow/dags/first_try/load_dag.py
[2025-04-13T09:40:20.750+0000] {processor.py:836} INFO - DAG(s) dict_keys(['load_dag']) retrieved from /workspaces/hands-on-introduction-data-engineering-4395021/airflow/dags/first_try/load_dag.py
[2025-04-13T09:40:20.816+0000] {logging_mixin.py:150} INFO - [2025-04-13T09:40:20.816+0000] {dag.py:2742} INFO - Sync 1 DAGs
[2025-04-13T09:40:20.879+0000] {logging_mixin.py:150} INFO - [2025-04-13T09:40:20.879+0000] {dag.py:3504} INFO - Setting next_dagrun for load_dag to None, run_after=None
[2025-04-13T09:40:20.893+0000] {processor.py:179} INFO - Processing /workspaces/hands-on-introduction-data-engineering-4395021/airflow/dags/first_try/load_dag.py took 0.182 seconds
[2025-04-13T09:40:51.745+0000] {processor.py:157} INFO - Started process (PID=6103) to work on /workspaces/hands-on-introduction-data-engineering-4395021/airflow/dags/first_try/load_dag.py
[2025-04-13T09:40:51.746+0000] {processor.py:826} INFO - Processing file /workspaces/hands-on-introduction-data-engineering-4395021/airflow/dags/first_try/load_dag.py for tasks to queue
[2025-04-13T09:40:51.747+0000] {logging_mixin.py:150} INFO - [2025-04-13T09:40:51.746+0000] {dagbag.py:541} INFO - Filling up the DagBag from /workspaces/hands-on-introduction-data-engineering-4395021/airflow/dags/first_try/load_dag.py
[2025-04-13T09:40:51.755+0000] {processor.py:836} INFO - DAG(s) dict_keys(['load_dag']) retrieved from /workspaces/hands-on-introduction-data-engineering-4395021/airflow/dags/first_try/load_dag.py
[2025-04-13T09:40:51.777+0000] {logging_mixin.py:150} INFO - [2025-04-13T09:40:51.777+0000] {dag.py:2742} INFO - Sync 1 DAGs
[2025-04-13T09:40:51.795+0000] {logging_mixin.py:150} INFO - [2025-04-13T09:40:51.795+0000] {dag.py:3504} INFO - Setting next_dagrun for load_dag to None, run_after=None
[2025-04-13T09:40:51.818+0000] {processor.py:179} INFO - Processing /workspaces/hands-on-introduction-data-engineering-4395021/airflow/dags/first_try/load_dag.py took 0.075 seconds
[2025-04-13T09:41:22.822+0000] {processor.py:157} INFO - Started process (PID=6302) to work on /workspaces/hands-on-introduction-data-engineering-4395021/airflow/dags/first_try/load_dag.py
[2025-04-13T09:41:22.823+0000] {processor.py:826} INFO - Processing file /workspaces/hands-on-introduction-data-engineering-4395021/airflow/dags/first_try/load_dag.py for tasks to queue
[2025-04-13T09:41:22.823+0000] {logging_mixin.py:150} INFO - [2025-04-13T09:41:22.823+0000] {dagbag.py:541} INFO - Filling up the DagBag from /workspaces/hands-on-introduction-data-engineering-4395021/airflow/dags/first_try/load_dag.py
[2025-04-13T09:41:22.830+0000] {processor.py:836} INFO - DAG(s) dict_keys(['load_dag']) retrieved from /workspaces/hands-on-introduction-data-engineering-4395021/airflow/dags/first_try/load_dag.py
[2025-04-13T09:41:22.845+0000] {logging_mixin.py:150} INFO - [2025-04-13T09:41:22.845+0000] {dag.py:2742} INFO - Sync 1 DAGs
[2025-04-13T09:41:22.866+0000] {logging_mixin.py:150} INFO - [2025-04-13T09:41:22.865+0000] {dag.py:3504} INFO - Setting next_dagrun for load_dag to None, run_after=None
[2025-04-13T09:41:22.880+0000] {processor.py:179} INFO - Processing /workspaces/hands-on-introduction-data-engineering-4395021/airflow/dags/first_try/load_dag.py took 0.060 seconds
[2025-04-13T09:41:53.902+0000] {processor.py:157} INFO - Started process (PID=6487) to work on /workspaces/hands-on-introduction-data-engineering-4395021/airflow/dags/first_try/load_dag.py
[2025-04-13T09:41:53.903+0000] {processor.py:826} INFO - Processing file /workspaces/hands-on-introduction-data-engineering-4395021/airflow/dags/first_try/load_dag.py for tasks to queue
[2025-04-13T09:41:53.903+0000] {logging_mixin.py:150} INFO - [2025-04-13T09:41:53.903+0000] {dagbag.py:541} INFO - Filling up the DagBag from /workspaces/hands-on-introduction-data-engineering-4395021/airflow/dags/first_try/load_dag.py
[2025-04-13T09:41:53.910+0000] {processor.py:836} INFO - DAG(s) dict_keys(['load_dag']) retrieved from /workspaces/hands-on-introduction-data-engineering-4395021/airflow/dags/first_try/load_dag.py
[2025-04-13T09:41:53.926+0000] {logging_mixin.py:150} INFO - [2025-04-13T09:41:53.926+0000] {dag.py:2742} INFO - Sync 1 DAGs
[2025-04-13T09:41:53.939+0000] {logging_mixin.py:150} INFO - [2025-04-13T09:41:53.939+0000] {dag.py:3504} INFO - Setting next_dagrun for load_dag to None, run_after=None
[2025-04-13T09:41:53.952+0000] {processor.py:179} INFO - Processing /workspaces/hands-on-introduction-data-engineering-4395021/airflow/dags/first_try/load_dag.py took 0.052 seconds
[2025-04-13T09:42:24.271+0000] {processor.py:157} INFO - Started process (PID=6672) to work on /workspaces/hands-on-introduction-data-engineering-4395021/airflow/dags/first_try/load_dag.py
[2025-04-13T09:42:24.272+0000] {processor.py:826} INFO - Processing file /workspaces/hands-on-introduction-data-engineering-4395021/airflow/dags/first_try/load_dag.py for tasks to queue
[2025-04-13T09:42:24.273+0000] {logging_mixin.py:150} INFO - [2025-04-13T09:42:24.272+0000] {dagbag.py:541} INFO - Filling up the DagBag from /workspaces/hands-on-introduction-data-engineering-4395021/airflow/dags/first_try/load_dag.py
[2025-04-13T09:42:24.282+0000] {processor.py:836} INFO - DAG(s) dict_keys(['load_dag']) retrieved from /workspaces/hands-on-introduction-data-engineering-4395021/airflow/dags/first_try/load_dag.py
[2025-04-13T09:42:24.305+0000] {logging_mixin.py:150} INFO - [2025-04-13T09:42:24.305+0000] {dag.py:2742} INFO - Sync 1 DAGs
[2025-04-13T09:42:24.318+0000] {logging_mixin.py:150} INFO - [2025-04-13T09:42:24.318+0000] {dag.py:3504} INFO - Setting next_dagrun for load_dag to None, run_after=None
[2025-04-13T09:42:24.332+0000] {processor.py:179} INFO - Processing /workspaces/hands-on-introduction-data-engineering-4395021/airflow/dags/first_try/load_dag.py took 0.063 seconds
[2025-04-13T09:42:54.828+0000] {processor.py:157} INFO - Started process (PID=6881) to work on /workspaces/hands-on-introduction-data-engineering-4395021/airflow/dags/first_try/load_dag.py
[2025-04-13T09:42:54.829+0000] {processor.py:826} INFO - Processing file /workspaces/hands-on-introduction-data-engineering-4395021/airflow/dags/first_try/load_dag.py for tasks to queue
[2025-04-13T09:42:54.829+0000] {logging_mixin.py:150} INFO - [2025-04-13T09:42:54.829+0000] {dagbag.py:541} INFO - Filling up the DagBag from /workspaces/hands-on-introduction-data-engineering-4395021/airflow/dags/first_try/load_dag.py
[2025-04-13T09:42:54.836+0000] {processor.py:836} INFO - DAG(s) dict_keys(['load_dag']) retrieved from /workspaces/hands-on-introduction-data-engineering-4395021/airflow/dags/first_try/load_dag.py
[2025-04-13T09:42:54.875+0000] {logging_mixin.py:150} INFO - [2025-04-13T09:42:54.873+0000] {dag.py:2742} INFO - Sync 1 DAGs
[2025-04-13T09:42:54.895+0000] {logging_mixin.py:150} INFO - [2025-04-13T09:42:54.895+0000] {dag.py:3504} INFO - Setting next_dagrun for load_dag to None, run_after=None
[2025-04-13T09:42:54.908+0000] {processor.py:179} INFO - Processing /workspaces/hands-on-introduction-data-engineering-4395021/airflow/dags/first_try/load_dag.py took 0.082 seconds
[2025-04-13T09:43:25.526+0000] {processor.py:157} INFO - Started process (PID=7089) to work on /workspaces/hands-on-introduction-data-engineering-4395021/airflow/dags/first_try/load_dag.py
[2025-04-13T09:43:25.526+0000] {processor.py:826} INFO - Processing file /workspaces/hands-on-introduction-data-engineering-4395021/airflow/dags/first_try/load_dag.py for tasks to queue
[2025-04-13T09:43:25.527+0000] {logging_mixin.py:150} INFO - [2025-04-13T09:43:25.527+0000] {dagbag.py:541} INFO - Filling up the DagBag from /workspaces/hands-on-introduction-data-engineering-4395021/airflow/dags/first_try/load_dag.py
[2025-04-13T09:43:25.534+0000] {processor.py:836} INFO - DAG(s) dict_keys(['load_dag']) retrieved from /workspaces/hands-on-introduction-data-engineering-4395021/airflow/dags/first_try/load_dag.py
[2025-04-13T09:43:25.549+0000] {logging_mixin.py:150} INFO - [2025-04-13T09:43:25.549+0000] {dag.py:2742} INFO - Sync 1 DAGs
[2025-04-13T09:43:25.567+0000] {logging_mixin.py:150} INFO - [2025-04-13T09:43:25.567+0000] {dag.py:3504} INFO - Setting next_dagrun for load_dag to None, run_after=None
[2025-04-13T09:43:25.585+0000] {processor.py:179} INFO - Processing /workspaces/hands-on-introduction-data-engineering-4395021/airflow/dags/first_try/load_dag.py took 0.062 seconds
[2025-04-13T09:43:56.442+0000] {processor.py:157} INFO - Started process (PID=7292) to work on /workspaces/hands-on-introduction-data-engineering-4395021/airflow/dags/first_try/load_dag.py
[2025-04-13T09:43:56.442+0000] {processor.py:826} INFO - Processing file /workspaces/hands-on-introduction-data-engineering-4395021/airflow/dags/first_try/load_dag.py for tasks to queue
[2025-04-13T09:43:56.443+0000] {logging_mixin.py:150} INFO - [2025-04-13T09:43:56.443+0000] {dagbag.py:541} INFO - Filling up the DagBag from /workspaces/hands-on-introduction-data-engineering-4395021/airflow/dags/first_try/load_dag.py
[2025-04-13T09:43:56.449+0000] {processor.py:836} INFO - DAG(s) dict_keys(['load_dag']) retrieved from /workspaces/hands-on-introduction-data-engineering-4395021/airflow/dags/first_try/load_dag.py
[2025-04-13T09:43:56.466+0000] {logging_mixin.py:150} INFO - [2025-04-13T09:43:56.466+0000] {dag.py:2742} INFO - Sync 1 DAGs
[2025-04-13T09:43:56.481+0000] {logging_mixin.py:150} INFO - [2025-04-13T09:43:56.481+0000] {dag.py:3504} INFO - Setting next_dagrun for load_dag to None, run_after=None
[2025-04-13T09:43:56.495+0000] {processor.py:179} INFO - Processing /workspaces/hands-on-introduction-data-engineering-4395021/airflow/dags/first_try/load_dag.py took 0.056 seconds
[2025-04-13T09:44:27.033+0000] {processor.py:157} INFO - Started process (PID=7484) to work on /workspaces/hands-on-introduction-data-engineering-4395021/airflow/dags/first_try/load_dag.py
[2025-04-13T09:44:27.034+0000] {processor.py:826} INFO - Processing file /workspaces/hands-on-introduction-data-engineering-4395021/airflow/dags/first_try/load_dag.py for tasks to queue
[2025-04-13T09:44:27.035+0000] {logging_mixin.py:150} INFO - [2025-04-13T09:44:27.034+0000] {dagbag.py:541} INFO - Filling up the DagBag from /workspaces/hands-on-introduction-data-engineering-4395021/airflow/dags/first_try/load_dag.py
[2025-04-13T09:44:27.042+0000] {processor.py:836} INFO - DAG(s) dict_keys(['load_dag']) retrieved from /workspaces/hands-on-introduction-data-engineering-4395021/airflow/dags/first_try/load_dag.py
[2025-04-13T09:44:27.062+0000] {logging_mixin.py:150} INFO - [2025-04-13T09:44:27.062+0000] {dag.py:2742} INFO - Sync 1 DAGs
[2025-04-13T09:44:27.082+0000] {logging_mixin.py:150} INFO - [2025-04-13T09:44:27.082+0000] {dag.py:3504} INFO - Setting next_dagrun for load_dag to None, run_after=None
[2025-04-13T09:44:27.095+0000] {processor.py:179} INFO - Processing /workspaces/hands-on-introduction-data-engineering-4395021/airflow/dags/first_try/load_dag.py took 0.064 seconds
[2025-04-13T09:44:57.324+0000] {processor.py:157} INFO - Started process (PID=7663) to work on /workspaces/hands-on-introduction-data-engineering-4395021/airflow/dags/first_try/load_dag.py
[2025-04-13T09:44:57.324+0000] {processor.py:826} INFO - Processing file /workspaces/hands-on-introduction-data-engineering-4395021/airflow/dags/first_try/load_dag.py for tasks to queue
[2025-04-13T09:44:57.325+0000] {logging_mixin.py:150} INFO - [2025-04-13T09:44:57.325+0000] {dagbag.py:541} INFO - Filling up the DagBag from /workspaces/hands-on-introduction-data-engineering-4395021/airflow/dags/first_try/load_dag.py
[2025-04-13T09:44:57.332+0000] {processor.py:836} INFO - DAG(s) dict_keys(['load_dag']) retrieved from /workspaces/hands-on-introduction-data-engineering-4395021/airflow/dags/first_try/load_dag.py
[2025-04-13T09:44:57.347+0000] {logging_mixin.py:150} INFO - [2025-04-13T09:44:57.347+0000] {dag.py:2742} INFO - Sync 1 DAGs
[2025-04-13T09:44:57.366+0000] {logging_mixin.py:150} INFO - [2025-04-13T09:44:57.366+0000] {dag.py:3504} INFO - Setting next_dagrun for load_dag to None, run_after=None
[2025-04-13T09:44:57.383+0000] {processor.py:179} INFO - Processing /workspaces/hands-on-introduction-data-engineering-4395021/airflow/dags/first_try/load_dag.py took 0.061 seconds
[2025-04-13T09:45:28.070+0000] {processor.py:157} INFO - Started process (PID=7870) to work on /workspaces/hands-on-introduction-data-engineering-4395021/airflow/dags/first_try/load_dag.py
[2025-04-13T09:45:28.071+0000] {processor.py:826} INFO - Processing file /workspaces/hands-on-introduction-data-engineering-4395021/airflow/dags/first_try/load_dag.py for tasks to queue
[2025-04-13T09:45:28.071+0000] {logging_mixin.py:150} INFO - [2025-04-13T09:45:28.071+0000] {dagbag.py:541} INFO - Filling up the DagBag from /workspaces/hands-on-introduction-data-engineering-4395021/airflow/dags/first_try/load_dag.py
[2025-04-13T09:45:28.078+0000] {processor.py:836} INFO - DAG(s) dict_keys(['load_dag']) retrieved from /workspaces/hands-on-introduction-data-engineering-4395021/airflow/dags/first_try/load_dag.py
[2025-04-13T09:45:28.094+0000] {logging_mixin.py:150} INFO - [2025-04-13T09:45:28.094+0000] {dag.py:2742} INFO - Sync 1 DAGs
[2025-04-13T09:45:28.107+0000] {logging_mixin.py:150} INFO - [2025-04-13T09:45:28.107+0000] {dag.py:3504} INFO - Setting next_dagrun for load_dag to None, run_after=None
[2025-04-13T09:45:28.120+0000] {processor.py:179} INFO - Processing /workspaces/hands-on-introduction-data-engineering-4395021/airflow/dags/first_try/load_dag.py took 0.052 seconds
[2025-04-13T09:45:58.571+0000] {processor.py:157} INFO - Started process (PID=8051) to work on /workspaces/hands-on-introduction-data-engineering-4395021/airflow/dags/first_try/load_dag.py
[2025-04-13T09:45:58.571+0000] {processor.py:826} INFO - Processing file /workspaces/hands-on-introduction-data-engineering-4395021/airflow/dags/first_try/load_dag.py for tasks to queue
[2025-04-13T09:45:58.572+0000] {logging_mixin.py:150} INFO - [2025-04-13T09:45:58.572+0000] {dagbag.py:541} INFO - Filling up the DagBag from /workspaces/hands-on-introduction-data-engineering-4395021/airflow/dags/first_try/load_dag.py
[2025-04-13T09:45:58.579+0000] {processor.py:836} INFO - DAG(s) dict_keys(['load_dag']) retrieved from /workspaces/hands-on-introduction-data-engineering-4395021/airflow/dags/first_try/load_dag.py
[2025-04-13T09:45:58.595+0000] {logging_mixin.py:150} INFO - [2025-04-13T09:45:58.595+0000] {dag.py:2742} INFO - Sync 1 DAGs
[2025-04-13T09:45:58.607+0000] {logging_mixin.py:150} INFO - [2025-04-13T09:45:58.607+0000] {dag.py:3504} INFO - Setting next_dagrun for load_dag to None, run_after=None
[2025-04-13T09:45:58.620+0000] {processor.py:179} INFO - Processing /workspaces/hands-on-introduction-data-engineering-4395021/airflow/dags/first_try/load_dag.py took 0.051 seconds
[2025-04-13T09:46:29.235+0000] {processor.py:157} INFO - Started process (PID=8247) to work on /workspaces/hands-on-introduction-data-engineering-4395021/airflow/dags/first_try/load_dag.py
[2025-04-13T09:46:29.236+0000] {processor.py:826} INFO - Processing file /workspaces/hands-on-introduction-data-engineering-4395021/airflow/dags/first_try/load_dag.py for tasks to queue
[2025-04-13T09:46:29.236+0000] {logging_mixin.py:150} INFO - [2025-04-13T09:46:29.236+0000] {dagbag.py:541} INFO - Filling up the DagBag from /workspaces/hands-on-introduction-data-engineering-4395021/airflow/dags/first_try/load_dag.py
[2025-04-13T09:46:29.243+0000] {processor.py:836} INFO - DAG(s) dict_keys(['load_dag']) retrieved from /workspaces/hands-on-introduction-data-engineering-4395021/airflow/dags/first_try/load_dag.py
[2025-04-13T09:46:29.259+0000] {logging_mixin.py:150} INFO - [2025-04-13T09:46:29.259+0000] {dag.py:2742} INFO - Sync 1 DAGs
[2025-04-13T09:46:29.272+0000] {logging_mixin.py:150} INFO - [2025-04-13T09:46:29.272+0000] {dag.py:3504} INFO - Setting next_dagrun for load_dag to None, run_after=None
[2025-04-13T09:46:29.285+0000] {processor.py:179} INFO - Processing /workspaces/hands-on-introduction-data-engineering-4395021/airflow/dags/first_try/load_dag.py took 0.052 seconds
[2025-04-13T09:46:59.814+0000] {processor.py:157} INFO - Started process (PID=8445) to work on /workspaces/hands-on-introduction-data-engineering-4395021/airflow/dags/first_try/load_dag.py
[2025-04-13T09:46:59.815+0000] {processor.py:826} INFO - Processing file /workspaces/hands-on-introduction-data-engineering-4395021/airflow/dags/first_try/load_dag.py for tasks to queue
[2025-04-13T09:46:59.815+0000] {logging_mixin.py:150} INFO - [2025-04-13T09:46:59.815+0000] {dagbag.py:541} INFO - Filling up the DagBag from /workspaces/hands-on-introduction-data-engineering-4395021/airflow/dags/first_try/load_dag.py
[2025-04-13T09:46:59.822+0000] {processor.py:836} INFO - DAG(s) dict_keys(['load_dag']) retrieved from /workspaces/hands-on-introduction-data-engineering-4395021/airflow/dags/first_try/load_dag.py
[2025-04-13T09:46:59.837+0000] {logging_mixin.py:150} INFO - [2025-04-13T09:46:59.837+0000] {dag.py:2742} INFO - Sync 1 DAGs
[2025-04-13T09:46:59.850+0000] {logging_mixin.py:150} INFO - [2025-04-13T09:46:59.850+0000] {dag.py:3504} INFO - Setting next_dagrun for load_dag to None, run_after=None
[2025-04-13T09:46:59.863+0000] {processor.py:179} INFO - Processing /workspaces/hands-on-introduction-data-engineering-4395021/airflow/dags/first_try/load_dag.py took 0.051 seconds
[2025-04-13T09:47:30.378+0000] {processor.py:157} INFO - Started process (PID=8653) to work on /workspaces/hands-on-introduction-data-engineering-4395021/airflow/dags/first_try/load_dag.py
[2025-04-13T09:47:30.378+0000] {processor.py:826} INFO - Processing file /workspaces/hands-on-introduction-data-engineering-4395021/airflow/dags/first_try/load_dag.py for tasks to queue
[2025-04-13T09:47:30.379+0000] {logging_mixin.py:150} INFO - [2025-04-13T09:47:30.379+0000] {dagbag.py:541} INFO - Filling up the DagBag from /workspaces/hands-on-introduction-data-engineering-4395021/airflow/dags/first_try/load_dag.py
[2025-04-13T09:47:30.386+0000] {processor.py:836} INFO - DAG(s) dict_keys(['load_dag']) retrieved from /workspaces/hands-on-introduction-data-engineering-4395021/airflow/dags/first_try/load_dag.py
[2025-04-13T09:47:30.401+0000] {logging_mixin.py:150} INFO - [2025-04-13T09:47:30.401+0000] {dag.py:2742} INFO - Sync 1 DAGs
[2025-04-13T09:47:30.414+0000] {logging_mixin.py:150} INFO - [2025-04-13T09:47:30.414+0000] {dag.py:3504} INFO - Setting next_dagrun for load_dag to None, run_after=None
[2025-04-13T09:47:30.427+0000] {processor.py:179} INFO - Processing /workspaces/hands-on-introduction-data-engineering-4395021/airflow/dags/first_try/load_dag.py took 0.052 seconds
[2025-04-13T09:48:01.321+0000] {processor.py:157} INFO - Started process (PID=8841) to work on /workspaces/hands-on-introduction-data-engineering-4395021/airflow/dags/first_try/load_dag.py
[2025-04-13T09:48:01.322+0000] {processor.py:826} INFO - Processing file /workspaces/hands-on-introduction-data-engineering-4395021/airflow/dags/first_try/load_dag.py for tasks to queue
[2025-04-13T09:48:01.322+0000] {logging_mixin.py:150} INFO - [2025-04-13T09:48:01.322+0000] {dagbag.py:541} INFO - Filling up the DagBag from /workspaces/hands-on-introduction-data-engineering-4395021/airflow/dags/first_try/load_dag.py
[2025-04-13T09:48:01.329+0000] {processor.py:836} INFO - DAG(s) dict_keys(['load_dag']) retrieved from /workspaces/hands-on-introduction-data-engineering-4395021/airflow/dags/first_try/load_dag.py
[2025-04-13T09:48:01.345+0000] {logging_mixin.py:150} INFO - [2025-04-13T09:48:01.345+0000] {dag.py:2742} INFO - Sync 1 DAGs
[2025-04-13T09:48:01.358+0000] {logging_mixin.py:150} INFO - [2025-04-13T09:48:01.358+0000] {dag.py:3504} INFO - Setting next_dagrun for load_dag to None, run_after=None
[2025-04-13T09:48:01.371+0000] {processor.py:179} INFO - Processing /workspaces/hands-on-introduction-data-engineering-4395021/airflow/dags/first_try/load_dag.py took 0.052 seconds
[2025-04-13T09:48:31.718+0000] {processor.py:157} INFO - Started process (PID=9039) to work on /workspaces/hands-on-introduction-data-engineering-4395021/airflow/dags/first_try/load_dag.py
[2025-04-13T09:48:31.718+0000] {processor.py:826} INFO - Processing file /workspaces/hands-on-introduction-data-engineering-4395021/airflow/dags/first_try/load_dag.py for tasks to queue
[2025-04-13T09:48:31.719+0000] {logging_mixin.py:150} INFO - [2025-04-13T09:48:31.719+0000] {dagbag.py:541} INFO - Filling up the DagBag from /workspaces/hands-on-introduction-data-engineering-4395021/airflow/dags/first_try/load_dag.py
[2025-04-13T09:48:31.726+0000] {processor.py:836} INFO - DAG(s) dict_keys(['load_dag']) retrieved from /workspaces/hands-on-introduction-data-engineering-4395021/airflow/dags/first_try/load_dag.py
[2025-04-13T09:48:31.742+0000] {logging_mixin.py:150} INFO - [2025-04-13T09:48:31.742+0000] {dag.py:2742} INFO - Sync 1 DAGs
[2025-04-13T09:48:31.755+0000] {logging_mixin.py:150} INFO - [2025-04-13T09:48:31.755+0000] {dag.py:3504} INFO - Setting next_dagrun for load_dag to None, run_after=None
[2025-04-13T09:48:31.768+0000] {processor.py:179} INFO - Processing /workspaces/hands-on-introduction-data-engineering-4395021/airflow/dags/first_try/load_dag.py took 0.052 seconds
[2025-04-13T09:49:02.071+0000] {processor.py:157} INFO - Started process (PID=9252) to work on /workspaces/hands-on-introduction-data-engineering-4395021/airflow/dags/first_try/load_dag.py
[2025-04-13T09:49:02.072+0000] {processor.py:826} INFO - Processing file /workspaces/hands-on-introduction-data-engineering-4395021/airflow/dags/first_try/load_dag.py for tasks to queue
[2025-04-13T09:49:02.073+0000] {logging_mixin.py:150} INFO - [2025-04-13T09:49:02.072+0000] {dagbag.py:541} INFO - Filling up the DagBag from /workspaces/hands-on-introduction-data-engineering-4395021/airflow/dags/first_try/load_dag.py
[2025-04-13T09:49:02.079+0000] {processor.py:836} INFO - DAG(s) dict_keys(['load_dag']) retrieved from /workspaces/hands-on-introduction-data-engineering-4395021/airflow/dags/first_try/load_dag.py
[2025-04-13T09:49:02.096+0000] {logging_mixin.py:150} INFO - [2025-04-13T09:49:02.096+0000] {dag.py:2742} INFO - Sync 1 DAGs
[2025-04-13T09:49:02.109+0000] {logging_mixin.py:150} INFO - [2025-04-13T09:49:02.109+0000] {dag.py:3504} INFO - Setting next_dagrun for load_dag to None, run_after=None
[2025-04-13T09:49:02.123+0000] {processor.py:179} INFO - Processing /workspaces/hands-on-introduction-data-engineering-4395021/airflow/dags/first_try/load_dag.py took 0.054 seconds
[2025-04-13T09:49:32.496+0000] {processor.py:157} INFO - Started process (PID=9442) to work on /workspaces/hands-on-introduction-data-engineering-4395021/airflow/dags/first_try/load_dag.py
[2025-04-13T09:49:32.497+0000] {processor.py:826} INFO - Processing file /workspaces/hands-on-introduction-data-engineering-4395021/airflow/dags/first_try/load_dag.py for tasks to queue
[2025-04-13T09:49:32.497+0000] {logging_mixin.py:150} INFO - [2025-04-13T09:49:32.497+0000] {dagbag.py:541} INFO - Filling up the DagBag from /workspaces/hands-on-introduction-data-engineering-4395021/airflow/dags/first_try/load_dag.py
[2025-04-13T09:49:32.504+0000] {processor.py:836} INFO - DAG(s) dict_keys(['load_dag']) retrieved from /workspaces/hands-on-introduction-data-engineering-4395021/airflow/dags/first_try/load_dag.py
[2025-04-13T09:49:32.520+0000] {logging_mixin.py:150} INFO - [2025-04-13T09:49:32.520+0000] {dag.py:2742} INFO - Sync 1 DAGs
[2025-04-13T09:49:32.533+0000] {logging_mixin.py:150} INFO - [2025-04-13T09:49:32.533+0000] {dag.py:3504} INFO - Setting next_dagrun for load_dag to None, run_after=None
[2025-04-13T09:49:32.546+0000] {processor.py:179} INFO - Processing /workspaces/hands-on-introduction-data-engineering-4395021/airflow/dags/first_try/load_dag.py took 0.051 seconds
[2025-04-13T09:50:02.636+0000] {processor.py:157} INFO - Started process (PID=9628) to work on /workspaces/hands-on-introduction-data-engineering-4395021/airflow/dags/first_try/load_dag.py
[2025-04-13T09:50:02.637+0000] {processor.py:826} INFO - Processing file /workspaces/hands-on-introduction-data-engineering-4395021/airflow/dags/first_try/load_dag.py for tasks to queue
[2025-04-13T09:50:02.638+0000] {logging_mixin.py:150} INFO - [2025-04-13T09:50:02.638+0000] {dagbag.py:541} INFO - Filling up the DagBag from /workspaces/hands-on-introduction-data-engineering-4395021/airflow/dags/first_try/load_dag.py
[2025-04-13T09:50:02.644+0000] {processor.py:836} INFO - DAG(s) dict_keys(['load_dag']) retrieved from /workspaces/hands-on-introduction-data-engineering-4395021/airflow/dags/first_try/load_dag.py
[2025-04-13T09:50:02.661+0000] {logging_mixin.py:150} INFO - [2025-04-13T09:50:02.661+0000] {dag.py:2742} INFO - Sync 1 DAGs
[2025-04-13T09:50:02.673+0000] {logging_mixin.py:150} INFO - [2025-04-13T09:50:02.673+0000] {dag.py:3504} INFO - Setting next_dagrun for load_dag to None, run_after=None
[2025-04-13T09:50:02.687+0000] {processor.py:179} INFO - Processing /workspaces/hands-on-introduction-data-engineering-4395021/airflow/dags/first_try/load_dag.py took 0.052 seconds
[2025-04-13T09:50:33.278+0000] {processor.py:157} INFO - Started process (PID=9809) to work on /workspaces/hands-on-introduction-data-engineering-4395021/airflow/dags/first_try/load_dag.py
[2025-04-13T09:50:33.279+0000] {processor.py:826} INFO - Processing file /workspaces/hands-on-introduction-data-engineering-4395021/airflow/dags/first_try/load_dag.py for tasks to queue
[2025-04-13T09:50:33.279+0000] {logging_mixin.py:150} INFO - [2025-04-13T09:50:33.279+0000] {dagbag.py:541} INFO - Filling up the DagBag from /workspaces/hands-on-introduction-data-engineering-4395021/airflow/dags/first_try/load_dag.py
[2025-04-13T09:50:33.286+0000] {processor.py:836} INFO - DAG(s) dict_keys(['load_dag']) retrieved from /workspaces/hands-on-introduction-data-engineering-4395021/airflow/dags/first_try/load_dag.py
[2025-04-13T09:50:33.302+0000] {logging_mixin.py:150} INFO - [2025-04-13T09:50:33.301+0000] {dag.py:2742} INFO - Sync 1 DAGs
[2025-04-13T09:50:33.314+0000] {logging_mixin.py:150} INFO - [2025-04-13T09:50:33.314+0000] {dag.py:3504} INFO - Setting next_dagrun for load_dag to None, run_after=None
[2025-04-13T09:50:33.329+0000] {processor.py:179} INFO - Processing /workspaces/hands-on-introduction-data-engineering-4395021/airflow/dags/first_try/load_dag.py took 0.053 seconds
[2025-04-13T09:51:04.120+0000] {processor.py:157} INFO - Started process (PID=9996) to work on /workspaces/hands-on-introduction-data-engineering-4395021/airflow/dags/first_try/load_dag.py
[2025-04-13T09:51:04.121+0000] {processor.py:826} INFO - Processing file /workspaces/hands-on-introduction-data-engineering-4395021/airflow/dags/first_try/load_dag.py for tasks to queue
[2025-04-13T09:51:04.122+0000] {logging_mixin.py:150} INFO - [2025-04-13T09:51:04.121+0000] {dagbag.py:541} INFO - Filling up the DagBag from /workspaces/hands-on-introduction-data-engineering-4395021/airflow/dags/first_try/load_dag.py
[2025-04-13T09:51:04.129+0000] {processor.py:836} INFO - DAG(s) dict_keys(['load_dag']) retrieved from /workspaces/hands-on-introduction-data-engineering-4395021/airflow/dags/first_try/load_dag.py
[2025-04-13T09:51:04.145+0000] {logging_mixin.py:150} INFO - [2025-04-13T09:51:04.145+0000] {dag.py:2742} INFO - Sync 1 DAGs
[2025-04-13T09:51:04.158+0000] {logging_mixin.py:150} INFO - [2025-04-13T09:51:04.158+0000] {dag.py:3504} INFO - Setting next_dagrun for load_dag to None, run_after=None
[2025-04-13T09:51:04.172+0000] {processor.py:179} INFO - Processing /workspaces/hands-on-introduction-data-engineering-4395021/airflow/dags/first_try/load_dag.py took 0.054 seconds
[2025-04-13T09:51:35.084+0000] {processor.py:157} INFO - Started process (PID=10189) to work on /workspaces/hands-on-introduction-data-engineering-4395021/airflow/dags/first_try/load_dag.py
[2025-04-13T09:51:35.085+0000] {processor.py:826} INFO - Processing file /workspaces/hands-on-introduction-data-engineering-4395021/airflow/dags/first_try/load_dag.py for tasks to queue
[2025-04-13T09:51:35.086+0000] {logging_mixin.py:150} INFO - [2025-04-13T09:51:35.085+0000] {dagbag.py:541} INFO - Filling up the DagBag from /workspaces/hands-on-introduction-data-engineering-4395021/airflow/dags/first_try/load_dag.py
[2025-04-13T09:51:35.092+0000] {processor.py:836} INFO - DAG(s) dict_keys(['load_dag']) retrieved from /workspaces/hands-on-introduction-data-engineering-4395021/airflow/dags/first_try/load_dag.py
[2025-04-13T09:51:35.108+0000] {logging_mixin.py:150} INFO - [2025-04-13T09:51:35.108+0000] {dag.py:2742} INFO - Sync 1 DAGs
[2025-04-13T09:51:35.121+0000] {logging_mixin.py:150} INFO - [2025-04-13T09:51:35.121+0000] {dag.py:3504} INFO - Setting next_dagrun for load_dag to None, run_after=None
[2025-04-13T09:51:35.134+0000] {processor.py:179} INFO - Processing /workspaces/hands-on-introduction-data-engineering-4395021/airflow/dags/first_try/load_dag.py took 0.052 seconds
[2025-04-13T09:52:06.430+0000] {processor.py:157} INFO - Started process (PID=10395) to work on /workspaces/hands-on-introduction-data-engineering-4395021/airflow/dags/first_try/load_dag.py
[2025-04-13T09:52:06.431+0000] {processor.py:826} INFO - Processing file /workspaces/hands-on-introduction-data-engineering-4395021/airflow/dags/first_try/load_dag.py for tasks to queue
[2025-04-13T09:52:06.431+0000] {logging_mixin.py:150} INFO - [2025-04-13T09:52:06.431+0000] {dagbag.py:541} INFO - Filling up the DagBag from /workspaces/hands-on-introduction-data-engineering-4395021/airflow/dags/first_try/load_dag.py
[2025-04-13T09:52:06.437+0000] {processor.py:836} INFO - DAG(s) dict_keys(['load_dag']) retrieved from /workspaces/hands-on-introduction-data-engineering-4395021/airflow/dags/first_try/load_dag.py
[2025-04-13T09:52:06.453+0000] {logging_mixin.py:150} INFO - [2025-04-13T09:52:06.453+0000] {dag.py:2742} INFO - Sync 1 DAGs
[2025-04-13T09:52:06.467+0000] {logging_mixin.py:150} INFO - [2025-04-13T09:52:06.466+0000] {dag.py:3504} INFO - Setting next_dagrun for load_dag to None, run_after=None
[2025-04-13T09:52:06.480+0000] {processor.py:179} INFO - Processing /workspaces/hands-on-introduction-data-engineering-4395021/airflow/dags/first_try/load_dag.py took 0.053 seconds
[2025-04-13T09:52:37.365+0000] {processor.py:157} INFO - Started process (PID=10589) to work on /workspaces/hands-on-introduction-data-engineering-4395021/airflow/dags/first_try/load_dag.py
[2025-04-13T09:52:37.366+0000] {processor.py:826} INFO - Processing file /workspaces/hands-on-introduction-data-engineering-4395021/airflow/dags/first_try/load_dag.py for tasks to queue
[2025-04-13T09:52:37.367+0000] {logging_mixin.py:150} INFO - [2025-04-13T09:52:37.366+0000] {dagbag.py:541} INFO - Filling up the DagBag from /workspaces/hands-on-introduction-data-engineering-4395021/airflow/dags/first_try/load_dag.py
[2025-04-13T09:52:37.373+0000] {processor.py:836} INFO - DAG(s) dict_keys(['load_dag']) retrieved from /workspaces/hands-on-introduction-data-engineering-4395021/airflow/dags/first_try/load_dag.py
[2025-04-13T09:52:37.390+0000] {logging_mixin.py:150} INFO - [2025-04-13T09:52:37.390+0000] {dag.py:2742} INFO - Sync 1 DAGs
[2025-04-13T09:52:37.402+0000] {logging_mixin.py:150} INFO - [2025-04-13T09:52:37.402+0000] {dag.py:3504} INFO - Setting next_dagrun for load_dag to None, run_after=None
[2025-04-13T09:52:37.415+0000] {processor.py:179} INFO - Processing /workspaces/hands-on-introduction-data-engineering-4395021/airflow/dags/first_try/load_dag.py took 0.052 seconds
[2025-04-13T09:53:07.727+0000] {processor.py:157} INFO - Started process (PID=10776) to work on /workspaces/hands-on-introduction-data-engineering-4395021/airflow/dags/first_try/load_dag.py
[2025-04-13T09:53:07.728+0000] {processor.py:826} INFO - Processing file /workspaces/hands-on-introduction-data-engineering-4395021/airflow/dags/first_try/load_dag.py for tasks to queue
[2025-04-13T09:53:07.728+0000] {logging_mixin.py:150} INFO - [2025-04-13T09:53:07.728+0000] {dagbag.py:541} INFO - Filling up the DagBag from /workspaces/hands-on-introduction-data-engineering-4395021/airflow/dags/first_try/load_dag.py
[2025-04-13T09:53:07.735+0000] {processor.py:836} INFO - DAG(s) dict_keys(['load_dag']) retrieved from /workspaces/hands-on-introduction-data-engineering-4395021/airflow/dags/first_try/load_dag.py
[2025-04-13T09:53:07.751+0000] {logging_mixin.py:150} INFO - [2025-04-13T09:53:07.751+0000] {dag.py:2742} INFO - Sync 1 DAGs
[2025-04-13T09:53:07.763+0000] {logging_mixin.py:150} INFO - [2025-04-13T09:53:07.763+0000] {dag.py:3504} INFO - Setting next_dagrun for load_dag to None, run_after=None
[2025-04-13T09:53:07.776+0000] {processor.py:179} INFO - Processing /workspaces/hands-on-introduction-data-engineering-4395021/airflow/dags/first_try/load_dag.py took 0.051 seconds
[2025-04-13T09:53:38.518+0000] {processor.py:157} INFO - Started process (PID=10983) to work on /workspaces/hands-on-introduction-data-engineering-4395021/airflow/dags/first_try/load_dag.py
[2025-04-13T09:53:38.519+0000] {processor.py:826} INFO - Processing file /workspaces/hands-on-introduction-data-engineering-4395021/airflow/dags/first_try/load_dag.py for tasks to queue
[2025-04-13T09:53:38.520+0000] {logging_mixin.py:150} INFO - [2025-04-13T09:53:38.519+0000] {dagbag.py:541} INFO - Filling up the DagBag from /workspaces/hands-on-introduction-data-engineering-4395021/airflow/dags/first_try/load_dag.py
[2025-04-13T09:53:38.526+0000] {processor.py:836} INFO - DAG(s) dict_keys(['load_dag']) retrieved from /workspaces/hands-on-introduction-data-engineering-4395021/airflow/dags/first_try/load_dag.py
[2025-04-13T09:53:38.542+0000] {logging_mixin.py:150} INFO - [2025-04-13T09:53:38.542+0000] {dag.py:2742} INFO - Sync 1 DAGs
[2025-04-13T09:53:38.556+0000] {logging_mixin.py:150} INFO - [2025-04-13T09:53:38.556+0000] {dag.py:3504} INFO - Setting next_dagrun for load_dag to None, run_after=None
[2025-04-13T09:53:38.569+0000] {processor.py:179} INFO - Processing /workspaces/hands-on-introduction-data-engineering-4395021/airflow/dags/first_try/load_dag.py took 0.053 seconds
[2025-04-13T09:54:08.856+0000] {processor.py:157} INFO - Started process (PID=11187) to work on /workspaces/hands-on-introduction-data-engineering-4395021/airflow/dags/first_try/load_dag.py
[2025-04-13T09:54:08.857+0000] {processor.py:826} INFO - Processing file /workspaces/hands-on-introduction-data-engineering-4395021/airflow/dags/first_try/load_dag.py for tasks to queue
[2025-04-13T09:54:08.858+0000] {logging_mixin.py:150} INFO - [2025-04-13T09:54:08.857+0000] {dagbag.py:541} INFO - Filling up the DagBag from /workspaces/hands-on-introduction-data-engineering-4395021/airflow/dags/first_try/load_dag.py
[2025-04-13T09:54:08.864+0000] {processor.py:836} INFO - DAG(s) dict_keys(['load_dag']) retrieved from /workspaces/hands-on-introduction-data-engineering-4395021/airflow/dags/first_try/load_dag.py
[2025-04-13T09:54:08.880+0000] {logging_mixin.py:150} INFO - [2025-04-13T09:54:08.880+0000] {dag.py:2742} INFO - Sync 1 DAGs
[2025-04-13T09:54:08.892+0000] {logging_mixin.py:150} INFO - [2025-04-13T09:54:08.892+0000] {dag.py:3504} INFO - Setting next_dagrun for load_dag to None, run_after=None
[2025-04-13T09:54:08.905+0000] {processor.py:179} INFO - Processing /workspaces/hands-on-introduction-data-engineering-4395021/airflow/dags/first_try/load_dag.py took 0.051 seconds
[2025-04-13T09:54:39.276+0000] {processor.py:157} INFO - Started process (PID=11373) to work on /workspaces/hands-on-introduction-data-engineering-4395021/airflow/dags/first_try/load_dag.py
[2025-04-13T09:54:39.276+0000] {processor.py:826} INFO - Processing file /workspaces/hands-on-introduction-data-engineering-4395021/airflow/dags/first_try/load_dag.py for tasks to queue
[2025-04-13T09:54:39.277+0000] {logging_mixin.py:150} INFO - [2025-04-13T09:54:39.277+0000] {dagbag.py:541} INFO - Filling up the DagBag from /workspaces/hands-on-introduction-data-engineering-4395021/airflow/dags/first_try/load_dag.py
[2025-04-13T09:54:39.284+0000] {processor.py:836} INFO - DAG(s) dict_keys(['load_dag']) retrieved from /workspaces/hands-on-introduction-data-engineering-4395021/airflow/dags/first_try/load_dag.py
[2025-04-13T09:54:39.300+0000] {logging_mixin.py:150} INFO - [2025-04-13T09:54:39.299+0000] {dag.py:2742} INFO - Sync 1 DAGs
[2025-04-13T09:54:39.312+0000] {logging_mixin.py:150} INFO - [2025-04-13T09:54:39.312+0000] {dag.py:3504} INFO - Setting next_dagrun for load_dag to None, run_after=None
[2025-04-13T09:54:39.327+0000] {processor.py:179} INFO - Processing /workspaces/hands-on-introduction-data-engineering-4395021/airflow/dags/first_try/load_dag.py took 0.053 seconds
[2025-04-13T09:55:09.709+0000] {processor.py:157} INFO - Started process (PID=11554) to work on /workspaces/hands-on-introduction-data-engineering-4395021/airflow/dags/first_try/load_dag.py
[2025-04-13T09:55:09.709+0000] {processor.py:826} INFO - Processing file /workspaces/hands-on-introduction-data-engineering-4395021/airflow/dags/first_try/load_dag.py for tasks to queue
[2025-04-13T09:55:09.710+0000] {logging_mixin.py:150} INFO - [2025-04-13T09:55:09.710+0000] {dagbag.py:541} INFO - Filling up the DagBag from /workspaces/hands-on-introduction-data-engineering-4395021/airflow/dags/first_try/load_dag.py
[2025-04-13T09:55:09.717+0000] {processor.py:836} INFO - DAG(s) dict_keys(['load_dag']) retrieved from /workspaces/hands-on-introduction-data-engineering-4395021/airflow/dags/first_try/load_dag.py
[2025-04-13T09:55:09.732+0000] {logging_mixin.py:150} INFO - [2025-04-13T09:55:09.732+0000] {dag.py:2742} INFO - Sync 1 DAGs
[2025-04-13T09:55:09.745+0000] {logging_mixin.py:150} INFO - [2025-04-13T09:55:09.745+0000] {dag.py:3504} INFO - Setting next_dagrun for load_dag to None, run_after=None
[2025-04-13T09:55:09.757+0000] {processor.py:179} INFO - Processing /workspaces/hands-on-introduction-data-engineering-4395021/airflow/dags/first_try/load_dag.py took 0.051 seconds
[2025-04-13T09:55:40.208+0000] {processor.py:157} INFO - Started process (PID=11740) to work on /workspaces/hands-on-introduction-data-engineering-4395021/airflow/dags/first_try/load_dag.py
[2025-04-13T09:55:40.208+0000] {processor.py:826} INFO - Processing file /workspaces/hands-on-introduction-data-engineering-4395021/airflow/dags/first_try/load_dag.py for tasks to queue
[2025-04-13T09:55:40.209+0000] {logging_mixin.py:150} INFO - [2025-04-13T09:55:40.209+0000] {dagbag.py:541} INFO - Filling up the DagBag from /workspaces/hands-on-introduction-data-engineering-4395021/airflow/dags/first_try/load_dag.py
[2025-04-13T09:55:40.215+0000] {processor.py:836} INFO - DAG(s) dict_keys(['load_dag']) retrieved from /workspaces/hands-on-introduction-data-engineering-4395021/airflow/dags/first_try/load_dag.py
[2025-04-13T09:55:40.231+0000] {logging_mixin.py:150} INFO - [2025-04-13T09:55:40.231+0000] {dag.py:2742} INFO - Sync 1 DAGs
[2025-04-13T09:55:40.244+0000] {logging_mixin.py:150} INFO - [2025-04-13T09:55:40.244+0000] {dag.py:3504} INFO - Setting next_dagrun for load_dag to None, run_after=None
[2025-04-13T09:55:40.256+0000] {processor.py:179} INFO - Processing /workspaces/hands-on-introduction-data-engineering-4395021/airflow/dags/first_try/load_dag.py took 0.051 seconds
[2025-04-13T09:56:10.722+0000] {processor.py:157} INFO - Started process (PID=11928) to work on /workspaces/hands-on-introduction-data-engineering-4395021/airflow/dags/first_try/load_dag.py
[2025-04-13T09:56:10.723+0000] {processor.py:826} INFO - Processing file /workspaces/hands-on-introduction-data-engineering-4395021/airflow/dags/first_try/load_dag.py for tasks to queue
[2025-04-13T09:56:10.724+0000] {logging_mixin.py:150} INFO - [2025-04-13T09:56:10.723+0000] {dagbag.py:541} INFO - Filling up the DagBag from /workspaces/hands-on-introduction-data-engineering-4395021/airflow/dags/first_try/load_dag.py
[2025-04-13T09:56:10.734+0000] {processor.py:836} INFO - DAG(s) dict_keys(['load_dag']) retrieved from /workspaces/hands-on-introduction-data-engineering-4395021/airflow/dags/first_try/load_dag.py
[2025-04-13T09:56:10.781+0000] {logging_mixin.py:150} INFO - [2025-04-13T09:56:10.780+0000] {dag.py:2742} INFO - Sync 1 DAGs
[2025-04-13T09:56:10.814+0000] {logging_mixin.py:150} INFO - [2025-04-13T09:56:10.814+0000] {dag.py:3504} INFO - Setting next_dagrun for load_dag to None, run_after=None
[2025-04-13T09:56:10.828+0000] {processor.py:179} INFO - Processing /workspaces/hands-on-introduction-data-engineering-4395021/airflow/dags/first_try/load_dag.py took 0.108 seconds
[2025-04-13T09:56:41.221+0000] {processor.py:157} INFO - Started process (PID=12140) to work on /workspaces/hands-on-introduction-data-engineering-4395021/airflow/dags/first_try/load_dag.py
[2025-04-13T09:56:41.222+0000] {processor.py:826} INFO - Processing file /workspaces/hands-on-introduction-data-engineering-4395021/airflow/dags/first_try/load_dag.py for tasks to queue
[2025-04-13T09:56:41.223+0000] {logging_mixin.py:150} INFO - [2025-04-13T09:56:41.222+0000] {dagbag.py:541} INFO - Filling up the DagBag from /workspaces/hands-on-introduction-data-engineering-4395021/airflow/dags/first_try/load_dag.py
[2025-04-13T09:56:41.229+0000] {processor.py:836} INFO - DAG(s) dict_keys(['load_dag']) retrieved from /workspaces/hands-on-introduction-data-engineering-4395021/airflow/dags/first_try/load_dag.py
[2025-04-13T09:56:41.245+0000] {logging_mixin.py:150} INFO - [2025-04-13T09:56:41.245+0000] {dag.py:2742} INFO - Sync 1 DAGs
[2025-04-13T09:56:41.257+0000] {logging_mixin.py:150} INFO - [2025-04-13T09:56:41.257+0000] {dag.py:3504} INFO - Setting next_dagrun for load_dag to None, run_after=None
[2025-04-13T09:56:41.270+0000] {processor.py:179} INFO - Processing /workspaces/hands-on-introduction-data-engineering-4395021/airflow/dags/first_try/load_dag.py took 0.051 seconds
[2025-04-13T09:57:11.734+0000] {processor.py:157} INFO - Started process (PID=12348) to work on /workspaces/hands-on-introduction-data-engineering-4395021/airflow/dags/first_try/load_dag.py
[2025-04-13T09:57:11.735+0000] {processor.py:826} INFO - Processing file /workspaces/hands-on-introduction-data-engineering-4395021/airflow/dags/first_try/load_dag.py for tasks to queue
[2025-04-13T09:57:11.736+0000] {logging_mixin.py:150} INFO - [2025-04-13T09:57:11.735+0000] {dagbag.py:541} INFO - Filling up the DagBag from /workspaces/hands-on-introduction-data-engineering-4395021/airflow/dags/first_try/load_dag.py
[2025-04-13T09:57:11.742+0000] {processor.py:836} INFO - DAG(s) dict_keys(['load_dag']) retrieved from /workspaces/hands-on-introduction-data-engineering-4395021/airflow/dags/first_try/load_dag.py
[2025-04-13T09:57:11.759+0000] {logging_mixin.py:150} INFO - [2025-04-13T09:57:11.759+0000] {dag.py:2742} INFO - Sync 1 DAGs
[2025-04-13T09:57:11.777+0000] {logging_mixin.py:150} INFO - [2025-04-13T09:57:11.777+0000] {dag.py:3504} INFO - Setting next_dagrun for load_dag to None, run_after=None
[2025-04-13T09:57:11.794+0000] {processor.py:179} INFO - Processing /workspaces/hands-on-introduction-data-engineering-4395021/airflow/dags/first_try/load_dag.py took 0.062 seconds
[2025-04-13T09:57:42.233+0000] {processor.py:157} INFO - Started process (PID=12552) to work on /workspaces/hands-on-introduction-data-engineering-4395021/airflow/dags/first_try/load_dag.py
[2025-04-13T09:57:42.233+0000] {processor.py:826} INFO - Processing file /workspaces/hands-on-introduction-data-engineering-4395021/airflow/dags/first_try/load_dag.py for tasks to queue
[2025-04-13T09:57:42.234+0000] {logging_mixin.py:150} INFO - [2025-04-13T09:57:42.234+0000] {dagbag.py:541} INFO - Filling up the DagBag from /workspaces/hands-on-introduction-data-engineering-4395021/airflow/dags/first_try/load_dag.py
[2025-04-13T09:57:42.240+0000] {processor.py:836} INFO - DAG(s) dict_keys(['load_dag']) retrieved from /workspaces/hands-on-introduction-data-engineering-4395021/airflow/dags/first_try/load_dag.py
[2025-04-13T09:57:42.256+0000] {logging_mixin.py:150} INFO - [2025-04-13T09:57:42.256+0000] {dag.py:2742} INFO - Sync 1 DAGs
[2025-04-13T09:57:42.268+0000] {logging_mixin.py:150} INFO - [2025-04-13T09:57:42.268+0000] {dag.py:3504} INFO - Setting next_dagrun for load_dag to None, run_after=None
[2025-04-13T09:57:42.281+0000] {processor.py:179} INFO - Processing /workspaces/hands-on-introduction-data-engineering-4395021/airflow/dags/first_try/load_dag.py took 0.052 seconds
[2025-04-13T09:58:12.707+0000] {processor.py:157} INFO - Started process (PID=12755) to work on /workspaces/hands-on-introduction-data-engineering-4395021/airflow/dags/first_try/load_dag.py
[2025-04-13T09:58:12.707+0000] {processor.py:826} INFO - Processing file /workspaces/hands-on-introduction-data-engineering-4395021/airflow/dags/first_try/load_dag.py for tasks to queue
[2025-04-13T09:58:12.708+0000] {logging_mixin.py:150} INFO - [2025-04-13T09:58:12.708+0000] {dagbag.py:541} INFO - Filling up the DagBag from /workspaces/hands-on-introduction-data-engineering-4395021/airflow/dags/first_try/load_dag.py
[2025-04-13T09:58:12.715+0000] {processor.py:836} INFO - DAG(s) dict_keys(['load_dag']) retrieved from /workspaces/hands-on-introduction-data-engineering-4395021/airflow/dags/first_try/load_dag.py
[2025-04-13T09:58:12.731+0000] {logging_mixin.py:150} INFO - [2025-04-13T09:58:12.731+0000] {dag.py:2742} INFO - Sync 1 DAGs
[2025-04-13T09:58:12.744+0000] {logging_mixin.py:150} INFO - [2025-04-13T09:58:12.743+0000] {dag.py:3504} INFO - Setting next_dagrun for load_dag to None, run_after=None
[2025-04-13T09:58:12.756+0000] {processor.py:179} INFO - Processing /workspaces/hands-on-introduction-data-engineering-4395021/airflow/dags/first_try/load_dag.py took 0.052 seconds
[2025-04-13T09:58:43.135+0000] {processor.py:157} INFO - Started process (PID=12957) to work on /workspaces/hands-on-introduction-data-engineering-4395021/airflow/dags/first_try/load_dag.py
[2025-04-13T09:58:43.136+0000] {processor.py:826} INFO - Processing file /workspaces/hands-on-introduction-data-engineering-4395021/airflow/dags/first_try/load_dag.py for tasks to queue
[2025-04-13T09:58:43.137+0000] {logging_mixin.py:150} INFO - [2025-04-13T09:58:43.136+0000] {dagbag.py:541} INFO - Filling up the DagBag from /workspaces/hands-on-introduction-data-engineering-4395021/airflow/dags/first_try/load_dag.py
[2025-04-13T09:58:43.143+0000] {processor.py:836} INFO - DAG(s) dict_keys(['load_dag']) retrieved from /workspaces/hands-on-introduction-data-engineering-4395021/airflow/dags/first_try/load_dag.py
[2025-04-13T09:58:43.161+0000] {logging_mixin.py:150} INFO - [2025-04-13T09:58:43.161+0000] {dag.py:2742} INFO - Sync 1 DAGs
[2025-04-13T09:58:43.173+0000] {logging_mixin.py:150} INFO - [2025-04-13T09:58:43.173+0000] {dag.py:3504} INFO - Setting next_dagrun for load_dag to None, run_after=None
[2025-04-13T09:58:43.188+0000] {processor.py:179} INFO - Processing /workspaces/hands-on-introduction-data-engineering-4395021/airflow/dags/first_try/load_dag.py took 0.054 seconds
[2025-04-13T09:59:13.776+0000] {processor.py:157} INFO - Started process (PID=13163) to work on /workspaces/hands-on-introduction-data-engineering-4395021/airflow/dags/first_try/load_dag.py
[2025-04-13T09:59:13.776+0000] {processor.py:826} INFO - Processing file /workspaces/hands-on-introduction-data-engineering-4395021/airflow/dags/first_try/load_dag.py for tasks to queue
[2025-04-13T09:59:13.777+0000] {logging_mixin.py:150} INFO - [2025-04-13T09:59:13.777+0000] {dagbag.py:541} INFO - Filling up the DagBag from /workspaces/hands-on-introduction-data-engineering-4395021/airflow/dags/first_try/load_dag.py
[2025-04-13T09:59:13.785+0000] {processor.py:836} INFO - DAG(s) dict_keys(['load_dag']) retrieved from /workspaces/hands-on-introduction-data-engineering-4395021/airflow/dags/first_try/load_dag.py
[2025-04-13T09:59:13.802+0000] {logging_mixin.py:150} INFO - [2025-04-13T09:59:13.801+0000] {dag.py:2742} INFO - Sync 1 DAGs
[2025-04-13T09:59:13.816+0000] {logging_mixin.py:150} INFO - [2025-04-13T09:59:13.816+0000] {dag.py:3504} INFO - Setting next_dagrun for load_dag to None, run_after=None
[2025-04-13T09:59:13.829+0000] {processor.py:179} INFO - Processing /workspaces/hands-on-introduction-data-engineering-4395021/airflow/dags/first_try/load_dag.py took 0.055 seconds
[2025-04-13T09:59:44.320+0000] {processor.py:157} INFO - Started process (PID=13373) to work on /workspaces/hands-on-introduction-data-engineering-4395021/airflow/dags/first_try/load_dag.py
[2025-04-13T09:59:44.320+0000] {processor.py:826} INFO - Processing file /workspaces/hands-on-introduction-data-engineering-4395021/airflow/dags/first_try/load_dag.py for tasks to queue
[2025-04-13T09:59:44.321+0000] {logging_mixin.py:150} INFO - [2025-04-13T09:59:44.321+0000] {dagbag.py:541} INFO - Filling up the DagBag from /workspaces/hands-on-introduction-data-engineering-4395021/airflow/dags/first_try/load_dag.py
[2025-04-13T09:59:44.327+0000] {processor.py:836} INFO - DAG(s) dict_keys(['load_dag']) retrieved from /workspaces/hands-on-introduction-data-engineering-4395021/airflow/dags/first_try/load_dag.py
[2025-04-13T09:59:44.343+0000] {logging_mixin.py:150} INFO - [2025-04-13T09:59:44.343+0000] {dag.py:2742} INFO - Sync 1 DAGs
[2025-04-13T09:59:44.356+0000] {logging_mixin.py:150} INFO - [2025-04-13T09:59:44.356+0000] {dag.py:3504} INFO - Setting next_dagrun for load_dag to None, run_after=None
[2025-04-13T09:59:44.369+0000] {processor.py:179} INFO - Processing /workspaces/hands-on-introduction-data-engineering-4395021/airflow/dags/first_try/load_dag.py took 0.052 seconds
[2025-04-13T10:00:14.926+0000] {processor.py:157} INFO - Started process (PID=13589) to work on /workspaces/hands-on-introduction-data-engineering-4395021/airflow/dags/first_try/load_dag.py
[2025-04-13T10:00:14.927+0000] {processor.py:826} INFO - Processing file /workspaces/hands-on-introduction-data-engineering-4395021/airflow/dags/first_try/load_dag.py for tasks to queue
[2025-04-13T10:00:14.928+0000] {logging_mixin.py:150} INFO - [2025-04-13T10:00:14.927+0000] {dagbag.py:541} INFO - Filling up the DagBag from /workspaces/hands-on-introduction-data-engineering-4395021/airflow/dags/first_try/load_dag.py
[2025-04-13T10:00:14.934+0000] {processor.py:836} INFO - DAG(s) dict_keys(['load_dag']) retrieved from /workspaces/hands-on-introduction-data-engineering-4395021/airflow/dags/first_try/load_dag.py
[2025-04-13T10:00:14.950+0000] {logging_mixin.py:150} INFO - [2025-04-13T10:00:14.950+0000] {dag.py:2742} INFO - Sync 1 DAGs
[2025-04-13T10:00:14.963+0000] {logging_mixin.py:150} INFO - [2025-04-13T10:00:14.963+0000] {dag.py:3504} INFO - Setting next_dagrun for load_dag to None, run_after=None
[2025-04-13T10:00:14.975+0000] {processor.py:179} INFO - Processing /workspaces/hands-on-introduction-data-engineering-4395021/airflow/dags/first_try/load_dag.py took 0.051 seconds
[2025-04-13T10:00:45.393+0000] {processor.py:157} INFO - Started process (PID=13797) to work on /workspaces/hands-on-introduction-data-engineering-4395021/airflow/dags/first_try/load_dag.py
[2025-04-13T10:00:45.397+0000] {processor.py:826} INFO - Processing file /workspaces/hands-on-introduction-data-engineering-4395021/airflow/dags/first_try/load_dag.py for tasks to queue
[2025-04-13T10:00:45.398+0000] {logging_mixin.py:150} INFO - [2025-04-13T10:00:45.397+0000] {dagbag.py:541} INFO - Filling up the DagBag from /workspaces/hands-on-introduction-data-engineering-4395021/airflow/dags/first_try/load_dag.py
[2025-04-13T10:00:45.417+0000] {processor.py:836} INFO - DAG(s) dict_keys(['load_dag']) retrieved from /workspaces/hands-on-introduction-data-engineering-4395021/airflow/dags/first_try/load_dag.py
[2025-04-13T10:00:45.446+0000] {logging_mixin.py:150} INFO - [2025-04-13T10:00:45.445+0000] {dag.py:2742} INFO - Sync 1 DAGs
[2025-04-13T10:00:45.465+0000] {logging_mixin.py:150} INFO - [2025-04-13T10:00:45.465+0000] {dag.py:3504} INFO - Setting next_dagrun for load_dag to None, run_after=None
[2025-04-13T10:00:45.484+0000] {processor.py:179} INFO - Processing /workspaces/hands-on-introduction-data-engineering-4395021/airflow/dags/first_try/load_dag.py took 0.094 seconds
[2025-04-13T10:01:16.298+0000] {processor.py:157} INFO - Started process (PID=14002) to work on /workspaces/hands-on-introduction-data-engineering-4395021/airflow/dags/first_try/load_dag.py
[2025-04-13T10:01:16.298+0000] {processor.py:826} INFO - Processing file /workspaces/hands-on-introduction-data-engineering-4395021/airflow/dags/first_try/load_dag.py for tasks to queue
[2025-04-13T10:01:16.299+0000] {logging_mixin.py:150} INFO - [2025-04-13T10:01:16.299+0000] {dagbag.py:541} INFO - Filling up the DagBag from /workspaces/hands-on-introduction-data-engineering-4395021/airflow/dags/first_try/load_dag.py
[2025-04-13T10:01:16.306+0000] {processor.py:836} INFO - DAG(s) dict_keys(['load_dag']) retrieved from /workspaces/hands-on-introduction-data-engineering-4395021/airflow/dags/first_try/load_dag.py
[2025-04-13T10:01:16.322+0000] {logging_mixin.py:150} INFO - [2025-04-13T10:01:16.322+0000] {dag.py:2742} INFO - Sync 1 DAGs
[2025-04-13T10:01:16.334+0000] {logging_mixin.py:150} INFO - [2025-04-13T10:01:16.334+0000] {dag.py:3504} INFO - Setting next_dagrun for load_dag to None, run_after=None
[2025-04-13T10:01:16.348+0000] {processor.py:179} INFO - Processing /workspaces/hands-on-introduction-data-engineering-4395021/airflow/dags/first_try/load_dag.py took 0.053 seconds
[2025-04-13T10:01:46.632+0000] {processor.py:157} INFO - Started process (PID=14208) to work on /workspaces/hands-on-introduction-data-engineering-4395021/airflow/dags/first_try/load_dag.py
[2025-04-13T10:01:46.633+0000] {processor.py:826} INFO - Processing file /workspaces/hands-on-introduction-data-engineering-4395021/airflow/dags/first_try/load_dag.py for tasks to queue
[2025-04-13T10:01:46.633+0000] {logging_mixin.py:150} INFO - [2025-04-13T10:01:46.633+0000] {dagbag.py:541} INFO - Filling up the DagBag from /workspaces/hands-on-introduction-data-engineering-4395021/airflow/dags/first_try/load_dag.py
[2025-04-13T10:01:46.642+0000] {processor.py:836} INFO - DAG(s) dict_keys(['load_dag']) retrieved from /workspaces/hands-on-introduction-data-engineering-4395021/airflow/dags/first_try/load_dag.py
[2025-04-13T10:01:46.665+0000] {logging_mixin.py:150} INFO - [2025-04-13T10:01:46.664+0000] {dag.py:2742} INFO - Sync 1 DAGs
[2025-04-13T10:01:46.685+0000] {logging_mixin.py:150} INFO - [2025-04-13T10:01:46.685+0000] {dag.py:3504} INFO - Setting next_dagrun for load_dag to None, run_after=None
[2025-04-13T10:01:46.704+0000] {processor.py:179} INFO - Processing /workspaces/hands-on-introduction-data-engineering-4395021/airflow/dags/first_try/load_dag.py took 0.076 seconds
[2025-04-13T10:02:17.454+0000] {processor.py:157} INFO - Started process (PID=14426) to work on /workspaces/hands-on-introduction-data-engineering-4395021/airflow/dags/first_try/load_dag.py
[2025-04-13T10:02:17.455+0000] {processor.py:826} INFO - Processing file /workspaces/hands-on-introduction-data-engineering-4395021/airflow/dags/first_try/load_dag.py for tasks to queue
[2025-04-13T10:02:17.455+0000] {logging_mixin.py:150} INFO - [2025-04-13T10:02:17.455+0000] {dagbag.py:541} INFO - Filling up the DagBag from /workspaces/hands-on-introduction-data-engineering-4395021/airflow/dags/first_try/load_dag.py
[2025-04-13T10:02:17.462+0000] {processor.py:836} INFO - DAG(s) dict_keys(['load_dag']) retrieved from /workspaces/hands-on-introduction-data-engineering-4395021/airflow/dags/first_try/load_dag.py
[2025-04-13T10:02:17.477+0000] {logging_mixin.py:150} INFO - [2025-04-13T10:02:17.477+0000] {dag.py:2742} INFO - Sync 1 DAGs
[2025-04-13T10:02:17.491+0000] {logging_mixin.py:150} INFO - [2025-04-13T10:02:17.491+0000] {dag.py:3504} INFO - Setting next_dagrun for load_dag to None, run_after=None
[2025-04-13T10:02:17.505+0000] {processor.py:179} INFO - Processing /workspaces/hands-on-introduction-data-engineering-4395021/airflow/dags/first_try/load_dag.py took 0.053 seconds
[2025-04-13T10:02:48.178+0000] {processor.py:157} INFO - Started process (PID=14649) to work on /workspaces/hands-on-introduction-data-engineering-4395021/airflow/dags/first_try/load_dag.py
[2025-04-13T10:02:48.179+0000] {processor.py:826} INFO - Processing file /workspaces/hands-on-introduction-data-engineering-4395021/airflow/dags/first_try/load_dag.py for tasks to queue
[2025-04-13T10:02:48.180+0000] {logging_mixin.py:150} INFO - [2025-04-13T10:02:48.179+0000] {dagbag.py:541} INFO - Filling up the DagBag from /workspaces/hands-on-introduction-data-engineering-4395021/airflow/dags/first_try/load_dag.py
[2025-04-13T10:02:48.186+0000] {processor.py:836} INFO - DAG(s) dict_keys(['load_dag']) retrieved from /workspaces/hands-on-introduction-data-engineering-4395021/airflow/dags/first_try/load_dag.py
[2025-04-13T10:02:48.203+0000] {logging_mixin.py:150} INFO - [2025-04-13T10:02:48.203+0000] {dag.py:2742} INFO - Sync 1 DAGs
[2025-04-13T10:02:48.217+0000] {logging_mixin.py:150} INFO - [2025-04-13T10:02:48.217+0000] {dag.py:3504} INFO - Setting next_dagrun for load_dag to None, run_after=None
[2025-04-13T10:02:48.231+0000] {processor.py:179} INFO - Processing /workspaces/hands-on-introduction-data-engineering-4395021/airflow/dags/first_try/load_dag.py took 0.054 seconds
[2025-04-13T10:03:18.490+0000] {processor.py:157} INFO - Started process (PID=14843) to work on /workspaces/hands-on-introduction-data-engineering-4395021/airflow/dags/first_try/load_dag.py
[2025-04-13T10:03:18.491+0000] {processor.py:826} INFO - Processing file /workspaces/hands-on-introduction-data-engineering-4395021/airflow/dags/first_try/load_dag.py for tasks to queue
[2025-04-13T10:03:18.491+0000] {logging_mixin.py:150} INFO - [2025-04-13T10:03:18.491+0000] {dagbag.py:541} INFO - Filling up the DagBag from /workspaces/hands-on-introduction-data-engineering-4395021/airflow/dags/first_try/load_dag.py
[2025-04-13T10:03:18.498+0000] {processor.py:836} INFO - DAG(s) dict_keys(['load_dag']) retrieved from /workspaces/hands-on-introduction-data-engineering-4395021/airflow/dags/first_try/load_dag.py
[2025-04-13T10:03:18.514+0000] {logging_mixin.py:150} INFO - [2025-04-13T10:03:18.514+0000] {dag.py:2742} INFO - Sync 1 DAGs
[2025-04-13T10:03:18.527+0000] {logging_mixin.py:150} INFO - [2025-04-13T10:03:18.527+0000] {dag.py:3504} INFO - Setting next_dagrun for load_dag to None, run_after=None
[2025-04-13T10:03:18.540+0000] {processor.py:179} INFO - Processing /workspaces/hands-on-introduction-data-engineering-4395021/airflow/dags/first_try/load_dag.py took 0.052 seconds
[2025-04-13T10:03:48.800+0000] {processor.py:157} INFO - Started process (PID=15149) to work on /workspaces/hands-on-introduction-data-engineering-4395021/airflow/dags/first_try/load_dag.py
[2025-04-13T10:03:48.801+0000] {processor.py:826} INFO - Processing file /workspaces/hands-on-introduction-data-engineering-4395021/airflow/dags/first_try/load_dag.py for tasks to queue
[2025-04-13T10:03:48.802+0000] {logging_mixin.py:150} INFO - [2025-04-13T10:03:48.801+0000] {dagbag.py:541} INFO - Filling up the DagBag from /workspaces/hands-on-introduction-data-engineering-4395021/airflow/dags/first_try/load_dag.py
[2025-04-13T10:03:48.832+0000] {processor.py:836} INFO - DAG(s) dict_keys(['load_dag']) retrieved from /workspaces/hands-on-introduction-data-engineering-4395021/airflow/dags/first_try/load_dag.py
[2025-04-13T10:03:48.848+0000] {logging_mixin.py:150} INFO - [2025-04-13T10:03:48.848+0000] {dag.py:2742} INFO - Sync 1 DAGs
[2025-04-13T10:03:48.861+0000] {logging_mixin.py:150} INFO - [2025-04-13T10:03:48.861+0000] {dag.py:3504} INFO - Setting next_dagrun for load_dag to None, run_after=None
[2025-04-13T10:03:48.874+0000] {processor.py:179} INFO - Processing /workspaces/hands-on-introduction-data-engineering-4395021/airflow/dags/first_try/load_dag.py took 0.080 seconds
[2025-04-13T10:04:19.750+0000] {processor.py:157} INFO - Started process (PID=15407) to work on /workspaces/hands-on-introduction-data-engineering-4395021/airflow/dags/first_try/load_dag.py
[2025-04-13T10:04:19.751+0000] {processor.py:826} INFO - Processing file /workspaces/hands-on-introduction-data-engineering-4395021/airflow/dags/first_try/load_dag.py for tasks to queue
[2025-04-13T10:04:19.752+0000] {logging_mixin.py:150} INFO - [2025-04-13T10:04:19.751+0000] {dagbag.py:541} INFO - Filling up the DagBag from /workspaces/hands-on-introduction-data-engineering-4395021/airflow/dags/first_try/load_dag.py
[2025-04-13T10:04:19.758+0000] {processor.py:836} INFO - DAG(s) dict_keys(['load_dag']) retrieved from /workspaces/hands-on-introduction-data-engineering-4395021/airflow/dags/first_try/load_dag.py
[2025-04-13T10:04:19.775+0000] {logging_mixin.py:150} INFO - [2025-04-13T10:04:19.775+0000] {dag.py:2742} INFO - Sync 1 DAGs
[2025-04-13T10:04:19.787+0000] {logging_mixin.py:150} INFO - [2025-04-13T10:04:19.787+0000] {dag.py:3504} INFO - Setting next_dagrun for load_dag to None, run_after=None
[2025-04-13T10:04:19.800+0000] {processor.py:179} INFO - Processing /workspaces/hands-on-introduction-data-engineering-4395021/airflow/dags/first_try/load_dag.py took 0.052 seconds
[2025-04-13T10:04:50.438+0000] {processor.py:157} INFO - Started process (PID=15623) to work on /workspaces/hands-on-introduction-data-engineering-4395021/airflow/dags/first_try/load_dag.py
[2025-04-13T10:04:50.439+0000] {processor.py:826} INFO - Processing file /workspaces/hands-on-introduction-data-engineering-4395021/airflow/dags/first_try/load_dag.py for tasks to queue
[2025-04-13T10:04:50.440+0000] {logging_mixin.py:150} INFO - [2025-04-13T10:04:50.439+0000] {dagbag.py:541} INFO - Filling up the DagBag from /workspaces/hands-on-introduction-data-engineering-4395021/airflow/dags/first_try/load_dag.py
[2025-04-13T10:04:50.454+0000] {processor.py:836} INFO - DAG(s) dict_keys(['load_dag']) retrieved from /workspaces/hands-on-introduction-data-engineering-4395021/airflow/dags/first_try/load_dag.py
[2025-04-13T10:04:50.492+0000] {logging_mixin.py:150} INFO - [2025-04-13T10:04:50.490+0000] {dag.py:2742} INFO - Sync 1 DAGs
[2025-04-13T10:04:50.517+0000] {logging_mixin.py:150} INFO - [2025-04-13T10:04:50.516+0000] {dag.py:3504} INFO - Setting next_dagrun for load_dag to None, run_after=None
[2025-04-13T10:04:50.536+0000] {processor.py:179} INFO - Processing /workspaces/hands-on-introduction-data-engineering-4395021/airflow/dags/first_try/load_dag.py took 0.101 seconds
[2025-04-13T10:05:21.373+0000] {processor.py:157} INFO - Started process (PID=15840) to work on /workspaces/hands-on-introduction-data-engineering-4395021/airflow/dags/first_try/load_dag.py
[2025-04-13T10:05:21.373+0000] {processor.py:826} INFO - Processing file /workspaces/hands-on-introduction-data-engineering-4395021/airflow/dags/first_try/load_dag.py for tasks to queue
[2025-04-13T10:05:21.374+0000] {logging_mixin.py:150} INFO - [2025-04-13T10:05:21.374+0000] {dagbag.py:541} INFO - Filling up the DagBag from /workspaces/hands-on-introduction-data-engineering-4395021/airflow/dags/first_try/load_dag.py
[2025-04-13T10:05:21.381+0000] {processor.py:836} INFO - DAG(s) dict_keys(['load_dag']) retrieved from /workspaces/hands-on-introduction-data-engineering-4395021/airflow/dags/first_try/load_dag.py
[2025-04-13T10:05:21.405+0000] {logging_mixin.py:150} INFO - [2025-04-13T10:05:21.405+0000] {dag.py:2742} INFO - Sync 1 DAGs
[2025-04-13T10:05:21.425+0000] {logging_mixin.py:150} INFO - [2025-04-13T10:05:21.425+0000] {dag.py:3504} INFO - Setting next_dagrun for load_dag to None, run_after=None
[2025-04-13T10:05:21.451+0000] {processor.py:179} INFO - Processing /workspaces/hands-on-introduction-data-engineering-4395021/airflow/dags/first_try/load_dag.py took 0.080 seconds
[2025-04-13T10:05:51.958+0000] {processor.py:157} INFO - Started process (PID=16055) to work on /workspaces/hands-on-introduction-data-engineering-4395021/airflow/dags/first_try/load_dag.py
[2025-04-13T10:05:51.959+0000] {processor.py:826} INFO - Processing file /workspaces/hands-on-introduction-data-engineering-4395021/airflow/dags/first_try/load_dag.py for tasks to queue
[2025-04-13T10:05:51.959+0000] {logging_mixin.py:150} INFO - [2025-04-13T10:05:51.959+0000] {dagbag.py:541} INFO - Filling up the DagBag from /workspaces/hands-on-introduction-data-engineering-4395021/airflow/dags/first_try/load_dag.py
[2025-04-13T10:05:51.966+0000] {processor.py:836} INFO - DAG(s) dict_keys(['load_dag']) retrieved from /workspaces/hands-on-introduction-data-engineering-4395021/airflow/dags/first_try/load_dag.py
[2025-04-13T10:05:51.982+0000] {logging_mixin.py:150} INFO - [2025-04-13T10:05:51.982+0000] {dag.py:2742} INFO - Sync 1 DAGs
[2025-04-13T10:05:51.994+0000] {logging_mixin.py:150} INFO - [2025-04-13T10:05:51.994+0000] {dag.py:3504} INFO - Setting next_dagrun for load_dag to None, run_after=None
[2025-04-13T10:05:52.008+0000] {processor.py:179} INFO - Processing /workspaces/hands-on-introduction-data-engineering-4395021/airflow/dags/first_try/load_dag.py took 0.052 seconds
[2025-04-13T10:06:22.543+0000] {processor.py:157} INFO - Started process (PID=16266) to work on /workspaces/hands-on-introduction-data-engineering-4395021/airflow/dags/first_try/load_dag.py
[2025-04-13T10:06:22.544+0000] {processor.py:826} INFO - Processing file /workspaces/hands-on-introduction-data-engineering-4395021/airflow/dags/first_try/load_dag.py for tasks to queue
[2025-04-13T10:06:22.544+0000] {logging_mixin.py:150} INFO - [2025-04-13T10:06:22.544+0000] {dagbag.py:541} INFO - Filling up the DagBag from /workspaces/hands-on-introduction-data-engineering-4395021/airflow/dags/first_try/load_dag.py
[2025-04-13T10:06:22.551+0000] {processor.py:836} INFO - DAG(s) dict_keys(['load_dag']) retrieved from /workspaces/hands-on-introduction-data-engineering-4395021/airflow/dags/first_try/load_dag.py
[2025-04-13T10:06:22.567+0000] {logging_mixin.py:150} INFO - [2025-04-13T10:06:22.566+0000] {dag.py:2742} INFO - Sync 1 DAGs
[2025-04-13T10:06:22.580+0000] {logging_mixin.py:150} INFO - [2025-04-13T10:06:22.580+0000] {dag.py:3504} INFO - Setting next_dagrun for load_dag to None, run_after=None
[2025-04-13T10:06:22.592+0000] {processor.py:179} INFO - Processing /workspaces/hands-on-introduction-data-engineering-4395021/airflow/dags/first_try/load_dag.py took 0.052 seconds
[2025-04-13T10:06:52.926+0000] {processor.py:157} INFO - Started process (PID=16464) to work on /workspaces/hands-on-introduction-data-engineering-4395021/airflow/dags/first_try/load_dag.py
[2025-04-13T10:06:52.926+0000] {processor.py:826} INFO - Processing file /workspaces/hands-on-introduction-data-engineering-4395021/airflow/dags/first_try/load_dag.py for tasks to queue
[2025-04-13T10:06:52.927+0000] {logging_mixin.py:150} INFO - [2025-04-13T10:06:52.927+0000] {dagbag.py:541} INFO - Filling up the DagBag from /workspaces/hands-on-introduction-data-engineering-4395021/airflow/dags/first_try/load_dag.py
[2025-04-13T10:06:52.934+0000] {processor.py:836} INFO - DAG(s) dict_keys(['load_dag']) retrieved from /workspaces/hands-on-introduction-data-engineering-4395021/airflow/dags/first_try/load_dag.py
[2025-04-13T10:06:52.950+0000] {logging_mixin.py:150} INFO - [2025-04-13T10:06:52.950+0000] {dag.py:2742} INFO - Sync 1 DAGs
[2025-04-13T10:06:52.963+0000] {logging_mixin.py:150} INFO - [2025-04-13T10:06:52.963+0000] {dag.py:3504} INFO - Setting next_dagrun for load_dag to None, run_after=None
[2025-04-13T10:06:52.975+0000] {processor.py:179} INFO - Processing /workspaces/hands-on-introduction-data-engineering-4395021/airflow/dags/first_try/load_dag.py took 0.052 seconds
[2025-04-13T10:07:23.566+0000] {processor.py:157} INFO - Started process (PID=16673) to work on /workspaces/hands-on-introduction-data-engineering-4395021/airflow/dags/first_try/load_dag.py
[2025-04-13T10:07:23.566+0000] {processor.py:826} INFO - Processing file /workspaces/hands-on-introduction-data-engineering-4395021/airflow/dags/first_try/load_dag.py for tasks to queue
[2025-04-13T10:07:23.567+0000] {logging_mixin.py:150} INFO - [2025-04-13T10:07:23.567+0000] {dagbag.py:541} INFO - Filling up the DagBag from /workspaces/hands-on-introduction-data-engineering-4395021/airflow/dags/first_try/load_dag.py
[2025-04-13T10:07:23.574+0000] {processor.py:836} INFO - DAG(s) dict_keys(['load_dag']) retrieved from /workspaces/hands-on-introduction-data-engineering-4395021/airflow/dags/first_try/load_dag.py
[2025-04-13T10:07:23.592+0000] {logging_mixin.py:150} INFO - [2025-04-13T10:07:23.592+0000] {dag.py:2742} INFO - Sync 1 DAGs
[2025-04-13T10:07:23.605+0000] {logging_mixin.py:150} INFO - [2025-04-13T10:07:23.605+0000] {dag.py:3504} INFO - Setting next_dagrun for load_dag to None, run_after=None
[2025-04-13T10:07:23.618+0000] {processor.py:179} INFO - Processing /workspaces/hands-on-introduction-data-engineering-4395021/airflow/dags/first_try/load_dag.py took 0.055 seconds
[2025-04-13T10:07:53.916+0000] {processor.py:157} INFO - Started process (PID=16885) to work on /workspaces/hands-on-introduction-data-engineering-4395021/airflow/dags/first_try/load_dag.py
[2025-04-13T10:07:53.917+0000] {processor.py:826} INFO - Processing file /workspaces/hands-on-introduction-data-engineering-4395021/airflow/dags/first_try/load_dag.py for tasks to queue
[2025-04-13T10:07:53.918+0000] {logging_mixin.py:150} INFO - [2025-04-13T10:07:53.917+0000] {dagbag.py:541} INFO - Filling up the DagBag from /workspaces/hands-on-introduction-data-engineering-4395021/airflow/dags/first_try/load_dag.py
[2025-04-13T10:07:53.927+0000] {processor.py:836} INFO - DAG(s) dict_keys(['load_dag']) retrieved from /workspaces/hands-on-introduction-data-engineering-4395021/airflow/dags/first_try/load_dag.py
[2025-04-13T10:07:53.953+0000] {logging_mixin.py:150} INFO - [2025-04-13T10:07:53.953+0000] {dag.py:2742} INFO - Sync 1 DAGs
[2025-04-13T10:07:53.973+0000] {logging_mixin.py:150} INFO - [2025-04-13T10:07:53.973+0000] {dag.py:3504} INFO - Setting next_dagrun for load_dag to None, run_after=None
[2025-04-13T10:07:53.995+0000] {processor.py:179} INFO - Processing /workspaces/hands-on-introduction-data-engineering-4395021/airflow/dags/first_try/load_dag.py took 0.082 seconds
[2025-04-13T10:08:24.233+0000] {processor.py:157} INFO - Started process (PID=17091) to work on /workspaces/hands-on-introduction-data-engineering-4395021/airflow/dags/first_try/load_dag.py
[2025-04-13T10:08:24.239+0000] {processor.py:826} INFO - Processing file /workspaces/hands-on-introduction-data-engineering-4395021/airflow/dags/first_try/load_dag.py for tasks to queue
[2025-04-13T10:08:24.240+0000] {logging_mixin.py:150} INFO - [2025-04-13T10:08:24.239+0000] {dagbag.py:541} INFO - Filling up the DagBag from /workspaces/hands-on-introduction-data-engineering-4395021/airflow/dags/first_try/load_dag.py
[2025-04-13T10:08:24.275+0000] {processor.py:836} INFO - DAG(s) dict_keys(['load_dag']) retrieved from /workspaces/hands-on-introduction-data-engineering-4395021/airflow/dags/first_try/load_dag.py
[2025-04-13T10:08:24.334+0000] {logging_mixin.py:150} INFO - [2025-04-13T10:08:24.333+0000] {dag.py:2742} INFO - Sync 1 DAGs
[2025-04-13T10:08:24.382+0000] {logging_mixin.py:150} INFO - [2025-04-13T10:08:24.381+0000] {dag.py:3504} INFO - Setting next_dagrun for load_dag to None, run_after=None
[2025-04-13T10:08:24.427+0000] {processor.py:179} INFO - Processing /workspaces/hands-on-introduction-data-engineering-4395021/airflow/dags/first_try/load_dag.py took 0.205 seconds
[2025-04-13T10:08:54.742+0000] {processor.py:157} INFO - Started process (PID=17292) to work on /workspaces/hands-on-introduction-data-engineering-4395021/airflow/dags/first_try/load_dag.py
[2025-04-13T10:08:54.743+0000] {processor.py:826} INFO - Processing file /workspaces/hands-on-introduction-data-engineering-4395021/airflow/dags/first_try/load_dag.py for tasks to queue
[2025-04-13T10:08:54.744+0000] {logging_mixin.py:150} INFO - [2025-04-13T10:08:54.744+0000] {dagbag.py:541} INFO - Filling up the DagBag from /workspaces/hands-on-introduction-data-engineering-4395021/airflow/dags/first_try/load_dag.py
[2025-04-13T10:08:54.757+0000] {processor.py:836} INFO - DAG(s) dict_keys(['load_dag']) retrieved from /workspaces/hands-on-introduction-data-engineering-4395021/airflow/dags/first_try/load_dag.py
[2025-04-13T10:08:54.837+0000] {logging_mixin.py:150} INFO - [2025-04-13T10:08:54.831+0000] {dag.py:2742} INFO - Sync 1 DAGs
[2025-04-13T10:08:54.871+0000] {logging_mixin.py:150} INFO - [2025-04-13T10:08:54.871+0000] {dag.py:3504} INFO - Setting next_dagrun for load_dag to None, run_after=None
[2025-04-13T10:08:54.903+0000] {processor.py:179} INFO - Processing /workspaces/hands-on-introduction-data-engineering-4395021/airflow/dags/first_try/load_dag.py took 0.163 seconds
[2025-04-13T10:09:25.155+0000] {processor.py:157} INFO - Started process (PID=17487) to work on /workspaces/hands-on-introduction-data-engineering-4395021/airflow/dags/first_try/load_dag.py
[2025-04-13T10:09:25.156+0000] {processor.py:826} INFO - Processing file /workspaces/hands-on-introduction-data-engineering-4395021/airflow/dags/first_try/load_dag.py for tasks to queue
[2025-04-13T10:09:25.156+0000] {logging_mixin.py:150} INFO - [2025-04-13T10:09:25.156+0000] {dagbag.py:541} INFO - Filling up the DagBag from /workspaces/hands-on-introduction-data-engineering-4395021/airflow/dags/first_try/load_dag.py
[2025-04-13T10:09:25.163+0000] {processor.py:836} INFO - DAG(s) dict_keys(['load_dag']) retrieved from /workspaces/hands-on-introduction-data-engineering-4395021/airflow/dags/first_try/load_dag.py
[2025-04-13T10:09:25.179+0000] {logging_mixin.py:150} INFO - [2025-04-13T10:09:25.179+0000] {dag.py:2742} INFO - Sync 1 DAGs
[2025-04-13T10:09:25.192+0000] {logging_mixin.py:150} INFO - [2025-04-13T10:09:25.192+0000] {dag.py:3504} INFO - Setting next_dagrun for load_dag to None, run_after=None
[2025-04-13T10:09:25.204+0000] {processor.py:179} INFO - Processing /workspaces/hands-on-introduction-data-engineering-4395021/airflow/dags/first_try/load_dag.py took 0.052 seconds
[2025-04-13T10:09:57.150+0000] {processor.py:157} INFO - Started process (PID=17689) to work on /workspaces/hands-on-introduction-data-engineering-4395021/airflow/dags/first_try/load_dag.py
[2025-04-13T10:09:57.150+0000] {processor.py:826} INFO - Processing file /workspaces/hands-on-introduction-data-engineering-4395021/airflow/dags/first_try/load_dag.py for tasks to queue
[2025-04-13T10:09:57.151+0000] {logging_mixin.py:150} INFO - [2025-04-13T10:09:57.151+0000] {dagbag.py:541} INFO - Filling up the DagBag from /workspaces/hands-on-introduction-data-engineering-4395021/airflow/dags/first_try/load_dag.py
[2025-04-13T10:09:57.157+0000] {processor.py:836} INFO - DAG(s) dict_keys(['load_dag']) retrieved from /workspaces/hands-on-introduction-data-engineering-4395021/airflow/dags/first_try/load_dag.py
[2025-04-13T10:09:57.178+0000] {logging_mixin.py:150} INFO - [2025-04-13T10:09:57.178+0000] {dag.py:2742} INFO - Sync 1 DAGs
[2025-04-13T10:09:57.197+0000] {logging_mixin.py:150} INFO - [2025-04-13T10:09:57.197+0000] {dag.py:3504} INFO - Setting next_dagrun for load_dag to None, run_after=None
[2025-04-13T10:09:57.224+0000] {processor.py:179} INFO - Processing /workspaces/hands-on-introduction-data-engineering-4395021/airflow/dags/first_try/load_dag.py took 0.076 seconds
[2025-04-13T10:10:28.431+0000] {processor.py:157} INFO - Started process (PID=17900) to work on /workspaces/hands-on-introduction-data-engineering-4395021/airflow/dags/first_try/load_dag.py
[2025-04-13T10:10:28.432+0000] {processor.py:826} INFO - Processing file /workspaces/hands-on-introduction-data-engineering-4395021/airflow/dags/first_try/load_dag.py for tasks to queue
[2025-04-13T10:10:28.432+0000] {logging_mixin.py:150} INFO - [2025-04-13T10:10:28.432+0000] {dagbag.py:541} INFO - Filling up the DagBag from /workspaces/hands-on-introduction-data-engineering-4395021/airflow/dags/first_try/load_dag.py
[2025-04-13T10:10:28.439+0000] {processor.py:836} INFO - DAG(s) dict_keys(['load_dag']) retrieved from /workspaces/hands-on-introduction-data-engineering-4395021/airflow/dags/first_try/load_dag.py
[2025-04-13T10:10:28.455+0000] {logging_mixin.py:150} INFO - [2025-04-13T10:10:28.455+0000] {dag.py:2742} INFO - Sync 1 DAGs
[2025-04-13T10:10:28.469+0000] {logging_mixin.py:150} INFO - [2025-04-13T10:10:28.469+0000] {dag.py:3504} INFO - Setting next_dagrun for load_dag to None, run_after=None
[2025-04-13T10:10:28.481+0000] {processor.py:179} INFO - Processing /workspaces/hands-on-introduction-data-engineering-4395021/airflow/dags/first_try/load_dag.py took 0.052 seconds
[2025-04-13T10:10:58.926+0000] {processor.py:157} INFO - Started process (PID=18087) to work on /workspaces/hands-on-introduction-data-engineering-4395021/airflow/dags/first_try/load_dag.py
[2025-04-13T10:10:58.927+0000] {processor.py:826} INFO - Processing file /workspaces/hands-on-introduction-data-engineering-4395021/airflow/dags/first_try/load_dag.py for tasks to queue
[2025-04-13T10:10:58.927+0000] {logging_mixin.py:150} INFO - [2025-04-13T10:10:58.927+0000] {dagbag.py:541} INFO - Filling up the DagBag from /workspaces/hands-on-introduction-data-engineering-4395021/airflow/dags/first_try/load_dag.py
[2025-04-13T10:10:58.934+0000] {processor.py:836} INFO - DAG(s) dict_keys(['load_dag']) retrieved from /workspaces/hands-on-introduction-data-engineering-4395021/airflow/dags/first_try/load_dag.py
[2025-04-13T10:10:58.950+0000] {logging_mixin.py:150} INFO - [2025-04-13T10:10:58.950+0000] {dag.py:2742} INFO - Sync 1 DAGs
[2025-04-13T10:10:58.963+0000] {logging_mixin.py:150} INFO - [2025-04-13T10:10:58.962+0000] {dag.py:3504} INFO - Setting next_dagrun for load_dag to None, run_after=None
[2025-04-13T10:10:58.975+0000] {processor.py:179} INFO - Processing /workspaces/hands-on-introduction-data-engineering-4395021/airflow/dags/first_try/load_dag.py took 0.052 seconds
[2025-04-13T10:11:29.312+0000] {processor.py:157} INFO - Started process (PID=18278) to work on /workspaces/hands-on-introduction-data-engineering-4395021/airflow/dags/first_try/load_dag.py
[2025-04-13T10:11:29.313+0000] {processor.py:826} INFO - Processing file /workspaces/hands-on-introduction-data-engineering-4395021/airflow/dags/first_try/load_dag.py for tasks to queue
[2025-04-13T10:11:29.313+0000] {logging_mixin.py:150} INFO - [2025-04-13T10:11:29.313+0000] {dagbag.py:541} INFO - Filling up the DagBag from /workspaces/hands-on-introduction-data-engineering-4395021/airflow/dags/first_try/load_dag.py
[2025-04-13T10:11:29.321+0000] {processor.py:836} INFO - DAG(s) dict_keys(['load_dag']) retrieved from /workspaces/hands-on-introduction-data-engineering-4395021/airflow/dags/first_try/load_dag.py
[2025-04-13T10:11:29.336+0000] {logging_mixin.py:150} INFO - [2025-04-13T10:11:29.336+0000] {dag.py:2742} INFO - Sync 1 DAGs
[2025-04-13T10:11:29.350+0000] {logging_mixin.py:150} INFO - [2025-04-13T10:11:29.350+0000] {dag.py:3504} INFO - Setting next_dagrun for load_dag to None, run_after=None
[2025-04-13T10:11:29.363+0000] {processor.py:179} INFO - Processing /workspaces/hands-on-introduction-data-engineering-4395021/airflow/dags/first_try/load_dag.py took 0.053 seconds
[2025-04-13T10:11:59.658+0000] {processor.py:157} INFO - Started process (PID=18459) to work on /workspaces/hands-on-introduction-data-engineering-4395021/airflow/dags/first_try/load_dag.py
[2025-04-13T10:11:59.659+0000] {processor.py:826} INFO - Processing file /workspaces/hands-on-introduction-data-engineering-4395021/airflow/dags/first_try/load_dag.py for tasks to queue
[2025-04-13T10:11:59.659+0000] {logging_mixin.py:150} INFO - [2025-04-13T10:11:59.659+0000] {dagbag.py:541} INFO - Filling up the DagBag from /workspaces/hands-on-introduction-data-engineering-4395021/airflow/dags/first_try/load_dag.py
[2025-04-13T10:11:59.666+0000] {processor.py:836} INFO - DAG(s) dict_keys(['load_dag']) retrieved from /workspaces/hands-on-introduction-data-engineering-4395021/airflow/dags/first_try/load_dag.py
[2025-04-13T10:11:59.682+0000] {logging_mixin.py:150} INFO - [2025-04-13T10:11:59.682+0000] {dag.py:2742} INFO - Sync 1 DAGs
[2025-04-13T10:11:59.698+0000] {logging_mixin.py:150} INFO - [2025-04-13T10:11:59.698+0000] {dag.py:3504} INFO - Setting next_dagrun for load_dag to None, run_after=None
[2025-04-13T10:11:59.711+0000] {processor.py:179} INFO - Processing /workspaces/hands-on-introduction-data-engineering-4395021/airflow/dags/first_try/load_dag.py took 0.055 seconds
[2025-04-13T10:12:30.026+0000] {processor.py:157} INFO - Started process (PID=18646) to work on /workspaces/hands-on-introduction-data-engineering-4395021/airflow/dags/first_try/load_dag.py
[2025-04-13T10:12:30.027+0000] {processor.py:826} INFO - Processing file /workspaces/hands-on-introduction-data-engineering-4395021/airflow/dags/first_try/load_dag.py for tasks to queue
[2025-04-13T10:12:30.027+0000] {logging_mixin.py:150} INFO - [2025-04-13T10:12:30.027+0000] {dagbag.py:541} INFO - Filling up the DagBag from /workspaces/hands-on-introduction-data-engineering-4395021/airflow/dags/first_try/load_dag.py
[2025-04-13T10:12:30.034+0000] {processor.py:836} INFO - DAG(s) dict_keys(['load_dag']) retrieved from /workspaces/hands-on-introduction-data-engineering-4395021/airflow/dags/first_try/load_dag.py
[2025-04-13T10:12:30.050+0000] {logging_mixin.py:150} INFO - [2025-04-13T10:12:30.050+0000] {dag.py:2742} INFO - Sync 1 DAGs
[2025-04-13T10:12:30.062+0000] {logging_mixin.py:150} INFO - [2025-04-13T10:12:30.062+0000] {dag.py:3504} INFO - Setting next_dagrun for load_dag to None, run_after=None
[2025-04-13T10:12:30.075+0000] {processor.py:179} INFO - Processing /workspaces/hands-on-introduction-data-engineering-4395021/airflow/dags/first_try/load_dag.py took 0.051 seconds
[2025-04-13T10:13:00.630+0000] {processor.py:157} INFO - Started process (PID=18843) to work on /workspaces/hands-on-introduction-data-engineering-4395021/airflow/dags/first_try/load_dag.py
[2025-04-13T10:13:00.631+0000] {processor.py:826} INFO - Processing file /workspaces/hands-on-introduction-data-engineering-4395021/airflow/dags/first_try/load_dag.py for tasks to queue
[2025-04-13T10:13:00.632+0000] {logging_mixin.py:150} INFO - [2025-04-13T10:13:00.631+0000] {dagbag.py:541} INFO - Filling up the DagBag from /workspaces/hands-on-introduction-data-engineering-4395021/airflow/dags/first_try/load_dag.py
[2025-04-13T10:13:00.638+0000] {processor.py:836} INFO - DAG(s) dict_keys(['load_dag']) retrieved from /workspaces/hands-on-introduction-data-engineering-4395021/airflow/dags/first_try/load_dag.py
[2025-04-13T10:13:00.654+0000] {logging_mixin.py:150} INFO - [2025-04-13T10:13:00.654+0000] {dag.py:2742} INFO - Sync 1 DAGs
[2025-04-13T10:13:00.666+0000] {logging_mixin.py:150} INFO - [2025-04-13T10:13:00.666+0000] {dag.py:3504} INFO - Setting next_dagrun for load_dag to None, run_after=None
[2025-04-13T10:13:00.679+0000] {processor.py:179} INFO - Processing /workspaces/hands-on-introduction-data-engineering-4395021/airflow/dags/first_try/load_dag.py took 0.050 seconds
[2025-04-13T10:13:30.998+0000] {processor.py:157} INFO - Started process (PID=19024) to work on /workspaces/hands-on-introduction-data-engineering-4395021/airflow/dags/first_try/load_dag.py
[2025-04-13T10:13:30.999+0000] {processor.py:826} INFO - Processing file /workspaces/hands-on-introduction-data-engineering-4395021/airflow/dags/first_try/load_dag.py for tasks to queue
[2025-04-13T10:13:30.999+0000] {logging_mixin.py:150} INFO - [2025-04-13T10:13:30.999+0000] {dagbag.py:541} INFO - Filling up the DagBag from /workspaces/hands-on-introduction-data-engineering-4395021/airflow/dags/first_try/load_dag.py
[2025-04-13T10:13:31.006+0000] {processor.py:836} INFO - DAG(s) dict_keys(['load_dag']) retrieved from /workspaces/hands-on-introduction-data-engineering-4395021/airflow/dags/first_try/load_dag.py
[2025-04-13T10:13:31.023+0000] {logging_mixin.py:150} INFO - [2025-04-13T10:13:31.022+0000] {dag.py:2742} INFO - Sync 1 DAGs
[2025-04-13T10:13:31.035+0000] {logging_mixin.py:150} INFO - [2025-04-13T10:13:31.035+0000] {dag.py:3504} INFO - Setting next_dagrun for load_dag to None, run_after=None
[2025-04-13T10:13:31.049+0000] {processor.py:179} INFO - Processing /workspaces/hands-on-introduction-data-engineering-4395021/airflow/dags/first_try/load_dag.py took 0.054 seconds
[2025-04-13T10:14:01.476+0000] {processor.py:157} INFO - Started process (PID=19211) to work on /workspaces/hands-on-introduction-data-engineering-4395021/airflow/dags/first_try/load_dag.py
[2025-04-13T10:14:01.477+0000] {processor.py:826} INFO - Processing file /workspaces/hands-on-introduction-data-engineering-4395021/airflow/dags/first_try/load_dag.py for tasks to queue
[2025-04-13T10:14:01.477+0000] {logging_mixin.py:150} INFO - [2025-04-13T10:14:01.477+0000] {dagbag.py:541} INFO - Filling up the DagBag from /workspaces/hands-on-introduction-data-engineering-4395021/airflow/dags/first_try/load_dag.py
[2025-04-13T10:14:01.484+0000] {processor.py:836} INFO - DAG(s) dict_keys(['load_dag']) retrieved from /workspaces/hands-on-introduction-data-engineering-4395021/airflow/dags/first_try/load_dag.py
[2025-04-13T10:14:01.501+0000] {logging_mixin.py:150} INFO - [2025-04-13T10:14:01.501+0000] {dag.py:2742} INFO - Sync 1 DAGs
[2025-04-13T10:14:01.514+0000] {logging_mixin.py:150} INFO - [2025-04-13T10:14:01.514+0000] {dag.py:3504} INFO - Setting next_dagrun for load_dag to None, run_after=None
[2025-04-13T10:14:01.530+0000] {processor.py:179} INFO - Processing /workspaces/hands-on-introduction-data-engineering-4395021/airflow/dags/first_try/load_dag.py took 0.056 seconds
[2025-04-13T10:14:31.964+0000] {processor.py:157} INFO - Started process (PID=19411) to work on /workspaces/hands-on-introduction-data-engineering-4395021/airflow/dags/first_try/load_dag.py
[2025-04-13T10:14:31.965+0000] {processor.py:826} INFO - Processing file /workspaces/hands-on-introduction-data-engineering-4395021/airflow/dags/first_try/load_dag.py for tasks to queue
[2025-04-13T10:14:31.966+0000] {logging_mixin.py:150} INFO - [2025-04-13T10:14:31.965+0000] {dagbag.py:541} INFO - Filling up the DagBag from /workspaces/hands-on-introduction-data-engineering-4395021/airflow/dags/first_try/load_dag.py
[2025-04-13T10:14:31.972+0000] {processor.py:836} INFO - DAG(s) dict_keys(['load_dag']) retrieved from /workspaces/hands-on-introduction-data-engineering-4395021/airflow/dags/first_try/load_dag.py
[2025-04-13T10:14:31.991+0000] {logging_mixin.py:150} INFO - [2025-04-13T10:14:31.991+0000] {dag.py:2742} INFO - Sync 1 DAGs
[2025-04-13T10:14:32.013+0000] {logging_mixin.py:150} INFO - [2025-04-13T10:14:32.013+0000] {dag.py:3504} INFO - Setting next_dagrun for load_dag to None, run_after=None
[2025-04-13T10:14:32.026+0000] {processor.py:179} INFO - Processing /workspaces/hands-on-introduction-data-engineering-4395021/airflow/dags/first_try/load_dag.py took 0.063 seconds
[2025-04-13T10:15:14.687+0000] {processor.py:157} INFO - Started process (PID=19678) to work on /workspaces/hands-on-introduction-data-engineering-4395021/airflow/dags/first_try/load_dag.py
[2025-04-13T10:15:14.687+0000] {processor.py:826} INFO - Processing file /workspaces/hands-on-introduction-data-engineering-4395021/airflow/dags/first_try/load_dag.py for tasks to queue
[2025-04-13T10:15:14.688+0000] {logging_mixin.py:150} INFO - [2025-04-13T10:15:14.688+0000] {dagbag.py:541} INFO - Filling up the DagBag from /workspaces/hands-on-introduction-data-engineering-4395021/airflow/dags/first_try/load_dag.py
[2025-04-13T10:15:14.694+0000] {processor.py:836} INFO - DAG(s) dict_keys(['load_dag']) retrieved from /workspaces/hands-on-introduction-data-engineering-4395021/airflow/dags/first_try/load_dag.py
[2025-04-13T10:15:14.710+0000] {logging_mixin.py:150} INFO - [2025-04-13T10:15:14.710+0000] {dag.py:2742} INFO - Sync 1 DAGs
[2025-04-13T10:15:14.723+0000] {logging_mixin.py:150} INFO - [2025-04-13T10:15:14.723+0000] {dag.py:3504} INFO - Setting next_dagrun for load_dag to None, run_after=None
[2025-04-13T10:15:14.736+0000] {processor.py:179} INFO - Processing /workspaces/hands-on-introduction-data-engineering-4395021/airflow/dags/first_try/load_dag.py took 0.051 seconds
[2025-04-13T10:15:45.118+0000] {processor.py:157} INFO - Started process (PID=19865) to work on /workspaces/hands-on-introduction-data-engineering-4395021/airflow/dags/first_try/load_dag.py
[2025-04-13T10:15:45.119+0000] {processor.py:826} INFO - Processing file /workspaces/hands-on-introduction-data-engineering-4395021/airflow/dags/first_try/load_dag.py for tasks to queue
[2025-04-13T10:15:45.119+0000] {logging_mixin.py:150} INFO - [2025-04-13T10:15:45.119+0000] {dagbag.py:541} INFO - Filling up the DagBag from /workspaces/hands-on-introduction-data-engineering-4395021/airflow/dags/first_try/load_dag.py
[2025-04-13T10:15:45.126+0000] {processor.py:836} INFO - DAG(s) dict_keys(['load_dag']) retrieved from /workspaces/hands-on-introduction-data-engineering-4395021/airflow/dags/first_try/load_dag.py
[2025-04-13T10:15:45.141+0000] {logging_mixin.py:150} INFO - [2025-04-13T10:15:45.141+0000] {dag.py:2742} INFO - Sync 1 DAGs
[2025-04-13T10:15:45.154+0000] {logging_mixin.py:150} INFO - [2025-04-13T10:15:45.154+0000] {dag.py:3504} INFO - Setting next_dagrun for load_dag to None, run_after=None
[2025-04-13T10:15:45.167+0000] {processor.py:179} INFO - Processing /workspaces/hands-on-introduction-data-engineering-4395021/airflow/dags/first_try/load_dag.py took 0.051 seconds
[2025-04-13T10:16:16.750+0000] {processor.py:157} INFO - Started process (PID=20054) to work on /workspaces/hands-on-introduction-data-engineering-4395021/airflow/dags/first_try/load_dag.py
[2025-04-13T10:16:16.751+0000] {processor.py:826} INFO - Processing file /workspaces/hands-on-introduction-data-engineering-4395021/airflow/dags/first_try/load_dag.py for tasks to queue
[2025-04-13T10:16:16.751+0000] {logging_mixin.py:150} INFO - [2025-04-13T10:16:16.751+0000] {dagbag.py:541} INFO - Filling up the DagBag from /workspaces/hands-on-introduction-data-engineering-4395021/airflow/dags/first_try/load_dag.py
[2025-04-13T10:16:16.758+0000] {processor.py:836} INFO - DAG(s) dict_keys(['load_dag']) retrieved from /workspaces/hands-on-introduction-data-engineering-4395021/airflow/dags/first_try/load_dag.py
[2025-04-13T10:16:16.776+0000] {logging_mixin.py:150} INFO - [2025-04-13T10:16:16.776+0000] {dag.py:2742} INFO - Sync 1 DAGs
[2025-04-13T10:16:16.790+0000] {logging_mixin.py:150} INFO - [2025-04-13T10:16:16.789+0000] {dag.py:3504} INFO - Setting next_dagrun for load_dag to None, run_after=None
[2025-04-13T10:16:16.803+0000] {processor.py:179} INFO - Processing /workspaces/hands-on-introduction-data-engineering-4395021/airflow/dags/first_try/load_dag.py took 0.055 seconds
[2025-04-13T10:16:47.348+0000] {processor.py:157} INFO - Started process (PID=20241) to work on /workspaces/hands-on-introduction-data-engineering-4395021/airflow/dags/first_try/load_dag.py
[2025-04-13T10:16:47.349+0000] {processor.py:826} INFO - Processing file /workspaces/hands-on-introduction-data-engineering-4395021/airflow/dags/first_try/load_dag.py for tasks to queue
[2025-04-13T10:16:47.350+0000] {logging_mixin.py:150} INFO - [2025-04-13T10:16:47.350+0000] {dagbag.py:541} INFO - Filling up the DagBag from /workspaces/hands-on-introduction-data-engineering-4395021/airflow/dags/first_try/load_dag.py
[2025-04-13T10:16:47.359+0000] {processor.py:836} INFO - DAG(s) dict_keys(['load_dag']) retrieved from /workspaces/hands-on-introduction-data-engineering-4395021/airflow/dags/first_try/load_dag.py
[2025-04-13T10:16:47.385+0000] {logging_mixin.py:150} INFO - [2025-04-13T10:16:47.385+0000] {dag.py:2742} INFO - Sync 1 DAGs
[2025-04-13T10:16:47.403+0000] {logging_mixin.py:150} INFO - [2025-04-13T10:16:47.403+0000] {dag.py:3504} INFO - Setting next_dagrun for load_dag to None, run_after=None
[2025-04-13T10:16:47.424+0000] {processor.py:179} INFO - Processing /workspaces/hands-on-introduction-data-engineering-4395021/airflow/dags/first_try/load_dag.py took 0.079 seconds
[2025-04-13T10:17:17.943+0000] {processor.py:157} INFO - Started process (PID=20423) to work on /workspaces/hands-on-introduction-data-engineering-4395021/airflow/dags/first_try/load_dag.py
[2025-04-13T10:17:17.943+0000] {processor.py:826} INFO - Processing file /workspaces/hands-on-introduction-data-engineering-4395021/airflow/dags/first_try/load_dag.py for tasks to queue
[2025-04-13T10:17:17.944+0000] {logging_mixin.py:150} INFO - [2025-04-13T10:17:17.944+0000] {dagbag.py:541} INFO - Filling up the DagBag from /workspaces/hands-on-introduction-data-engineering-4395021/airflow/dags/first_try/load_dag.py
[2025-04-13T10:17:17.951+0000] {processor.py:836} INFO - DAG(s) dict_keys(['load_dag']) retrieved from /workspaces/hands-on-introduction-data-engineering-4395021/airflow/dags/first_try/load_dag.py
[2025-04-13T10:17:17.966+0000] {logging_mixin.py:150} INFO - [2025-04-13T10:17:17.966+0000] {dag.py:2742} INFO - Sync 1 DAGs
[2025-04-13T10:17:17.979+0000] {logging_mixin.py:150} INFO - [2025-04-13T10:17:17.979+0000] {dag.py:3504} INFO - Setting next_dagrun for load_dag to None, run_after=None
[2025-04-13T10:17:17.993+0000] {processor.py:179} INFO - Processing /workspaces/hands-on-introduction-data-engineering-4395021/airflow/dags/first_try/load_dag.py took 0.052 seconds
[2025-04-13T10:17:48.517+0000] {processor.py:157} INFO - Started process (PID=20613) to work on /workspaces/hands-on-introduction-data-engineering-4395021/airflow/dags/first_try/load_dag.py
[2025-04-13T10:17:48.518+0000] {processor.py:826} INFO - Processing file /workspaces/hands-on-introduction-data-engineering-4395021/airflow/dags/first_try/load_dag.py for tasks to queue
[2025-04-13T10:17:48.519+0000] {logging_mixin.py:150} INFO - [2025-04-13T10:17:48.518+0000] {dagbag.py:541} INFO - Filling up the DagBag from /workspaces/hands-on-introduction-data-engineering-4395021/airflow/dags/first_try/load_dag.py
[2025-04-13T10:17:48.528+0000] {processor.py:836} INFO - DAG(s) dict_keys(['load_dag']) retrieved from /workspaces/hands-on-introduction-data-engineering-4395021/airflow/dags/first_try/load_dag.py
[2025-04-13T10:17:48.544+0000] {logging_mixin.py:150} INFO - [2025-04-13T10:17:48.544+0000] {dag.py:2742} INFO - Sync 1 DAGs
[2025-04-13T10:17:48.558+0000] {logging_mixin.py:150} INFO - [2025-04-13T10:17:48.557+0000] {dag.py:3504} INFO - Setting next_dagrun for load_dag to None, run_after=None
[2025-04-13T10:17:48.571+0000] {processor.py:179} INFO - Processing /workspaces/hands-on-introduction-data-engineering-4395021/airflow/dags/first_try/load_dag.py took 0.056 seconds
[2025-04-13T10:18:19.009+0000] {processor.py:157} INFO - Started process (PID=20795) to work on /workspaces/hands-on-introduction-data-engineering-4395021/airflow/dags/first_try/load_dag.py
[2025-04-13T10:18:19.010+0000] {processor.py:826} INFO - Processing file /workspaces/hands-on-introduction-data-engineering-4395021/airflow/dags/first_try/load_dag.py for tasks to queue
[2025-04-13T10:18:19.011+0000] {logging_mixin.py:150} INFO - [2025-04-13T10:18:19.010+0000] {dagbag.py:541} INFO - Filling up the DagBag from /workspaces/hands-on-introduction-data-engineering-4395021/airflow/dags/first_try/load_dag.py
[2025-04-13T10:18:19.020+0000] {processor.py:836} INFO - DAG(s) dict_keys(['load_dag']) retrieved from /workspaces/hands-on-introduction-data-engineering-4395021/airflow/dags/first_try/load_dag.py
[2025-04-13T10:18:19.038+0000] {logging_mixin.py:150} INFO - [2025-04-13T10:18:19.038+0000] {dag.py:2742} INFO - Sync 1 DAGs
[2025-04-13T10:18:19.059+0000] {logging_mixin.py:150} INFO - [2025-04-13T10:18:19.058+0000] {dag.py:3504} INFO - Setting next_dagrun for load_dag to None, run_after=None
[2025-04-13T10:18:19.078+0000] {processor.py:179} INFO - Processing /workspaces/hands-on-introduction-data-engineering-4395021/airflow/dags/first_try/load_dag.py took 0.072 seconds
[2025-04-13T10:18:49.820+0000] {processor.py:157} INFO - Started process (PID=21009) to work on /workspaces/hands-on-introduction-data-engineering-4395021/airflow/dags/first_try/load_dag.py
[2025-04-13T10:18:49.821+0000] {processor.py:826} INFO - Processing file /workspaces/hands-on-introduction-data-engineering-4395021/airflow/dags/first_try/load_dag.py for tasks to queue
[2025-04-13T10:18:49.822+0000] {logging_mixin.py:150} INFO - [2025-04-13T10:18:49.821+0000] {dagbag.py:541} INFO - Filling up the DagBag from /workspaces/hands-on-introduction-data-engineering-4395021/airflow/dags/first_try/load_dag.py
[2025-04-13T10:18:49.831+0000] {processor.py:836} INFO - DAG(s) dict_keys(['load_dag']) retrieved from /workspaces/hands-on-introduction-data-engineering-4395021/airflow/dags/first_try/load_dag.py
[2025-04-13T10:18:49.855+0000] {logging_mixin.py:150} INFO - [2025-04-13T10:18:49.855+0000] {dag.py:2742} INFO - Sync 1 DAGs
[2025-04-13T10:18:49.880+0000] {logging_mixin.py:150} INFO - [2025-04-13T10:18:49.879+0000] {dag.py:3504} INFO - Setting next_dagrun for load_dag to None, run_after=None
[2025-04-13T10:18:49.900+0000] {processor.py:179} INFO - Processing /workspaces/hands-on-introduction-data-engineering-4395021/airflow/dags/first_try/load_dag.py took 0.083 seconds
[2025-04-13T10:19:21.742+0000] {processor.py:157} INFO - Started process (PID=21227) to work on /workspaces/hands-on-introduction-data-engineering-4395021/airflow/dags/first_try/load_dag.py
[2025-04-13T10:19:21.743+0000] {processor.py:826} INFO - Processing file /workspaces/hands-on-introduction-data-engineering-4395021/airflow/dags/first_try/load_dag.py for tasks to queue
[2025-04-13T10:19:21.743+0000] {logging_mixin.py:150} INFO - [2025-04-13T10:19:21.743+0000] {dagbag.py:541} INFO - Filling up the DagBag from /workspaces/hands-on-introduction-data-engineering-4395021/airflow/dags/first_try/load_dag.py
[2025-04-13T10:19:21.752+0000] {processor.py:836} INFO - DAG(s) dict_keys(['load_dag']) retrieved from /workspaces/hands-on-introduction-data-engineering-4395021/airflow/dags/first_try/load_dag.py
[2025-04-13T10:19:21.776+0000] {logging_mixin.py:150} INFO - [2025-04-13T10:19:21.776+0000] {dag.py:2742} INFO - Sync 1 DAGs
[2025-04-13T10:19:21.790+0000] {logging_mixin.py:150} INFO - [2025-04-13T10:19:21.790+0000] {dag.py:3504} INFO - Setting next_dagrun for load_dag to None, run_after=None
[2025-04-13T10:19:21.803+0000] {processor.py:179} INFO - Processing /workspaces/hands-on-introduction-data-engineering-4395021/airflow/dags/first_try/load_dag.py took 0.064 seconds
[2025-04-13T10:19:54.792+0000] {processor.py:157} INFO - Started process (PID=21455) to work on /workspaces/hands-on-introduction-data-engineering-4395021/airflow/dags/first_try/load_dag.py
[2025-04-13T10:19:54.793+0000] {processor.py:826} INFO - Processing file /workspaces/hands-on-introduction-data-engineering-4395021/airflow/dags/first_try/load_dag.py for tasks to queue
[2025-04-13T10:19:54.794+0000] {logging_mixin.py:150} INFO - [2025-04-13T10:19:54.793+0000] {dagbag.py:541} INFO - Filling up the DagBag from /workspaces/hands-on-introduction-data-engineering-4395021/airflow/dags/first_try/load_dag.py
[2025-04-13T10:19:54.800+0000] {processor.py:836} INFO - DAG(s) dict_keys(['load_dag']) retrieved from /workspaces/hands-on-introduction-data-engineering-4395021/airflow/dags/first_try/load_dag.py
[2025-04-13T10:19:54.817+0000] {logging_mixin.py:150} INFO - [2025-04-13T10:19:54.817+0000] {dag.py:2742} INFO - Sync 1 DAGs
[2025-04-13T10:19:54.829+0000] {logging_mixin.py:150} INFO - [2025-04-13T10:19:54.829+0000] {dag.py:3504} INFO - Setting next_dagrun for load_dag to None, run_after=None
[2025-04-13T10:19:54.842+0000] {processor.py:179} INFO - Processing /workspaces/hands-on-introduction-data-engineering-4395021/airflow/dags/first_try/load_dag.py took 0.052 seconds
[2025-04-13T10:20:25.081+0000] {processor.py:157} INFO - Started process (PID=21661) to work on /workspaces/hands-on-introduction-data-engineering-4395021/airflow/dags/first_try/load_dag.py
[2025-04-13T10:20:25.081+0000] {processor.py:826} INFO - Processing file /workspaces/hands-on-introduction-data-engineering-4395021/airflow/dags/first_try/load_dag.py for tasks to queue
[2025-04-13T10:20:25.082+0000] {logging_mixin.py:150} INFO - [2025-04-13T10:20:25.082+0000] {dagbag.py:541} INFO - Filling up the DagBag from /workspaces/hands-on-introduction-data-engineering-4395021/airflow/dags/first_try/load_dag.py
[2025-04-13T10:20:25.089+0000] {processor.py:836} INFO - DAG(s) dict_keys(['load_dag']) retrieved from /workspaces/hands-on-introduction-data-engineering-4395021/airflow/dags/first_try/load_dag.py
[2025-04-13T10:20:25.106+0000] {logging_mixin.py:150} INFO - [2025-04-13T10:20:25.106+0000] {dag.py:2742} INFO - Sync 1 DAGs
[2025-04-13T10:20:25.119+0000] {logging_mixin.py:150} INFO - [2025-04-13T10:20:25.119+0000] {dag.py:3504} INFO - Setting next_dagrun for load_dag to None, run_after=None
[2025-04-13T10:20:25.132+0000] {processor.py:179} INFO - Processing /workspaces/hands-on-introduction-data-engineering-4395021/airflow/dags/first_try/load_dag.py took 0.054 seconds
[2025-04-13T10:20:55.469+0000] {processor.py:157} INFO - Started process (PID=21867) to work on /workspaces/hands-on-introduction-data-engineering-4395021/airflow/dags/first_try/load_dag.py
[2025-04-13T10:20:55.470+0000] {processor.py:826} INFO - Processing file /workspaces/hands-on-introduction-data-engineering-4395021/airflow/dags/first_try/load_dag.py for tasks to queue
[2025-04-13T10:20:55.471+0000] {logging_mixin.py:150} INFO - [2025-04-13T10:20:55.470+0000] {dagbag.py:541} INFO - Filling up the DagBag from /workspaces/hands-on-introduction-data-engineering-4395021/airflow/dags/first_try/load_dag.py
[2025-04-13T10:20:55.477+0000] {processor.py:836} INFO - DAG(s) dict_keys(['load_dag']) retrieved from /workspaces/hands-on-introduction-data-engineering-4395021/airflow/dags/first_try/load_dag.py
[2025-04-13T10:20:55.494+0000] {logging_mixin.py:150} INFO - [2025-04-13T10:20:55.493+0000] {dag.py:2742} INFO - Sync 1 DAGs
[2025-04-13T10:20:55.506+0000] {logging_mixin.py:150} INFO - [2025-04-13T10:20:55.506+0000] {dag.py:3504} INFO - Setting next_dagrun for load_dag to None, run_after=None
[2025-04-13T10:20:55.520+0000] {processor.py:179} INFO - Processing /workspaces/hands-on-introduction-data-engineering-4395021/airflow/dags/first_try/load_dag.py took 0.053 seconds
[2025-04-13T10:21:25.787+0000] {processor.py:157} INFO - Started process (PID=22054) to work on /workspaces/hands-on-introduction-data-engineering-4395021/airflow/dags/first_try/load_dag.py
[2025-04-13T10:21:25.788+0000] {processor.py:826} INFO - Processing file /workspaces/hands-on-introduction-data-engineering-4395021/airflow/dags/first_try/load_dag.py for tasks to queue
[2025-04-13T10:21:25.789+0000] {logging_mixin.py:150} INFO - [2025-04-13T10:21:25.788+0000] {dagbag.py:541} INFO - Filling up the DagBag from /workspaces/hands-on-introduction-data-engineering-4395021/airflow/dags/first_try/load_dag.py
[2025-04-13T10:21:25.795+0000] {processor.py:836} INFO - DAG(s) dict_keys(['load_dag']) retrieved from /workspaces/hands-on-introduction-data-engineering-4395021/airflow/dags/first_try/load_dag.py
[2025-04-13T10:21:25.811+0000] {logging_mixin.py:150} INFO - [2025-04-13T10:21:25.811+0000] {dag.py:2742} INFO - Sync 1 DAGs
[2025-04-13T10:21:25.825+0000] {logging_mixin.py:150} INFO - [2025-04-13T10:21:25.824+0000] {dag.py:3504} INFO - Setting next_dagrun for load_dag to None, run_after=None
[2025-04-13T10:21:25.838+0000] {processor.py:179} INFO - Processing /workspaces/hands-on-introduction-data-engineering-4395021/airflow/dags/first_try/load_dag.py took 0.053 seconds
[2025-04-13T10:21:57.083+0000] {processor.py:157} INFO - Started process (PID=22249) to work on /workspaces/hands-on-introduction-data-engineering-4395021/airflow/dags/first_try/load_dag.py
[2025-04-13T10:21:57.084+0000] {processor.py:826} INFO - Processing file /workspaces/hands-on-introduction-data-engineering-4395021/airflow/dags/first_try/load_dag.py for tasks to queue
[2025-04-13T10:21:57.085+0000] {logging_mixin.py:150} INFO - [2025-04-13T10:21:57.084+0000] {dagbag.py:541} INFO - Filling up the DagBag from /workspaces/hands-on-introduction-data-engineering-4395021/airflow/dags/first_try/load_dag.py
[2025-04-13T10:21:57.094+0000] {processor.py:836} INFO - DAG(s) dict_keys(['load_dag']) retrieved from /workspaces/hands-on-introduction-data-engineering-4395021/airflow/dags/first_try/load_dag.py
[2025-04-13T10:21:57.117+0000] {logging_mixin.py:150} INFO - [2025-04-13T10:21:57.117+0000] {dag.py:2742} INFO - Sync 1 DAGs
[2025-04-13T10:21:57.130+0000] {logging_mixin.py:150} INFO - [2025-04-13T10:21:57.130+0000] {dag.py:3504} INFO - Setting next_dagrun for load_dag to None, run_after=None
[2025-04-13T10:21:57.143+0000] {processor.py:179} INFO - Processing /workspaces/hands-on-introduction-data-engineering-4395021/airflow/dags/first_try/load_dag.py took 0.063 seconds
[2025-04-13T10:22:27.240+0000] {processor.py:157} INFO - Started process (PID=22430) to work on /workspaces/hands-on-introduction-data-engineering-4395021/airflow/dags/first_try/load_dag.py
[2025-04-13T10:22:27.241+0000] {processor.py:826} INFO - Processing file /workspaces/hands-on-introduction-data-engineering-4395021/airflow/dags/first_try/load_dag.py for tasks to queue
[2025-04-13T10:22:27.241+0000] {logging_mixin.py:150} INFO - [2025-04-13T10:22:27.241+0000] {dagbag.py:541} INFO - Filling up the DagBag from /workspaces/hands-on-introduction-data-engineering-4395021/airflow/dags/first_try/load_dag.py
[2025-04-13T10:22:27.248+0000] {processor.py:836} INFO - DAG(s) dict_keys(['load_dag']) retrieved from /workspaces/hands-on-introduction-data-engineering-4395021/airflow/dags/first_try/load_dag.py
[2025-04-13T10:22:27.264+0000] {logging_mixin.py:150} INFO - [2025-04-13T10:22:27.264+0000] {dag.py:2742} INFO - Sync 1 DAGs
[2025-04-13T10:22:27.277+0000] {logging_mixin.py:150} INFO - [2025-04-13T10:22:27.277+0000] {dag.py:3504} INFO - Setting next_dagrun for load_dag to None, run_after=None
[2025-04-13T10:22:27.291+0000] {processor.py:179} INFO - Processing /workspaces/hands-on-introduction-data-engineering-4395021/airflow/dags/first_try/load_dag.py took 0.053 seconds
[2025-04-13T10:22:59.816+0000] {processor.py:157} INFO - Started process (PID=22648) to work on /workspaces/hands-on-introduction-data-engineering-4395021/airflow/dags/first_try/load_dag.py
[2025-04-13T10:22:59.817+0000] {processor.py:826} INFO - Processing file /workspaces/hands-on-introduction-data-engineering-4395021/airflow/dags/first_try/load_dag.py for tasks to queue
[2025-04-13T10:22:59.818+0000] {logging_mixin.py:150} INFO - [2025-04-13T10:22:59.817+0000] {dagbag.py:541} INFO - Filling up the DagBag from /workspaces/hands-on-introduction-data-engineering-4395021/airflow/dags/first_try/load_dag.py
[2025-04-13T10:22:59.825+0000] {processor.py:836} INFO - DAG(s) dict_keys(['load_dag']) retrieved from /workspaces/hands-on-introduction-data-engineering-4395021/airflow/dags/first_try/load_dag.py
[2025-04-13T10:22:59.841+0000] {logging_mixin.py:150} INFO - [2025-04-13T10:22:59.841+0000] {dag.py:2742} INFO - Sync 1 DAGs
[2025-04-13T10:22:59.854+0000] {logging_mixin.py:150} INFO - [2025-04-13T10:22:59.854+0000] {dag.py:3504} INFO - Setting next_dagrun for load_dag to None, run_after=None
[2025-04-13T10:22:59.867+0000] {processor.py:179} INFO - Processing /workspaces/hands-on-introduction-data-engineering-4395021/airflow/dags/first_try/load_dag.py took 0.053 seconds
[2025-04-13T10:23:30.457+0000] {processor.py:157} INFO - Started process (PID=22868) to work on /workspaces/hands-on-introduction-data-engineering-4395021/airflow/dags/first_try/load_dag.py
[2025-04-13T10:23:30.457+0000] {processor.py:826} INFO - Processing file /workspaces/hands-on-introduction-data-engineering-4395021/airflow/dags/first_try/load_dag.py for tasks to queue
[2025-04-13T10:23:30.458+0000] {logging_mixin.py:150} INFO - [2025-04-13T10:23:30.458+0000] {dagbag.py:541} INFO - Filling up the DagBag from /workspaces/hands-on-introduction-data-engineering-4395021/airflow/dags/first_try/load_dag.py
[2025-04-13T10:23:30.465+0000] {processor.py:836} INFO - DAG(s) dict_keys(['load_dag']) retrieved from /workspaces/hands-on-introduction-data-engineering-4395021/airflow/dags/first_try/load_dag.py
[2025-04-13T10:23:30.481+0000] {logging_mixin.py:150} INFO - [2025-04-13T10:23:30.481+0000] {dag.py:2742} INFO - Sync 1 DAGs
[2025-04-13T10:23:30.493+0000] {logging_mixin.py:150} INFO - [2025-04-13T10:23:30.493+0000] {dag.py:3504} INFO - Setting next_dagrun for load_dag to None, run_after=None
[2025-04-13T10:23:30.506+0000] {processor.py:179} INFO - Processing /workspaces/hands-on-introduction-data-engineering-4395021/airflow/dags/first_try/load_dag.py took 0.051 seconds
[2025-04-13T10:24:01.096+0000] {processor.py:157} INFO - Started process (PID=23055) to work on /workspaces/hands-on-introduction-data-engineering-4395021/airflow/dags/first_try/load_dag.py
[2025-04-13T10:24:01.097+0000] {processor.py:826} INFO - Processing file /workspaces/hands-on-introduction-data-engineering-4395021/airflow/dags/first_try/load_dag.py for tasks to queue
[2025-04-13T10:24:01.098+0000] {logging_mixin.py:150} INFO - [2025-04-13T10:24:01.097+0000] {dagbag.py:541} INFO - Filling up the DagBag from /workspaces/hands-on-introduction-data-engineering-4395021/airflow/dags/first_try/load_dag.py
[2025-04-13T10:24:01.104+0000] {processor.py:836} INFO - DAG(s) dict_keys(['load_dag']) retrieved from /workspaces/hands-on-introduction-data-engineering-4395021/airflow/dags/first_try/load_dag.py
[2025-04-13T10:24:01.121+0000] {logging_mixin.py:150} INFO - [2025-04-13T10:24:01.120+0000] {dag.py:2742} INFO - Sync 1 DAGs
[2025-04-13T10:24:01.134+0000] {logging_mixin.py:150} INFO - [2025-04-13T10:24:01.134+0000] {dag.py:3504} INFO - Setting next_dagrun for load_dag to None, run_after=None
[2025-04-13T10:24:01.147+0000] {processor.py:179} INFO - Processing /workspaces/hands-on-introduction-data-engineering-4395021/airflow/dags/first_try/load_dag.py took 0.053 seconds
[2025-04-13T10:24:31.565+0000] {processor.py:157} INFO - Started process (PID=23237) to work on /workspaces/hands-on-introduction-data-engineering-4395021/airflow/dags/first_try/load_dag.py
[2025-04-13T10:24:31.566+0000] {processor.py:826} INFO - Processing file /workspaces/hands-on-introduction-data-engineering-4395021/airflow/dags/first_try/load_dag.py for tasks to queue
[2025-04-13T10:24:31.566+0000] {logging_mixin.py:150} INFO - [2025-04-13T10:24:31.566+0000] {dagbag.py:541} INFO - Filling up the DagBag from /workspaces/hands-on-introduction-data-engineering-4395021/airflow/dags/first_try/load_dag.py
[2025-04-13T10:24:31.573+0000] {processor.py:836} INFO - DAG(s) dict_keys(['load_dag']) retrieved from /workspaces/hands-on-introduction-data-engineering-4395021/airflow/dags/first_try/load_dag.py
[2025-04-13T10:24:31.589+0000] {logging_mixin.py:150} INFO - [2025-04-13T10:24:31.589+0000] {dag.py:2742} INFO - Sync 1 DAGs
[2025-04-13T10:24:31.601+0000] {logging_mixin.py:150} INFO - [2025-04-13T10:24:31.601+0000] {dag.py:3504} INFO - Setting next_dagrun for load_dag to None, run_after=None
[2025-04-13T10:24:31.614+0000] {processor.py:179} INFO - Processing /workspaces/hands-on-introduction-data-engineering-4395021/airflow/dags/first_try/load_dag.py took 0.050 seconds
[2025-04-13T10:25:02.017+0000] {processor.py:157} INFO - Started process (PID=23424) to work on /workspaces/hands-on-introduction-data-engineering-4395021/airflow/dags/first_try/load_dag.py
[2025-04-13T10:25:02.017+0000] {processor.py:826} INFO - Processing file /workspaces/hands-on-introduction-data-engineering-4395021/airflow/dags/first_try/load_dag.py for tasks to queue
[2025-04-13T10:25:02.018+0000] {logging_mixin.py:150} INFO - [2025-04-13T10:25:02.018+0000] {dagbag.py:541} INFO - Filling up the DagBag from /workspaces/hands-on-introduction-data-engineering-4395021/airflow/dags/first_try/load_dag.py
[2025-04-13T10:25:02.025+0000] {processor.py:836} INFO - DAG(s) dict_keys(['load_dag']) retrieved from /workspaces/hands-on-introduction-data-engineering-4395021/airflow/dags/first_try/load_dag.py
[2025-04-13T10:25:02.040+0000] {logging_mixin.py:150} INFO - [2025-04-13T10:25:02.040+0000] {dag.py:2742} INFO - Sync 1 DAGs
[2025-04-13T10:25:02.053+0000] {logging_mixin.py:150} INFO - [2025-04-13T10:25:02.053+0000] {dag.py:3504} INFO - Setting next_dagrun for load_dag to None, run_after=None
[2025-04-13T10:25:02.067+0000] {processor.py:179} INFO - Processing /workspaces/hands-on-introduction-data-engineering-4395021/airflow/dags/first_try/load_dag.py took 0.052 seconds
[2025-04-13T10:25:32.311+0000] {processor.py:157} INFO - Started process (PID=23605) to work on /workspaces/hands-on-introduction-data-engineering-4395021/airflow/dags/first_try/load_dag.py
[2025-04-13T10:25:32.312+0000] {processor.py:826} INFO - Processing file /workspaces/hands-on-introduction-data-engineering-4395021/airflow/dags/first_try/load_dag.py for tasks to queue
[2025-04-13T10:25:32.313+0000] {logging_mixin.py:150} INFO - [2025-04-13T10:25:32.312+0000] {dagbag.py:541} INFO - Filling up the DagBag from /workspaces/hands-on-introduction-data-engineering-4395021/airflow/dags/first_try/load_dag.py
[2025-04-13T10:25:32.319+0000] {processor.py:836} INFO - DAG(s) dict_keys(['load_dag']) retrieved from /workspaces/hands-on-introduction-data-engineering-4395021/airflow/dags/first_try/load_dag.py
[2025-04-13T10:25:32.335+0000] {logging_mixin.py:150} INFO - [2025-04-13T10:25:32.335+0000] {dag.py:2742} INFO - Sync 1 DAGs
[2025-04-13T10:25:32.349+0000] {logging_mixin.py:150} INFO - [2025-04-13T10:25:32.349+0000] {dag.py:3504} INFO - Setting next_dagrun for load_dag to None, run_after=None
[2025-04-13T10:25:32.366+0000] {processor.py:179} INFO - Processing /workspaces/hands-on-introduction-data-engineering-4395021/airflow/dags/first_try/load_dag.py took 0.057 seconds
[2025-04-13T10:26:02.706+0000] {processor.py:157} INFO - Started process (PID=23793) to work on /workspaces/hands-on-introduction-data-engineering-4395021/airflow/dags/first_try/load_dag.py
[2025-04-13T10:26:02.707+0000] {processor.py:826} INFO - Processing file /workspaces/hands-on-introduction-data-engineering-4395021/airflow/dags/first_try/load_dag.py for tasks to queue
[2025-04-13T10:26:02.708+0000] {logging_mixin.py:150} INFO - [2025-04-13T10:26:02.707+0000] {dagbag.py:541} INFO - Filling up the DagBag from /workspaces/hands-on-introduction-data-engineering-4395021/airflow/dags/first_try/load_dag.py
[2025-04-13T10:26:02.714+0000] {processor.py:836} INFO - DAG(s) dict_keys(['load_dag']) retrieved from /workspaces/hands-on-introduction-data-engineering-4395021/airflow/dags/first_try/load_dag.py
[2025-04-13T10:26:02.730+0000] {logging_mixin.py:150} INFO - [2025-04-13T10:26:02.730+0000] {dag.py:2742} INFO - Sync 1 DAGs
[2025-04-13T10:26:02.743+0000] {logging_mixin.py:150} INFO - [2025-04-13T10:26:02.743+0000] {dag.py:3504} INFO - Setting next_dagrun for load_dag to None, run_after=None
[2025-04-13T10:26:02.756+0000] {processor.py:179} INFO - Processing /workspaces/hands-on-introduction-data-engineering-4395021/airflow/dags/first_try/load_dag.py took 0.052 seconds
[2025-04-13T10:26:33.102+0000] {processor.py:157} INFO - Started process (PID=23980) to work on /workspaces/hands-on-introduction-data-engineering-4395021/airflow/dags/first_try/load_dag.py
[2025-04-13T10:26:33.103+0000] {processor.py:826} INFO - Processing file /workspaces/hands-on-introduction-data-engineering-4395021/airflow/dags/first_try/load_dag.py for tasks to queue
[2025-04-13T10:26:33.104+0000] {logging_mixin.py:150} INFO - [2025-04-13T10:26:33.103+0000] {dagbag.py:541} INFO - Filling up the DagBag from /workspaces/hands-on-introduction-data-engineering-4395021/airflow/dags/first_try/load_dag.py
[2025-04-13T10:26:33.110+0000] {processor.py:836} INFO - DAG(s) dict_keys(['load_dag']) retrieved from /workspaces/hands-on-introduction-data-engineering-4395021/airflow/dags/first_try/load_dag.py
[2025-04-13T10:26:33.127+0000] {logging_mixin.py:150} INFO - [2025-04-13T10:26:33.127+0000] {dag.py:2742} INFO - Sync 1 DAGs
[2025-04-13T10:26:33.140+0000] {logging_mixin.py:150} INFO - [2025-04-13T10:26:33.140+0000] {dag.py:3504} INFO - Setting next_dagrun for load_dag to None, run_after=None
[2025-04-13T10:26:33.153+0000] {processor.py:179} INFO - Processing /workspaces/hands-on-introduction-data-engineering-4395021/airflow/dags/first_try/load_dag.py took 0.052 seconds
[2025-04-13T10:27:03.498+0000] {processor.py:157} INFO - Started process (PID=24174) to work on /workspaces/hands-on-introduction-data-engineering-4395021/airflow/dags/first_try/load_dag.py
[2025-04-13T10:27:03.499+0000] {processor.py:826} INFO - Processing file /workspaces/hands-on-introduction-data-engineering-4395021/airflow/dags/first_try/load_dag.py for tasks to queue
[2025-04-13T10:27:03.500+0000] {logging_mixin.py:150} INFO - [2025-04-13T10:27:03.500+0000] {dagbag.py:541} INFO - Filling up the DagBag from /workspaces/hands-on-introduction-data-engineering-4395021/airflow/dags/first_try/load_dag.py
[2025-04-13T10:27:03.507+0000] {processor.py:836} INFO - DAG(s) dict_keys(['load_dag']) retrieved from /workspaces/hands-on-introduction-data-engineering-4395021/airflow/dags/first_try/load_dag.py
[2025-04-13T10:27:03.523+0000] {logging_mixin.py:150} INFO - [2025-04-13T10:27:03.523+0000] {dag.py:2742} INFO - Sync 1 DAGs
[2025-04-13T10:27:03.535+0000] {logging_mixin.py:150} INFO - [2025-04-13T10:27:03.535+0000] {dag.py:3504} INFO - Setting next_dagrun for load_dag to None, run_after=None
[2025-04-13T10:27:03.548+0000] {processor.py:179} INFO - Processing /workspaces/hands-on-introduction-data-engineering-4395021/airflow/dags/first_try/load_dag.py took 0.052 seconds
[2025-04-13T10:27:33.995+0000] {processor.py:157} INFO - Started process (PID=24386) to work on /workspaces/hands-on-introduction-data-engineering-4395021/airflow/dags/first_try/load_dag.py
[2025-04-13T10:27:33.996+0000] {processor.py:826} INFO - Processing file /workspaces/hands-on-introduction-data-engineering-4395021/airflow/dags/first_try/load_dag.py for tasks to queue
[2025-04-13T10:27:33.996+0000] {logging_mixin.py:150} INFO - [2025-04-13T10:27:33.996+0000] {dagbag.py:541} INFO - Filling up the DagBag from /workspaces/hands-on-introduction-data-engineering-4395021/airflow/dags/first_try/load_dag.py
[2025-04-13T10:27:34.003+0000] {processor.py:836} INFO - DAG(s) dict_keys(['load_dag']) retrieved from /workspaces/hands-on-introduction-data-engineering-4395021/airflow/dags/first_try/load_dag.py
[2025-04-13T10:27:34.019+0000] {logging_mixin.py:150} INFO - [2025-04-13T10:27:34.019+0000] {dag.py:2742} INFO - Sync 1 DAGs
[2025-04-13T10:27:34.031+0000] {logging_mixin.py:150} INFO - [2025-04-13T10:27:34.031+0000] {dag.py:3504} INFO - Setting next_dagrun for load_dag to None, run_after=None
[2025-04-13T10:27:34.044+0000] {processor.py:179} INFO - Processing /workspaces/hands-on-introduction-data-engineering-4395021/airflow/dags/first_try/load_dag.py took 0.051 seconds
[2025-04-13T10:28:04.703+0000] {processor.py:157} INFO - Started process (PID=24677) to work on /workspaces/hands-on-introduction-data-engineering-4395021/airflow/dags/first_try/load_dag.py
[2025-04-13T10:28:04.703+0000] {processor.py:826} INFO - Processing file /workspaces/hands-on-introduction-data-engineering-4395021/airflow/dags/first_try/load_dag.py for tasks to queue
[2025-04-13T10:28:04.704+0000] {logging_mixin.py:150} INFO - [2025-04-13T10:28:04.704+0000] {dagbag.py:541} INFO - Filling up the DagBag from /workspaces/hands-on-introduction-data-engineering-4395021/airflow/dags/first_try/load_dag.py
[2025-04-13T10:28:04.710+0000] {processor.py:836} INFO - DAG(s) dict_keys(['load_dag']) retrieved from /workspaces/hands-on-introduction-data-engineering-4395021/airflow/dags/first_try/load_dag.py
[2025-04-13T10:28:04.726+0000] {logging_mixin.py:150} INFO - [2025-04-13T10:28:04.726+0000] {dag.py:2742} INFO - Sync 1 DAGs
[2025-04-13T10:28:04.738+0000] {logging_mixin.py:150} INFO - [2025-04-13T10:28:04.738+0000] {dag.py:3504} INFO - Setting next_dagrun for load_dag to None, run_after=None
[2025-04-13T10:28:04.752+0000] {processor.py:179} INFO - Processing /workspaces/hands-on-introduction-data-engineering-4395021/airflow/dags/first_try/load_dag.py took 0.051 seconds
[2025-04-13T10:28:35.395+0000] {processor.py:157} INFO - Started process (PID=24894) to work on /workspaces/hands-on-introduction-data-engineering-4395021/airflow/dags/first_try/load_dag.py
[2025-04-13T10:28:35.395+0000] {processor.py:826} INFO - Processing file /workspaces/hands-on-introduction-data-engineering-4395021/airflow/dags/first_try/load_dag.py for tasks to queue
[2025-04-13T10:28:35.396+0000] {logging_mixin.py:150} INFO - [2025-04-13T10:28:35.396+0000] {dagbag.py:541} INFO - Filling up the DagBag from /workspaces/hands-on-introduction-data-engineering-4395021/airflow/dags/first_try/load_dag.py
[2025-04-13T10:28:35.403+0000] {processor.py:836} INFO - DAG(s) dict_keys(['load_dag']) retrieved from /workspaces/hands-on-introduction-data-engineering-4395021/airflow/dags/first_try/load_dag.py
[2025-04-13T10:28:35.418+0000] {logging_mixin.py:150} INFO - [2025-04-13T10:28:35.418+0000] {dag.py:2742} INFO - Sync 1 DAGs
[2025-04-13T10:28:35.431+0000] {logging_mixin.py:150} INFO - [2025-04-13T10:28:35.431+0000] {dag.py:3504} INFO - Setting next_dagrun for load_dag to None, run_after=None
[2025-04-13T10:28:35.445+0000] {processor.py:179} INFO - Processing /workspaces/hands-on-introduction-data-engineering-4395021/airflow/dags/first_try/load_dag.py took 0.052 seconds
[2025-04-13T10:29:05.891+0000] {processor.py:157} INFO - Started process (PID=25170) to work on /workspaces/hands-on-introduction-data-engineering-4395021/airflow/dags/first_try/load_dag.py
[2025-04-13T10:29:05.892+0000] {processor.py:826} INFO - Processing file /workspaces/hands-on-introduction-data-engineering-4395021/airflow/dags/first_try/load_dag.py for tasks to queue
[2025-04-13T10:29:05.892+0000] {logging_mixin.py:150} INFO - [2025-04-13T10:29:05.892+0000] {dagbag.py:541} INFO - Filling up the DagBag from /workspaces/hands-on-introduction-data-engineering-4395021/airflow/dags/first_try/load_dag.py
[2025-04-13T10:29:05.899+0000] {processor.py:836} INFO - DAG(s) dict_keys(['load_dag']) retrieved from /workspaces/hands-on-introduction-data-engineering-4395021/airflow/dags/first_try/load_dag.py
[2025-04-13T10:29:05.914+0000] {logging_mixin.py:150} INFO - [2025-04-13T10:29:05.914+0000] {dag.py:2742} INFO - Sync 1 DAGs
[2025-04-13T10:29:05.927+0000] {logging_mixin.py:150} INFO - [2025-04-13T10:29:05.927+0000] {dag.py:3504} INFO - Setting next_dagrun for load_dag to None, run_after=None
[2025-04-13T10:29:05.940+0000] {processor.py:179} INFO - Processing /workspaces/hands-on-introduction-data-engineering-4395021/airflow/dags/first_try/load_dag.py took 0.051 seconds
[2025-04-13T10:29:36.395+0000] {processor.py:157} INFO - Started process (PID=25448) to work on /workspaces/hands-on-introduction-data-engineering-4395021/airflow/dags/first_try/load_dag.py
[2025-04-13T10:29:36.395+0000] {processor.py:826} INFO - Processing file /workspaces/hands-on-introduction-data-engineering-4395021/airflow/dags/first_try/load_dag.py for tasks to queue
[2025-04-13T10:29:36.396+0000] {logging_mixin.py:150} INFO - [2025-04-13T10:29:36.396+0000] {dagbag.py:541} INFO - Filling up the DagBag from /workspaces/hands-on-introduction-data-engineering-4395021/airflow/dags/first_try/load_dag.py
[2025-04-13T10:29:36.403+0000] {processor.py:836} INFO - DAG(s) dict_keys(['load_dag']) retrieved from /workspaces/hands-on-introduction-data-engineering-4395021/airflow/dags/first_try/load_dag.py
[2025-04-13T10:29:36.418+0000] {logging_mixin.py:150} INFO - [2025-04-13T10:29:36.418+0000] {dag.py:2742} INFO - Sync 1 DAGs
[2025-04-13T10:29:36.431+0000] {logging_mixin.py:150} INFO - [2025-04-13T10:29:36.431+0000] {dag.py:3504} INFO - Setting next_dagrun for load_dag to None, run_after=None
[2025-04-13T10:29:36.444+0000] {processor.py:179} INFO - Processing /workspaces/hands-on-introduction-data-engineering-4395021/airflow/dags/first_try/load_dag.py took 0.052 seconds
[2025-04-13T10:30:06.902+0000] {processor.py:157} INFO - Started process (PID=25792) to work on /workspaces/hands-on-introduction-data-engineering-4395021/airflow/dags/first_try/load_dag.py
[2025-04-13T10:30:06.903+0000] {processor.py:826} INFO - Processing file /workspaces/hands-on-introduction-data-engineering-4395021/airflow/dags/first_try/load_dag.py for tasks to queue
[2025-04-13T10:30:06.904+0000] {logging_mixin.py:150} INFO - [2025-04-13T10:30:06.904+0000] {dagbag.py:541} INFO - Filling up the DagBag from /workspaces/hands-on-introduction-data-engineering-4395021/airflow/dags/first_try/load_dag.py
[2025-04-13T10:30:06.913+0000] {processor.py:836} INFO - DAG(s) dict_keys(['load_dag']) retrieved from /workspaces/hands-on-introduction-data-engineering-4395021/airflow/dags/first_try/load_dag.py
[2025-04-13T10:30:06.931+0000] {logging_mixin.py:150} INFO - [2025-04-13T10:30:06.931+0000] {dag.py:2742} INFO - Sync 1 DAGs
[2025-04-13T10:30:06.944+0000] {logging_mixin.py:150} INFO - [2025-04-13T10:30:06.944+0000] {dag.py:3504} INFO - Setting next_dagrun for load_dag to None, run_after=None
[2025-04-13T10:30:06.957+0000] {processor.py:179} INFO - Processing /workspaces/hands-on-introduction-data-engineering-4395021/airflow/dags/first_try/load_dag.py took 0.058 seconds
[2025-04-13T10:30:37.407+0000] {processor.py:157} INFO - Started process (PID=26106) to work on /workspaces/hands-on-introduction-data-engineering-4395021/airflow/dags/first_try/load_dag.py
[2025-04-13T10:30:37.407+0000] {processor.py:826} INFO - Processing file /workspaces/hands-on-introduction-data-engineering-4395021/airflow/dags/first_try/load_dag.py for tasks to queue
[2025-04-13T10:30:37.408+0000] {logging_mixin.py:150} INFO - [2025-04-13T10:30:37.408+0000] {dagbag.py:541} INFO - Filling up the DagBag from /workspaces/hands-on-introduction-data-engineering-4395021/airflow/dags/first_try/load_dag.py
[2025-04-13T10:30:37.414+0000] {processor.py:836} INFO - DAG(s) dict_keys(['load_dag']) retrieved from /workspaces/hands-on-introduction-data-engineering-4395021/airflow/dags/first_try/load_dag.py
[2025-04-13T10:30:37.430+0000] {logging_mixin.py:150} INFO - [2025-04-13T10:30:37.430+0000] {dag.py:2742} INFO - Sync 1 DAGs
[2025-04-13T10:30:37.443+0000] {logging_mixin.py:150} INFO - [2025-04-13T10:30:37.443+0000] {dag.py:3504} INFO - Setting next_dagrun for load_dag to None, run_after=None
[2025-04-13T10:30:37.456+0000] {processor.py:179} INFO - Processing /workspaces/hands-on-introduction-data-engineering-4395021/airflow/dags/first_try/load_dag.py took 0.051 seconds
[2025-04-13T10:31:09.343+0000] {processor.py:157} INFO - Started process (PID=26325) to work on /workspaces/hands-on-introduction-data-engineering-4395021/airflow/dags/first_try/load_dag.py
[2025-04-13T10:31:09.344+0000] {processor.py:826} INFO - Processing file /workspaces/hands-on-introduction-data-engineering-4395021/airflow/dags/first_try/load_dag.py for tasks to queue
[2025-04-13T10:31:09.344+0000] {logging_mixin.py:150} INFO - [2025-04-13T10:31:09.344+0000] {dagbag.py:541} INFO - Filling up the DagBag from /workspaces/hands-on-introduction-data-engineering-4395021/airflow/dags/first_try/load_dag.py
[2025-04-13T10:31:09.352+0000] {processor.py:836} INFO - DAG(s) dict_keys(['load_dag']) retrieved from /workspaces/hands-on-introduction-data-engineering-4395021/airflow/dags/first_try/load_dag.py
[2025-04-13T10:31:09.368+0000] {logging_mixin.py:150} INFO - [2025-04-13T10:31:09.367+0000] {dag.py:2742} INFO - Sync 1 DAGs
[2025-04-13T10:31:09.380+0000] {logging_mixin.py:150} INFO - [2025-04-13T10:31:09.380+0000] {dag.py:3504} INFO - Setting next_dagrun for load_dag to None, run_after=None
[2025-04-13T10:31:09.394+0000] {processor.py:179} INFO - Processing /workspaces/hands-on-introduction-data-engineering-4395021/airflow/dags/first_try/load_dag.py took 0.053 seconds
[2025-04-13T10:31:40.655+0000] {processor.py:157} INFO - Started process (PID=26545) to work on /workspaces/hands-on-introduction-data-engineering-4395021/airflow/dags/first_try/load_dag.py
[2025-04-13T10:31:40.656+0000] {processor.py:826} INFO - Processing file /workspaces/hands-on-introduction-data-engineering-4395021/airflow/dags/first_try/load_dag.py for tasks to queue
[2025-04-13T10:31:40.657+0000] {logging_mixin.py:150} INFO - [2025-04-13T10:31:40.656+0000] {dagbag.py:541} INFO - Filling up the DagBag from /workspaces/hands-on-introduction-data-engineering-4395021/airflow/dags/first_try/load_dag.py
[2025-04-13T10:31:40.664+0000] {processor.py:836} INFO - DAG(s) dict_keys(['load_dag']) retrieved from /workspaces/hands-on-introduction-data-engineering-4395021/airflow/dags/first_try/load_dag.py
[2025-04-13T10:31:40.680+0000] {logging_mixin.py:150} INFO - [2025-04-13T10:31:40.680+0000] {dag.py:2742} INFO - Sync 1 DAGs
[2025-04-13T10:31:40.695+0000] {logging_mixin.py:150} INFO - [2025-04-13T10:31:40.694+0000] {dag.py:3504} INFO - Setting next_dagrun for load_dag to None, run_after=None
[2025-04-13T10:31:40.712+0000] {processor.py:179} INFO - Processing /workspaces/hands-on-introduction-data-engineering-4395021/airflow/dags/first_try/load_dag.py took 0.059 seconds
[2025-04-13T10:32:11.263+0000] {processor.py:157} INFO - Started process (PID=26757) to work on /workspaces/hands-on-introduction-data-engineering-4395021/airflow/dags/first_try/load_dag.py
[2025-04-13T10:32:11.263+0000] {processor.py:826} INFO - Processing file /workspaces/hands-on-introduction-data-engineering-4395021/airflow/dags/first_try/load_dag.py for tasks to queue
[2025-04-13T10:32:11.264+0000] {logging_mixin.py:150} INFO - [2025-04-13T10:32:11.264+0000] {dagbag.py:541} INFO - Filling up the DagBag from /workspaces/hands-on-introduction-data-engineering-4395021/airflow/dags/first_try/load_dag.py
[2025-04-13T10:32:11.270+0000] {processor.py:836} INFO - DAG(s) dict_keys(['load_dag']) retrieved from /workspaces/hands-on-introduction-data-engineering-4395021/airflow/dags/first_try/load_dag.py
[2025-04-13T10:32:11.287+0000] {logging_mixin.py:150} INFO - [2025-04-13T10:32:11.287+0000] {dag.py:2742} INFO - Sync 1 DAGs
[2025-04-13T10:32:11.299+0000] {logging_mixin.py:150} INFO - [2025-04-13T10:32:11.299+0000] {dag.py:3504} INFO - Setting next_dagrun for load_dag to None, run_after=None
[2025-04-13T10:32:11.313+0000] {processor.py:179} INFO - Processing /workspaces/hands-on-introduction-data-engineering-4395021/airflow/dags/first_try/load_dag.py took 0.053 seconds
[2025-04-13T10:32:41.826+0000] {processor.py:157} INFO - Started process (PID=26971) to work on /workspaces/hands-on-introduction-data-engineering-4395021/airflow/dags/first_try/load_dag.py
[2025-04-13T10:32:41.826+0000] {processor.py:826} INFO - Processing file /workspaces/hands-on-introduction-data-engineering-4395021/airflow/dags/first_try/load_dag.py for tasks to queue
[2025-04-13T10:32:41.827+0000] {logging_mixin.py:150} INFO - [2025-04-13T10:32:41.827+0000] {dagbag.py:541} INFO - Filling up the DagBag from /workspaces/hands-on-introduction-data-engineering-4395021/airflow/dags/first_try/load_dag.py
[2025-04-13T10:32:41.834+0000] {processor.py:836} INFO - DAG(s) dict_keys(['load_dag']) retrieved from /workspaces/hands-on-introduction-data-engineering-4395021/airflow/dags/first_try/load_dag.py
[2025-04-13T10:32:41.849+0000] {logging_mixin.py:150} INFO - [2025-04-13T10:32:41.849+0000] {dag.py:2742} INFO - Sync 1 DAGs
[2025-04-13T10:32:41.863+0000] {logging_mixin.py:150} INFO - [2025-04-13T10:32:41.862+0000] {dag.py:3504} INFO - Setting next_dagrun for load_dag to None, run_after=None
[2025-04-13T10:32:41.875+0000] {processor.py:179} INFO - Processing /workspaces/hands-on-introduction-data-engineering-4395021/airflow/dags/first_try/load_dag.py took 0.052 seconds
[2025-04-13T10:33:12.627+0000] {processor.py:157} INFO - Started process (PID=27184) to work on /workspaces/hands-on-introduction-data-engineering-4395021/airflow/dags/first_try/load_dag.py
[2025-04-13T10:33:12.627+0000] {processor.py:826} INFO - Processing file /workspaces/hands-on-introduction-data-engineering-4395021/airflow/dags/first_try/load_dag.py for tasks to queue
[2025-04-13T10:33:12.628+0000] {logging_mixin.py:150} INFO - [2025-04-13T10:33:12.628+0000] {dagbag.py:541} INFO - Filling up the DagBag from /workspaces/hands-on-introduction-data-engineering-4395021/airflow/dags/first_try/load_dag.py
[2025-04-13T10:33:12.634+0000] {processor.py:836} INFO - DAG(s) dict_keys(['load_dag']) retrieved from /workspaces/hands-on-introduction-data-engineering-4395021/airflow/dags/first_try/load_dag.py
[2025-04-13T10:33:12.651+0000] {logging_mixin.py:150} INFO - [2025-04-13T10:33:12.651+0000] {dag.py:2742} INFO - Sync 1 DAGs
[2025-04-13T10:33:12.664+0000] {logging_mixin.py:150} INFO - [2025-04-13T10:33:12.664+0000] {dag.py:3504} INFO - Setting next_dagrun for load_dag to None, run_after=None
[2025-04-13T10:33:12.676+0000] {processor.py:179} INFO - Processing /workspaces/hands-on-introduction-data-engineering-4395021/airflow/dags/first_try/load_dag.py took 0.052 seconds
[2025-04-13T10:33:43.851+0000] {processor.py:157} INFO - Started process (PID=27390) to work on /workspaces/hands-on-introduction-data-engineering-4395021/airflow/dags/first_try/load_dag.py
[2025-04-13T10:33:43.852+0000] {processor.py:826} INFO - Processing file /workspaces/hands-on-introduction-data-engineering-4395021/airflow/dags/first_try/load_dag.py for tasks to queue
[2025-04-13T10:33:43.853+0000] {logging_mixin.py:150} INFO - [2025-04-13T10:33:43.852+0000] {dagbag.py:541} INFO - Filling up the DagBag from /workspaces/hands-on-introduction-data-engineering-4395021/airflow/dags/first_try/load_dag.py
[2025-04-13T10:33:43.862+0000] {processor.py:836} INFO - DAG(s) dict_keys(['load_dag']) retrieved from /workspaces/hands-on-introduction-data-engineering-4395021/airflow/dags/first_try/load_dag.py
[2025-04-13T10:33:43.900+0000] {logging_mixin.py:150} INFO - [2025-04-13T10:33:43.900+0000] {dag.py:2742} INFO - Sync 1 DAGs
[2025-04-13T10:33:43.913+0000] {logging_mixin.py:150} INFO - [2025-04-13T10:33:43.913+0000] {dag.py:3504} INFO - Setting next_dagrun for load_dag to None, run_after=None
[2025-04-13T10:33:43.926+0000] {processor.py:179} INFO - Processing /workspaces/hands-on-introduction-data-engineering-4395021/airflow/dags/first_try/load_dag.py took 0.078 seconds
[2025-04-13T10:34:14.927+0000] {processor.py:157} INFO - Started process (PID=27601) to work on /workspaces/hands-on-introduction-data-engineering-4395021/airflow/dags/first_try/load_dag.py
[2025-04-13T10:34:14.928+0000] {processor.py:826} INFO - Processing file /workspaces/hands-on-introduction-data-engineering-4395021/airflow/dags/first_try/load_dag.py for tasks to queue
[2025-04-13T10:34:14.929+0000] {logging_mixin.py:150} INFO - [2025-04-13T10:34:14.929+0000] {dagbag.py:541} INFO - Filling up the DagBag from /workspaces/hands-on-introduction-data-engineering-4395021/airflow/dags/first_try/load_dag.py
[2025-04-13T10:34:14.939+0000] {processor.py:836} INFO - DAG(s) dict_keys(['load_dag']) retrieved from /workspaces/hands-on-introduction-data-engineering-4395021/airflow/dags/first_try/load_dag.py
[2025-04-13T10:34:14.985+0000] {logging_mixin.py:150} INFO - [2025-04-13T10:34:14.984+0000] {dag.py:2742} INFO - Sync 1 DAGs
[2025-04-13T10:34:15.036+0000] {logging_mixin.py:150} INFO - [2025-04-13T10:34:15.036+0000] {dag.py:3504} INFO - Setting next_dagrun for load_dag to None, run_after=None
[2025-04-13T10:34:15.085+0000] {processor.py:179} INFO - Processing /workspaces/hands-on-introduction-data-engineering-4395021/airflow/dags/first_try/load_dag.py took 0.163 seconds
[2025-04-13T10:34:45.892+0000] {processor.py:157} INFO - Started process (PID=27813) to work on /workspaces/hands-on-introduction-data-engineering-4395021/airflow/dags/first_try/load_dag.py
[2025-04-13T10:34:45.894+0000] {processor.py:826} INFO - Processing file /workspaces/hands-on-introduction-data-engineering-4395021/airflow/dags/first_try/load_dag.py for tasks to queue
[2025-04-13T10:34:45.897+0000] {logging_mixin.py:150} INFO - [2025-04-13T10:34:45.896+0000] {dagbag.py:541} INFO - Filling up the DagBag from /workspaces/hands-on-introduction-data-engineering-4395021/airflow/dags/first_try/load_dag.py
[2025-04-13T10:34:45.910+0000] {processor.py:836} INFO - DAG(s) dict_keys(['load_dag']) retrieved from /workspaces/hands-on-introduction-data-engineering-4395021/airflow/dags/first_try/load_dag.py
[2025-04-13T10:34:45.937+0000] {logging_mixin.py:150} INFO - [2025-04-13T10:34:45.937+0000] {dag.py:2742} INFO - Sync 1 DAGs
[2025-04-13T10:34:45.959+0000] {logging_mixin.py:150} INFO - [2025-04-13T10:34:45.959+0000] {dag.py:3504} INFO - Setting next_dagrun for load_dag to None, run_after=None
[2025-04-13T10:34:45.977+0000] {processor.py:179} INFO - Processing /workspaces/hands-on-introduction-data-engineering-4395021/airflow/dags/first_try/load_dag.py took 0.088 seconds
[2025-04-13T10:35:17.611+0000] {processor.py:157} INFO - Started process (PID=28063) to work on /workspaces/hands-on-introduction-data-engineering-4395021/airflow/dags/first_try/load_dag.py
[2025-04-13T10:35:17.613+0000] {processor.py:826} INFO - Processing file /workspaces/hands-on-introduction-data-engineering-4395021/airflow/dags/first_try/load_dag.py for tasks to queue
[2025-04-13T10:35:17.614+0000] {logging_mixin.py:150} INFO - [2025-04-13T10:35:17.614+0000] {dagbag.py:541} INFO - Filling up the DagBag from /workspaces/hands-on-introduction-data-engineering-4395021/airflow/dags/first_try/load_dag.py
[2025-04-13T10:35:17.621+0000] {processor.py:836} INFO - DAG(s) dict_keys(['load_dag']) retrieved from /workspaces/hands-on-introduction-data-engineering-4395021/airflow/dags/first_try/load_dag.py
[2025-04-13T10:35:17.637+0000] {logging_mixin.py:150} INFO - [2025-04-13T10:35:17.637+0000] {dag.py:2742} INFO - Sync 1 DAGs
[2025-04-13T10:35:17.650+0000] {logging_mixin.py:150} INFO - [2025-04-13T10:35:17.650+0000] {dag.py:3504} INFO - Setting next_dagrun for load_dag to None, run_after=None
[2025-04-13T10:35:17.663+0000] {processor.py:179} INFO - Processing /workspaces/hands-on-introduction-data-engineering-4395021/airflow/dags/first_try/load_dag.py took 0.055 seconds
[2025-04-13T10:35:48.103+0000] {processor.py:157} INFO - Started process (PID=28320) to work on /workspaces/hands-on-introduction-data-engineering-4395021/airflow/dags/first_try/load_dag.py
[2025-04-13T10:35:48.104+0000] {processor.py:826} INFO - Processing file /workspaces/hands-on-introduction-data-engineering-4395021/airflow/dags/first_try/load_dag.py for tasks to queue
[2025-04-13T10:35:48.105+0000] {logging_mixin.py:150} INFO - [2025-04-13T10:35:48.104+0000] {dagbag.py:541} INFO - Filling up the DagBag from /workspaces/hands-on-introduction-data-engineering-4395021/airflow/dags/first_try/load_dag.py
[2025-04-13T10:35:48.111+0000] {processor.py:836} INFO - DAG(s) dict_keys(['load_dag']) retrieved from /workspaces/hands-on-introduction-data-engineering-4395021/airflow/dags/first_try/load_dag.py
[2025-04-13T10:35:48.128+0000] {logging_mixin.py:150} INFO - [2025-04-13T10:35:48.127+0000] {dag.py:2742} INFO - Sync 1 DAGs
[2025-04-13T10:35:48.141+0000] {logging_mixin.py:150} INFO - [2025-04-13T10:35:48.140+0000] {dag.py:3504} INFO - Setting next_dagrun for load_dag to None, run_after=None
[2025-04-13T10:35:48.154+0000] {processor.py:179} INFO - Processing /workspaces/hands-on-introduction-data-engineering-4395021/airflow/dags/first_try/load_dag.py took 0.053 seconds
[2025-04-13T10:36:18.602+0000] {processor.py:157} INFO - Started process (PID=28544) to work on /workspaces/hands-on-introduction-data-engineering-4395021/airflow/dags/first_try/load_dag.py
[2025-04-13T10:36:18.603+0000] {processor.py:826} INFO - Processing file /workspaces/hands-on-introduction-data-engineering-4395021/airflow/dags/first_try/load_dag.py for tasks to queue
[2025-04-13T10:36:18.604+0000] {logging_mixin.py:150} INFO - [2025-04-13T10:36:18.603+0000] {dagbag.py:541} INFO - Filling up the DagBag from /workspaces/hands-on-introduction-data-engineering-4395021/airflow/dags/first_try/load_dag.py
[2025-04-13T10:36:18.612+0000] {processor.py:836} INFO - DAG(s) dict_keys(['load_dag']) retrieved from /workspaces/hands-on-introduction-data-engineering-4395021/airflow/dags/first_try/load_dag.py
[2025-04-13T10:36:18.635+0000] {logging_mixin.py:150} INFO - [2025-04-13T10:36:18.635+0000] {dag.py:2742} INFO - Sync 1 DAGs
[2025-04-13T10:36:18.653+0000] {logging_mixin.py:150} INFO - [2025-04-13T10:36:18.653+0000] {dag.py:3504} INFO - Setting next_dagrun for load_dag to None, run_after=None
[2025-04-13T10:36:18.666+0000] {processor.py:179} INFO - Processing /workspaces/hands-on-introduction-data-engineering-4395021/airflow/dags/first_try/load_dag.py took 0.066 seconds
[2025-04-13T10:36:48.993+0000] {processor.py:157} INFO - Started process (PID=28753) to work on /workspaces/hands-on-introduction-data-engineering-4395021/airflow/dags/first_try/load_dag.py
[2025-04-13T10:36:48.994+0000] {processor.py:826} INFO - Processing file /workspaces/hands-on-introduction-data-engineering-4395021/airflow/dags/first_try/load_dag.py for tasks to queue
[2025-04-13T10:36:48.995+0000] {logging_mixin.py:150} INFO - [2025-04-13T10:36:48.994+0000] {dagbag.py:541} INFO - Filling up the DagBag from /workspaces/hands-on-introduction-data-engineering-4395021/airflow/dags/first_try/load_dag.py
[2025-04-13T10:36:49.001+0000] {processor.py:836} INFO - DAG(s) dict_keys(['load_dag']) retrieved from /workspaces/hands-on-introduction-data-engineering-4395021/airflow/dags/first_try/load_dag.py
[2025-04-13T10:36:49.017+0000] {logging_mixin.py:150} INFO - [2025-04-13T10:36:49.017+0000] {dag.py:2742} INFO - Sync 1 DAGs
[2025-04-13T10:36:49.030+0000] {logging_mixin.py:150} INFO - [2025-04-13T10:36:49.030+0000] {dag.py:3504} INFO - Setting next_dagrun for load_dag to None, run_after=None
[2025-04-13T10:36:49.043+0000] {processor.py:179} INFO - Processing /workspaces/hands-on-introduction-data-engineering-4395021/airflow/dags/first_try/load_dag.py took 0.052 seconds
[2025-04-13T10:37:20.835+0000] {processor.py:157} INFO - Started process (PID=28986) to work on /workspaces/hands-on-introduction-data-engineering-4395021/airflow/dags/first_try/load_dag.py
[2025-04-13T10:37:20.836+0000] {processor.py:826} INFO - Processing file /workspaces/hands-on-introduction-data-engineering-4395021/airflow/dags/first_try/load_dag.py for tasks to queue
[2025-04-13T10:37:20.836+0000] {logging_mixin.py:150} INFO - [2025-04-13T10:37:20.836+0000] {dagbag.py:541} INFO - Filling up the DagBag from /workspaces/hands-on-introduction-data-engineering-4395021/airflow/dags/first_try/load_dag.py
[2025-04-13T10:37:20.843+0000] {processor.py:836} INFO - DAG(s) dict_keys(['load_dag']) retrieved from /workspaces/hands-on-introduction-data-engineering-4395021/airflow/dags/first_try/load_dag.py
[2025-04-13T10:37:20.859+0000] {logging_mixin.py:150} INFO - [2025-04-13T10:37:20.858+0000] {dag.py:2742} INFO - Sync 1 DAGs
[2025-04-13T10:37:20.872+0000] {logging_mixin.py:150} INFO - [2025-04-13T10:37:20.872+0000] {dag.py:3504} INFO - Setting next_dagrun for load_dag to None, run_after=None
[2025-04-13T10:37:20.885+0000] {processor.py:179} INFO - Processing /workspaces/hands-on-introduction-data-engineering-4395021/airflow/dags/first_try/load_dag.py took 0.052 seconds
[2025-04-13T10:37:51.455+0000] {processor.py:157} INFO - Started process (PID=29199) to work on /workspaces/hands-on-introduction-data-engineering-4395021/airflow/dags/first_try/load_dag.py
[2025-04-13T10:37:51.456+0000] {processor.py:826} INFO - Processing file /workspaces/hands-on-introduction-data-engineering-4395021/airflow/dags/first_try/load_dag.py for tasks to queue
[2025-04-13T10:37:51.457+0000] {logging_mixin.py:150} INFO - [2025-04-13T10:37:51.457+0000] {dagbag.py:541} INFO - Filling up the DagBag from /workspaces/hands-on-introduction-data-engineering-4395021/airflow/dags/first_try/load_dag.py
[2025-04-13T10:37:51.466+0000] {processor.py:836} INFO - DAG(s) dict_keys(['load_dag']) retrieved from /workspaces/hands-on-introduction-data-engineering-4395021/airflow/dags/first_try/load_dag.py
[2025-04-13T10:37:51.489+0000] {logging_mixin.py:150} INFO - [2025-04-13T10:37:51.489+0000] {dag.py:2742} INFO - Sync 1 DAGs
[2025-04-13T10:37:51.506+0000] {logging_mixin.py:150} INFO - [2025-04-13T10:37:51.506+0000] {dag.py:3504} INFO - Setting next_dagrun for load_dag to None, run_after=None
[2025-04-13T10:37:51.536+0000] {processor.py:179} INFO - Processing /workspaces/hands-on-introduction-data-engineering-4395021/airflow/dags/first_try/load_dag.py took 0.084 seconds
[2025-04-13T10:38:21.614+0000] {processor.py:157} INFO - Started process (PID=29382) to work on /workspaces/hands-on-introduction-data-engineering-4395021/airflow/dags/first_try/load_dag.py
[2025-04-13T10:38:21.615+0000] {processor.py:826} INFO - Processing file /workspaces/hands-on-introduction-data-engineering-4395021/airflow/dags/first_try/load_dag.py for tasks to queue
[2025-04-13T10:38:21.615+0000] {logging_mixin.py:150} INFO - [2025-04-13T10:38:21.615+0000] {dagbag.py:541} INFO - Filling up the DagBag from /workspaces/hands-on-introduction-data-engineering-4395021/airflow/dags/first_try/load_dag.py
[2025-04-13T10:38:21.622+0000] {processor.py:836} INFO - DAG(s) dict_keys(['load_dag']) retrieved from /workspaces/hands-on-introduction-data-engineering-4395021/airflow/dags/first_try/load_dag.py
[2025-04-13T10:38:21.637+0000] {logging_mixin.py:150} INFO - [2025-04-13T10:38:21.637+0000] {dag.py:2742} INFO - Sync 1 DAGs
[2025-04-13T10:38:21.650+0000] {logging_mixin.py:150} INFO - [2025-04-13T10:38:21.650+0000] {dag.py:3504} INFO - Setting next_dagrun for load_dag to None, run_after=None
[2025-04-13T10:38:21.663+0000] {processor.py:179} INFO - Processing /workspaces/hands-on-introduction-data-engineering-4395021/airflow/dags/first_try/load_dag.py took 0.051 seconds
[2025-04-13T10:38:52.936+0000] {processor.py:157} INFO - Started process (PID=29588) to work on /workspaces/hands-on-introduction-data-engineering-4395021/airflow/dags/first_try/load_dag.py
[2025-04-13T10:38:52.936+0000] {processor.py:826} INFO - Processing file /workspaces/hands-on-introduction-data-engineering-4395021/airflow/dags/first_try/load_dag.py for tasks to queue
[2025-04-13T10:38:52.937+0000] {logging_mixin.py:150} INFO - [2025-04-13T10:38:52.937+0000] {dagbag.py:541} INFO - Filling up the DagBag from /workspaces/hands-on-introduction-data-engineering-4395021/airflow/dags/first_try/load_dag.py
[2025-04-13T10:38:52.947+0000] {processor.py:836} INFO - DAG(s) dict_keys(['load_dag']) retrieved from /workspaces/hands-on-introduction-data-engineering-4395021/airflow/dags/first_try/load_dag.py
[2025-04-13T10:38:52.981+0000] {logging_mixin.py:150} INFO - [2025-04-13T10:38:52.981+0000] {dag.py:2742} INFO - Sync 1 DAGs
[2025-04-13T10:38:53.003+0000] {logging_mixin.py:150} INFO - [2025-04-13T10:38:53.002+0000] {dag.py:3504} INFO - Setting next_dagrun for load_dag to None, run_after=None
[2025-04-13T10:38:53.024+0000] {processor.py:179} INFO - Processing /workspaces/hands-on-introduction-data-engineering-4395021/airflow/dags/first_try/load_dag.py took 0.091 seconds
[2025-04-13T10:39:23.554+0000] {processor.py:157} INFO - Started process (PID=29808) to work on /workspaces/hands-on-introduction-data-engineering-4395021/airflow/dags/first_try/load_dag.py
[2025-04-13T10:39:23.555+0000] {processor.py:826} INFO - Processing file /workspaces/hands-on-introduction-data-engineering-4395021/airflow/dags/first_try/load_dag.py for tasks to queue
[2025-04-13T10:39:23.556+0000] {logging_mixin.py:150} INFO - [2025-04-13T10:39:23.556+0000] {dagbag.py:541} INFO - Filling up the DagBag from /workspaces/hands-on-introduction-data-engineering-4395021/airflow/dags/first_try/load_dag.py
[2025-04-13T10:39:23.570+0000] {processor.py:836} INFO - DAG(s) dict_keys(['load_dag']) retrieved from /workspaces/hands-on-introduction-data-engineering-4395021/airflow/dags/first_try/load_dag.py
[2025-04-13T10:39:23.593+0000] {logging_mixin.py:150} INFO - [2025-04-13T10:39:23.592+0000] {dag.py:2742} INFO - Sync 1 DAGs
[2025-04-13T10:39:23.622+0000] {logging_mixin.py:150} INFO - [2025-04-13T10:39:23.622+0000] {dag.py:3504} INFO - Setting next_dagrun for load_dag to None, run_after=None
[2025-04-13T10:39:23.655+0000] {processor.py:179} INFO - Processing /workspaces/hands-on-introduction-data-engineering-4395021/airflow/dags/first_try/load_dag.py took 0.104 seconds
[2025-04-13T10:39:54.136+0000] {processor.py:157} INFO - Started process (PID=30005) to work on /workspaces/hands-on-introduction-data-engineering-4395021/airflow/dags/first_try/load_dag.py
[2025-04-13T10:39:54.136+0000] {processor.py:826} INFO - Processing file /workspaces/hands-on-introduction-data-engineering-4395021/airflow/dags/first_try/load_dag.py for tasks to queue
[2025-04-13T10:39:54.137+0000] {logging_mixin.py:150} INFO - [2025-04-13T10:39:54.137+0000] {dagbag.py:541} INFO - Filling up the DagBag from /workspaces/hands-on-introduction-data-engineering-4395021/airflow/dags/first_try/load_dag.py
[2025-04-13T10:39:54.144+0000] {processor.py:836} INFO - DAG(s) dict_keys(['load_dag']) retrieved from /workspaces/hands-on-introduction-data-engineering-4395021/airflow/dags/first_try/load_dag.py
[2025-04-13T10:39:54.160+0000] {logging_mixin.py:150} INFO - [2025-04-13T10:39:54.160+0000] {dag.py:2742} INFO - Sync 1 DAGs
[2025-04-13T10:39:54.180+0000] {logging_mixin.py:150} INFO - [2025-04-13T10:39:54.180+0000] {dag.py:3504} INFO - Setting next_dagrun for load_dag to None, run_after=None
[2025-04-13T10:39:54.196+0000] {processor.py:179} INFO - Processing /workspaces/hands-on-introduction-data-engineering-4395021/airflow/dags/first_try/load_dag.py took 0.062 seconds
[2025-04-13T10:40:24.658+0000] {processor.py:157} INFO - Started process (PID=30187) to work on /workspaces/hands-on-introduction-data-engineering-4395021/airflow/dags/first_try/load_dag.py
[2025-04-13T10:40:24.658+0000] {processor.py:826} INFO - Processing file /workspaces/hands-on-introduction-data-engineering-4395021/airflow/dags/first_try/load_dag.py for tasks to queue
[2025-04-13T10:40:24.659+0000] {logging_mixin.py:150} INFO - [2025-04-13T10:40:24.659+0000] {dagbag.py:541} INFO - Filling up the DagBag from /workspaces/hands-on-introduction-data-engineering-4395021/airflow/dags/first_try/load_dag.py
[2025-04-13T10:40:24.666+0000] {processor.py:836} INFO - DAG(s) dict_keys(['load_dag']) retrieved from /workspaces/hands-on-introduction-data-engineering-4395021/airflow/dags/first_try/load_dag.py
[2025-04-13T10:40:24.682+0000] {logging_mixin.py:150} INFO - [2025-04-13T10:40:24.681+0000] {dag.py:2742} INFO - Sync 1 DAGs
[2025-04-13T10:40:24.695+0000] {logging_mixin.py:150} INFO - [2025-04-13T10:40:24.695+0000] {dag.py:3504} INFO - Setting next_dagrun for load_dag to None, run_after=None
[2025-04-13T10:40:24.708+0000] {processor.py:179} INFO - Processing /workspaces/hands-on-introduction-data-engineering-4395021/airflow/dags/first_try/load_dag.py took 0.052 seconds
[2025-04-13T10:40:55.151+0000] {processor.py:157} INFO - Started process (PID=30376) to work on /workspaces/hands-on-introduction-data-engineering-4395021/airflow/dags/first_try/load_dag.py
[2025-04-13T10:40:55.152+0000] {processor.py:826} INFO - Processing file /workspaces/hands-on-introduction-data-engineering-4395021/airflow/dags/first_try/load_dag.py for tasks to queue
[2025-04-13T10:40:55.153+0000] {logging_mixin.py:150} INFO - [2025-04-13T10:40:55.152+0000] {dagbag.py:541} INFO - Filling up the DagBag from /workspaces/hands-on-introduction-data-engineering-4395021/airflow/dags/first_try/load_dag.py
[2025-04-13T10:40:55.159+0000] {processor.py:836} INFO - DAG(s) dict_keys(['load_dag']) retrieved from /workspaces/hands-on-introduction-data-engineering-4395021/airflow/dags/first_try/load_dag.py
[2025-04-13T10:40:55.175+0000] {logging_mixin.py:150} INFO - [2025-04-13T10:40:55.175+0000] {dag.py:2742} INFO - Sync 1 DAGs
[2025-04-13T10:40:55.188+0000] {logging_mixin.py:150} INFO - [2025-04-13T10:40:55.188+0000] {dag.py:3504} INFO - Setting next_dagrun for load_dag to None, run_after=None
[2025-04-13T10:40:55.201+0000] {processor.py:179} INFO - Processing /workspaces/hands-on-introduction-data-engineering-4395021/airflow/dags/first_try/load_dag.py took 0.051 seconds
[2025-04-13T10:41:25.645+0000] {processor.py:157} INFO - Started process (PID=30557) to work on /workspaces/hands-on-introduction-data-engineering-4395021/airflow/dags/first_try/load_dag.py
[2025-04-13T10:41:25.646+0000] {processor.py:826} INFO - Processing file /workspaces/hands-on-introduction-data-engineering-4395021/airflow/dags/first_try/load_dag.py for tasks to queue
[2025-04-13T10:41:25.646+0000] {logging_mixin.py:150} INFO - [2025-04-13T10:41:25.646+0000] {dagbag.py:541} INFO - Filling up the DagBag from /workspaces/hands-on-introduction-data-engineering-4395021/airflow/dags/first_try/load_dag.py
[2025-04-13T10:41:25.653+0000] {processor.py:836} INFO - DAG(s) dict_keys(['load_dag']) retrieved from /workspaces/hands-on-introduction-data-engineering-4395021/airflow/dags/first_try/load_dag.py
[2025-04-13T10:41:25.669+0000] {logging_mixin.py:150} INFO - [2025-04-13T10:41:25.669+0000] {dag.py:2742} INFO - Sync 1 DAGs
[2025-04-13T10:41:25.681+0000] {logging_mixin.py:150} INFO - [2025-04-13T10:41:25.681+0000] {dag.py:3504} INFO - Setting next_dagrun for load_dag to None, run_after=None
[2025-04-13T10:41:25.694+0000] {processor.py:179} INFO - Processing /workspaces/hands-on-introduction-data-engineering-4395021/airflow/dags/first_try/load_dag.py took 0.051 seconds
[2025-04-13T10:41:56.141+0000] {processor.py:157} INFO - Started process (PID=30746) to work on /workspaces/hands-on-introduction-data-engineering-4395021/airflow/dags/first_try/load_dag.py
[2025-04-13T10:41:56.142+0000] {processor.py:826} INFO - Processing file /workspaces/hands-on-introduction-data-engineering-4395021/airflow/dags/first_try/load_dag.py for tasks to queue
[2025-04-13T10:41:56.143+0000] {logging_mixin.py:150} INFO - [2025-04-13T10:41:56.142+0000] {dagbag.py:541} INFO - Filling up the DagBag from /workspaces/hands-on-introduction-data-engineering-4395021/airflow/dags/first_try/load_dag.py
[2025-04-13T10:41:56.149+0000] {processor.py:836} INFO - DAG(s) dict_keys(['load_dag']) retrieved from /workspaces/hands-on-introduction-data-engineering-4395021/airflow/dags/first_try/load_dag.py
[2025-04-13T10:41:56.166+0000] {logging_mixin.py:150} INFO - [2025-04-13T10:41:56.166+0000] {dag.py:2742} INFO - Sync 1 DAGs
[2025-04-13T10:41:56.179+0000] {logging_mixin.py:150} INFO - [2025-04-13T10:41:56.179+0000] {dag.py:3504} INFO - Setting next_dagrun for load_dag to None, run_after=None
[2025-04-13T10:41:56.192+0000] {processor.py:179} INFO - Processing /workspaces/hands-on-introduction-data-engineering-4395021/airflow/dags/first_try/load_dag.py took 0.053 seconds
[2025-04-13T10:42:29.406+0000] {processor.py:157} INFO - Started process (PID=30967) to work on /workspaces/hands-on-introduction-data-engineering-4395021/airflow/dags/first_try/load_dag.py
[2025-04-13T10:42:29.407+0000] {processor.py:826} INFO - Processing file /workspaces/hands-on-introduction-data-engineering-4395021/airflow/dags/first_try/load_dag.py for tasks to queue
[2025-04-13T10:42:29.408+0000] {logging_mixin.py:150} INFO - [2025-04-13T10:42:29.407+0000] {dagbag.py:541} INFO - Filling up the DagBag from /workspaces/hands-on-introduction-data-engineering-4395021/airflow/dags/first_try/load_dag.py
[2025-04-13T10:42:29.414+0000] {processor.py:836} INFO - DAG(s) dict_keys(['load_dag']) retrieved from /workspaces/hands-on-introduction-data-engineering-4395021/airflow/dags/first_try/load_dag.py
[2025-04-13T10:42:29.430+0000] {logging_mixin.py:150} INFO - [2025-04-13T10:42:29.430+0000] {dag.py:2742} INFO - Sync 1 DAGs
[2025-04-13T10:42:29.443+0000] {logging_mixin.py:150} INFO - [2025-04-13T10:42:29.443+0000] {dag.py:3504} INFO - Setting next_dagrun for load_dag to None, run_after=None
[2025-04-13T10:42:29.456+0000] {processor.py:179} INFO - Processing /workspaces/hands-on-introduction-data-engineering-4395021/airflow/dags/first_try/load_dag.py took 0.051 seconds
[2025-04-13T10:43:00.101+0000] {processor.py:157} INFO - Started process (PID=31156) to work on /workspaces/hands-on-introduction-data-engineering-4395021/airflow/dags/first_try/load_dag.py
[2025-04-13T10:43:00.102+0000] {processor.py:826} INFO - Processing file /workspaces/hands-on-introduction-data-engineering-4395021/airflow/dags/first_try/load_dag.py for tasks to queue
[2025-04-13T10:43:00.103+0000] {logging_mixin.py:150} INFO - [2025-04-13T10:43:00.102+0000] {dagbag.py:541} INFO - Filling up the DagBag from /workspaces/hands-on-introduction-data-engineering-4395021/airflow/dags/first_try/load_dag.py
[2025-04-13T10:43:00.109+0000] {processor.py:836} INFO - DAG(s) dict_keys(['load_dag']) retrieved from /workspaces/hands-on-introduction-data-engineering-4395021/airflow/dags/first_try/load_dag.py
[2025-04-13T10:43:00.125+0000] {logging_mixin.py:150} INFO - [2025-04-13T10:43:00.125+0000] {dag.py:2742} INFO - Sync 1 DAGs
[2025-04-13T10:43:00.137+0000] {logging_mixin.py:150} INFO - [2025-04-13T10:43:00.137+0000] {dag.py:3504} INFO - Setting next_dagrun for load_dag to None, run_after=None
[2025-04-13T10:43:00.150+0000] {processor.py:179} INFO - Processing /workspaces/hands-on-introduction-data-engineering-4395021/airflow/dags/first_try/load_dag.py took 0.051 seconds
[2025-04-13T10:43:31.937+0000] {processor.py:157} INFO - Started process (PID=31361) to work on /workspaces/hands-on-introduction-data-engineering-4395021/airflow/dags/first_try/load_dag.py
[2025-04-13T10:43:31.938+0000] {processor.py:826} INFO - Processing file /workspaces/hands-on-introduction-data-engineering-4395021/airflow/dags/first_try/load_dag.py for tasks to queue
[2025-04-13T10:43:31.938+0000] {logging_mixin.py:150} INFO - [2025-04-13T10:43:31.938+0000] {dagbag.py:541} INFO - Filling up the DagBag from /workspaces/hands-on-introduction-data-engineering-4395021/airflow/dags/first_try/load_dag.py
[2025-04-13T10:43:31.945+0000] {processor.py:836} INFO - DAG(s) dict_keys(['load_dag']) retrieved from /workspaces/hands-on-introduction-data-engineering-4395021/airflow/dags/first_try/load_dag.py
[2025-04-13T10:43:31.961+0000] {logging_mixin.py:150} INFO - [2025-04-13T10:43:31.961+0000] {dag.py:2742} INFO - Sync 1 DAGs
[2025-04-13T10:43:31.974+0000] {logging_mixin.py:150} INFO - [2025-04-13T10:43:31.973+0000] {dag.py:3504} INFO - Setting next_dagrun for load_dag to None, run_after=None
[2025-04-13T10:43:31.987+0000] {processor.py:179} INFO - Processing /workspaces/hands-on-introduction-data-engineering-4395021/airflow/dags/first_try/load_dag.py took 0.052 seconds
[2025-04-13T10:44:03.253+0000] {processor.py:157} INFO - Started process (PID=31574) to work on /workspaces/hands-on-introduction-data-engineering-4395021/airflow/dags/first_try/load_dag.py
[2025-04-13T10:44:03.254+0000] {processor.py:826} INFO - Processing file /workspaces/hands-on-introduction-data-engineering-4395021/airflow/dags/first_try/load_dag.py for tasks to queue
[2025-04-13T10:44:03.254+0000] {logging_mixin.py:150} INFO - [2025-04-13T10:44:03.254+0000] {dagbag.py:541} INFO - Filling up the DagBag from /workspaces/hands-on-introduction-data-engineering-4395021/airflow/dags/first_try/load_dag.py
[2025-04-13T10:44:03.261+0000] {processor.py:836} INFO - DAG(s) dict_keys(['load_dag']) retrieved from /workspaces/hands-on-introduction-data-engineering-4395021/airflow/dags/first_try/load_dag.py
[2025-04-13T10:44:03.277+0000] {logging_mixin.py:150} INFO - [2025-04-13T10:44:03.277+0000] {dag.py:2742} INFO - Sync 1 DAGs
[2025-04-13T10:44:03.290+0000] {logging_mixin.py:150} INFO - [2025-04-13T10:44:03.290+0000] {dag.py:3504} INFO - Setting next_dagrun for load_dag to None, run_after=None
[2025-04-13T10:44:03.304+0000] {processor.py:179} INFO - Processing /workspaces/hands-on-introduction-data-engineering-4395021/airflow/dags/first_try/load_dag.py took 0.053 seconds
[2025-04-13T10:44:34.842+0000] {processor.py:157} INFO - Started process (PID=31858) to work on /workspaces/hands-on-introduction-data-engineering-4395021/airflow/dags/first_try/load_dag.py
[2025-04-13T10:44:34.843+0000] {processor.py:826} INFO - Processing file /workspaces/hands-on-introduction-data-engineering-4395021/airflow/dags/first_try/load_dag.py for tasks to queue
[2025-04-13T10:44:34.844+0000] {logging_mixin.py:150} INFO - [2025-04-13T10:44:34.843+0000] {dagbag.py:541} INFO - Filling up the DagBag from /workspaces/hands-on-introduction-data-engineering-4395021/airflow/dags/first_try/load_dag.py
[2025-04-13T10:44:34.850+0000] {processor.py:836} INFO - DAG(s) dict_keys(['load_dag']) retrieved from /workspaces/hands-on-introduction-data-engineering-4395021/airflow/dags/first_try/load_dag.py
[2025-04-13T10:44:34.866+0000] {logging_mixin.py:150} INFO - [2025-04-13T10:44:34.866+0000] {dag.py:2742} INFO - Sync 1 DAGs
[2025-04-13T10:44:34.879+0000] {logging_mixin.py:150} INFO - [2025-04-13T10:44:34.879+0000] {dag.py:3504} INFO - Setting next_dagrun for load_dag to None, run_after=None
[2025-04-13T10:44:34.892+0000] {processor.py:179} INFO - Processing /workspaces/hands-on-introduction-data-engineering-4395021/airflow/dags/first_try/load_dag.py took 0.052 seconds
[2025-04-13T10:45:05.237+0000] {processor.py:157} INFO - Started process (PID=32162) to work on /workspaces/hands-on-introduction-data-engineering-4395021/airflow/dags/first_try/load_dag.py
[2025-04-13T10:45:05.238+0000] {processor.py:826} INFO - Processing file /workspaces/hands-on-introduction-data-engineering-4395021/airflow/dags/first_try/load_dag.py for tasks to queue
[2025-04-13T10:45:05.239+0000] {logging_mixin.py:150} INFO - [2025-04-13T10:45:05.238+0000] {dagbag.py:541} INFO - Filling up the DagBag from /workspaces/hands-on-introduction-data-engineering-4395021/airflow/dags/first_try/load_dag.py
[2025-04-13T10:45:05.245+0000] {processor.py:836} INFO - DAG(s) dict_keys(['load_dag']) retrieved from /workspaces/hands-on-introduction-data-engineering-4395021/airflow/dags/first_try/load_dag.py
[2025-04-13T10:45:05.263+0000] {logging_mixin.py:150} INFO - [2025-04-13T10:45:05.263+0000] {dag.py:2742} INFO - Sync 1 DAGs
[2025-04-13T10:45:05.276+0000] {logging_mixin.py:150} INFO - [2025-04-13T10:45:05.276+0000] {dag.py:3504} INFO - Setting next_dagrun for load_dag to None, run_after=None
[2025-04-13T10:45:05.289+0000] {processor.py:179} INFO - Processing /workspaces/hands-on-introduction-data-engineering-4395021/airflow/dags/first_try/load_dag.py took 0.054 seconds
