[2025-04-13T09:40:22.670+0000] {processor.py:157} INFO - Started process (PID=5859) to work on /workspaces/hands-on-introduction-data-engineering-4395021/airflow/dags/first_try/transform_dag.py
[2025-04-13T09:40:22.671+0000] {processor.py:826} INFO - Processing file /workspaces/hands-on-introduction-data-engineering-4395021/airflow/dags/first_try/transform_dag.py for tasks to queue
[2025-04-13T09:40:22.671+0000] {logging_mixin.py:150} INFO - [2025-04-13T09:40:22.671+0000] {dagbag.py:541} INFO - Filling up the DagBag from /workspaces/hands-on-introduction-data-engineering-4395021/airflow/dags/first_try/transform_dag.py
[2025-04-13T09:40:22.897+0000] {processor.py:836} INFO - DAG(s) dict_keys(['transform_dag']) retrieved from /workspaces/hands-on-introduction-data-engineering-4395021/airflow/dags/first_try/transform_dag.py
[2025-04-13T09:40:22.913+0000] {logging_mixin.py:150} INFO - [2025-04-13T09:40:22.912+0000] {dag.py:2742} INFO - Sync 1 DAGs
[2025-04-13T09:40:22.925+0000] {logging_mixin.py:150} INFO - [2025-04-13T09:40:22.925+0000] {dag.py:3504} INFO - Setting next_dagrun for transform_dag to None, run_after=None
[2025-04-13T09:40:22.938+0000] {processor.py:179} INFO - Processing /workspaces/hands-on-introduction-data-engineering-4395021/airflow/dags/first_try/transform_dag.py took 0.270 seconds
[2025-04-13T09:40:53.852+0000] {processor.py:157} INFO - Started process (PID=6112) to work on /workspaces/hands-on-introduction-data-engineering-4395021/airflow/dags/first_try/transform_dag.py
[2025-04-13T09:40:53.852+0000] {processor.py:826} INFO - Processing file /workspaces/hands-on-introduction-data-engineering-4395021/airflow/dags/first_try/transform_dag.py for tasks to queue
[2025-04-13T09:40:53.853+0000] {logging_mixin.py:150} INFO - [2025-04-13T09:40:53.853+0000] {dagbag.py:541} INFO - Filling up the DagBag from /workspaces/hands-on-introduction-data-engineering-4395021/airflow/dags/first_try/transform_dag.py
[2025-04-13T09:40:54.073+0000] {processor.py:836} INFO - DAG(s) dict_keys(['transform_dag']) retrieved from /workspaces/hands-on-introduction-data-engineering-4395021/airflow/dags/first_try/transform_dag.py
[2025-04-13T09:40:54.088+0000] {logging_mixin.py:150} INFO - [2025-04-13T09:40:54.087+0000] {dag.py:2742} INFO - Sync 1 DAGs
[2025-04-13T09:40:54.100+0000] {logging_mixin.py:150} INFO - [2025-04-13T09:40:54.100+0000] {dag.py:3504} INFO - Setting next_dagrun for transform_dag to None, run_after=None
[2025-04-13T09:40:54.116+0000] {processor.py:179} INFO - Processing /workspaces/hands-on-introduction-data-engineering-4395021/airflow/dags/first_try/transform_dag.py took 0.266 seconds
[2025-04-13T09:41:24.918+0000] {processor.py:157} INFO - Started process (PID=6311) to work on /workspaces/hands-on-introduction-data-engineering-4395021/airflow/dags/first_try/transform_dag.py
[2025-04-13T09:41:24.918+0000] {processor.py:826} INFO - Processing file /workspaces/hands-on-introduction-data-engineering-4395021/airflow/dags/first_try/transform_dag.py for tasks to queue
[2025-04-13T09:41:24.919+0000] {logging_mixin.py:150} INFO - [2025-04-13T09:41:24.919+0000] {dagbag.py:541} INFO - Filling up the DagBag from /workspaces/hands-on-introduction-data-engineering-4395021/airflow/dags/first_try/transform_dag.py
[2025-04-13T09:41:25.142+0000] {processor.py:836} INFO - DAG(s) dict_keys(['transform_dag']) retrieved from /workspaces/hands-on-introduction-data-engineering-4395021/airflow/dags/first_try/transform_dag.py
[2025-04-13T09:41:25.155+0000] {logging_mixin.py:150} INFO - [2025-04-13T09:41:25.155+0000] {dag.py:2742} INFO - Sync 1 DAGs
[2025-04-13T09:41:25.168+0000] {logging_mixin.py:150} INFO - [2025-04-13T09:41:25.168+0000] {dag.py:3504} INFO - Setting next_dagrun for transform_dag to None, run_after=None
[2025-04-13T09:41:25.181+0000] {processor.py:179} INFO - Processing /workspaces/hands-on-introduction-data-engineering-4395021/airflow/dags/first_try/transform_dag.py took 0.265 seconds
[2025-04-13T09:41:55.728+0000] {processor.py:157} INFO - Started process (PID=6496) to work on /workspaces/hands-on-introduction-data-engineering-4395021/airflow/dags/first_try/transform_dag.py
[2025-04-13T09:41:55.728+0000] {processor.py:826} INFO - Processing file /workspaces/hands-on-introduction-data-engineering-4395021/airflow/dags/first_try/transform_dag.py for tasks to queue
[2025-04-13T09:41:55.729+0000] {logging_mixin.py:150} INFO - [2025-04-13T09:41:55.729+0000] {dagbag.py:541} INFO - Filling up the DagBag from /workspaces/hands-on-introduction-data-engineering-4395021/airflow/dags/first_try/transform_dag.py
[2025-04-13T09:41:55.972+0000] {processor.py:836} INFO - DAG(s) dict_keys(['transform_dag']) retrieved from /workspaces/hands-on-introduction-data-engineering-4395021/airflow/dags/first_try/transform_dag.py
[2025-04-13T09:41:55.986+0000] {logging_mixin.py:150} INFO - [2025-04-13T09:41:55.986+0000] {dag.py:2742} INFO - Sync 1 DAGs
[2025-04-13T09:41:55.999+0000] {logging_mixin.py:150} INFO - [2025-04-13T09:41:55.999+0000] {dag.py:3504} INFO - Setting next_dagrun for transform_dag to None, run_after=None
[2025-04-13T09:41:56.013+0000] {processor.py:179} INFO - Processing /workspaces/hands-on-introduction-data-engineering-4395021/airflow/dags/first_try/transform_dag.py took 0.287 seconds
[2025-04-13T09:42:26.218+0000] {processor.py:157} INFO - Started process (PID=6681) to work on /workspaces/hands-on-introduction-data-engineering-4395021/airflow/dags/first_try/transform_dag.py
[2025-04-13T09:42:26.219+0000] {processor.py:826} INFO - Processing file /workspaces/hands-on-introduction-data-engineering-4395021/airflow/dags/first_try/transform_dag.py for tasks to queue
[2025-04-13T09:42:26.220+0000] {logging_mixin.py:150} INFO - [2025-04-13T09:42:26.220+0000] {dagbag.py:541} INFO - Filling up the DagBag from /workspaces/hands-on-introduction-data-engineering-4395021/airflow/dags/first_try/transform_dag.py
[2025-04-13T09:42:26.463+0000] {processor.py:836} INFO - DAG(s) dict_keys(['transform_dag']) retrieved from /workspaces/hands-on-introduction-data-engineering-4395021/airflow/dags/first_try/transform_dag.py
[2025-04-13T09:42:26.476+0000] {logging_mixin.py:150} INFO - [2025-04-13T09:42:26.476+0000] {dag.py:2742} INFO - Sync 1 DAGs
[2025-04-13T09:42:26.490+0000] {logging_mixin.py:150} INFO - [2025-04-13T09:42:26.490+0000] {dag.py:3504} INFO - Setting next_dagrun for transform_dag to None, run_after=None
[2025-04-13T09:42:26.504+0000] {processor.py:179} INFO - Processing /workspaces/hands-on-introduction-data-engineering-4395021/airflow/dags/first_try/transform_dag.py took 0.287 seconds
[2025-04-13T09:42:56.778+0000] {processor.py:157} INFO - Started process (PID=6894) to work on /workspaces/hands-on-introduction-data-engineering-4395021/airflow/dags/first_try/transform_dag.py
[2025-04-13T09:42:56.778+0000] {processor.py:826} INFO - Processing file /workspaces/hands-on-introduction-data-engineering-4395021/airflow/dags/first_try/transform_dag.py for tasks to queue
[2025-04-13T09:42:56.779+0000] {logging_mixin.py:150} INFO - [2025-04-13T09:42:56.779+0000] {dagbag.py:541} INFO - Filling up the DagBag from /workspaces/hands-on-introduction-data-engineering-4395021/airflow/dags/first_try/transform_dag.py
[2025-04-13T09:42:57.031+0000] {processor.py:836} INFO - DAG(s) dict_keys(['transform_dag']) retrieved from /workspaces/hands-on-introduction-data-engineering-4395021/airflow/dags/first_try/transform_dag.py
[2025-04-13T09:42:57.048+0000] {logging_mixin.py:150} INFO - [2025-04-13T09:42:57.047+0000] {dag.py:2742} INFO - Sync 1 DAGs
[2025-04-13T09:42:57.064+0000] {logging_mixin.py:150} INFO - [2025-04-13T09:42:57.064+0000] {dag.py:3504} INFO - Setting next_dagrun for transform_dag to None, run_after=None
[2025-04-13T09:42:57.078+0000] {processor.py:179} INFO - Processing /workspaces/hands-on-introduction-data-engineering-4395021/airflow/dags/first_try/transform_dag.py took 0.302 seconds
[2025-04-13T09:43:27.481+0000] {processor.py:157} INFO - Started process (PID=7105) to work on /workspaces/hands-on-introduction-data-engineering-4395021/airflow/dags/first_try/transform_dag.py
[2025-04-13T09:43:27.482+0000] {processor.py:826} INFO - Processing file /workspaces/hands-on-introduction-data-engineering-4395021/airflow/dags/first_try/transform_dag.py for tasks to queue
[2025-04-13T09:43:27.483+0000] {logging_mixin.py:150} INFO - [2025-04-13T09:43:27.483+0000] {dagbag.py:541} INFO - Filling up the DagBag from /workspaces/hands-on-introduction-data-engineering-4395021/airflow/dags/first_try/transform_dag.py
[2025-04-13T09:43:27.976+0000] {processor.py:836} INFO - DAG(s) dict_keys(['transform_dag']) retrieved from /workspaces/hands-on-introduction-data-engineering-4395021/airflow/dags/first_try/transform_dag.py
[2025-04-13T09:43:28.002+0000] {logging_mixin.py:150} INFO - [2025-04-13T09:43:28.001+0000] {dag.py:2742} INFO - Sync 1 DAGs
[2025-04-13T09:43:28.026+0000] {logging_mixin.py:150} INFO - [2025-04-13T09:43:28.025+0000] {dag.py:3504} INFO - Setting next_dagrun for transform_dag to None, run_after=None
[2025-04-13T09:43:28.053+0000] {processor.py:179} INFO - Processing /workspaces/hands-on-introduction-data-engineering-4395021/airflow/dags/first_try/transform_dag.py took 0.575 seconds
[2025-04-13T09:43:58.387+0000] {processor.py:157} INFO - Started process (PID=7301) to work on /workspaces/hands-on-introduction-data-engineering-4395021/airflow/dags/first_try/transform_dag.py
[2025-04-13T09:43:58.388+0000] {processor.py:826} INFO - Processing file /workspaces/hands-on-introduction-data-engineering-4395021/airflow/dags/first_try/transform_dag.py for tasks to queue
[2025-04-13T09:43:58.388+0000] {logging_mixin.py:150} INFO - [2025-04-13T09:43:58.388+0000] {dagbag.py:541} INFO - Filling up the DagBag from /workspaces/hands-on-introduction-data-engineering-4395021/airflow/dags/first_try/transform_dag.py
[2025-04-13T09:43:58.611+0000] {processor.py:836} INFO - DAG(s) dict_keys(['transform_dag']) retrieved from /workspaces/hands-on-introduction-data-engineering-4395021/airflow/dags/first_try/transform_dag.py
[2025-04-13T09:43:58.625+0000] {logging_mixin.py:150} INFO - [2025-04-13T09:43:58.625+0000] {dag.py:2742} INFO - Sync 1 DAGs
[2025-04-13T09:43:58.637+0000] {logging_mixin.py:150} INFO - [2025-04-13T09:43:58.637+0000] {dag.py:3504} INFO - Setting next_dagrun for transform_dag to None, run_after=None
[2025-04-13T09:43:58.650+0000] {processor.py:179} INFO - Processing /workspaces/hands-on-introduction-data-engineering-4395021/airflow/dags/first_try/transform_dag.py took 0.265 seconds
[2025-04-13T09:44:29.188+0000] {processor.py:157} INFO - Started process (PID=7493) to work on /workspaces/hands-on-introduction-data-engineering-4395021/airflow/dags/first_try/transform_dag.py
[2025-04-13T09:44:29.188+0000] {processor.py:826} INFO - Processing file /workspaces/hands-on-introduction-data-engineering-4395021/airflow/dags/first_try/transform_dag.py for tasks to queue
[2025-04-13T09:44:29.189+0000] {logging_mixin.py:150} INFO - [2025-04-13T09:44:29.189+0000] {dagbag.py:541} INFO - Filling up the DagBag from /workspaces/hands-on-introduction-data-engineering-4395021/airflow/dags/first_try/transform_dag.py
[2025-04-13T09:44:29.410+0000] {processor.py:836} INFO - DAG(s) dict_keys(['transform_dag']) retrieved from /workspaces/hands-on-introduction-data-engineering-4395021/airflow/dags/first_try/transform_dag.py
[2025-04-13T09:44:29.426+0000] {logging_mixin.py:150} INFO - [2025-04-13T09:44:29.425+0000] {dag.py:2742} INFO - Sync 1 DAGs
[2025-04-13T09:44:29.440+0000] {logging_mixin.py:150} INFO - [2025-04-13T09:44:29.440+0000] {dag.py:3504} INFO - Setting next_dagrun for transform_dag to None, run_after=None
[2025-04-13T09:44:29.453+0000] {processor.py:179} INFO - Processing /workspaces/hands-on-introduction-data-engineering-4395021/airflow/dags/first_try/transform_dag.py took 0.267 seconds
[2025-04-13T09:45:00.299+0000] {processor.py:157} INFO - Started process (PID=7683) to work on /workspaces/hands-on-introduction-data-engineering-4395021/airflow/dags/first_try/transform_dag.py
[2025-04-13T09:45:00.300+0000] {processor.py:826} INFO - Processing file /workspaces/hands-on-introduction-data-engineering-4395021/airflow/dags/first_try/transform_dag.py for tasks to queue
[2025-04-13T09:45:00.301+0000] {logging_mixin.py:150} INFO - [2025-04-13T09:45:00.300+0000] {dagbag.py:541} INFO - Filling up the DagBag from /workspaces/hands-on-introduction-data-engineering-4395021/airflow/dags/first_try/transform_dag.py
[2025-04-13T09:45:00.522+0000] {processor.py:836} INFO - DAG(s) dict_keys(['transform_dag']) retrieved from /workspaces/hands-on-introduction-data-engineering-4395021/airflow/dags/first_try/transform_dag.py
[2025-04-13T09:45:00.536+0000] {logging_mixin.py:150} INFO - [2025-04-13T09:45:00.536+0000] {dag.py:2742} INFO - Sync 1 DAGs
[2025-04-13T09:45:00.549+0000] {logging_mixin.py:150} INFO - [2025-04-13T09:45:00.548+0000] {dag.py:3504} INFO - Setting next_dagrun for transform_dag to None, run_after=None
[2025-04-13T09:45:00.562+0000] {processor.py:179} INFO - Processing /workspaces/hands-on-introduction-data-engineering-4395021/airflow/dags/first_try/transform_dag.py took 0.265 seconds
[2025-04-13T09:45:31.045+0000] {processor.py:157} INFO - Started process (PID=7880) to work on /workspaces/hands-on-introduction-data-engineering-4395021/airflow/dags/first_try/transform_dag.py
[2025-04-13T09:45:31.046+0000] {processor.py:826} INFO - Processing file /workspaces/hands-on-introduction-data-engineering-4395021/airflow/dags/first_try/transform_dag.py for tasks to queue
[2025-04-13T09:45:31.046+0000] {logging_mixin.py:150} INFO - [2025-04-13T09:45:31.046+0000] {dagbag.py:541} INFO - Filling up the DagBag from /workspaces/hands-on-introduction-data-engineering-4395021/airflow/dags/first_try/transform_dag.py
[2025-04-13T09:45:31.274+0000] {processor.py:836} INFO - DAG(s) dict_keys(['transform_dag']) retrieved from /workspaces/hands-on-introduction-data-engineering-4395021/airflow/dags/first_try/transform_dag.py
[2025-04-13T09:45:31.287+0000] {logging_mixin.py:150} INFO - [2025-04-13T09:45:31.287+0000] {dag.py:2742} INFO - Sync 1 DAGs
[2025-04-13T09:45:31.300+0000] {logging_mixin.py:150} INFO - [2025-04-13T09:45:31.300+0000] {dag.py:3504} INFO - Setting next_dagrun for transform_dag to None, run_after=None
[2025-04-13T09:45:31.314+0000] {processor.py:179} INFO - Processing /workspaces/hands-on-introduction-data-engineering-4395021/airflow/dags/first_try/transform_dag.py took 0.271 seconds
[2025-04-13T09:46:01.541+0000] {processor.py:157} INFO - Started process (PID=8067) to work on /workspaces/hands-on-introduction-data-engineering-4395021/airflow/dags/first_try/transform_dag.py
[2025-04-13T09:46:01.541+0000] {processor.py:826} INFO - Processing file /workspaces/hands-on-introduction-data-engineering-4395021/airflow/dags/first_try/transform_dag.py for tasks to queue
[2025-04-13T09:46:01.542+0000] {logging_mixin.py:150} INFO - [2025-04-13T09:46:01.542+0000] {dagbag.py:541} INFO - Filling up the DagBag from /workspaces/hands-on-introduction-data-engineering-4395021/airflow/dags/first_try/transform_dag.py
[2025-04-13T09:46:01.762+0000] {processor.py:836} INFO - DAG(s) dict_keys(['transform_dag']) retrieved from /workspaces/hands-on-introduction-data-engineering-4395021/airflow/dags/first_try/transform_dag.py
[2025-04-13T09:46:01.776+0000] {logging_mixin.py:150} INFO - [2025-04-13T09:46:01.775+0000] {dag.py:2742} INFO - Sync 1 DAGs
[2025-04-13T09:46:01.788+0000] {logging_mixin.py:150} INFO - [2025-04-13T09:46:01.788+0000] {dag.py:3504} INFO - Setting next_dagrun for transform_dag to None, run_after=None
[2025-04-13T09:46:01.801+0000] {processor.py:179} INFO - Processing /workspaces/hands-on-introduction-data-engineering-4395021/airflow/dags/first_try/transform_dag.py took 0.263 seconds
[2025-04-13T09:46:32.179+0000] {processor.py:157} INFO - Started process (PID=8263) to work on /workspaces/hands-on-introduction-data-engineering-4395021/airflow/dags/first_try/transform_dag.py
[2025-04-13T09:46:32.179+0000] {processor.py:826} INFO - Processing file /workspaces/hands-on-introduction-data-engineering-4395021/airflow/dags/first_try/transform_dag.py for tasks to queue
[2025-04-13T09:46:32.180+0000] {logging_mixin.py:150} INFO - [2025-04-13T09:46:32.180+0000] {dagbag.py:541} INFO - Filling up the DagBag from /workspaces/hands-on-introduction-data-engineering-4395021/airflow/dags/first_try/transform_dag.py
[2025-04-13T09:46:32.399+0000] {processor.py:836} INFO - DAG(s) dict_keys(['transform_dag']) retrieved from /workspaces/hands-on-introduction-data-engineering-4395021/airflow/dags/first_try/transform_dag.py
[2025-04-13T09:46:32.413+0000] {logging_mixin.py:150} INFO - [2025-04-13T09:46:32.412+0000] {dag.py:2742} INFO - Sync 1 DAGs
[2025-04-13T09:46:32.427+0000] {logging_mixin.py:150} INFO - [2025-04-13T09:46:32.427+0000] {dag.py:3504} INFO - Setting next_dagrun for transform_dag to None, run_after=None
[2025-04-13T09:46:32.441+0000] {processor.py:179} INFO - Processing /workspaces/hands-on-introduction-data-engineering-4395021/airflow/dags/first_try/transform_dag.py took 0.264 seconds
[2025-04-13T09:47:02.671+0000] {processor.py:157} INFO - Started process (PID=8455) to work on /workspaces/hands-on-introduction-data-engineering-4395021/airflow/dags/first_try/transform_dag.py
[2025-04-13T09:47:02.672+0000] {processor.py:826} INFO - Processing file /workspaces/hands-on-introduction-data-engineering-4395021/airflow/dags/first_try/transform_dag.py for tasks to queue
[2025-04-13T09:47:02.672+0000] {logging_mixin.py:150} INFO - [2025-04-13T09:47:02.672+0000] {dagbag.py:541} INFO - Filling up the DagBag from /workspaces/hands-on-introduction-data-engineering-4395021/airflow/dags/first_try/transform_dag.py
[2025-04-13T09:47:02.906+0000] {processor.py:836} INFO - DAG(s) dict_keys(['transform_dag']) retrieved from /workspaces/hands-on-introduction-data-engineering-4395021/airflow/dags/first_try/transform_dag.py
[2025-04-13T09:47:02.927+0000] {logging_mixin.py:150} INFO - [2025-04-13T09:47:02.927+0000] {dag.py:2742} INFO - Sync 1 DAGs
[2025-04-13T09:47:02.948+0000] {logging_mixin.py:150} INFO - [2025-04-13T09:47:02.948+0000] {dag.py:3504} INFO - Setting next_dagrun for transform_dag to None, run_after=None
[2025-04-13T09:47:02.965+0000] {processor.py:179} INFO - Processing /workspaces/hands-on-introduction-data-engineering-4395021/airflow/dags/first_try/transform_dag.py took 0.296 seconds
[2025-04-13T09:47:33.302+0000] {processor.py:157} INFO - Started process (PID=8669) to work on /workspaces/hands-on-introduction-data-engineering-4395021/airflow/dags/first_try/transform_dag.py
[2025-04-13T09:47:33.303+0000] {processor.py:826} INFO - Processing file /workspaces/hands-on-introduction-data-engineering-4395021/airflow/dags/first_try/transform_dag.py for tasks to queue
[2025-04-13T09:47:33.304+0000] {logging_mixin.py:150} INFO - [2025-04-13T09:47:33.303+0000] {dagbag.py:541} INFO - Filling up the DagBag from /workspaces/hands-on-introduction-data-engineering-4395021/airflow/dags/first_try/transform_dag.py
[2025-04-13T09:47:33.861+0000] {processor.py:836} INFO - DAG(s) dict_keys(['transform_dag']) retrieved from /workspaces/hands-on-introduction-data-engineering-4395021/airflow/dags/first_try/transform_dag.py
[2025-04-13T09:47:33.910+0000] {logging_mixin.py:150} INFO - [2025-04-13T09:47:33.905+0000] {dag.py:2742} INFO - Sync 1 DAGs
[2025-04-13T09:47:33.951+0000] {logging_mixin.py:150} INFO - [2025-04-13T09:47:33.948+0000] {dag.py:3504} INFO - Setting next_dagrun for transform_dag to None, run_after=None
[2025-04-13T09:47:34.007+0000] {processor.py:179} INFO - Processing /workspaces/hands-on-introduction-data-engineering-4395021/airflow/dags/first_try/transform_dag.py took 0.711 seconds
[2025-04-13T09:48:04.196+0000] {processor.py:157} INFO - Started process (PID=8864) to work on /workspaces/hands-on-introduction-data-engineering-4395021/airflow/dags/first_try/transform_dag.py
[2025-04-13T09:48:04.197+0000] {processor.py:826} INFO - Processing file /workspaces/hands-on-introduction-data-engineering-4395021/airflow/dags/first_try/transform_dag.py for tasks to queue
[2025-04-13T09:48:04.198+0000] {logging_mixin.py:150} INFO - [2025-04-13T09:48:04.197+0000] {dagbag.py:541} INFO - Filling up the DagBag from /workspaces/hands-on-introduction-data-engineering-4395021/airflow/dags/first_try/transform_dag.py
[2025-04-13T09:48:04.430+0000] {processor.py:836} INFO - DAG(s) dict_keys(['transform_dag']) retrieved from /workspaces/hands-on-introduction-data-engineering-4395021/airflow/dags/first_try/transform_dag.py
[2025-04-13T09:48:04.445+0000] {logging_mixin.py:150} INFO - [2025-04-13T09:48:04.445+0000] {dag.py:2742} INFO - Sync 1 DAGs
[2025-04-13T09:48:04.460+0000] {logging_mixin.py:150} INFO - [2025-04-13T09:48:04.460+0000] {dag.py:3504} INFO - Setting next_dagrun for transform_dag to None, run_after=None
[2025-04-13T09:48:04.473+0000] {processor.py:179} INFO - Processing /workspaces/hands-on-introduction-data-engineering-4395021/airflow/dags/first_try/transform_dag.py took 0.280 seconds
[2025-04-13T09:48:34.584+0000] {processor.py:157} INFO - Started process (PID=9062) to work on /workspaces/hands-on-introduction-data-engineering-4395021/airflow/dags/first_try/transform_dag.py
[2025-04-13T09:48:34.584+0000] {processor.py:826} INFO - Processing file /workspaces/hands-on-introduction-data-engineering-4395021/airflow/dags/first_try/transform_dag.py for tasks to queue
[2025-04-13T09:48:34.585+0000] {logging_mixin.py:150} INFO - [2025-04-13T09:48:34.585+0000] {dagbag.py:541} INFO - Filling up the DagBag from /workspaces/hands-on-introduction-data-engineering-4395021/airflow/dags/first_try/transform_dag.py
[2025-04-13T09:48:34.825+0000] {processor.py:836} INFO - DAG(s) dict_keys(['transform_dag']) retrieved from /workspaces/hands-on-introduction-data-engineering-4395021/airflow/dags/first_try/transform_dag.py
[2025-04-13T09:48:34.840+0000] {logging_mixin.py:150} INFO - [2025-04-13T09:48:34.840+0000] {dag.py:2742} INFO - Sync 1 DAGs
[2025-04-13T09:48:34.853+0000] {logging_mixin.py:150} INFO - [2025-04-13T09:48:34.853+0000] {dag.py:3504} INFO - Setting next_dagrun for transform_dag to None, run_after=None
[2025-04-13T09:48:34.866+0000] {processor.py:179} INFO - Processing /workspaces/hands-on-introduction-data-engineering-4395021/airflow/dags/first_try/transform_dag.py took 0.284 seconds
[2025-04-13T09:49:04.982+0000] {processor.py:157} INFO - Started process (PID=9278) to work on /workspaces/hands-on-introduction-data-engineering-4395021/airflow/dags/first_try/transform_dag.py
[2025-04-13T09:49:04.983+0000] {processor.py:826} INFO - Processing file /workspaces/hands-on-introduction-data-engineering-4395021/airflow/dags/first_try/transform_dag.py for tasks to queue
[2025-04-13T09:49:04.983+0000] {logging_mixin.py:150} INFO - [2025-04-13T09:49:04.983+0000] {dagbag.py:541} INFO - Filling up the DagBag from /workspaces/hands-on-introduction-data-engineering-4395021/airflow/dags/first_try/transform_dag.py
[2025-04-13T09:49:05.210+0000] {processor.py:836} INFO - DAG(s) dict_keys(['transform_dag']) retrieved from /workspaces/hands-on-introduction-data-engineering-4395021/airflow/dags/first_try/transform_dag.py
[2025-04-13T09:49:05.225+0000] {logging_mixin.py:150} INFO - [2025-04-13T09:49:05.224+0000] {dag.py:2742} INFO - Sync 1 DAGs
[2025-04-13T09:49:05.242+0000] {logging_mixin.py:150} INFO - [2025-04-13T09:49:05.242+0000] {dag.py:3504} INFO - Setting next_dagrun for transform_dag to None, run_after=None
[2025-04-13T09:49:05.261+0000] {processor.py:179} INFO - Processing /workspaces/hands-on-introduction-data-engineering-4395021/airflow/dags/first_try/transform_dag.py took 0.281 seconds
[2025-04-13T09:49:35.375+0000] {processor.py:157} INFO - Started process (PID=9464) to work on /workspaces/hands-on-introduction-data-engineering-4395021/airflow/dags/first_try/transform_dag.py
[2025-04-13T09:49:35.376+0000] {processor.py:826} INFO - Processing file /workspaces/hands-on-introduction-data-engineering-4395021/airflow/dags/first_try/transform_dag.py for tasks to queue
[2025-04-13T09:49:35.377+0000] {logging_mixin.py:150} INFO - [2025-04-13T09:49:35.376+0000] {dagbag.py:541} INFO - Filling up the DagBag from /workspaces/hands-on-introduction-data-engineering-4395021/airflow/dags/first_try/transform_dag.py
[2025-04-13T09:49:35.621+0000] {processor.py:836} INFO - DAG(s) dict_keys(['transform_dag']) retrieved from /workspaces/hands-on-introduction-data-engineering-4395021/airflow/dags/first_try/transform_dag.py
[2025-04-13T09:49:35.634+0000] {logging_mixin.py:150} INFO - [2025-04-13T09:49:35.634+0000] {dag.py:2742} INFO - Sync 1 DAGs
[2025-04-13T09:49:35.647+0000] {logging_mixin.py:150} INFO - [2025-04-13T09:49:35.647+0000] {dag.py:3504} INFO - Setting next_dagrun for transform_dag to None, run_after=None
[2025-04-13T09:49:35.661+0000] {processor.py:179} INFO - Processing /workspaces/hands-on-introduction-data-engineering-4395021/airflow/dags/first_try/transform_dag.py took 0.288 seconds
[2025-04-13T09:50:05.765+0000] {processor.py:157} INFO - Started process (PID=9644) to work on /workspaces/hands-on-introduction-data-engineering-4395021/airflow/dags/first_try/transform_dag.py
[2025-04-13T09:50:05.765+0000] {processor.py:826} INFO - Processing file /workspaces/hands-on-introduction-data-engineering-4395021/airflow/dags/first_try/transform_dag.py for tasks to queue
[2025-04-13T09:50:05.766+0000] {logging_mixin.py:150} INFO - [2025-04-13T09:50:05.766+0000] {dagbag.py:541} INFO - Filling up the DagBag from /workspaces/hands-on-introduction-data-engineering-4395021/airflow/dags/first_try/transform_dag.py
[2025-04-13T09:50:05.987+0000] {processor.py:836} INFO - DAG(s) dict_keys(['transform_dag']) retrieved from /workspaces/hands-on-introduction-data-engineering-4395021/airflow/dags/first_try/transform_dag.py
[2025-04-13T09:50:06.001+0000] {logging_mixin.py:150} INFO - [2025-04-13T09:50:06.001+0000] {dag.py:2742} INFO - Sync 1 DAGs
[2025-04-13T09:50:06.014+0000] {logging_mixin.py:150} INFO - [2025-04-13T09:50:06.014+0000] {dag.py:3504} INFO - Setting next_dagrun for transform_dag to None, run_after=None
[2025-04-13T09:50:06.027+0000] {processor.py:179} INFO - Processing /workspaces/hands-on-introduction-data-engineering-4395021/airflow/dags/first_try/transform_dag.py took 0.264 seconds
[2025-04-13T09:50:36.154+0000] {processor.py:157} INFO - Started process (PID=9831) to work on /workspaces/hands-on-introduction-data-engineering-4395021/airflow/dags/first_try/transform_dag.py
[2025-04-13T09:50:36.154+0000] {processor.py:826} INFO - Processing file /workspaces/hands-on-introduction-data-engineering-4395021/airflow/dags/first_try/transform_dag.py for tasks to queue
[2025-04-13T09:50:36.155+0000] {logging_mixin.py:150} INFO - [2025-04-13T09:50:36.155+0000] {dagbag.py:541} INFO - Filling up the DagBag from /workspaces/hands-on-introduction-data-engineering-4395021/airflow/dags/first_try/transform_dag.py
[2025-04-13T09:50:36.377+0000] {processor.py:836} INFO - DAG(s) dict_keys(['transform_dag']) retrieved from /workspaces/hands-on-introduction-data-engineering-4395021/airflow/dags/first_try/transform_dag.py
[2025-04-13T09:50:36.391+0000] {logging_mixin.py:150} INFO - [2025-04-13T09:50:36.390+0000] {dag.py:2742} INFO - Sync 1 DAGs
[2025-04-13T09:50:36.404+0000] {logging_mixin.py:150} INFO - [2025-04-13T09:50:36.404+0000] {dag.py:3504} INFO - Setting next_dagrun for transform_dag to None, run_after=None
[2025-04-13T09:50:36.416+0000] {processor.py:179} INFO - Processing /workspaces/hands-on-introduction-data-engineering-4395021/airflow/dags/first_try/transform_dag.py took 0.265 seconds
[2025-04-13T09:51:06.544+0000] {processor.py:157} INFO - Started process (PID=10011) to work on /workspaces/hands-on-introduction-data-engineering-4395021/airflow/dags/first_try/transform_dag.py
[2025-04-13T09:51:06.545+0000] {processor.py:826} INFO - Processing file /workspaces/hands-on-introduction-data-engineering-4395021/airflow/dags/first_try/transform_dag.py for tasks to queue
[2025-04-13T09:51:06.545+0000] {logging_mixin.py:150} INFO - [2025-04-13T09:51:06.545+0000] {dagbag.py:541} INFO - Filling up the DagBag from /workspaces/hands-on-introduction-data-engineering-4395021/airflow/dags/first_try/transform_dag.py
[2025-04-13T09:51:06.764+0000] {processor.py:836} INFO - DAG(s) dict_keys(['transform_dag']) retrieved from /workspaces/hands-on-introduction-data-engineering-4395021/airflow/dags/first_try/transform_dag.py
[2025-04-13T09:51:06.778+0000] {logging_mixin.py:150} INFO - [2025-04-13T09:51:06.778+0000] {dag.py:2742} INFO - Sync 1 DAGs
[2025-04-13T09:51:06.790+0000] {logging_mixin.py:150} INFO - [2025-04-13T09:51:06.790+0000] {dag.py:3504} INFO - Setting next_dagrun for transform_dag to None, run_after=None
[2025-04-13T09:51:06.803+0000] {processor.py:179} INFO - Processing /workspaces/hands-on-introduction-data-engineering-4395021/airflow/dags/first_try/transform_dag.py took 0.261 seconds
[2025-04-13T09:51:36.934+0000] {processor.py:157} INFO - Started process (PID=10197) to work on /workspaces/hands-on-introduction-data-engineering-4395021/airflow/dags/first_try/transform_dag.py
[2025-04-13T09:51:36.935+0000] {processor.py:826} INFO - Processing file /workspaces/hands-on-introduction-data-engineering-4395021/airflow/dags/first_try/transform_dag.py for tasks to queue
[2025-04-13T09:51:36.936+0000] {logging_mixin.py:150} INFO - [2025-04-13T09:51:36.935+0000] {dagbag.py:541} INFO - Filling up the DagBag from /workspaces/hands-on-introduction-data-engineering-4395021/airflow/dags/first_try/transform_dag.py
[2025-04-13T09:51:37.154+0000] {processor.py:836} INFO - DAG(s) dict_keys(['transform_dag']) retrieved from /workspaces/hands-on-introduction-data-engineering-4395021/airflow/dags/first_try/transform_dag.py
[2025-04-13T09:51:37.172+0000] {logging_mixin.py:150} INFO - [2025-04-13T09:51:37.171+0000] {dag.py:2742} INFO - Sync 1 DAGs
[2025-04-13T09:51:37.185+0000] {logging_mixin.py:150} INFO - [2025-04-13T09:51:37.184+0000] {dag.py:3504} INFO - Setting next_dagrun for transform_dag to None, run_after=None
[2025-04-13T09:51:37.198+0000] {processor.py:179} INFO - Processing /workspaces/hands-on-introduction-data-engineering-4395021/airflow/dags/first_try/transform_dag.py took 0.266 seconds
[2025-04-13T09:52:07.326+0000] {processor.py:157} INFO - Started process (PID=10397) to work on /workspaces/hands-on-introduction-data-engineering-4395021/airflow/dags/first_try/transform_dag.py
[2025-04-13T09:52:07.327+0000] {processor.py:826} INFO - Processing file /workspaces/hands-on-introduction-data-engineering-4395021/airflow/dags/first_try/transform_dag.py for tasks to queue
[2025-04-13T09:52:07.327+0000] {logging_mixin.py:150} INFO - [2025-04-13T09:52:07.327+0000] {dagbag.py:541} INFO - Filling up the DagBag from /workspaces/hands-on-introduction-data-engineering-4395021/airflow/dags/first_try/transform_dag.py
[2025-04-13T09:52:07.552+0000] {processor.py:836} INFO - DAG(s) dict_keys(['transform_dag']) retrieved from /workspaces/hands-on-introduction-data-engineering-4395021/airflow/dags/first_try/transform_dag.py
[2025-04-13T09:52:07.567+0000] {logging_mixin.py:150} INFO - [2025-04-13T09:52:07.567+0000] {dag.py:2742} INFO - Sync 1 DAGs
[2025-04-13T09:52:07.580+0000] {logging_mixin.py:150} INFO - [2025-04-13T09:52:07.580+0000] {dag.py:3504} INFO - Setting next_dagrun for transform_dag to None, run_after=None
[2025-04-13T09:52:07.593+0000] {processor.py:179} INFO - Processing /workspaces/hands-on-introduction-data-engineering-4395021/airflow/dags/first_try/transform_dag.py took 0.269 seconds
[2025-04-13T09:52:38.090+0000] {processor.py:157} INFO - Started process (PID=10590) to work on /workspaces/hands-on-introduction-data-engineering-4395021/airflow/dags/first_try/transform_dag.py
[2025-04-13T09:52:38.091+0000] {processor.py:826} INFO - Processing file /workspaces/hands-on-introduction-data-engineering-4395021/airflow/dags/first_try/transform_dag.py for tasks to queue
[2025-04-13T09:52:38.092+0000] {logging_mixin.py:150} INFO - [2025-04-13T09:52:38.091+0000] {dagbag.py:541} INFO - Filling up the DagBag from /workspaces/hands-on-introduction-data-engineering-4395021/airflow/dags/first_try/transform_dag.py
[2025-04-13T09:52:38.316+0000] {processor.py:836} INFO - DAG(s) dict_keys(['transform_dag']) retrieved from /workspaces/hands-on-introduction-data-engineering-4395021/airflow/dags/first_try/transform_dag.py
[2025-04-13T09:52:38.330+0000] {logging_mixin.py:150} INFO - [2025-04-13T09:52:38.330+0000] {dag.py:2742} INFO - Sync 1 DAGs
[2025-04-13T09:52:38.343+0000] {logging_mixin.py:150} INFO - [2025-04-13T09:52:38.343+0000] {dag.py:3504} INFO - Setting next_dagrun for transform_dag to None, run_after=None
[2025-04-13T09:52:38.356+0000] {processor.py:179} INFO - Processing /workspaces/hands-on-introduction-data-engineering-4395021/airflow/dags/first_try/transform_dag.py took 0.268 seconds
[2025-04-13T09:53:08.588+0000] {processor.py:157} INFO - Started process (PID=10778) to work on /workspaces/hands-on-introduction-data-engineering-4395021/airflow/dags/first_try/transform_dag.py
[2025-04-13T09:53:08.589+0000] {processor.py:826} INFO - Processing file /workspaces/hands-on-introduction-data-engineering-4395021/airflow/dags/first_try/transform_dag.py for tasks to queue
[2025-04-13T09:53:08.589+0000] {logging_mixin.py:150} INFO - [2025-04-13T09:53:08.589+0000] {dagbag.py:541} INFO - Filling up the DagBag from /workspaces/hands-on-introduction-data-engineering-4395021/airflow/dags/first_try/transform_dag.py
[2025-04-13T09:53:08.825+0000] {processor.py:836} INFO - DAG(s) dict_keys(['transform_dag']) retrieved from /workspaces/hands-on-introduction-data-engineering-4395021/airflow/dags/first_try/transform_dag.py
[2025-04-13T09:53:08.839+0000] {logging_mixin.py:150} INFO - [2025-04-13T09:53:08.838+0000] {dag.py:2742} INFO - Sync 1 DAGs
[2025-04-13T09:53:08.851+0000] {logging_mixin.py:150} INFO - [2025-04-13T09:53:08.851+0000] {dag.py:3504} INFO - Setting next_dagrun for transform_dag to None, run_after=None
[2025-04-13T09:53:08.865+0000] {processor.py:179} INFO - Processing /workspaces/hands-on-introduction-data-engineering-4395021/airflow/dags/first_try/transform_dag.py took 0.279 seconds
[2025-04-13T09:53:39.123+0000] {processor.py:157} INFO - Started process (PID=10984) to work on /workspaces/hands-on-introduction-data-engineering-4395021/airflow/dags/first_try/transform_dag.py
[2025-04-13T09:53:39.124+0000] {processor.py:826} INFO - Processing file /workspaces/hands-on-introduction-data-engineering-4395021/airflow/dags/first_try/transform_dag.py for tasks to queue
[2025-04-13T09:53:39.125+0000] {logging_mixin.py:150} INFO - [2025-04-13T09:53:39.125+0000] {dagbag.py:541} INFO - Filling up the DagBag from /workspaces/hands-on-introduction-data-engineering-4395021/airflow/dags/first_try/transform_dag.py
[2025-04-13T09:53:39.395+0000] {processor.py:836} INFO - DAG(s) dict_keys(['transform_dag']) retrieved from /workspaces/hands-on-introduction-data-engineering-4395021/airflow/dags/first_try/transform_dag.py
[2025-04-13T09:53:39.414+0000] {logging_mixin.py:150} INFO - [2025-04-13T09:53:39.414+0000] {dag.py:2742} INFO - Sync 1 DAGs
[2025-04-13T09:53:39.427+0000] {logging_mixin.py:150} INFO - [2025-04-13T09:53:39.427+0000] {dag.py:3504} INFO - Setting next_dagrun for transform_dag to None, run_after=None
[2025-04-13T09:53:39.440+0000] {processor.py:179} INFO - Processing /workspaces/hands-on-introduction-data-engineering-4395021/airflow/dags/first_try/transform_dag.py took 0.319 seconds
[2025-04-13T09:54:09.705+0000] {processor.py:157} INFO - Started process (PID=11189) to work on /workspaces/hands-on-introduction-data-engineering-4395021/airflow/dags/first_try/transform_dag.py
[2025-04-13T09:54:09.706+0000] {processor.py:826} INFO - Processing file /workspaces/hands-on-introduction-data-engineering-4395021/airflow/dags/first_try/transform_dag.py for tasks to queue
[2025-04-13T09:54:09.707+0000] {logging_mixin.py:150} INFO - [2025-04-13T09:54:09.706+0000] {dagbag.py:541} INFO - Filling up the DagBag from /workspaces/hands-on-introduction-data-engineering-4395021/airflow/dags/first_try/transform_dag.py
[2025-04-13T09:54:09.926+0000] {processor.py:836} INFO - DAG(s) dict_keys(['transform_dag']) retrieved from /workspaces/hands-on-introduction-data-engineering-4395021/airflow/dags/first_try/transform_dag.py
[2025-04-13T09:54:09.943+0000] {logging_mixin.py:150} INFO - [2025-04-13T09:54:09.943+0000] {dag.py:2742} INFO - Sync 1 DAGs
[2025-04-13T09:54:09.957+0000] {logging_mixin.py:150} INFO - [2025-04-13T09:54:09.957+0000] {dag.py:3504} INFO - Setting next_dagrun for transform_dag to None, run_after=None
[2025-04-13T09:54:09.970+0000] {processor.py:179} INFO - Processing /workspaces/hands-on-introduction-data-engineering-4395021/airflow/dags/first_try/transform_dag.py took 0.267 seconds
[2025-04-13T09:54:40.098+0000] {processor.py:157} INFO - Started process (PID=11375) to work on /workspaces/hands-on-introduction-data-engineering-4395021/airflow/dags/first_try/transform_dag.py
[2025-04-13T09:54:40.099+0000] {processor.py:826} INFO - Processing file /workspaces/hands-on-introduction-data-engineering-4395021/airflow/dags/first_try/transform_dag.py for tasks to queue
[2025-04-13T09:54:40.099+0000] {logging_mixin.py:150} INFO - [2025-04-13T09:54:40.099+0000] {dagbag.py:541} INFO - Filling up the DagBag from /workspaces/hands-on-introduction-data-engineering-4395021/airflow/dags/first_try/transform_dag.py
[2025-04-13T09:54:40.328+0000] {processor.py:836} INFO - DAG(s) dict_keys(['transform_dag']) retrieved from /workspaces/hands-on-introduction-data-engineering-4395021/airflow/dags/first_try/transform_dag.py
[2025-04-13T09:54:40.342+0000] {logging_mixin.py:150} INFO - [2025-04-13T09:54:40.342+0000] {dag.py:2742} INFO - Sync 1 DAGs
[2025-04-13T09:54:40.355+0000] {logging_mixin.py:150} INFO - [2025-04-13T09:54:40.355+0000] {dag.py:3504} INFO - Setting next_dagrun for transform_dag to None, run_after=None
[2025-04-13T09:54:40.368+0000] {processor.py:179} INFO - Processing /workspaces/hands-on-introduction-data-engineering-4395021/airflow/dags/first_try/transform_dag.py took 0.273 seconds
[2025-04-13T09:55:10.597+0000] {processor.py:157} INFO - Started process (PID=11556) to work on /workspaces/hands-on-introduction-data-engineering-4395021/airflow/dags/first_try/transform_dag.py
[2025-04-13T09:55:10.598+0000] {processor.py:826} INFO - Processing file /workspaces/hands-on-introduction-data-engineering-4395021/airflow/dags/first_try/transform_dag.py for tasks to queue
[2025-04-13T09:55:10.599+0000] {logging_mixin.py:150} INFO - [2025-04-13T09:55:10.598+0000] {dagbag.py:541} INFO - Filling up the DagBag from /workspaces/hands-on-introduction-data-engineering-4395021/airflow/dags/first_try/transform_dag.py
[2025-04-13T09:55:10.819+0000] {processor.py:836} INFO - DAG(s) dict_keys(['transform_dag']) retrieved from /workspaces/hands-on-introduction-data-engineering-4395021/airflow/dags/first_try/transform_dag.py
[2025-04-13T09:55:10.833+0000] {logging_mixin.py:150} INFO - [2025-04-13T09:55:10.833+0000] {dag.py:2742} INFO - Sync 1 DAGs
[2025-04-13T09:55:10.846+0000] {logging_mixin.py:150} INFO - [2025-04-13T09:55:10.845+0000] {dag.py:3504} INFO - Setting next_dagrun for transform_dag to None, run_after=None
[2025-04-13T09:55:10.859+0000] {processor.py:179} INFO - Processing /workspaces/hands-on-introduction-data-engineering-4395021/airflow/dags/first_try/transform_dag.py took 0.263 seconds
[2025-04-13T09:55:41.099+0000] {processor.py:157} INFO - Started process (PID=11742) to work on /workspaces/hands-on-introduction-data-engineering-4395021/airflow/dags/first_try/transform_dag.py
[2025-04-13T09:55:41.099+0000] {processor.py:826} INFO - Processing file /workspaces/hands-on-introduction-data-engineering-4395021/airflow/dags/first_try/transform_dag.py for tasks to queue
[2025-04-13T09:55:41.100+0000] {logging_mixin.py:150} INFO - [2025-04-13T09:55:41.100+0000] {dagbag.py:541} INFO - Filling up the DagBag from /workspaces/hands-on-introduction-data-engineering-4395021/airflow/dags/first_try/transform_dag.py
[2025-04-13T09:55:41.320+0000] {processor.py:836} INFO - DAG(s) dict_keys(['transform_dag']) retrieved from /workspaces/hands-on-introduction-data-engineering-4395021/airflow/dags/first_try/transform_dag.py
[2025-04-13T09:55:41.335+0000] {logging_mixin.py:150} INFO - [2025-04-13T09:55:41.335+0000] {dag.py:2742} INFO - Sync 1 DAGs
[2025-04-13T09:55:41.347+0000] {logging_mixin.py:150} INFO - [2025-04-13T09:55:41.347+0000] {dag.py:3504} INFO - Setting next_dagrun for transform_dag to None, run_after=None
[2025-04-13T09:55:41.360+0000] {processor.py:179} INFO - Processing /workspaces/hands-on-introduction-data-engineering-4395021/airflow/dags/first_try/transform_dag.py took 0.263 seconds
[2025-04-13T09:56:11.598+0000] {processor.py:157} INFO - Started process (PID=11939) to work on /workspaces/hands-on-introduction-data-engineering-4395021/airflow/dags/first_try/transform_dag.py
[2025-04-13T09:56:11.599+0000] {processor.py:826} INFO - Processing file /workspaces/hands-on-introduction-data-engineering-4395021/airflow/dags/first_try/transform_dag.py for tasks to queue
[2025-04-13T09:56:11.600+0000] {logging_mixin.py:150} INFO - [2025-04-13T09:56:11.599+0000] {dagbag.py:541} INFO - Filling up the DagBag from /workspaces/hands-on-introduction-data-engineering-4395021/airflow/dags/first_try/transform_dag.py
[2025-04-13T09:56:11.823+0000] {processor.py:836} INFO - DAG(s) dict_keys(['transform_dag']) retrieved from /workspaces/hands-on-introduction-data-engineering-4395021/airflow/dags/first_try/transform_dag.py
[2025-04-13T09:56:11.838+0000] {logging_mixin.py:150} INFO - [2025-04-13T09:56:11.837+0000] {dag.py:2742} INFO - Sync 1 DAGs
[2025-04-13T09:56:11.850+0000] {logging_mixin.py:150} INFO - [2025-04-13T09:56:11.850+0000] {dag.py:3504} INFO - Setting next_dagrun for transform_dag to None, run_after=None
[2025-04-13T09:56:11.863+0000] {processor.py:179} INFO - Processing /workspaces/hands-on-introduction-data-engineering-4395021/airflow/dags/first_try/transform_dag.py took 0.267 seconds
[2025-04-13T09:56:42.099+0000] {processor.py:157} INFO - Started process (PID=12142) to work on /workspaces/hands-on-introduction-data-engineering-4395021/airflow/dags/first_try/transform_dag.py
[2025-04-13T09:56:42.100+0000] {processor.py:826} INFO - Processing file /workspaces/hands-on-introduction-data-engineering-4395021/airflow/dags/first_try/transform_dag.py for tasks to queue
[2025-04-13T09:56:42.101+0000] {logging_mixin.py:150} INFO - [2025-04-13T09:56:42.100+0000] {dagbag.py:541} INFO - Filling up the DagBag from /workspaces/hands-on-introduction-data-engineering-4395021/airflow/dags/first_try/transform_dag.py
[2025-04-13T09:56:42.319+0000] {processor.py:836} INFO - DAG(s) dict_keys(['transform_dag']) retrieved from /workspaces/hands-on-introduction-data-engineering-4395021/airflow/dags/first_try/transform_dag.py
[2025-04-13T09:56:42.333+0000] {logging_mixin.py:150} INFO - [2025-04-13T09:56:42.333+0000] {dag.py:2742} INFO - Sync 1 DAGs
[2025-04-13T09:56:42.345+0000] {logging_mixin.py:150} INFO - [2025-04-13T09:56:42.345+0000] {dag.py:3504} INFO - Setting next_dagrun for transform_dag to None, run_after=None
[2025-04-13T09:56:42.358+0000] {processor.py:179} INFO - Processing /workspaces/hands-on-introduction-data-engineering-4395021/airflow/dags/first_try/transform_dag.py took 0.261 seconds
[2025-04-13T09:57:12.627+0000] {processor.py:157} INFO - Started process (PID=12356) to work on /workspaces/hands-on-introduction-data-engineering-4395021/airflow/dags/first_try/transform_dag.py
[2025-04-13T09:57:12.628+0000] {processor.py:826} INFO - Processing file /workspaces/hands-on-introduction-data-engineering-4395021/airflow/dags/first_try/transform_dag.py for tasks to queue
[2025-04-13T09:57:12.629+0000] {logging_mixin.py:150} INFO - [2025-04-13T09:57:12.628+0000] {dagbag.py:541} INFO - Filling up the DagBag from /workspaces/hands-on-introduction-data-engineering-4395021/airflow/dags/first_try/transform_dag.py
[2025-04-13T09:57:12.850+0000] {processor.py:836} INFO - DAG(s) dict_keys(['transform_dag']) retrieved from /workspaces/hands-on-introduction-data-engineering-4395021/airflow/dags/first_try/transform_dag.py
[2025-04-13T09:57:12.864+0000] {logging_mixin.py:150} INFO - [2025-04-13T09:57:12.863+0000] {dag.py:2742} INFO - Sync 1 DAGs
[2025-04-13T09:57:12.876+0000] {logging_mixin.py:150} INFO - [2025-04-13T09:57:12.876+0000] {dag.py:3504} INFO - Setting next_dagrun for transform_dag to None, run_after=None
[2025-04-13T09:57:12.890+0000] {processor.py:179} INFO - Processing /workspaces/hands-on-introduction-data-engineering-4395021/airflow/dags/first_try/transform_dag.py took 0.265 seconds
[2025-04-13T09:57:43.126+0000] {processor.py:157} INFO - Started process (PID=12566) to work on /workspaces/hands-on-introduction-data-engineering-4395021/airflow/dags/first_try/transform_dag.py
[2025-04-13T09:57:43.127+0000] {processor.py:826} INFO - Processing file /workspaces/hands-on-introduction-data-engineering-4395021/airflow/dags/first_try/transform_dag.py for tasks to queue
[2025-04-13T09:57:43.128+0000] {logging_mixin.py:150} INFO - [2025-04-13T09:57:43.127+0000] {dagbag.py:541} INFO - Filling up the DagBag from /workspaces/hands-on-introduction-data-engineering-4395021/airflow/dags/first_try/transform_dag.py
[2025-04-13T09:57:43.357+0000] {processor.py:836} INFO - DAG(s) dict_keys(['transform_dag']) retrieved from /workspaces/hands-on-introduction-data-engineering-4395021/airflow/dags/first_try/transform_dag.py
[2025-04-13T09:57:43.371+0000] {logging_mixin.py:150} INFO - [2025-04-13T09:57:43.371+0000] {dag.py:2742} INFO - Sync 1 DAGs
[2025-04-13T09:57:43.384+0000] {logging_mixin.py:150} INFO - [2025-04-13T09:57:43.384+0000] {dag.py:3504} INFO - Setting next_dagrun for transform_dag to None, run_after=None
[2025-04-13T09:57:43.397+0000] {processor.py:179} INFO - Processing /workspaces/hands-on-introduction-data-engineering-4395021/airflow/dags/first_try/transform_dag.py took 0.273 seconds
[2025-04-13T09:58:13.522+0000] {processor.py:157} INFO - Started process (PID=12762) to work on /workspaces/hands-on-introduction-data-engineering-4395021/airflow/dags/first_try/transform_dag.py
[2025-04-13T09:58:13.523+0000] {processor.py:826} INFO - Processing file /workspaces/hands-on-introduction-data-engineering-4395021/airflow/dags/first_try/transform_dag.py for tasks to queue
[2025-04-13T09:58:13.523+0000] {logging_mixin.py:150} INFO - [2025-04-13T09:58:13.523+0000] {dagbag.py:541} INFO - Filling up the DagBag from /workspaces/hands-on-introduction-data-engineering-4395021/airflow/dags/first_try/transform_dag.py
[2025-04-13T09:58:13.750+0000] {processor.py:836} INFO - DAG(s) dict_keys(['transform_dag']) retrieved from /workspaces/hands-on-introduction-data-engineering-4395021/airflow/dags/first_try/transform_dag.py
[2025-04-13T09:58:13.763+0000] {logging_mixin.py:150} INFO - [2025-04-13T09:58:13.763+0000] {dag.py:2742} INFO - Sync 1 DAGs
[2025-04-13T09:58:13.777+0000] {logging_mixin.py:150} INFO - [2025-04-13T09:58:13.777+0000] {dag.py:3504} INFO - Setting next_dagrun for transform_dag to None, run_after=None
[2025-04-13T09:58:13.790+0000] {processor.py:179} INFO - Processing /workspaces/hands-on-introduction-data-engineering-4395021/airflow/dags/first_try/transform_dag.py took 0.270 seconds
[2025-04-13T09:58:44.025+0000] {processor.py:157} INFO - Started process (PID=12965) to work on /workspaces/hands-on-introduction-data-engineering-4395021/airflow/dags/first_try/transform_dag.py
[2025-04-13T09:58:44.026+0000] {processor.py:826} INFO - Processing file /workspaces/hands-on-introduction-data-engineering-4395021/airflow/dags/first_try/transform_dag.py for tasks to queue
[2025-04-13T09:58:44.027+0000] {logging_mixin.py:150} INFO - [2025-04-13T09:58:44.027+0000] {dagbag.py:541} INFO - Filling up the DagBag from /workspaces/hands-on-introduction-data-engineering-4395021/airflow/dags/first_try/transform_dag.py
[2025-04-13T09:58:44.267+0000] {processor.py:836} INFO - DAG(s) dict_keys(['transform_dag']) retrieved from /workspaces/hands-on-introduction-data-engineering-4395021/airflow/dags/first_try/transform_dag.py
[2025-04-13T09:58:44.282+0000] {logging_mixin.py:150} INFO - [2025-04-13T09:58:44.282+0000] {dag.py:2742} INFO - Sync 1 DAGs
[2025-04-13T09:58:44.310+0000] {logging_mixin.py:150} INFO - [2025-04-13T09:58:44.310+0000] {dag.py:3504} INFO - Setting next_dagrun for transform_dag to None, run_after=None
[2025-04-13T09:58:44.326+0000] {processor.py:179} INFO - Processing /workspaces/hands-on-introduction-data-engineering-4395021/airflow/dags/first_try/transform_dag.py took 0.305 seconds
[2025-04-13T09:59:14.656+0000] {processor.py:157} INFO - Started process (PID=13170) to work on /workspaces/hands-on-introduction-data-engineering-4395021/airflow/dags/first_try/transform_dag.py
[2025-04-13T09:59:14.657+0000] {processor.py:826} INFO - Processing file /workspaces/hands-on-introduction-data-engineering-4395021/airflow/dags/first_try/transform_dag.py for tasks to queue
[2025-04-13T09:59:14.658+0000] {logging_mixin.py:150} INFO - [2025-04-13T09:59:14.657+0000] {dagbag.py:541} INFO - Filling up the DagBag from /workspaces/hands-on-introduction-data-engineering-4395021/airflow/dags/first_try/transform_dag.py
[2025-04-13T09:59:14.881+0000] {processor.py:836} INFO - DAG(s) dict_keys(['transform_dag']) retrieved from /workspaces/hands-on-introduction-data-engineering-4395021/airflow/dags/first_try/transform_dag.py
[2025-04-13T09:59:14.895+0000] {logging_mixin.py:150} INFO - [2025-04-13T09:59:14.895+0000] {dag.py:2742} INFO - Sync 1 DAGs
[2025-04-13T09:59:14.908+0000] {logging_mixin.py:150} INFO - [2025-04-13T09:59:14.908+0000] {dag.py:3504} INFO - Setting next_dagrun for transform_dag to None, run_after=None
[2025-04-13T09:59:14.921+0000] {processor.py:179} INFO - Processing /workspaces/hands-on-introduction-data-engineering-4395021/airflow/dags/first_try/transform_dag.py took 0.267 seconds
[2025-04-13T09:59:45.157+0000] {processor.py:157} INFO - Started process (PID=13381) to work on /workspaces/hands-on-introduction-data-engineering-4395021/airflow/dags/first_try/transform_dag.py
[2025-04-13T09:59:45.157+0000] {processor.py:826} INFO - Processing file /workspaces/hands-on-introduction-data-engineering-4395021/airflow/dags/first_try/transform_dag.py for tasks to queue
[2025-04-13T09:59:45.158+0000] {logging_mixin.py:150} INFO - [2025-04-13T09:59:45.158+0000] {dagbag.py:541} INFO - Filling up the DagBag from /workspaces/hands-on-introduction-data-engineering-4395021/airflow/dags/first_try/transform_dag.py
[2025-04-13T09:59:45.384+0000] {processor.py:836} INFO - DAG(s) dict_keys(['transform_dag']) retrieved from /workspaces/hands-on-introduction-data-engineering-4395021/airflow/dags/first_try/transform_dag.py
[2025-04-13T09:59:45.398+0000] {logging_mixin.py:150} INFO - [2025-04-13T09:59:45.398+0000] {dag.py:2742} INFO - Sync 1 DAGs
[2025-04-13T09:59:45.411+0000] {logging_mixin.py:150} INFO - [2025-04-13T09:59:45.411+0000] {dag.py:3504} INFO - Setting next_dagrun for transform_dag to None, run_after=None
[2025-04-13T09:59:45.424+0000] {processor.py:179} INFO - Processing /workspaces/hands-on-introduction-data-engineering-4395021/airflow/dags/first_try/transform_dag.py took 0.269 seconds
[2025-04-13T10:00:15.685+0000] {processor.py:157} INFO - Started process (PID=13596) to work on /workspaces/hands-on-introduction-data-engineering-4395021/airflow/dags/first_try/transform_dag.py
[2025-04-13T10:00:15.685+0000] {processor.py:826} INFO - Processing file /workspaces/hands-on-introduction-data-engineering-4395021/airflow/dags/first_try/transform_dag.py for tasks to queue
[2025-04-13T10:00:15.686+0000] {logging_mixin.py:150} INFO - [2025-04-13T10:00:15.686+0000] {dagbag.py:541} INFO - Filling up the DagBag from /workspaces/hands-on-introduction-data-engineering-4395021/airflow/dags/first_try/transform_dag.py
[2025-04-13T10:00:15.911+0000] {processor.py:836} INFO - DAG(s) dict_keys(['transform_dag']) retrieved from /workspaces/hands-on-introduction-data-engineering-4395021/airflow/dags/first_try/transform_dag.py
[2025-04-13T10:00:15.925+0000] {logging_mixin.py:150} INFO - [2025-04-13T10:00:15.924+0000] {dag.py:2742} INFO - Sync 1 DAGs
[2025-04-13T10:00:15.937+0000] {logging_mixin.py:150} INFO - [2025-04-13T10:00:15.937+0000] {dag.py:3504} INFO - Setting next_dagrun for transform_dag to None, run_after=None
[2025-04-13T10:00:15.950+0000] {processor.py:179} INFO - Processing /workspaces/hands-on-introduction-data-engineering-4395021/airflow/dags/first_try/transform_dag.py took 0.268 seconds
[2025-04-13T10:00:46.256+0000] {processor.py:157} INFO - Started process (PID=13805) to work on /workspaces/hands-on-introduction-data-engineering-4395021/airflow/dags/first_try/transform_dag.py
[2025-04-13T10:00:46.258+0000] {processor.py:826} INFO - Processing file /workspaces/hands-on-introduction-data-engineering-4395021/airflow/dags/first_try/transform_dag.py for tasks to queue
[2025-04-13T10:00:46.259+0000] {logging_mixin.py:150} INFO - [2025-04-13T10:00:46.259+0000] {dagbag.py:541} INFO - Filling up the DagBag from /workspaces/hands-on-introduction-data-engineering-4395021/airflow/dags/first_try/transform_dag.py
[2025-04-13T10:00:46.669+0000] {processor.py:836} INFO - DAG(s) dict_keys(['transform_dag']) retrieved from /workspaces/hands-on-introduction-data-engineering-4395021/airflow/dags/first_try/transform_dag.py
[2025-04-13T10:00:46.684+0000] {logging_mixin.py:150} INFO - [2025-04-13T10:00:46.683+0000] {dag.py:2742} INFO - Sync 1 DAGs
[2025-04-13T10:00:46.699+0000] {logging_mixin.py:150} INFO - [2025-04-13T10:00:46.698+0000] {dag.py:3504} INFO - Setting next_dagrun for transform_dag to None, run_after=None
[2025-04-13T10:00:46.713+0000] {processor.py:179} INFO - Processing /workspaces/hands-on-introduction-data-engineering-4395021/airflow/dags/first_try/transform_dag.py took 0.460 seconds
[2025-04-13T10:01:16.845+0000] {processor.py:157} INFO - Started process (PID=14009) to work on /workspaces/hands-on-introduction-data-engineering-4395021/airflow/dags/first_try/transform_dag.py
[2025-04-13T10:01:16.846+0000] {processor.py:826} INFO - Processing file /workspaces/hands-on-introduction-data-engineering-4395021/airflow/dags/first_try/transform_dag.py for tasks to queue
[2025-04-13T10:01:16.846+0000] {logging_mixin.py:150} INFO - [2025-04-13T10:01:16.846+0000] {dagbag.py:541} INFO - Filling up the DagBag from /workspaces/hands-on-introduction-data-engineering-4395021/airflow/dags/first_try/transform_dag.py
[2025-04-13T10:01:17.083+0000] {processor.py:836} INFO - DAG(s) dict_keys(['transform_dag']) retrieved from /workspaces/hands-on-introduction-data-engineering-4395021/airflow/dags/first_try/transform_dag.py
[2025-04-13T10:01:17.097+0000] {logging_mixin.py:150} INFO - [2025-04-13T10:01:17.097+0000] {dag.py:2742} INFO - Sync 1 DAGs
[2025-04-13T10:01:17.111+0000] {logging_mixin.py:150} INFO - [2025-04-13T10:01:17.111+0000] {dag.py:3504} INFO - Setting next_dagrun for transform_dag to None, run_after=None
[2025-04-13T10:01:17.124+0000] {processor.py:179} INFO - Processing /workspaces/hands-on-introduction-data-engineering-4395021/airflow/dags/first_try/transform_dag.py took 0.281 seconds
[2025-04-13T10:01:47.234+0000] {processor.py:157} INFO - Started process (PID=14222) to work on /workspaces/hands-on-introduction-data-engineering-4395021/airflow/dags/first_try/transform_dag.py
[2025-04-13T10:01:47.235+0000] {processor.py:826} INFO - Processing file /workspaces/hands-on-introduction-data-engineering-4395021/airflow/dags/first_try/transform_dag.py for tasks to queue
[2025-04-13T10:01:47.235+0000] {logging_mixin.py:150} INFO - [2025-04-13T10:01:47.235+0000] {dagbag.py:541} INFO - Filling up the DagBag from /workspaces/hands-on-introduction-data-engineering-4395021/airflow/dags/first_try/transform_dag.py
[2025-04-13T10:01:47.471+0000] {processor.py:836} INFO - DAG(s) dict_keys(['transform_dag']) retrieved from /workspaces/hands-on-introduction-data-engineering-4395021/airflow/dags/first_try/transform_dag.py
[2025-04-13T10:01:47.493+0000] {logging_mixin.py:150} INFO - [2025-04-13T10:01:47.492+0000] {dag.py:2742} INFO - Sync 1 DAGs
[2025-04-13T10:01:47.513+0000] {logging_mixin.py:150} INFO - [2025-04-13T10:01:47.513+0000] {dag.py:3504} INFO - Setting next_dagrun for transform_dag to None, run_after=None
[2025-04-13T10:01:47.536+0000] {processor.py:179} INFO - Processing /workspaces/hands-on-introduction-data-engineering-4395021/airflow/dags/first_try/transform_dag.py took 0.304 seconds
[2025-04-13T10:02:17.773+0000] {processor.py:157} INFO - Started process (PID=14433) to work on /workspaces/hands-on-introduction-data-engineering-4395021/airflow/dags/first_try/transform_dag.py
[2025-04-13T10:02:17.774+0000] {processor.py:826} INFO - Processing file /workspaces/hands-on-introduction-data-engineering-4395021/airflow/dags/first_try/transform_dag.py for tasks to queue
[2025-04-13T10:02:17.775+0000] {logging_mixin.py:150} INFO - [2025-04-13T10:02:17.774+0000] {dagbag.py:541} INFO - Filling up the DagBag from /workspaces/hands-on-introduction-data-engineering-4395021/airflow/dags/first_try/transform_dag.py
[2025-04-13T10:02:18.035+0000] {processor.py:836} INFO - DAG(s) dict_keys(['transform_dag']) retrieved from /workspaces/hands-on-introduction-data-engineering-4395021/airflow/dags/first_try/transform_dag.py
[2025-04-13T10:02:18.049+0000] {logging_mixin.py:150} INFO - [2025-04-13T10:02:18.049+0000] {dag.py:2742} INFO - Sync 1 DAGs
[2025-04-13T10:02:18.062+0000] {logging_mixin.py:150} INFO - [2025-04-13T10:02:18.062+0000] {dag.py:3504} INFO - Setting next_dagrun for transform_dag to None, run_after=None
[2025-04-13T10:02:18.075+0000] {processor.py:179} INFO - Processing /workspaces/hands-on-introduction-data-engineering-4395021/airflow/dags/first_try/transform_dag.py took 0.304 seconds
[2025-04-13T10:02:49.827+0000] {processor.py:157} INFO - Started process (PID=14658) to work on /workspaces/hands-on-introduction-data-engineering-4395021/airflow/dags/first_try/transform_dag.py
[2025-04-13T10:02:49.828+0000] {processor.py:826} INFO - Processing file /workspaces/hands-on-introduction-data-engineering-4395021/airflow/dags/first_try/transform_dag.py for tasks to queue
[2025-04-13T10:02:49.828+0000] {logging_mixin.py:150} INFO - [2025-04-13T10:02:49.828+0000] {dagbag.py:541} INFO - Filling up the DagBag from /workspaces/hands-on-introduction-data-engineering-4395021/airflow/dags/first_try/transform_dag.py
[2025-04-13T10:02:50.057+0000] {processor.py:836} INFO - DAG(s) dict_keys(['transform_dag']) retrieved from /workspaces/hands-on-introduction-data-engineering-4395021/airflow/dags/first_try/transform_dag.py
[2025-04-13T10:02:50.075+0000] {logging_mixin.py:150} INFO - [2025-04-13T10:02:50.074+0000] {dag.py:2742} INFO - Sync 1 DAGs
[2025-04-13T10:02:50.095+0000] {logging_mixin.py:150} INFO - [2025-04-13T10:02:50.095+0000] {dag.py:3504} INFO - Setting next_dagrun for transform_dag to None, run_after=None
[2025-04-13T10:02:50.111+0000] {processor.py:179} INFO - Processing /workspaces/hands-on-introduction-data-engineering-4395021/airflow/dags/first_try/transform_dag.py took 0.286 seconds
[2025-04-13T10:03:20.139+0000] {processor.py:157} INFO - Started process (PID=14863) to work on /workspaces/hands-on-introduction-data-engineering-4395021/airflow/dags/first_try/transform_dag.py
[2025-04-13T10:03:20.139+0000] {processor.py:826} INFO - Processing file /workspaces/hands-on-introduction-data-engineering-4395021/airflow/dags/first_try/transform_dag.py for tasks to queue
[2025-04-13T10:03:20.140+0000] {logging_mixin.py:150} INFO - [2025-04-13T10:03:20.140+0000] {dagbag.py:541} INFO - Filling up the DagBag from /workspaces/hands-on-introduction-data-engineering-4395021/airflow/dags/first_try/transform_dag.py
[2025-04-13T10:03:20.381+0000] {processor.py:836} INFO - DAG(s) dict_keys(['transform_dag']) retrieved from /workspaces/hands-on-introduction-data-engineering-4395021/airflow/dags/first_try/transform_dag.py
[2025-04-13T10:03:20.395+0000] {logging_mixin.py:150} INFO - [2025-04-13T10:03:20.395+0000] {dag.py:2742} INFO - Sync 1 DAGs
[2025-04-13T10:03:20.408+0000] {logging_mixin.py:150} INFO - [2025-04-13T10:03:20.407+0000] {dag.py:3504} INFO - Setting next_dagrun for transform_dag to None, run_after=None
[2025-04-13T10:03:20.420+0000] {processor.py:179} INFO - Processing /workspaces/hands-on-introduction-data-engineering-4395021/airflow/dags/first_try/transform_dag.py took 0.284 seconds
[2025-04-13T10:03:51.443+0000] {processor.py:157} INFO - Started process (PID=15171) to work on /workspaces/hands-on-introduction-data-engineering-4395021/airflow/dags/first_try/transform_dag.py
[2025-04-13T10:03:51.443+0000] {processor.py:826} INFO - Processing file /workspaces/hands-on-introduction-data-engineering-4395021/airflow/dags/first_try/transform_dag.py for tasks to queue
[2025-04-13T10:03:51.444+0000] {logging_mixin.py:150} INFO - [2025-04-13T10:03:51.444+0000] {dagbag.py:541} INFO - Filling up the DagBag from /workspaces/hands-on-introduction-data-engineering-4395021/airflow/dags/first_try/transform_dag.py
[2025-04-13T10:03:51.675+0000] {processor.py:836} INFO - DAG(s) dict_keys(['transform_dag']) retrieved from /workspaces/hands-on-introduction-data-engineering-4395021/airflow/dags/first_try/transform_dag.py
[2025-04-13T10:03:51.691+0000] {logging_mixin.py:150} INFO - [2025-04-13T10:03:51.691+0000] {dag.py:2742} INFO - Sync 1 DAGs
[2025-04-13T10:03:51.704+0000] {logging_mixin.py:150} INFO - [2025-04-13T10:03:51.703+0000] {dag.py:3504} INFO - Setting next_dagrun for transform_dag to None, run_after=None
[2025-04-13T10:03:51.716+0000] {processor.py:179} INFO - Processing /workspaces/hands-on-introduction-data-engineering-4395021/airflow/dags/first_try/transform_dag.py took 0.276 seconds
[2025-04-13T10:04:21.915+0000] {processor.py:157} INFO - Started process (PID=15422) to work on /workspaces/hands-on-introduction-data-engineering-4395021/airflow/dags/first_try/transform_dag.py
[2025-04-13T10:04:21.916+0000] {processor.py:826} INFO - Processing file /workspaces/hands-on-introduction-data-engineering-4395021/airflow/dags/first_try/transform_dag.py for tasks to queue
[2025-04-13T10:04:21.916+0000] {logging_mixin.py:150} INFO - [2025-04-13T10:04:21.916+0000] {dagbag.py:541} INFO - Filling up the DagBag from /workspaces/hands-on-introduction-data-engineering-4395021/airflow/dags/first_try/transform_dag.py
[2025-04-13T10:04:22.141+0000] {processor.py:836} INFO - DAG(s) dict_keys(['transform_dag']) retrieved from /workspaces/hands-on-introduction-data-engineering-4395021/airflow/dags/first_try/transform_dag.py
[2025-04-13T10:04:22.155+0000] {logging_mixin.py:150} INFO - [2025-04-13T10:04:22.155+0000] {dag.py:2742} INFO - Sync 1 DAGs
[2025-04-13T10:04:22.167+0000] {logging_mixin.py:150} INFO - [2025-04-13T10:04:22.167+0000] {dag.py:3504} INFO - Setting next_dagrun for transform_dag to None, run_after=None
[2025-04-13T10:04:22.180+0000] {processor.py:179} INFO - Processing /workspaces/hands-on-introduction-data-engineering-4395021/airflow/dags/first_try/transform_dag.py took 0.267 seconds
[2025-04-13T10:04:52.598+0000] {processor.py:157} INFO - Started process (PID=15639) to work on /workspaces/hands-on-introduction-data-engineering-4395021/airflow/dags/first_try/transform_dag.py
[2025-04-13T10:04:52.599+0000] {processor.py:826} INFO - Processing file /workspaces/hands-on-introduction-data-engineering-4395021/airflow/dags/first_try/transform_dag.py for tasks to queue
[2025-04-13T10:04:52.600+0000] {logging_mixin.py:150} INFO - [2025-04-13T10:04:52.600+0000] {dagbag.py:541} INFO - Filling up the DagBag from /workspaces/hands-on-introduction-data-engineering-4395021/airflow/dags/first_try/transform_dag.py
[2025-04-13T10:04:52.927+0000] {processor.py:836} INFO - DAG(s) dict_keys(['transform_dag']) retrieved from /workspaces/hands-on-introduction-data-engineering-4395021/airflow/dags/first_try/transform_dag.py
[2025-04-13T10:04:52.941+0000] {logging_mixin.py:150} INFO - [2025-04-13T10:04:52.941+0000] {dag.py:2742} INFO - Sync 1 DAGs
[2025-04-13T10:04:52.955+0000] {logging_mixin.py:150} INFO - [2025-04-13T10:04:52.955+0000] {dag.py:3504} INFO - Setting next_dagrun for transform_dag to None, run_after=None
[2025-04-13T10:04:52.969+0000] {processor.py:179} INFO - Processing /workspaces/hands-on-introduction-data-engineering-4395021/airflow/dags/first_try/transform_dag.py took 0.373 seconds
[2025-04-13T10:05:23.146+0000] {processor.py:157} INFO - Started process (PID=15849) to work on /workspaces/hands-on-introduction-data-engineering-4395021/airflow/dags/first_try/transform_dag.py
[2025-04-13T10:05:23.146+0000] {processor.py:826} INFO - Processing file /workspaces/hands-on-introduction-data-engineering-4395021/airflow/dags/first_try/transform_dag.py for tasks to queue
[2025-04-13T10:05:23.147+0000] {logging_mixin.py:150} INFO - [2025-04-13T10:05:23.147+0000] {dagbag.py:541} INFO - Filling up the DagBag from /workspaces/hands-on-introduction-data-engineering-4395021/airflow/dags/first_try/transform_dag.py
[2025-04-13T10:05:23.372+0000] {processor.py:836} INFO - DAG(s) dict_keys(['transform_dag']) retrieved from /workspaces/hands-on-introduction-data-engineering-4395021/airflow/dags/first_try/transform_dag.py
[2025-04-13T10:05:23.387+0000] {logging_mixin.py:150} INFO - [2025-04-13T10:05:23.387+0000] {dag.py:2742} INFO - Sync 1 DAGs
[2025-04-13T10:05:23.401+0000] {logging_mixin.py:150} INFO - [2025-04-13T10:05:23.401+0000] {dag.py:3504} INFO - Setting next_dagrun for transform_dag to None, run_after=None
[2025-04-13T10:05:23.414+0000] {processor.py:179} INFO - Processing /workspaces/hands-on-introduction-data-engineering-4395021/airflow/dags/first_try/transform_dag.py took 0.270 seconds
[2025-04-13T10:05:54.538+0000] {processor.py:157} INFO - Started process (PID=16066) to work on /workspaces/hands-on-introduction-data-engineering-4395021/airflow/dags/first_try/transform_dag.py
[2025-04-13T10:05:54.539+0000] {processor.py:826} INFO - Processing file /workspaces/hands-on-introduction-data-engineering-4395021/airflow/dags/first_try/transform_dag.py for tasks to queue
[2025-04-13T10:05:54.539+0000] {logging_mixin.py:150} INFO - [2025-04-13T10:05:54.539+0000] {dagbag.py:541} INFO - Filling up the DagBag from /workspaces/hands-on-introduction-data-engineering-4395021/airflow/dags/first_try/transform_dag.py
[2025-04-13T10:05:54.799+0000] {processor.py:836} INFO - DAG(s) dict_keys(['transform_dag']) retrieved from /workspaces/hands-on-introduction-data-engineering-4395021/airflow/dags/first_try/transform_dag.py
[2025-04-13T10:05:54.820+0000] {logging_mixin.py:150} INFO - [2025-04-13T10:05:54.819+0000] {dag.py:2742} INFO - Sync 1 DAGs
[2025-04-13T10:05:54.841+0000] {logging_mixin.py:150} INFO - [2025-04-13T10:05:54.841+0000] {dag.py:3504} INFO - Setting next_dagrun for transform_dag to None, run_after=None
[2025-04-13T10:05:54.860+0000] {processor.py:179} INFO - Processing /workspaces/hands-on-introduction-data-engineering-4395021/airflow/dags/first_try/transform_dag.py took 0.324 seconds
[2025-04-13T10:06:25.821+0000] {processor.py:157} INFO - Started process (PID=16288) to work on /workspaces/hands-on-introduction-data-engineering-4395021/airflow/dags/first_try/transform_dag.py
[2025-04-13T10:06:25.822+0000] {processor.py:826} INFO - Processing file /workspaces/hands-on-introduction-data-engineering-4395021/airflow/dags/first_try/transform_dag.py for tasks to queue
[2025-04-13T10:06:25.823+0000] {logging_mixin.py:150} INFO - [2025-04-13T10:06:25.822+0000] {dagbag.py:541} INFO - Filling up the DagBag from /workspaces/hands-on-introduction-data-engineering-4395021/airflow/dags/first_try/transform_dag.py
[2025-04-13T10:06:26.054+0000] {processor.py:836} INFO - DAG(s) dict_keys(['transform_dag']) retrieved from /workspaces/hands-on-introduction-data-engineering-4395021/airflow/dags/first_try/transform_dag.py
[2025-04-13T10:06:26.075+0000] {logging_mixin.py:150} INFO - [2025-04-13T10:06:26.074+0000] {dag.py:2742} INFO - Sync 1 DAGs
[2025-04-13T10:06:26.090+0000] {logging_mixin.py:150} INFO - [2025-04-13T10:06:26.089+0000] {dag.py:3504} INFO - Setting next_dagrun for transform_dag to None, run_after=None
[2025-04-13T10:06:26.103+0000] {processor.py:179} INFO - Processing /workspaces/hands-on-introduction-data-engineering-4395021/airflow/dags/first_try/transform_dag.py took 0.284 seconds
[2025-04-13T10:06:57.067+0000] {processor.py:157} INFO - Started process (PID=16487) to work on /workspaces/hands-on-introduction-data-engineering-4395021/airflow/dags/first_try/transform_dag.py
[2025-04-13T10:06:57.067+0000] {processor.py:826} INFO - Processing file /workspaces/hands-on-introduction-data-engineering-4395021/airflow/dags/first_try/transform_dag.py for tasks to queue
[2025-04-13T10:06:57.068+0000] {logging_mixin.py:150} INFO - [2025-04-13T10:06:57.068+0000] {dagbag.py:541} INFO - Filling up the DagBag from /workspaces/hands-on-introduction-data-engineering-4395021/airflow/dags/first_try/transform_dag.py
[2025-04-13T10:06:57.292+0000] {processor.py:836} INFO - DAG(s) dict_keys(['transform_dag']) retrieved from /workspaces/hands-on-introduction-data-engineering-4395021/airflow/dags/first_try/transform_dag.py
[2025-04-13T10:06:57.307+0000] {logging_mixin.py:150} INFO - [2025-04-13T10:06:57.307+0000] {dag.py:2742} INFO - Sync 1 DAGs
[2025-04-13T10:06:57.319+0000] {logging_mixin.py:150} INFO - [2025-04-13T10:06:57.319+0000] {dag.py:3504} INFO - Setting next_dagrun for transform_dag to None, run_after=None
[2025-04-13T10:06:57.333+0000] {processor.py:179} INFO - Processing /workspaces/hands-on-introduction-data-engineering-4395021/airflow/dags/first_try/transform_dag.py took 0.268 seconds
[2025-04-13T10:07:27.569+0000] {processor.py:157} INFO - Started process (PID=16696) to work on /workspaces/hands-on-introduction-data-engineering-4395021/airflow/dags/first_try/transform_dag.py
[2025-04-13T10:07:27.569+0000] {processor.py:826} INFO - Processing file /workspaces/hands-on-introduction-data-engineering-4395021/airflow/dags/first_try/transform_dag.py for tasks to queue
[2025-04-13T10:07:27.570+0000] {logging_mixin.py:150} INFO - [2025-04-13T10:07:27.570+0000] {dagbag.py:541} INFO - Filling up the DagBag from /workspaces/hands-on-introduction-data-engineering-4395021/airflow/dags/first_try/transform_dag.py
[2025-04-13T10:07:27.827+0000] {processor.py:836} INFO - DAG(s) dict_keys(['transform_dag']) retrieved from /workspaces/hands-on-introduction-data-engineering-4395021/airflow/dags/first_try/transform_dag.py
[2025-04-13T10:07:27.842+0000] {logging_mixin.py:150} INFO - [2025-04-13T10:07:27.842+0000] {dag.py:2742} INFO - Sync 1 DAGs
[2025-04-13T10:07:27.854+0000] {logging_mixin.py:150} INFO - [2025-04-13T10:07:27.854+0000] {dag.py:3504} INFO - Setting next_dagrun for transform_dag to None, run_after=None
[2025-04-13T10:07:27.868+0000] {processor.py:179} INFO - Processing /workspaces/hands-on-introduction-data-engineering-4395021/airflow/dags/first_try/transform_dag.py took 0.301 seconds
[2025-04-13T10:07:58.141+0000] {processor.py:157} INFO - Started process (PID=16912) to work on /workspaces/hands-on-introduction-data-engineering-4395021/airflow/dags/first_try/transform_dag.py
[2025-04-13T10:07:58.144+0000] {processor.py:826} INFO - Processing file /workspaces/hands-on-introduction-data-engineering-4395021/airflow/dags/first_try/transform_dag.py for tasks to queue
[2025-04-13T10:07:58.144+0000] {logging_mixin.py:150} INFO - [2025-04-13T10:07:58.144+0000] {dagbag.py:541} INFO - Filling up the DagBag from /workspaces/hands-on-introduction-data-engineering-4395021/airflow/dags/first_try/transform_dag.py
[2025-04-13T10:07:58.413+0000] {processor.py:836} INFO - DAG(s) dict_keys(['transform_dag']) retrieved from /workspaces/hands-on-introduction-data-engineering-4395021/airflow/dags/first_try/transform_dag.py
[2025-04-13T10:07:58.427+0000] {logging_mixin.py:150} INFO - [2025-04-13T10:07:58.427+0000] {dag.py:2742} INFO - Sync 1 DAGs
[2025-04-13T10:07:58.439+0000] {logging_mixin.py:150} INFO - [2025-04-13T10:07:58.439+0000] {dag.py:3504} INFO - Setting next_dagrun for transform_dag to None, run_after=None
[2025-04-13T10:07:58.452+0000] {processor.py:179} INFO - Processing /workspaces/hands-on-introduction-data-engineering-4395021/airflow/dags/first_try/transform_dag.py took 0.316 seconds
[2025-04-13T10:08:28.699+0000] {processor.py:157} INFO - Started process (PID=17115) to work on /workspaces/hands-on-introduction-data-engineering-4395021/airflow/dags/first_try/transform_dag.py
[2025-04-13T10:08:28.700+0000] {processor.py:826} INFO - Processing file /workspaces/hands-on-introduction-data-engineering-4395021/airflow/dags/first_try/transform_dag.py for tasks to queue
[2025-04-13T10:08:28.703+0000] {logging_mixin.py:150} INFO - [2025-04-13T10:08:28.703+0000] {dagbag.py:541} INFO - Filling up the DagBag from /workspaces/hands-on-introduction-data-engineering-4395021/airflow/dags/first_try/transform_dag.py
[2025-04-13T10:08:29.112+0000] {processor.py:836} INFO - DAG(s) dict_keys(['transform_dag']) retrieved from /workspaces/hands-on-introduction-data-engineering-4395021/airflow/dags/first_try/transform_dag.py
[2025-04-13T10:08:29.126+0000] {logging_mixin.py:150} INFO - [2025-04-13T10:08:29.126+0000] {dag.py:2742} INFO - Sync 1 DAGs
[2025-04-13T10:08:29.138+0000] {logging_mixin.py:150} INFO - [2025-04-13T10:08:29.138+0000] {dag.py:3504} INFO - Setting next_dagrun for transform_dag to None, run_after=None
[2025-04-13T10:08:29.152+0000] {processor.py:179} INFO - Processing /workspaces/hands-on-introduction-data-engineering-4395021/airflow/dags/first_try/transform_dag.py took 0.466 seconds
[2025-04-13T10:08:59.317+0000] {processor.py:157} INFO - Started process (PID=17326) to work on /workspaces/hands-on-introduction-data-engineering-4395021/airflow/dags/first_try/transform_dag.py
[2025-04-13T10:08:59.318+0000] {processor.py:826} INFO - Processing file /workspaces/hands-on-introduction-data-engineering-4395021/airflow/dags/first_try/transform_dag.py for tasks to queue
[2025-04-13T10:08:59.319+0000] {logging_mixin.py:150} INFO - [2025-04-13T10:08:59.319+0000] {dagbag.py:541} INFO - Filling up the DagBag from /workspaces/hands-on-introduction-data-engineering-4395021/airflow/dags/first_try/transform_dag.py
[2025-04-13T10:08:59.847+0000] {processor.py:836} INFO - DAG(s) dict_keys(['transform_dag']) retrieved from /workspaces/hands-on-introduction-data-engineering-4395021/airflow/dags/first_try/transform_dag.py
[2025-04-13T10:08:59.868+0000] {logging_mixin.py:150} INFO - [2025-04-13T10:08:59.868+0000] {dag.py:2742} INFO - Sync 1 DAGs
[2025-04-13T10:08:59.885+0000] {logging_mixin.py:150} INFO - [2025-04-13T10:08:59.885+0000] {dag.py:3504} INFO - Setting next_dagrun for transform_dag to None, run_after=None
[2025-04-13T10:08:59.899+0000] {processor.py:179} INFO - Processing /workspaces/hands-on-introduction-data-engineering-4395021/airflow/dags/first_try/transform_dag.py took 0.584 seconds
[2025-04-13T10:09:30.794+0000] {processor.py:157} INFO - Started process (PID=17517) to work on /workspaces/hands-on-introduction-data-engineering-4395021/airflow/dags/first_try/transform_dag.py
[2025-04-13T10:09:30.795+0000] {processor.py:826} INFO - Processing file /workspaces/hands-on-introduction-data-engineering-4395021/airflow/dags/first_try/transform_dag.py for tasks to queue
[2025-04-13T10:09:30.796+0000] {logging_mixin.py:150} INFO - [2025-04-13T10:09:30.795+0000] {dagbag.py:541} INFO - Filling up the DagBag from /workspaces/hands-on-introduction-data-engineering-4395021/airflow/dags/first_try/transform_dag.py
[2025-04-13T10:09:31.021+0000] {processor.py:836} INFO - DAG(s) dict_keys(['transform_dag']) retrieved from /workspaces/hands-on-introduction-data-engineering-4395021/airflow/dags/first_try/transform_dag.py
[2025-04-13T10:09:31.035+0000] {logging_mixin.py:150} INFO - [2025-04-13T10:09:31.035+0000] {dag.py:2742} INFO - Sync 1 DAGs
[2025-04-13T10:09:31.048+0000] {logging_mixin.py:150} INFO - [2025-04-13T10:09:31.048+0000] {dag.py:3504} INFO - Setting next_dagrun for transform_dag to None, run_after=None
[2025-04-13T10:09:31.062+0000] {processor.py:179} INFO - Processing /workspaces/hands-on-introduction-data-engineering-4395021/airflow/dags/first_try/transform_dag.py took 0.270 seconds
[2025-04-13T10:10:01.390+0000] {processor.py:157} INFO - Started process (PID=17716) to work on /workspaces/hands-on-introduction-data-engineering-4395021/airflow/dags/first_try/transform_dag.py
[2025-04-13T10:10:01.391+0000] {processor.py:826} INFO - Processing file /workspaces/hands-on-introduction-data-engineering-4395021/airflow/dags/first_try/transform_dag.py for tasks to queue
[2025-04-13T10:10:01.391+0000] {logging_mixin.py:150} INFO - [2025-04-13T10:10:01.391+0000] {dagbag.py:541} INFO - Filling up the DagBag from /workspaces/hands-on-introduction-data-engineering-4395021/airflow/dags/first_try/transform_dag.py
[2025-04-13T10:10:01.710+0000] {processor.py:836} INFO - DAG(s) dict_keys(['transform_dag']) retrieved from /workspaces/hands-on-introduction-data-engineering-4395021/airflow/dags/first_try/transform_dag.py
[2025-04-13T10:10:01.731+0000] {logging_mixin.py:150} INFO - [2025-04-13T10:10:01.730+0000] {dag.py:2742} INFO - Sync 1 DAGs
[2025-04-13T10:10:01.751+0000] {logging_mixin.py:150} INFO - [2025-04-13T10:10:01.750+0000] {dag.py:3504} INFO - Setting next_dagrun for transform_dag to None, run_after=None
[2025-04-13T10:10:01.774+0000] {processor.py:179} INFO - Processing /workspaces/hands-on-introduction-data-engineering-4395021/airflow/dags/first_try/transform_dag.py took 0.386 seconds
[2025-04-13T10:10:32.748+0000] {processor.py:157} INFO - Started process (PID=17930) to work on /workspaces/hands-on-introduction-data-engineering-4395021/airflow/dags/first_try/transform_dag.py
[2025-04-13T10:10:32.748+0000] {processor.py:826} INFO - Processing file /workspaces/hands-on-introduction-data-engineering-4395021/airflow/dags/first_try/transform_dag.py for tasks to queue
[2025-04-13T10:10:32.749+0000] {logging_mixin.py:150} INFO - [2025-04-13T10:10:32.749+0000] {dagbag.py:541} INFO - Filling up the DagBag from /workspaces/hands-on-introduction-data-engineering-4395021/airflow/dags/first_try/transform_dag.py
[2025-04-13T10:10:32.973+0000] {processor.py:836} INFO - DAG(s) dict_keys(['transform_dag']) retrieved from /workspaces/hands-on-introduction-data-engineering-4395021/airflow/dags/first_try/transform_dag.py
[2025-04-13T10:10:32.987+0000] {logging_mixin.py:150} INFO - [2025-04-13T10:10:32.986+0000] {dag.py:2742} INFO - Sync 1 DAGs
[2025-04-13T10:10:33.000+0000] {logging_mixin.py:150} INFO - [2025-04-13T10:10:33.000+0000] {dag.py:3504} INFO - Setting next_dagrun for transform_dag to None, run_after=None
[2025-04-13T10:10:33.014+0000] {processor.py:179} INFO - Processing /workspaces/hands-on-introduction-data-engineering-4395021/airflow/dags/first_try/transform_dag.py took 0.269 seconds
[2025-04-13T10:11:03.348+0000] {processor.py:157} INFO - Started process (PID=18118) to work on /workspaces/hands-on-introduction-data-engineering-4395021/airflow/dags/first_try/transform_dag.py
[2025-04-13T10:11:03.348+0000] {processor.py:826} INFO - Processing file /workspaces/hands-on-introduction-data-engineering-4395021/airflow/dags/first_try/transform_dag.py for tasks to queue
[2025-04-13T10:11:03.349+0000] {logging_mixin.py:150} INFO - [2025-04-13T10:11:03.349+0000] {dagbag.py:541} INFO - Filling up the DagBag from /workspaces/hands-on-introduction-data-engineering-4395021/airflow/dags/first_try/transform_dag.py
[2025-04-13T10:11:03.576+0000] {processor.py:836} INFO - DAG(s) dict_keys(['transform_dag']) retrieved from /workspaces/hands-on-introduction-data-engineering-4395021/airflow/dags/first_try/transform_dag.py
[2025-04-13T10:11:03.598+0000] {logging_mixin.py:150} INFO - [2025-04-13T10:11:03.598+0000] {dag.py:2742} INFO - Sync 1 DAGs
[2025-04-13T10:11:03.611+0000] {logging_mixin.py:150} INFO - [2025-04-13T10:11:03.611+0000] {dag.py:3504} INFO - Setting next_dagrun for transform_dag to None, run_after=None
[2025-04-13T10:11:03.625+0000] {processor.py:179} INFO - Processing /workspaces/hands-on-introduction-data-engineering-4395021/airflow/dags/first_try/transform_dag.py took 0.279 seconds
[2025-04-13T10:11:33.902+0000] {processor.py:157} INFO - Started process (PID=18308) to work on /workspaces/hands-on-introduction-data-engineering-4395021/airflow/dags/first_try/transform_dag.py
[2025-04-13T10:11:33.903+0000] {processor.py:826} INFO - Processing file /workspaces/hands-on-introduction-data-engineering-4395021/airflow/dags/first_try/transform_dag.py for tasks to queue
[2025-04-13T10:11:33.904+0000] {logging_mixin.py:150} INFO - [2025-04-13T10:11:33.904+0000] {dagbag.py:541} INFO - Filling up the DagBag from /workspaces/hands-on-introduction-data-engineering-4395021/airflow/dags/first_try/transform_dag.py
[2025-04-13T10:11:34.154+0000] {processor.py:836} INFO - DAG(s) dict_keys(['transform_dag']) retrieved from /workspaces/hands-on-introduction-data-engineering-4395021/airflow/dags/first_try/transform_dag.py
[2025-04-13T10:11:34.169+0000] {logging_mixin.py:150} INFO - [2025-04-13T10:11:34.169+0000] {dag.py:2742} INFO - Sync 1 DAGs
[2025-04-13T10:11:34.182+0000] {logging_mixin.py:150} INFO - [2025-04-13T10:11:34.182+0000] {dag.py:3504} INFO - Setting next_dagrun for transform_dag to None, run_after=None
[2025-04-13T10:11:34.197+0000] {processor.py:179} INFO - Processing /workspaces/hands-on-introduction-data-engineering-4395021/airflow/dags/first_try/transform_dag.py took 0.297 seconds
[2025-04-13T10:12:04.332+0000] {processor.py:157} INFO - Started process (PID=18490) to work on /workspaces/hands-on-introduction-data-engineering-4395021/airflow/dags/first_try/transform_dag.py
[2025-04-13T10:12:04.333+0000] {processor.py:826} INFO - Processing file /workspaces/hands-on-introduction-data-engineering-4395021/airflow/dags/first_try/transform_dag.py for tasks to queue
[2025-04-13T10:12:04.334+0000] {logging_mixin.py:150} INFO - [2025-04-13T10:12:04.334+0000] {dagbag.py:541} INFO - Filling up the DagBag from /workspaces/hands-on-introduction-data-engineering-4395021/airflow/dags/first_try/transform_dag.py
[2025-04-13T10:12:04.566+0000] {processor.py:836} INFO - DAG(s) dict_keys(['transform_dag']) retrieved from /workspaces/hands-on-introduction-data-engineering-4395021/airflow/dags/first_try/transform_dag.py
[2025-04-13T10:12:04.580+0000] {logging_mixin.py:150} INFO - [2025-04-13T10:12:04.580+0000] {dag.py:2742} INFO - Sync 1 DAGs
[2025-04-13T10:12:04.592+0000] {logging_mixin.py:150} INFO - [2025-04-13T10:12:04.592+0000] {dag.py:3504} INFO - Setting next_dagrun for transform_dag to None, run_after=None
[2025-04-13T10:12:04.606+0000] {processor.py:179} INFO - Processing /workspaces/hands-on-introduction-data-engineering-4395021/airflow/dags/first_try/transform_dag.py took 0.276 seconds
[2025-04-13T10:12:35.080+0000] {processor.py:157} INFO - Started process (PID=18677) to work on /workspaces/hands-on-introduction-data-engineering-4395021/airflow/dags/first_try/transform_dag.py
[2025-04-13T10:12:35.081+0000] {processor.py:826} INFO - Processing file /workspaces/hands-on-introduction-data-engineering-4395021/airflow/dags/first_try/transform_dag.py for tasks to queue
[2025-04-13T10:12:35.082+0000] {logging_mixin.py:150} INFO - [2025-04-13T10:12:35.081+0000] {dagbag.py:541} INFO - Filling up the DagBag from /workspaces/hands-on-introduction-data-engineering-4395021/airflow/dags/first_try/transform_dag.py
[2025-04-13T10:12:35.319+0000] {processor.py:836} INFO - DAG(s) dict_keys(['transform_dag']) retrieved from /workspaces/hands-on-introduction-data-engineering-4395021/airflow/dags/first_try/transform_dag.py
[2025-04-13T10:12:35.333+0000] {logging_mixin.py:150} INFO - [2025-04-13T10:12:35.333+0000] {dag.py:2742} INFO - Sync 1 DAGs
[2025-04-13T10:12:35.345+0000] {logging_mixin.py:150} INFO - [2025-04-13T10:12:35.345+0000] {dag.py:3504} INFO - Setting next_dagrun for transform_dag to None, run_after=None
[2025-04-13T10:12:35.359+0000] {processor.py:179} INFO - Processing /workspaces/hands-on-introduction-data-engineering-4395021/airflow/dags/first_try/transform_dag.py took 0.281 seconds
[2025-04-13T10:13:05.696+0000] {processor.py:157} INFO - Started process (PID=18873) to work on /workspaces/hands-on-introduction-data-engineering-4395021/airflow/dags/first_try/transform_dag.py
[2025-04-13T10:13:05.696+0000] {processor.py:826} INFO - Processing file /workspaces/hands-on-introduction-data-engineering-4395021/airflow/dags/first_try/transform_dag.py for tasks to queue
[2025-04-13T10:13:05.697+0000] {logging_mixin.py:150} INFO - [2025-04-13T10:13:05.697+0000] {dagbag.py:541} INFO - Filling up the DagBag from /workspaces/hands-on-introduction-data-engineering-4395021/airflow/dags/first_try/transform_dag.py
[2025-04-13T10:13:05.938+0000] {processor.py:836} INFO - DAG(s) dict_keys(['transform_dag']) retrieved from /workspaces/hands-on-introduction-data-engineering-4395021/airflow/dags/first_try/transform_dag.py
[2025-04-13T10:13:05.952+0000] {logging_mixin.py:150} INFO - [2025-04-13T10:13:05.952+0000] {dag.py:2742} INFO - Sync 1 DAGs
[2025-04-13T10:13:05.966+0000] {logging_mixin.py:150} INFO - [2025-04-13T10:13:05.966+0000] {dag.py:3504} INFO - Setting next_dagrun for transform_dag to None, run_after=None
[2025-04-13T10:13:05.979+0000] {processor.py:179} INFO - Processing /workspaces/hands-on-introduction-data-engineering-4395021/airflow/dags/first_try/transform_dag.py took 0.285 seconds
[2025-04-13T10:13:36.427+0000] {processor.py:157} INFO - Started process (PID=19061) to work on /workspaces/hands-on-introduction-data-engineering-4395021/airflow/dags/first_try/transform_dag.py
[2025-04-13T10:13:36.428+0000] {processor.py:826} INFO - Processing file /workspaces/hands-on-introduction-data-engineering-4395021/airflow/dags/first_try/transform_dag.py for tasks to queue
[2025-04-13T10:13:36.429+0000] {logging_mixin.py:150} INFO - [2025-04-13T10:13:36.428+0000] {dagbag.py:541} INFO - Filling up the DagBag from /workspaces/hands-on-introduction-data-engineering-4395021/airflow/dags/first_try/transform_dag.py
[2025-04-13T10:13:36.649+0000] {processor.py:836} INFO - DAG(s) dict_keys(['transform_dag']) retrieved from /workspaces/hands-on-introduction-data-engineering-4395021/airflow/dags/first_try/transform_dag.py
[2025-04-13T10:13:36.663+0000] {logging_mixin.py:150} INFO - [2025-04-13T10:13:36.662+0000] {dag.py:2742} INFO - Sync 1 DAGs
[2025-04-13T10:13:36.676+0000] {logging_mixin.py:150} INFO - [2025-04-13T10:13:36.676+0000] {dag.py:3504} INFO - Setting next_dagrun for transform_dag to None, run_after=None
[2025-04-13T10:13:36.688+0000] {processor.py:179} INFO - Processing /workspaces/hands-on-introduction-data-engineering-4395021/airflow/dags/first_try/transform_dag.py took 0.263 seconds
[2025-04-13T10:14:06.744+0000] {processor.py:157} INFO - Started process (PID=19241) to work on /workspaces/hands-on-introduction-data-engineering-4395021/airflow/dags/first_try/transform_dag.py
[2025-04-13T10:14:06.744+0000] {processor.py:826} INFO - Processing file /workspaces/hands-on-introduction-data-engineering-4395021/airflow/dags/first_try/transform_dag.py for tasks to queue
[2025-04-13T10:14:06.745+0000] {logging_mixin.py:150} INFO - [2025-04-13T10:14:06.745+0000] {dagbag.py:541} INFO - Filling up the DagBag from /workspaces/hands-on-introduction-data-engineering-4395021/airflow/dags/first_try/transform_dag.py
[2025-04-13T10:14:06.976+0000] {processor.py:836} INFO - DAG(s) dict_keys(['transform_dag']) retrieved from /workspaces/hands-on-introduction-data-engineering-4395021/airflow/dags/first_try/transform_dag.py
[2025-04-13T10:14:06.990+0000] {logging_mixin.py:150} INFO - [2025-04-13T10:14:06.990+0000] {dag.py:2742} INFO - Sync 1 DAGs
[2025-04-13T10:14:07.003+0000] {logging_mixin.py:150} INFO - [2025-04-13T10:14:07.003+0000] {dag.py:3504} INFO - Setting next_dagrun for transform_dag to None, run_after=None
[2025-04-13T10:14:07.016+0000] {processor.py:179} INFO - Processing /workspaces/hands-on-introduction-data-engineering-4395021/airflow/dags/first_try/transform_dag.py took 0.275 seconds
[2025-04-13T10:14:37.825+0000] {processor.py:157} INFO - Started process (PID=19448) to work on /workspaces/hands-on-introduction-data-engineering-4395021/airflow/dags/first_try/transform_dag.py
[2025-04-13T10:14:37.825+0000] {processor.py:826} INFO - Processing file /workspaces/hands-on-introduction-data-engineering-4395021/airflow/dags/first_try/transform_dag.py for tasks to queue
[2025-04-13T10:14:37.826+0000] {logging_mixin.py:150} INFO - [2025-04-13T10:14:37.826+0000] {dagbag.py:541} INFO - Filling up the DagBag from /workspaces/hands-on-introduction-data-engineering-4395021/airflow/dags/first_try/transform_dag.py
[2025-04-13T10:14:38.050+0000] {processor.py:836} INFO - DAG(s) dict_keys(['transform_dag']) retrieved from /workspaces/hands-on-introduction-data-engineering-4395021/airflow/dags/first_try/transform_dag.py
[2025-04-13T10:14:38.065+0000] {logging_mixin.py:150} INFO - [2025-04-13T10:14:38.064+0000] {dag.py:2742} INFO - Sync 1 DAGs
[2025-04-13T10:14:38.077+0000] {logging_mixin.py:150} INFO - [2025-04-13T10:14:38.077+0000] {dag.py:3504} INFO - Setting next_dagrun for transform_dag to None, run_after=None
[2025-04-13T10:14:38.090+0000] {processor.py:179} INFO - Processing /workspaces/hands-on-introduction-data-engineering-4395021/airflow/dags/first_try/transform_dag.py took 0.267 seconds
[2025-04-13T10:15:15.823+0000] {processor.py:157} INFO - Started process (PID=19686) to work on /workspaces/hands-on-introduction-data-engineering-4395021/airflow/dags/first_try/transform_dag.py
[2025-04-13T10:15:15.823+0000] {processor.py:826} INFO - Processing file /workspaces/hands-on-introduction-data-engineering-4395021/airflow/dags/first_try/transform_dag.py for tasks to queue
[2025-04-13T10:15:15.824+0000] {logging_mixin.py:150} INFO - [2025-04-13T10:15:15.824+0000] {dagbag.py:541} INFO - Filling up the DagBag from /workspaces/hands-on-introduction-data-engineering-4395021/airflow/dags/first_try/transform_dag.py
[2025-04-13T10:15:16.047+0000] {processor.py:836} INFO - DAG(s) dict_keys(['transform_dag']) retrieved from /workspaces/hands-on-introduction-data-engineering-4395021/airflow/dags/first_try/transform_dag.py
[2025-04-13T10:15:16.062+0000] {logging_mixin.py:150} INFO - [2025-04-13T10:15:16.061+0000] {dag.py:2742} INFO - Sync 1 DAGs
[2025-04-13T10:15:16.078+0000] {logging_mixin.py:150} INFO - [2025-04-13T10:15:16.078+0000] {dag.py:3504} INFO - Setting next_dagrun for transform_dag to None, run_after=None
[2025-04-13T10:15:16.096+0000] {processor.py:179} INFO - Processing /workspaces/hands-on-introduction-data-engineering-4395021/airflow/dags/first_try/transform_dag.py took 0.275 seconds
[2025-04-13T10:15:46.255+0000] {processor.py:157} INFO - Started process (PID=19867) to work on /workspaces/hands-on-introduction-data-engineering-4395021/airflow/dags/first_try/transform_dag.py
[2025-04-13T10:15:46.256+0000] {processor.py:826} INFO - Processing file /workspaces/hands-on-introduction-data-engineering-4395021/airflow/dags/first_try/transform_dag.py for tasks to queue
[2025-04-13T10:15:46.257+0000] {logging_mixin.py:150} INFO - [2025-04-13T10:15:46.256+0000] {dagbag.py:541} INFO - Filling up the DagBag from /workspaces/hands-on-introduction-data-engineering-4395021/airflow/dags/first_try/transform_dag.py
[2025-04-13T10:15:46.478+0000] {processor.py:836} INFO - DAG(s) dict_keys(['transform_dag']) retrieved from /workspaces/hands-on-introduction-data-engineering-4395021/airflow/dags/first_try/transform_dag.py
[2025-04-13T10:15:46.492+0000] {logging_mixin.py:150} INFO - [2025-04-13T10:15:46.492+0000] {dag.py:2742} INFO - Sync 1 DAGs
[2025-04-13T10:15:46.504+0000] {logging_mixin.py:150} INFO - [2025-04-13T10:15:46.504+0000] {dag.py:3504} INFO - Setting next_dagrun for transform_dag to None, run_after=None
[2025-04-13T10:15:46.517+0000] {processor.py:179} INFO - Processing /workspaces/hands-on-introduction-data-engineering-4395021/airflow/dags/first_try/transform_dag.py took 0.264 seconds
[2025-04-13T10:16:17.881+0000] {processor.py:157} INFO - Started process (PID=20062) to work on /workspaces/hands-on-introduction-data-engineering-4395021/airflow/dags/first_try/transform_dag.py
[2025-04-13T10:16:17.882+0000] {processor.py:826} INFO - Processing file /workspaces/hands-on-introduction-data-engineering-4395021/airflow/dags/first_try/transform_dag.py for tasks to queue
[2025-04-13T10:16:17.883+0000] {logging_mixin.py:150} INFO - [2025-04-13T10:16:17.882+0000] {dagbag.py:541} INFO - Filling up the DagBag from /workspaces/hands-on-introduction-data-engineering-4395021/airflow/dags/first_try/transform_dag.py
[2025-04-13T10:16:18.105+0000] {processor.py:836} INFO - DAG(s) dict_keys(['transform_dag']) retrieved from /workspaces/hands-on-introduction-data-engineering-4395021/airflow/dags/first_try/transform_dag.py
[2025-04-13T10:16:18.119+0000] {logging_mixin.py:150} INFO - [2025-04-13T10:16:18.119+0000] {dag.py:2742} INFO - Sync 1 DAGs
[2025-04-13T10:16:18.132+0000] {logging_mixin.py:150} INFO - [2025-04-13T10:16:18.132+0000] {dag.py:3504} INFO - Setting next_dagrun for transform_dag to None, run_after=None
[2025-04-13T10:16:18.146+0000] {processor.py:179} INFO - Processing /workspaces/hands-on-introduction-data-engineering-4395021/airflow/dags/first_try/transform_dag.py took 0.267 seconds
[2025-04-13T10:16:48.483+0000] {processor.py:157} INFO - Started process (PID=20249) to work on /workspaces/hands-on-introduction-data-engineering-4395021/airflow/dags/first_try/transform_dag.py
[2025-04-13T10:16:48.484+0000] {processor.py:826} INFO - Processing file /workspaces/hands-on-introduction-data-engineering-4395021/airflow/dags/first_try/transform_dag.py for tasks to queue
[2025-04-13T10:16:48.485+0000] {logging_mixin.py:150} INFO - [2025-04-13T10:16:48.485+0000] {dagbag.py:541} INFO - Filling up the DagBag from /workspaces/hands-on-introduction-data-engineering-4395021/airflow/dags/first_try/transform_dag.py
[2025-04-13T10:16:48.709+0000] {processor.py:836} INFO - DAG(s) dict_keys(['transform_dag']) retrieved from /workspaces/hands-on-introduction-data-engineering-4395021/airflow/dags/first_try/transform_dag.py
[2025-04-13T10:16:48.723+0000] {logging_mixin.py:150} INFO - [2025-04-13T10:16:48.722+0000] {dag.py:2742} INFO - Sync 1 DAGs
[2025-04-13T10:16:48.738+0000] {logging_mixin.py:150} INFO - [2025-04-13T10:16:48.738+0000] {dag.py:3504} INFO - Setting next_dagrun for transform_dag to None, run_after=None
[2025-04-13T10:16:48.752+0000] {processor.py:179} INFO - Processing /workspaces/hands-on-introduction-data-engineering-4395021/airflow/dags/first_try/transform_dag.py took 0.271 seconds
[2025-04-13T10:17:19.076+0000] {processor.py:157} INFO - Started process (PID=20431) to work on /workspaces/hands-on-introduction-data-engineering-4395021/airflow/dags/first_try/transform_dag.py
[2025-04-13T10:17:19.077+0000] {processor.py:826} INFO - Processing file /workspaces/hands-on-introduction-data-engineering-4395021/airflow/dags/first_try/transform_dag.py for tasks to queue
[2025-04-13T10:17:19.077+0000] {logging_mixin.py:150} INFO - [2025-04-13T10:17:19.077+0000] {dagbag.py:541} INFO - Filling up the DagBag from /workspaces/hands-on-introduction-data-engineering-4395021/airflow/dags/first_try/transform_dag.py
[2025-04-13T10:17:19.302+0000] {processor.py:836} INFO - DAG(s) dict_keys(['transform_dag']) retrieved from /workspaces/hands-on-introduction-data-engineering-4395021/airflow/dags/first_try/transform_dag.py
[2025-04-13T10:17:19.316+0000] {logging_mixin.py:150} INFO - [2025-04-13T10:17:19.316+0000] {dag.py:2742} INFO - Sync 1 DAGs
[2025-04-13T10:17:19.330+0000] {logging_mixin.py:150} INFO - [2025-04-13T10:17:19.330+0000] {dag.py:3504} INFO - Setting next_dagrun for transform_dag to None, run_after=None
[2025-04-13T10:17:19.343+0000] {processor.py:179} INFO - Processing /workspaces/hands-on-introduction-data-engineering-4395021/airflow/dags/first_try/transform_dag.py took 0.269 seconds
[2025-04-13T10:17:49.647+0000] {processor.py:157} INFO - Started process (PID=20619) to work on /workspaces/hands-on-introduction-data-engineering-4395021/airflow/dags/first_try/transform_dag.py
[2025-04-13T10:17:49.647+0000] {processor.py:826} INFO - Processing file /workspaces/hands-on-introduction-data-engineering-4395021/airflow/dags/first_try/transform_dag.py for tasks to queue
[2025-04-13T10:17:49.648+0000] {logging_mixin.py:150} INFO - [2025-04-13T10:17:49.648+0000] {dagbag.py:541} INFO - Filling up the DagBag from /workspaces/hands-on-introduction-data-engineering-4395021/airflow/dags/first_try/transform_dag.py
[2025-04-13T10:17:49.871+0000] {processor.py:836} INFO - DAG(s) dict_keys(['transform_dag']) retrieved from /workspaces/hands-on-introduction-data-engineering-4395021/airflow/dags/first_try/transform_dag.py
[2025-04-13T10:17:49.885+0000] {logging_mixin.py:150} INFO - [2025-04-13T10:17:49.885+0000] {dag.py:2742} INFO - Sync 1 DAGs
[2025-04-13T10:17:49.899+0000] {logging_mixin.py:150} INFO - [2025-04-13T10:17:49.898+0000] {dag.py:3504} INFO - Setting next_dagrun for transform_dag to None, run_after=None
[2025-04-13T10:17:49.911+0000] {processor.py:179} INFO - Processing /workspaces/hands-on-introduction-data-engineering-4395021/airflow/dags/first_try/transform_dag.py took 0.267 seconds
[2025-04-13T10:18:20.138+0000] {processor.py:157} INFO - Started process (PID=20806) to work on /workspaces/hands-on-introduction-data-engineering-4395021/airflow/dags/first_try/transform_dag.py
[2025-04-13T10:18:20.138+0000] {processor.py:826} INFO - Processing file /workspaces/hands-on-introduction-data-engineering-4395021/airflow/dags/first_try/transform_dag.py for tasks to queue
[2025-04-13T10:18:20.139+0000] {logging_mixin.py:150} INFO - [2025-04-13T10:18:20.139+0000] {dagbag.py:541} INFO - Filling up the DagBag from /workspaces/hands-on-introduction-data-engineering-4395021/airflow/dags/first_try/transform_dag.py
[2025-04-13T10:18:20.366+0000] {processor.py:836} INFO - DAG(s) dict_keys(['transform_dag']) retrieved from /workspaces/hands-on-introduction-data-engineering-4395021/airflow/dags/first_try/transform_dag.py
[2025-04-13T10:18:20.381+0000] {logging_mixin.py:150} INFO - [2025-04-13T10:18:20.380+0000] {dag.py:2742} INFO - Sync 1 DAGs
[2025-04-13T10:18:20.393+0000] {logging_mixin.py:150} INFO - [2025-04-13T10:18:20.393+0000] {dag.py:3504} INFO - Setting next_dagrun for transform_dag to None, run_after=None
[2025-04-13T10:18:20.406+0000] {processor.py:179} INFO - Processing /workspaces/hands-on-introduction-data-engineering-4395021/airflow/dags/first_try/transform_dag.py took 0.271 seconds
[2025-04-13T10:18:50.957+0000] {processor.py:157} INFO - Started process (PID=21011) to work on /workspaces/hands-on-introduction-data-engineering-4395021/airflow/dags/first_try/transform_dag.py
[2025-04-13T10:18:50.958+0000] {processor.py:826} INFO - Processing file /workspaces/hands-on-introduction-data-engineering-4395021/airflow/dags/first_try/transform_dag.py for tasks to queue
[2025-04-13T10:18:50.958+0000] {logging_mixin.py:150} INFO - [2025-04-13T10:18:50.958+0000] {dagbag.py:541} INFO - Filling up the DagBag from /workspaces/hands-on-introduction-data-engineering-4395021/airflow/dags/first_try/transform_dag.py
[2025-04-13T10:18:51.286+0000] {processor.py:836} INFO - DAG(s) dict_keys(['transform_dag']) retrieved from /workspaces/hands-on-introduction-data-engineering-4395021/airflow/dags/first_try/transform_dag.py
[2025-04-13T10:18:51.311+0000] {logging_mixin.py:150} INFO - [2025-04-13T10:18:51.311+0000] {dag.py:2742} INFO - Sync 1 DAGs
[2025-04-13T10:18:51.331+0000] {logging_mixin.py:150} INFO - [2025-04-13T10:18:51.331+0000] {dag.py:3504} INFO - Setting next_dagrun for transform_dag to None, run_after=None
[2025-04-13T10:18:51.353+0000] {processor.py:179} INFO - Processing /workspaces/hands-on-introduction-data-engineering-4395021/airflow/dags/first_try/transform_dag.py took 0.398 seconds
[2025-04-13T10:19:23.101+0000] {processor.py:157} INFO - Started process (PID=21237) to work on /workspaces/hands-on-introduction-data-engineering-4395021/airflow/dags/first_try/transform_dag.py
[2025-04-13T10:19:23.101+0000] {processor.py:826} INFO - Processing file /workspaces/hands-on-introduction-data-engineering-4395021/airflow/dags/first_try/transform_dag.py for tasks to queue
[2025-04-13T10:19:23.102+0000] {logging_mixin.py:150} INFO - [2025-04-13T10:19:23.102+0000] {dagbag.py:541} INFO - Filling up the DagBag from /workspaces/hands-on-introduction-data-engineering-4395021/airflow/dags/first_try/transform_dag.py
[2025-04-13T10:19:23.343+0000] {processor.py:836} INFO - DAG(s) dict_keys(['transform_dag']) retrieved from /workspaces/hands-on-introduction-data-engineering-4395021/airflow/dags/first_try/transform_dag.py
[2025-04-13T10:19:23.358+0000] {logging_mixin.py:150} INFO - [2025-04-13T10:19:23.357+0000] {dag.py:2742} INFO - Sync 1 DAGs
[2025-04-13T10:19:23.370+0000] {logging_mixin.py:150} INFO - [2025-04-13T10:19:23.370+0000] {dag.py:3504} INFO - Setting next_dagrun for transform_dag to None, run_after=None
[2025-04-13T10:19:23.382+0000] {processor.py:179} INFO - Processing /workspaces/hands-on-introduction-data-engineering-4395021/airflow/dags/first_try/transform_dag.py took 0.284 seconds
[2025-04-13T10:19:55.185+0000] {processor.py:157} INFO - Started process (PID=21463) to work on /workspaces/hands-on-introduction-data-engineering-4395021/airflow/dags/first_try/transform_dag.py
[2025-04-13T10:19:55.185+0000] {processor.py:826} INFO - Processing file /workspaces/hands-on-introduction-data-engineering-4395021/airflow/dags/first_try/transform_dag.py for tasks to queue
[2025-04-13T10:19:55.186+0000] {logging_mixin.py:150} INFO - [2025-04-13T10:19:55.186+0000] {dagbag.py:541} INFO - Filling up the DagBag from /workspaces/hands-on-introduction-data-engineering-4395021/airflow/dags/first_try/transform_dag.py
[2025-04-13T10:19:55.431+0000] {processor.py:836} INFO - DAG(s) dict_keys(['transform_dag']) retrieved from /workspaces/hands-on-introduction-data-engineering-4395021/airflow/dags/first_try/transform_dag.py
[2025-04-13T10:19:55.445+0000] {logging_mixin.py:150} INFO - [2025-04-13T10:19:55.445+0000] {dag.py:2742} INFO - Sync 1 DAGs
[2025-04-13T10:19:55.458+0000] {logging_mixin.py:150} INFO - [2025-04-13T10:19:55.458+0000] {dag.py:3504} INFO - Setting next_dagrun for transform_dag to None, run_after=None
[2025-04-13T10:19:55.472+0000] {processor.py:179} INFO - Processing /workspaces/hands-on-introduction-data-engineering-4395021/airflow/dags/first_try/transform_dag.py took 0.289 seconds
[2025-04-13T10:20:25.778+0000] {processor.py:157} INFO - Started process (PID=21669) to work on /workspaces/hands-on-introduction-data-engineering-4395021/airflow/dags/first_try/transform_dag.py
[2025-04-13T10:20:25.779+0000] {processor.py:826} INFO - Processing file /workspaces/hands-on-introduction-data-engineering-4395021/airflow/dags/first_try/transform_dag.py for tasks to queue
[2025-04-13T10:20:25.780+0000] {logging_mixin.py:150} INFO - [2025-04-13T10:20:25.779+0000] {dagbag.py:541} INFO - Filling up the DagBag from /workspaces/hands-on-introduction-data-engineering-4395021/airflow/dags/first_try/transform_dag.py
[2025-04-13T10:20:26.010+0000] {processor.py:836} INFO - DAG(s) dict_keys(['transform_dag']) retrieved from /workspaces/hands-on-introduction-data-engineering-4395021/airflow/dags/first_try/transform_dag.py
[2025-04-13T10:20:26.024+0000] {logging_mixin.py:150} INFO - [2025-04-13T10:20:26.023+0000] {dag.py:2742} INFO - Sync 1 DAGs
[2025-04-13T10:20:26.042+0000] {logging_mixin.py:150} INFO - [2025-04-13T10:20:26.042+0000] {dag.py:3504} INFO - Setting next_dagrun for transform_dag to None, run_after=None
[2025-04-13T10:20:26.061+0000] {processor.py:179} INFO - Processing /workspaces/hands-on-introduction-data-engineering-4395021/airflow/dags/first_try/transform_dag.py took 0.285 seconds
[2025-04-13T10:20:56.313+0000] {processor.py:157} INFO - Started process (PID=21881) to work on /workspaces/hands-on-introduction-data-engineering-4395021/airflow/dags/first_try/transform_dag.py
[2025-04-13T10:20:56.314+0000] {processor.py:826} INFO - Processing file /workspaces/hands-on-introduction-data-engineering-4395021/airflow/dags/first_try/transform_dag.py for tasks to queue
[2025-04-13T10:20:56.315+0000] {logging_mixin.py:150} INFO - [2025-04-13T10:20:56.314+0000] {dagbag.py:541} INFO - Filling up the DagBag from /workspaces/hands-on-introduction-data-engineering-4395021/airflow/dags/first_try/transform_dag.py
[2025-04-13T10:20:56.578+0000] {processor.py:836} INFO - DAG(s) dict_keys(['transform_dag']) retrieved from /workspaces/hands-on-introduction-data-engineering-4395021/airflow/dags/first_try/transform_dag.py
[2025-04-13T10:20:56.593+0000] {logging_mixin.py:150} INFO - [2025-04-13T10:20:56.592+0000] {dag.py:2742} INFO - Sync 1 DAGs
[2025-04-13T10:20:56.613+0000] {logging_mixin.py:150} INFO - [2025-04-13T10:20:56.613+0000] {dag.py:3504} INFO - Setting next_dagrun for transform_dag to None, run_after=None
[2025-04-13T10:20:56.630+0000] {processor.py:179} INFO - Processing /workspaces/hands-on-introduction-data-engineering-4395021/airflow/dags/first_try/transform_dag.py took 0.319 seconds
[2025-04-13T10:21:26.892+0000] {processor.py:157} INFO - Started process (PID=22068) to work on /workspaces/hands-on-introduction-data-engineering-4395021/airflow/dags/first_try/transform_dag.py
[2025-04-13T10:21:26.896+0000] {processor.py:826} INFO - Processing file /workspaces/hands-on-introduction-data-engineering-4395021/airflow/dags/first_try/transform_dag.py for tasks to queue
[2025-04-13T10:21:26.897+0000] {logging_mixin.py:150} INFO - [2025-04-13T10:21:26.896+0000] {dagbag.py:541} INFO - Filling up the DagBag from /workspaces/hands-on-introduction-data-engineering-4395021/airflow/dags/first_try/transform_dag.py
[2025-04-13T10:21:27.186+0000] {processor.py:836} INFO - DAG(s) dict_keys(['transform_dag']) retrieved from /workspaces/hands-on-introduction-data-engineering-4395021/airflow/dags/first_try/transform_dag.py
[2025-04-13T10:21:27.200+0000] {logging_mixin.py:150} INFO - [2025-04-13T10:21:27.200+0000] {dag.py:2742} INFO - Sync 1 DAGs
[2025-04-13T10:21:27.214+0000] {logging_mixin.py:150} INFO - [2025-04-13T10:21:27.214+0000] {dag.py:3504} INFO - Setting next_dagrun for transform_dag to None, run_after=None
[2025-04-13T10:21:27.228+0000] {processor.py:179} INFO - Processing /workspaces/hands-on-introduction-data-engineering-4395021/airflow/dags/first_try/transform_dag.py took 0.339 seconds
[2025-04-13T10:21:57.484+0000] {processor.py:157} INFO - Started process (PID=22256) to work on /workspaces/hands-on-introduction-data-engineering-4395021/airflow/dags/first_try/transform_dag.py
[2025-04-13T10:21:57.484+0000] {processor.py:826} INFO - Processing file /workspaces/hands-on-introduction-data-engineering-4395021/airflow/dags/first_try/transform_dag.py for tasks to queue
[2025-04-13T10:21:57.485+0000] {logging_mixin.py:150} INFO - [2025-04-13T10:21:57.485+0000] {dagbag.py:541} INFO - Filling up the DagBag from /workspaces/hands-on-introduction-data-engineering-4395021/airflow/dags/first_try/transform_dag.py
[2025-04-13T10:21:57.706+0000] {processor.py:836} INFO - DAG(s) dict_keys(['transform_dag']) retrieved from /workspaces/hands-on-introduction-data-engineering-4395021/airflow/dags/first_try/transform_dag.py
[2025-04-13T10:21:57.721+0000] {logging_mixin.py:150} INFO - [2025-04-13T10:21:57.721+0000] {dag.py:2742} INFO - Sync 1 DAGs
[2025-04-13T10:21:57.734+0000] {logging_mixin.py:150} INFO - [2025-04-13T10:21:57.733+0000] {dag.py:3504} INFO - Setting next_dagrun for transform_dag to None, run_after=None
[2025-04-13T10:21:57.747+0000] {processor.py:179} INFO - Processing /workspaces/hands-on-introduction-data-engineering-4395021/airflow/dags/first_try/transform_dag.py took 0.265 seconds
[2025-04-13T10:22:27.976+0000] {processor.py:157} INFO - Started process (PID=22437) to work on /workspaces/hands-on-introduction-data-engineering-4395021/airflow/dags/first_try/transform_dag.py
[2025-04-13T10:22:27.977+0000] {processor.py:826} INFO - Processing file /workspaces/hands-on-introduction-data-engineering-4395021/airflow/dags/first_try/transform_dag.py for tasks to queue
[2025-04-13T10:22:27.978+0000] {logging_mixin.py:150} INFO - [2025-04-13T10:22:27.977+0000] {dagbag.py:541} INFO - Filling up the DagBag from /workspaces/hands-on-introduction-data-engineering-4395021/airflow/dags/first_try/transform_dag.py
[2025-04-13T10:22:28.235+0000] {processor.py:836} INFO - DAG(s) dict_keys(['transform_dag']) retrieved from /workspaces/hands-on-introduction-data-engineering-4395021/airflow/dags/first_try/transform_dag.py
[2025-04-13T10:22:28.249+0000] {logging_mixin.py:150} INFO - [2025-04-13T10:22:28.249+0000] {dag.py:2742} INFO - Sync 1 DAGs
[2025-04-13T10:22:28.263+0000] {logging_mixin.py:150} INFO - [2025-04-13T10:22:28.263+0000] {dag.py:3504} INFO - Setting next_dagrun for transform_dag to None, run_after=None
[2025-04-13T10:22:28.276+0000] {processor.py:179} INFO - Processing /workspaces/hands-on-introduction-data-engineering-4395021/airflow/dags/first_try/transform_dag.py took 0.302 seconds
[2025-04-13T10:23:00.955+0000] {processor.py:157} INFO - Started process (PID=22666) to work on /workspaces/hands-on-introduction-data-engineering-4395021/airflow/dags/first_try/transform_dag.py
[2025-04-13T10:23:00.956+0000] {processor.py:826} INFO - Processing file /workspaces/hands-on-introduction-data-engineering-4395021/airflow/dags/first_try/transform_dag.py for tasks to queue
[2025-04-13T10:23:00.957+0000] {logging_mixin.py:150} INFO - [2025-04-13T10:23:00.956+0000] {dagbag.py:541} INFO - Filling up the DagBag from /workspaces/hands-on-introduction-data-engineering-4395021/airflow/dags/first_try/transform_dag.py
[2025-04-13T10:23:01.397+0000] {processor.py:836} INFO - DAG(s) dict_keys(['transform_dag']) retrieved from /workspaces/hands-on-introduction-data-engineering-4395021/airflow/dags/first_try/transform_dag.py
[2025-04-13T10:23:01.411+0000] {logging_mixin.py:150} INFO - [2025-04-13T10:23:01.411+0000] {dag.py:2742} INFO - Sync 1 DAGs
[2025-04-13T10:23:01.424+0000] {logging_mixin.py:150} INFO - [2025-04-13T10:23:01.424+0000] {dag.py:3504} INFO - Setting next_dagrun for transform_dag to None, run_after=None
[2025-04-13T10:23:01.438+0000] {processor.py:179} INFO - Processing /workspaces/hands-on-introduction-data-engineering-4395021/airflow/dags/first_try/transform_dag.py took 0.486 seconds
[2025-04-13T10:23:31.615+0000] {processor.py:157} INFO - Started process (PID=22876) to work on /workspaces/hands-on-introduction-data-engineering-4395021/airflow/dags/first_try/transform_dag.py
[2025-04-13T10:23:31.615+0000] {processor.py:826} INFO - Processing file /workspaces/hands-on-introduction-data-engineering-4395021/airflow/dags/first_try/transform_dag.py for tasks to queue
[2025-04-13T10:23:31.620+0000] {logging_mixin.py:150} INFO - [2025-04-13T10:23:31.620+0000] {dagbag.py:541} INFO - Filling up the DagBag from /workspaces/hands-on-introduction-data-engineering-4395021/airflow/dags/first_try/transform_dag.py
[2025-04-13T10:23:32.073+0000] {processor.py:836} INFO - DAG(s) dict_keys(['transform_dag']) retrieved from /workspaces/hands-on-introduction-data-engineering-4395021/airflow/dags/first_try/transform_dag.py
[2025-04-13T10:23:32.094+0000] {logging_mixin.py:150} INFO - [2025-04-13T10:23:32.094+0000] {dag.py:2742} INFO - Sync 1 DAGs
[2025-04-13T10:23:32.113+0000] {logging_mixin.py:150} INFO - [2025-04-13T10:23:32.113+0000] {dag.py:3504} INFO - Setting next_dagrun for transform_dag to None, run_after=None
[2025-04-13T10:23:32.145+0000] {processor.py:179} INFO - Processing /workspaces/hands-on-introduction-data-engineering-4395021/airflow/dags/first_try/transform_dag.py took 0.535 seconds
[2025-04-13T10:24:02.227+0000] {processor.py:157} INFO - Started process (PID=23063) to work on /workspaces/hands-on-introduction-data-engineering-4395021/airflow/dags/first_try/transform_dag.py
[2025-04-13T10:24:02.227+0000] {processor.py:826} INFO - Processing file /workspaces/hands-on-introduction-data-engineering-4395021/airflow/dags/first_try/transform_dag.py for tasks to queue
[2025-04-13T10:24:02.228+0000] {logging_mixin.py:150} INFO - [2025-04-13T10:24:02.228+0000] {dagbag.py:541} INFO - Filling up the DagBag from /workspaces/hands-on-introduction-data-engineering-4395021/airflow/dags/first_try/transform_dag.py
[2025-04-13T10:24:02.681+0000] {processor.py:836} INFO - DAG(s) dict_keys(['transform_dag']) retrieved from /workspaces/hands-on-introduction-data-engineering-4395021/airflow/dags/first_try/transform_dag.py
[2025-04-13T10:24:02.701+0000] {logging_mixin.py:150} INFO - [2025-04-13T10:24:02.701+0000] {dag.py:2742} INFO - Sync 1 DAGs
[2025-04-13T10:24:02.721+0000] {logging_mixin.py:150} INFO - [2025-04-13T10:24:02.721+0000] {dag.py:3504} INFO - Setting next_dagrun for transform_dag to None, run_after=None
[2025-04-13T10:24:02.766+0000] {processor.py:179} INFO - Processing /workspaces/hands-on-introduction-data-engineering-4395021/airflow/dags/first_try/transform_dag.py took 0.542 seconds
[2025-04-13T10:24:33.720+0000] {processor.py:157} INFO - Started process (PID=23252) to work on /workspaces/hands-on-introduction-data-engineering-4395021/airflow/dags/first_try/transform_dag.py
[2025-04-13T10:24:33.720+0000] {processor.py:826} INFO - Processing file /workspaces/hands-on-introduction-data-engineering-4395021/airflow/dags/first_try/transform_dag.py for tasks to queue
[2025-04-13T10:24:33.721+0000] {logging_mixin.py:150} INFO - [2025-04-13T10:24:33.721+0000] {dagbag.py:541} INFO - Filling up the DagBag from /workspaces/hands-on-introduction-data-engineering-4395021/airflow/dags/first_try/transform_dag.py
[2025-04-13T10:24:33.941+0000] {processor.py:836} INFO - DAG(s) dict_keys(['transform_dag']) retrieved from /workspaces/hands-on-introduction-data-engineering-4395021/airflow/dags/first_try/transform_dag.py
[2025-04-13T10:24:33.955+0000] {logging_mixin.py:150} INFO - [2025-04-13T10:24:33.955+0000] {dag.py:2742} INFO - Sync 1 DAGs
[2025-04-13T10:24:33.968+0000] {logging_mixin.py:150} INFO - [2025-04-13T10:24:33.968+0000] {dag.py:3504} INFO - Setting next_dagrun for transform_dag to None, run_after=None
[2025-04-13T10:24:33.982+0000] {processor.py:179} INFO - Processing /workspaces/hands-on-introduction-data-engineering-4395021/airflow/dags/first_try/transform_dag.py took 0.264 seconds
[2025-04-13T10:25:04.172+0000] {processor.py:157} INFO - Started process (PID=23433) to work on /workspaces/hands-on-introduction-data-engineering-4395021/airflow/dags/first_try/transform_dag.py
[2025-04-13T10:25:04.173+0000] {processor.py:826} INFO - Processing file /workspaces/hands-on-introduction-data-engineering-4395021/airflow/dags/first_try/transform_dag.py for tasks to queue
[2025-04-13T10:25:04.173+0000] {logging_mixin.py:150} INFO - [2025-04-13T10:25:04.173+0000] {dagbag.py:541} INFO - Filling up the DagBag from /workspaces/hands-on-introduction-data-engineering-4395021/airflow/dags/first_try/transform_dag.py
[2025-04-13T10:25:04.396+0000] {processor.py:836} INFO - DAG(s) dict_keys(['transform_dag']) retrieved from /workspaces/hands-on-introduction-data-engineering-4395021/airflow/dags/first_try/transform_dag.py
[2025-04-13T10:25:04.410+0000] {logging_mixin.py:150} INFO - [2025-04-13T10:25:04.409+0000] {dag.py:2742} INFO - Sync 1 DAGs
[2025-04-13T10:25:04.422+0000] {logging_mixin.py:150} INFO - [2025-04-13T10:25:04.422+0000] {dag.py:3504} INFO - Setting next_dagrun for transform_dag to None, run_after=None
[2025-04-13T10:25:04.435+0000] {processor.py:179} INFO - Processing /workspaces/hands-on-introduction-data-engineering-4395021/airflow/dags/first_try/transform_dag.py took 0.265 seconds
[2025-04-13T10:25:35.491+0000] {processor.py:157} INFO - Started process (PID=23628) to work on /workspaces/hands-on-introduction-data-engineering-4395021/airflow/dags/first_try/transform_dag.py
[2025-04-13T10:25:35.492+0000] {processor.py:826} INFO - Processing file /workspaces/hands-on-introduction-data-engineering-4395021/airflow/dags/first_try/transform_dag.py for tasks to queue
[2025-04-13T10:25:35.493+0000] {logging_mixin.py:150} INFO - [2025-04-13T10:25:35.492+0000] {dagbag.py:541} INFO - Filling up the DagBag from /workspaces/hands-on-introduction-data-engineering-4395021/airflow/dags/first_try/transform_dag.py
[2025-04-13T10:25:35.715+0000] {processor.py:836} INFO - DAG(s) dict_keys(['transform_dag']) retrieved from /workspaces/hands-on-introduction-data-engineering-4395021/airflow/dags/first_try/transform_dag.py
[2025-04-13T10:25:35.730+0000] {logging_mixin.py:150} INFO - [2025-04-13T10:25:35.729+0000] {dag.py:2742} INFO - Sync 1 DAGs
[2025-04-13T10:25:35.742+0000] {logging_mixin.py:150} INFO - [2025-04-13T10:25:35.742+0000] {dag.py:3504} INFO - Setting next_dagrun for transform_dag to None, run_after=None
[2025-04-13T10:25:35.756+0000] {processor.py:179} INFO - Processing /workspaces/hands-on-introduction-data-engineering-4395021/airflow/dags/first_try/transform_dag.py took 0.267 seconds
[2025-04-13T10:26:06.463+0000] {processor.py:157} INFO - Started process (PID=23816) to work on /workspaces/hands-on-introduction-data-engineering-4395021/airflow/dags/first_try/transform_dag.py
[2025-04-13T10:26:06.464+0000] {processor.py:826} INFO - Processing file /workspaces/hands-on-introduction-data-engineering-4395021/airflow/dags/first_try/transform_dag.py for tasks to queue
[2025-04-13T10:26:06.464+0000] {logging_mixin.py:150} INFO - [2025-04-13T10:26:06.464+0000] {dagbag.py:541} INFO - Filling up the DagBag from /workspaces/hands-on-introduction-data-engineering-4395021/airflow/dags/first_try/transform_dag.py
[2025-04-13T10:26:06.688+0000] {processor.py:836} INFO - DAG(s) dict_keys(['transform_dag']) retrieved from /workspaces/hands-on-introduction-data-engineering-4395021/airflow/dags/first_try/transform_dag.py
[2025-04-13T10:26:06.703+0000] {logging_mixin.py:150} INFO - [2025-04-13T10:26:06.703+0000] {dag.py:2742} INFO - Sync 1 DAGs
[2025-04-13T10:26:06.716+0000] {logging_mixin.py:150} INFO - [2025-04-13T10:26:06.716+0000] {dag.py:3504} INFO - Setting next_dagrun for transform_dag to None, run_after=None
[2025-04-13T10:26:06.729+0000] {processor.py:179} INFO - Processing /workspaces/hands-on-introduction-data-engineering-4395021/airflow/dags/first_try/transform_dag.py took 0.268 seconds
[2025-04-13T10:26:36.960+0000] {processor.py:157} INFO - Started process (PID=23997) to work on /workspaces/hands-on-introduction-data-engineering-4395021/airflow/dags/first_try/transform_dag.py
[2025-04-13T10:26:36.961+0000] {processor.py:826} INFO - Processing file /workspaces/hands-on-introduction-data-engineering-4395021/airflow/dags/first_try/transform_dag.py for tasks to queue
[2025-04-13T10:26:36.961+0000] {logging_mixin.py:150} INFO - [2025-04-13T10:26:36.961+0000] {dagbag.py:541} INFO - Filling up the DagBag from /workspaces/hands-on-introduction-data-engineering-4395021/airflow/dags/first_try/transform_dag.py
[2025-04-13T10:26:37.215+0000] {processor.py:836} INFO - DAG(s) dict_keys(['transform_dag']) retrieved from /workspaces/hands-on-introduction-data-engineering-4395021/airflow/dags/first_try/transform_dag.py
[2025-04-13T10:26:37.230+0000] {logging_mixin.py:150} INFO - [2025-04-13T10:26:37.229+0000] {dag.py:2742} INFO - Sync 1 DAGs
[2025-04-13T10:26:37.242+0000] {logging_mixin.py:150} INFO - [2025-04-13T10:26:37.242+0000] {dag.py:3504} INFO - Setting next_dagrun for transform_dag to None, run_after=None
[2025-04-13T10:26:37.255+0000] {processor.py:179} INFO - Processing /workspaces/hands-on-introduction-data-engineering-4395021/airflow/dags/first_try/transform_dag.py took 0.297 seconds
[2025-04-13T10:27:07.465+0000] {processor.py:157} INFO - Started process (PID=24201) to work on /workspaces/hands-on-introduction-data-engineering-4395021/airflow/dags/first_try/transform_dag.py
[2025-04-13T10:27:07.466+0000] {processor.py:826} INFO - Processing file /workspaces/hands-on-introduction-data-engineering-4395021/airflow/dags/first_try/transform_dag.py for tasks to queue
[2025-04-13T10:27:07.467+0000] {logging_mixin.py:150} INFO - [2025-04-13T10:27:07.466+0000] {dagbag.py:541} INFO - Filling up the DagBag from /workspaces/hands-on-introduction-data-engineering-4395021/airflow/dags/first_try/transform_dag.py
[2025-04-13T10:27:07.689+0000] {processor.py:836} INFO - DAG(s) dict_keys(['transform_dag']) retrieved from /workspaces/hands-on-introduction-data-engineering-4395021/airflow/dags/first_try/transform_dag.py
[2025-04-13T10:27:07.703+0000] {logging_mixin.py:150} INFO - [2025-04-13T10:27:07.703+0000] {dag.py:2742} INFO - Sync 1 DAGs
[2025-04-13T10:27:07.715+0000] {logging_mixin.py:150} INFO - [2025-04-13T10:27:07.715+0000] {dag.py:3504} INFO - Setting next_dagrun for transform_dag to None, run_after=None
[2025-04-13T10:27:07.729+0000] {processor.py:179} INFO - Processing /workspaces/hands-on-introduction-data-engineering-4395021/airflow/dags/first_try/transform_dag.py took 0.266 seconds
[2025-04-13T10:27:37.967+0000] {processor.py:157} INFO - Started process (PID=24415) to work on /workspaces/hands-on-introduction-data-engineering-4395021/airflow/dags/first_try/transform_dag.py
[2025-04-13T10:27:37.968+0000] {processor.py:826} INFO - Processing file /workspaces/hands-on-introduction-data-engineering-4395021/airflow/dags/first_try/transform_dag.py for tasks to queue
[2025-04-13T10:27:37.969+0000] {logging_mixin.py:150} INFO - [2025-04-13T10:27:37.969+0000] {dagbag.py:541} INFO - Filling up the DagBag from /workspaces/hands-on-introduction-data-engineering-4395021/airflow/dags/first_try/transform_dag.py
[2025-04-13T10:27:38.356+0000] {processor.py:836} INFO - DAG(s) dict_keys(['transform_dag']) retrieved from /workspaces/hands-on-introduction-data-engineering-4395021/airflow/dags/first_try/transform_dag.py
[2025-04-13T10:27:38.371+0000] {logging_mixin.py:150} INFO - [2025-04-13T10:27:38.371+0000] {dag.py:2742} INFO - Sync 1 DAGs
[2025-04-13T10:27:38.384+0000] {logging_mixin.py:150} INFO - [2025-04-13T10:27:38.384+0000] {dag.py:3504} INFO - Setting next_dagrun for transform_dag to None, run_after=None
[2025-04-13T10:27:38.397+0000] {processor.py:179} INFO - Processing /workspaces/hands-on-introduction-data-engineering-4395021/airflow/dags/first_try/transform_dag.py took 0.433 seconds
[2025-04-13T10:28:08.667+0000] {processor.py:157} INFO - Started process (PID=24698) to work on /workspaces/hands-on-introduction-data-engineering-4395021/airflow/dags/first_try/transform_dag.py
[2025-04-13T10:28:08.668+0000] {processor.py:826} INFO - Processing file /workspaces/hands-on-introduction-data-engineering-4395021/airflow/dags/first_try/transform_dag.py for tasks to queue
[2025-04-13T10:28:08.669+0000] {logging_mixin.py:150} INFO - [2025-04-13T10:28:08.668+0000] {dagbag.py:541} INFO - Filling up the DagBag from /workspaces/hands-on-introduction-data-engineering-4395021/airflow/dags/first_try/transform_dag.py
[2025-04-13T10:28:08.889+0000] {processor.py:836} INFO - DAG(s) dict_keys(['transform_dag']) retrieved from /workspaces/hands-on-introduction-data-engineering-4395021/airflow/dags/first_try/transform_dag.py
[2025-04-13T10:28:08.903+0000] {logging_mixin.py:150} INFO - [2025-04-13T10:28:08.903+0000] {dag.py:2742} INFO - Sync 1 DAGs
[2025-04-13T10:28:08.916+0000] {logging_mixin.py:150} INFO - [2025-04-13T10:28:08.916+0000] {dag.py:3504} INFO - Setting next_dagrun for transform_dag to None, run_after=None
[2025-04-13T10:28:08.929+0000] {processor.py:179} INFO - Processing /workspaces/hands-on-introduction-data-engineering-4395021/airflow/dags/first_try/transform_dag.py took 0.264 seconds
[2025-04-13T10:28:39.256+0000] {processor.py:157} INFO - Started process (PID=24927) to work on /workspaces/hands-on-introduction-data-engineering-4395021/airflow/dags/first_try/transform_dag.py
[2025-04-13T10:28:39.257+0000] {processor.py:826} INFO - Processing file /workspaces/hands-on-introduction-data-engineering-4395021/airflow/dags/first_try/transform_dag.py for tasks to queue
[2025-04-13T10:28:39.257+0000] {logging_mixin.py:150} INFO - [2025-04-13T10:28:39.257+0000] {dagbag.py:541} INFO - Filling up the DagBag from /workspaces/hands-on-introduction-data-engineering-4395021/airflow/dags/first_try/transform_dag.py
[2025-04-13T10:28:39.480+0000] {processor.py:836} INFO - DAG(s) dict_keys(['transform_dag']) retrieved from /workspaces/hands-on-introduction-data-engineering-4395021/airflow/dags/first_try/transform_dag.py
[2025-04-13T10:28:39.494+0000] {logging_mixin.py:150} INFO - [2025-04-13T10:28:39.494+0000] {dag.py:2742} INFO - Sync 1 DAGs
[2025-04-13T10:28:39.508+0000] {logging_mixin.py:150} INFO - [2025-04-13T10:28:39.508+0000] {dag.py:3504} INFO - Setting next_dagrun for transform_dag to None, run_after=None
[2025-04-13T10:28:39.521+0000] {processor.py:179} INFO - Processing /workspaces/hands-on-introduction-data-engineering-4395021/airflow/dags/first_try/transform_dag.py took 0.267 seconds
[2025-04-13T10:29:09.753+0000] {processor.py:157} INFO - Started process (PID=25199) to work on /workspaces/hands-on-introduction-data-engineering-4395021/airflow/dags/first_try/transform_dag.py
[2025-04-13T10:29:09.754+0000] {processor.py:826} INFO - Processing file /workspaces/hands-on-introduction-data-engineering-4395021/airflow/dags/first_try/transform_dag.py for tasks to queue
[2025-04-13T10:29:09.754+0000] {logging_mixin.py:150} INFO - [2025-04-13T10:29:09.754+0000] {dagbag.py:541} INFO - Filling up the DagBag from /workspaces/hands-on-introduction-data-engineering-4395021/airflow/dags/first_try/transform_dag.py
[2025-04-13T10:29:09.976+0000] {processor.py:836} INFO - DAG(s) dict_keys(['transform_dag']) retrieved from /workspaces/hands-on-introduction-data-engineering-4395021/airflow/dags/first_try/transform_dag.py
[2025-04-13T10:29:09.990+0000] {logging_mixin.py:150} INFO - [2025-04-13T10:29:09.990+0000] {dag.py:2742} INFO - Sync 1 DAGs
[2025-04-13T10:29:10.003+0000] {logging_mixin.py:150} INFO - [2025-04-13T10:29:10.003+0000] {dag.py:3504} INFO - Setting next_dagrun for transform_dag to None, run_after=None
[2025-04-13T10:29:10.016+0000] {processor.py:179} INFO - Processing /workspaces/hands-on-introduction-data-engineering-4395021/airflow/dags/first_try/transform_dag.py took 0.265 seconds
[2025-04-13T10:29:40.256+0000] {processor.py:157} INFO - Started process (PID=25486) to work on /workspaces/hands-on-introduction-data-engineering-4395021/airflow/dags/first_try/transform_dag.py
[2025-04-13T10:29:40.256+0000] {processor.py:826} INFO - Processing file /workspaces/hands-on-introduction-data-engineering-4395021/airflow/dags/first_try/transform_dag.py for tasks to queue
[2025-04-13T10:29:40.257+0000] {logging_mixin.py:150} INFO - [2025-04-13T10:29:40.257+0000] {dagbag.py:541} INFO - Filling up the DagBag from /workspaces/hands-on-introduction-data-engineering-4395021/airflow/dags/first_try/transform_dag.py
[2025-04-13T10:29:40.480+0000] {processor.py:836} INFO - DAG(s) dict_keys(['transform_dag']) retrieved from /workspaces/hands-on-introduction-data-engineering-4395021/airflow/dags/first_try/transform_dag.py
[2025-04-13T10:29:40.500+0000] {logging_mixin.py:150} INFO - [2025-04-13T10:29:40.499+0000] {dag.py:2742} INFO - Sync 1 DAGs
[2025-04-13T10:29:40.518+0000] {logging_mixin.py:150} INFO - [2025-04-13T10:29:40.517+0000] {dag.py:3504} INFO - Setting next_dagrun for transform_dag to None, run_after=None
[2025-04-13T10:29:40.532+0000] {processor.py:179} INFO - Processing /workspaces/hands-on-introduction-data-engineering-4395021/airflow/dags/first_try/transform_dag.py took 0.278 seconds
[2025-04-13T10:30:10.762+0000] {processor.py:157} INFO - Started process (PID=25848) to work on /workspaces/hands-on-introduction-data-engineering-4395021/airflow/dags/first_try/transform_dag.py
[2025-04-13T10:30:10.763+0000] {processor.py:826} INFO - Processing file /workspaces/hands-on-introduction-data-engineering-4395021/airflow/dags/first_try/transform_dag.py for tasks to queue
[2025-04-13T10:30:10.763+0000] {logging_mixin.py:150} INFO - [2025-04-13T10:30:10.763+0000] {dagbag.py:541} INFO - Filling up the DagBag from /workspaces/hands-on-introduction-data-engineering-4395021/airflow/dags/first_try/transform_dag.py
[2025-04-13T10:30:10.996+0000] {processor.py:836} INFO - DAG(s) dict_keys(['transform_dag']) retrieved from /workspaces/hands-on-introduction-data-engineering-4395021/airflow/dags/first_try/transform_dag.py
[2025-04-13T10:30:11.010+0000] {logging_mixin.py:150} INFO - [2025-04-13T10:30:11.010+0000] {dag.py:2742} INFO - Sync 1 DAGs
[2025-04-13T10:30:11.023+0000] {logging_mixin.py:150} INFO - [2025-04-13T10:30:11.023+0000] {dag.py:3504} INFO - Setting next_dagrun for transform_dag to None, run_after=None
[2025-04-13T10:30:11.036+0000] {processor.py:179} INFO - Processing /workspaces/hands-on-introduction-data-engineering-4395021/airflow/dags/first_try/transform_dag.py took 0.276 seconds
[2025-04-13T10:30:41.267+0000] {processor.py:157} INFO - Started process (PID=26139) to work on /workspaces/hands-on-introduction-data-engineering-4395021/airflow/dags/first_try/transform_dag.py
[2025-04-13T10:30:41.268+0000] {processor.py:826} INFO - Processing file /workspaces/hands-on-introduction-data-engineering-4395021/airflow/dags/first_try/transform_dag.py for tasks to queue
[2025-04-13T10:30:41.268+0000] {logging_mixin.py:150} INFO - [2025-04-13T10:30:41.268+0000] {dagbag.py:541} INFO - Filling up the DagBag from /workspaces/hands-on-introduction-data-engineering-4395021/airflow/dags/first_try/transform_dag.py
[2025-04-13T10:30:41.523+0000] {processor.py:836} INFO - DAG(s) dict_keys(['transform_dag']) retrieved from /workspaces/hands-on-introduction-data-engineering-4395021/airflow/dags/first_try/transform_dag.py
[2025-04-13T10:30:41.537+0000] {logging_mixin.py:150} INFO - [2025-04-13T10:30:41.537+0000] {dag.py:2742} INFO - Sync 1 DAGs
[2025-04-13T10:30:41.550+0000] {logging_mixin.py:150} INFO - [2025-04-13T10:30:41.549+0000] {dag.py:3504} INFO - Setting next_dagrun for transform_dag to None, run_after=None
[2025-04-13T10:30:41.563+0000] {processor.py:179} INFO - Processing /workspaces/hands-on-introduction-data-engineering-4395021/airflow/dags/first_try/transform_dag.py took 0.298 seconds
[2025-04-13T10:31:11.771+0000] {processor.py:157} INFO - Started process (PID=26340) to work on /workspaces/hands-on-introduction-data-engineering-4395021/airflow/dags/first_try/transform_dag.py
[2025-04-13T10:31:11.771+0000] {processor.py:826} INFO - Processing file /workspaces/hands-on-introduction-data-engineering-4395021/airflow/dags/first_try/transform_dag.py for tasks to queue
[2025-04-13T10:31:11.772+0000] {logging_mixin.py:150} INFO - [2025-04-13T10:31:11.772+0000] {dagbag.py:541} INFO - Filling up the DagBag from /workspaces/hands-on-introduction-data-engineering-4395021/airflow/dags/first_try/transform_dag.py
[2025-04-13T10:31:11.994+0000] {processor.py:836} INFO - DAG(s) dict_keys(['transform_dag']) retrieved from /workspaces/hands-on-introduction-data-engineering-4395021/airflow/dags/first_try/transform_dag.py
[2025-04-13T10:31:12.008+0000] {logging_mixin.py:150} INFO - [2025-04-13T10:31:12.008+0000] {dag.py:2742} INFO - Sync 1 DAGs
[2025-04-13T10:31:12.021+0000] {logging_mixin.py:150} INFO - [2025-04-13T10:31:12.021+0000] {dag.py:3504} INFO - Setting next_dagrun for transform_dag to None, run_after=None
[2025-04-13T10:31:12.034+0000] {processor.py:179} INFO - Processing /workspaces/hands-on-introduction-data-engineering-4395021/airflow/dags/first_try/transform_dag.py took 0.265 seconds
[2025-04-13T10:31:42.267+0000] {processor.py:157} INFO - Started process (PID=26554) to work on /workspaces/hands-on-introduction-data-engineering-4395021/airflow/dags/first_try/transform_dag.py
[2025-04-13T10:31:42.267+0000] {processor.py:826} INFO - Processing file /workspaces/hands-on-introduction-data-engineering-4395021/airflow/dags/first_try/transform_dag.py for tasks to queue
[2025-04-13T10:31:42.268+0000] {logging_mixin.py:150} INFO - [2025-04-13T10:31:42.268+0000] {dagbag.py:541} INFO - Filling up the DagBag from /workspaces/hands-on-introduction-data-engineering-4395021/airflow/dags/first_try/transform_dag.py
[2025-04-13T10:31:42.495+0000] {processor.py:836} INFO - DAG(s) dict_keys(['transform_dag']) retrieved from /workspaces/hands-on-introduction-data-engineering-4395021/airflow/dags/first_try/transform_dag.py
[2025-04-13T10:31:42.509+0000] {logging_mixin.py:150} INFO - [2025-04-13T10:31:42.509+0000] {dag.py:2742} INFO - Sync 1 DAGs
[2025-04-13T10:31:42.522+0000] {logging_mixin.py:150} INFO - [2025-04-13T10:31:42.522+0000] {dag.py:3504} INFO - Setting next_dagrun for transform_dag to None, run_after=None
[2025-04-13T10:31:42.535+0000] {processor.py:179} INFO - Processing /workspaces/hands-on-introduction-data-engineering-4395021/airflow/dags/first_try/transform_dag.py took 0.270 seconds
[2025-04-13T10:32:12.764+0000] {processor.py:157} INFO - Started process (PID=26768) to work on /workspaces/hands-on-introduction-data-engineering-4395021/airflow/dags/first_try/transform_dag.py
[2025-04-13T10:32:12.765+0000] {processor.py:826} INFO - Processing file /workspaces/hands-on-introduction-data-engineering-4395021/airflow/dags/first_try/transform_dag.py for tasks to queue
[2025-04-13T10:32:12.766+0000] {logging_mixin.py:150} INFO - [2025-04-13T10:32:12.765+0000] {dagbag.py:541} INFO - Filling up the DagBag from /workspaces/hands-on-introduction-data-engineering-4395021/airflow/dags/first_try/transform_dag.py
[2025-04-13T10:32:13.003+0000] {processor.py:836} INFO - DAG(s) dict_keys(['transform_dag']) retrieved from /workspaces/hands-on-introduction-data-engineering-4395021/airflow/dags/first_try/transform_dag.py
[2025-04-13T10:32:13.017+0000] {logging_mixin.py:150} INFO - [2025-04-13T10:32:13.016+0000] {dag.py:2742} INFO - Sync 1 DAGs
[2025-04-13T10:32:13.030+0000] {logging_mixin.py:150} INFO - [2025-04-13T10:32:13.030+0000] {dag.py:3504} INFO - Setting next_dagrun for transform_dag to None, run_after=None
[2025-04-13T10:32:13.044+0000] {processor.py:179} INFO - Processing /workspaces/hands-on-introduction-data-engineering-4395021/airflow/dags/first_try/transform_dag.py took 0.282 seconds
[2025-04-13T10:32:43.152+0000] {processor.py:157} INFO - Started process (PID=26974) to work on /workspaces/hands-on-introduction-data-engineering-4395021/airflow/dags/first_try/transform_dag.py
[2025-04-13T10:32:43.153+0000] {processor.py:826} INFO - Processing file /workspaces/hands-on-introduction-data-engineering-4395021/airflow/dags/first_try/transform_dag.py for tasks to queue
[2025-04-13T10:32:43.154+0000] {logging_mixin.py:150} INFO - [2025-04-13T10:32:43.153+0000] {dagbag.py:541} INFO - Filling up the DagBag from /workspaces/hands-on-introduction-data-engineering-4395021/airflow/dags/first_try/transform_dag.py
[2025-04-13T10:32:43.604+0000] {processor.py:836} INFO - DAG(s) dict_keys(['transform_dag']) retrieved from /workspaces/hands-on-introduction-data-engineering-4395021/airflow/dags/first_try/transform_dag.py
[2025-04-13T10:32:43.625+0000] {logging_mixin.py:150} INFO - [2025-04-13T10:32:43.624+0000] {dag.py:2742} INFO - Sync 1 DAGs
[2025-04-13T10:32:43.643+0000] {logging_mixin.py:150} INFO - [2025-04-13T10:32:43.643+0000] {dag.py:3504} INFO - Setting next_dagrun for transform_dag to None, run_after=None
[2025-04-13T10:32:43.673+0000] {processor.py:179} INFO - Processing /workspaces/hands-on-introduction-data-engineering-4395021/airflow/dags/first_try/transform_dag.py took 0.523 seconds
[2025-04-13T10:33:13.907+0000] {processor.py:157} INFO - Started process (PID=27186) to work on /workspaces/hands-on-introduction-data-engineering-4395021/airflow/dags/first_try/transform_dag.py
[2025-04-13T10:33:13.907+0000] {processor.py:826} INFO - Processing file /workspaces/hands-on-introduction-data-engineering-4395021/airflow/dags/first_try/transform_dag.py for tasks to queue
[2025-04-13T10:33:13.908+0000] {logging_mixin.py:150} INFO - [2025-04-13T10:33:13.908+0000] {dagbag.py:541} INFO - Filling up the DagBag from /workspaces/hands-on-introduction-data-engineering-4395021/airflow/dags/first_try/transform_dag.py
[2025-04-13T10:33:14.161+0000] {processor.py:836} INFO - DAG(s) dict_keys(['transform_dag']) retrieved from /workspaces/hands-on-introduction-data-engineering-4395021/airflow/dags/first_try/transform_dag.py
[2025-04-13T10:33:14.176+0000] {logging_mixin.py:150} INFO - [2025-04-13T10:33:14.176+0000] {dag.py:2742} INFO - Sync 1 DAGs
[2025-04-13T10:33:14.189+0000] {logging_mixin.py:150} INFO - [2025-04-13T10:33:14.189+0000] {dag.py:3504} INFO - Setting next_dagrun for transform_dag to None, run_after=None
[2025-04-13T10:33:14.203+0000] {processor.py:179} INFO - Processing /workspaces/hands-on-introduction-data-engineering-4395021/airflow/dags/first_try/transform_dag.py took 0.298 seconds
[2025-04-13T10:33:44.433+0000] {processor.py:157} INFO - Started process (PID=27398) to work on /workspaces/hands-on-introduction-data-engineering-4395021/airflow/dags/first_try/transform_dag.py
[2025-04-13T10:33:44.434+0000] {processor.py:826} INFO - Processing file /workspaces/hands-on-introduction-data-engineering-4395021/airflow/dags/first_try/transform_dag.py for tasks to queue
[2025-04-13T10:33:44.435+0000] {logging_mixin.py:150} INFO - [2025-04-13T10:33:44.434+0000] {dagbag.py:541} INFO - Filling up the DagBag from /workspaces/hands-on-introduction-data-engineering-4395021/airflow/dags/first_try/transform_dag.py
[2025-04-13T10:33:44.990+0000] {processor.py:836} INFO - DAG(s) dict_keys(['transform_dag']) retrieved from /workspaces/hands-on-introduction-data-engineering-4395021/airflow/dags/first_try/transform_dag.py
[2025-04-13T10:33:45.022+0000] {logging_mixin.py:150} INFO - [2025-04-13T10:33:45.022+0000] {dag.py:2742} INFO - Sync 1 DAGs
[2025-04-13T10:33:45.042+0000] {logging_mixin.py:150} INFO - [2025-04-13T10:33:45.041+0000] {dag.py:3504} INFO - Setting next_dagrun for transform_dag to None, run_after=None
[2025-04-13T10:33:45.061+0000] {processor.py:179} INFO - Processing /workspaces/hands-on-introduction-data-engineering-4395021/airflow/dags/first_try/transform_dag.py took 0.631 seconds
[2025-04-13T10:34:15.293+0000] {processor.py:157} INFO - Started process (PID=27603) to work on /workspaces/hands-on-introduction-data-engineering-4395021/airflow/dags/first_try/transform_dag.py
[2025-04-13T10:34:15.294+0000] {processor.py:826} INFO - Processing file /workspaces/hands-on-introduction-data-engineering-4395021/airflow/dags/first_try/transform_dag.py for tasks to queue
[2025-04-13T10:34:15.297+0000] {logging_mixin.py:150} INFO - [2025-04-13T10:34:15.296+0000] {dagbag.py:541} INFO - Filling up the DagBag from /workspaces/hands-on-introduction-data-engineering-4395021/airflow/dags/first_try/transform_dag.py
[2025-04-13T10:34:15.675+0000] {processor.py:836} INFO - DAG(s) dict_keys(['transform_dag']) retrieved from /workspaces/hands-on-introduction-data-engineering-4395021/airflow/dags/first_try/transform_dag.py
[2025-04-13T10:34:15.696+0000] {logging_mixin.py:150} INFO - [2025-04-13T10:34:15.696+0000] {dag.py:2742} INFO - Sync 1 DAGs
[2025-04-13T10:34:15.719+0000] {logging_mixin.py:150} INFO - [2025-04-13T10:34:15.718+0000] {dag.py:3504} INFO - Setting next_dagrun for transform_dag to None, run_after=None
[2025-04-13T10:34:15.744+0000] {processor.py:179} INFO - Processing /workspaces/hands-on-introduction-data-engineering-4395021/airflow/dags/first_try/transform_dag.py took 0.458 seconds
[2025-04-13T10:34:47.047+0000] {processor.py:157} INFO - Started process (PID=27825) to work on /workspaces/hands-on-introduction-data-engineering-4395021/airflow/dags/first_try/transform_dag.py
[2025-04-13T10:34:47.048+0000] {processor.py:826} INFO - Processing file /workspaces/hands-on-introduction-data-engineering-4395021/airflow/dags/first_try/transform_dag.py for tasks to queue
[2025-04-13T10:34:47.048+0000] {logging_mixin.py:150} INFO - [2025-04-13T10:34:47.048+0000] {dagbag.py:541} INFO - Filling up the DagBag from /workspaces/hands-on-introduction-data-engineering-4395021/airflow/dags/first_try/transform_dag.py
[2025-04-13T10:34:47.398+0000] {processor.py:836} INFO - DAG(s) dict_keys(['transform_dag']) retrieved from /workspaces/hands-on-introduction-data-engineering-4395021/airflow/dags/first_try/transform_dag.py
[2025-04-13T10:34:47.428+0000] {logging_mixin.py:150} INFO - [2025-04-13T10:34:47.427+0000] {dag.py:2742} INFO - Sync 1 DAGs
[2025-04-13T10:34:47.470+0000] {logging_mixin.py:150} INFO - [2025-04-13T10:34:47.470+0000] {dag.py:3504} INFO - Setting next_dagrun for transform_dag to None, run_after=None
[2025-04-13T10:34:47.512+0000] {processor.py:179} INFO - Processing /workspaces/hands-on-introduction-data-engineering-4395021/airflow/dags/first_try/transform_dag.py took 0.468 seconds
[2025-04-13T10:35:18.747+0000] {processor.py:157} INFO - Started process (PID=28065) to work on /workspaces/hands-on-introduction-data-engineering-4395021/airflow/dags/first_try/transform_dag.py
[2025-04-13T10:35:18.748+0000] {processor.py:826} INFO - Processing file /workspaces/hands-on-introduction-data-engineering-4395021/airflow/dags/first_try/transform_dag.py for tasks to queue
[2025-04-13T10:35:18.749+0000] {logging_mixin.py:150} INFO - [2025-04-13T10:35:18.748+0000] {dagbag.py:541} INFO - Filling up the DagBag from /workspaces/hands-on-introduction-data-engineering-4395021/airflow/dags/first_try/transform_dag.py
[2025-04-13T10:35:19.050+0000] {processor.py:836} INFO - DAG(s) dict_keys(['transform_dag']) retrieved from /workspaces/hands-on-introduction-data-engineering-4395021/airflow/dags/first_try/transform_dag.py
[2025-04-13T10:35:19.070+0000] {logging_mixin.py:150} INFO - [2025-04-13T10:35:19.070+0000] {dag.py:2742} INFO - Sync 1 DAGs
[2025-04-13T10:35:19.090+0000] {logging_mixin.py:150} INFO - [2025-04-13T10:35:19.090+0000] {dag.py:3504} INFO - Setting next_dagrun for transform_dag to None, run_after=None
[2025-04-13T10:35:19.108+0000] {processor.py:179} INFO - Processing /workspaces/hands-on-introduction-data-engineering-4395021/airflow/dags/first_try/transform_dag.py took 0.365 seconds
[2025-04-13T10:35:49.664+0000] {processor.py:157} INFO - Started process (PID=28336) to work on /workspaces/hands-on-introduction-data-engineering-4395021/airflow/dags/first_try/transform_dag.py
[2025-04-13T10:35:49.664+0000] {processor.py:826} INFO - Processing file /workspaces/hands-on-introduction-data-engineering-4395021/airflow/dags/first_try/transform_dag.py for tasks to queue
[2025-04-13T10:35:49.665+0000] {logging_mixin.py:150} INFO - [2025-04-13T10:35:49.665+0000] {dagbag.py:541} INFO - Filling up the DagBag from /workspaces/hands-on-introduction-data-engineering-4395021/airflow/dags/first_try/transform_dag.py
[2025-04-13T10:35:50.098+0000] {processor.py:836} INFO - DAG(s) dict_keys(['transform_dag']) retrieved from /workspaces/hands-on-introduction-data-engineering-4395021/airflow/dags/first_try/transform_dag.py
[2025-04-13T10:35:50.135+0000] {logging_mixin.py:150} INFO - [2025-04-13T10:35:50.134+0000] {dag.py:2742} INFO - Sync 1 DAGs
[2025-04-13T10:35:50.165+0000] {logging_mixin.py:150} INFO - [2025-04-13T10:35:50.164+0000] {dag.py:3504} INFO - Setting next_dagrun for transform_dag to None, run_after=None
[2025-04-13T10:35:50.184+0000] {processor.py:179} INFO - Processing /workspaces/hands-on-introduction-data-engineering-4395021/airflow/dags/first_try/transform_dag.py took 0.523 seconds
[2025-04-13T10:36:20.455+0000] {processor.py:157} INFO - Started process (PID=28553) to work on /workspaces/hands-on-introduction-data-engineering-4395021/airflow/dags/first_try/transform_dag.py
[2025-04-13T10:36:20.456+0000] {processor.py:826} INFO - Processing file /workspaces/hands-on-introduction-data-engineering-4395021/airflow/dags/first_try/transform_dag.py for tasks to queue
[2025-04-13T10:36:20.457+0000] {logging_mixin.py:150} INFO - [2025-04-13T10:36:20.457+0000] {dagbag.py:541} INFO - Filling up the DagBag from /workspaces/hands-on-introduction-data-engineering-4395021/airflow/dags/first_try/transform_dag.py
[2025-04-13T10:36:20.715+0000] {processor.py:836} INFO - DAG(s) dict_keys(['transform_dag']) retrieved from /workspaces/hands-on-introduction-data-engineering-4395021/airflow/dags/first_try/transform_dag.py
[2025-04-13T10:36:20.729+0000] {logging_mixin.py:150} INFO - [2025-04-13T10:36:20.729+0000] {dag.py:2742} INFO - Sync 1 DAGs
[2025-04-13T10:36:20.742+0000] {logging_mixin.py:150} INFO - [2025-04-13T10:36:20.742+0000] {dag.py:3504} INFO - Setting next_dagrun for transform_dag to None, run_after=None
[2025-04-13T10:36:20.756+0000] {processor.py:179} INFO - Processing /workspaces/hands-on-introduction-data-engineering-4395021/airflow/dags/first_try/transform_dag.py took 0.304 seconds
[2025-04-13T10:36:52.157+0000] {processor.py:157} INFO - Started process (PID=28776) to work on /workspaces/hands-on-introduction-data-engineering-4395021/airflow/dags/first_try/transform_dag.py
[2025-04-13T10:36:52.157+0000] {processor.py:826} INFO - Processing file /workspaces/hands-on-introduction-data-engineering-4395021/airflow/dags/first_try/transform_dag.py for tasks to queue
[2025-04-13T10:36:52.158+0000] {logging_mixin.py:150} INFO - [2025-04-13T10:36:52.158+0000] {dagbag.py:541} INFO - Filling up the DagBag from /workspaces/hands-on-introduction-data-engineering-4395021/airflow/dags/first_try/transform_dag.py
[2025-04-13T10:36:52.408+0000] {processor.py:836} INFO - DAG(s) dict_keys(['transform_dag']) retrieved from /workspaces/hands-on-introduction-data-engineering-4395021/airflow/dags/first_try/transform_dag.py
[2025-04-13T10:36:52.426+0000] {logging_mixin.py:150} INFO - [2025-04-13T10:36:52.425+0000] {dag.py:2742} INFO - Sync 1 DAGs
[2025-04-13T10:36:52.446+0000] {logging_mixin.py:150} INFO - [2025-04-13T10:36:52.445+0000] {dag.py:3504} INFO - Setting next_dagrun for transform_dag to None, run_after=None
[2025-04-13T10:36:52.465+0000] {processor.py:179} INFO - Processing /workspaces/hands-on-introduction-data-engineering-4395021/airflow/dags/first_try/transform_dag.py took 0.310 seconds
[2025-04-13T10:37:23.704+0000] {processor.py:157} INFO - Started process (PID=29013) to work on /workspaces/hands-on-introduction-data-engineering-4395021/airflow/dags/first_try/transform_dag.py
[2025-04-13T10:37:23.705+0000] {processor.py:826} INFO - Processing file /workspaces/hands-on-introduction-data-engineering-4395021/airflow/dags/first_try/transform_dag.py for tasks to queue
[2025-04-13T10:37:23.706+0000] {logging_mixin.py:150} INFO - [2025-04-13T10:37:23.705+0000] {dagbag.py:541} INFO - Filling up the DagBag from /workspaces/hands-on-introduction-data-engineering-4395021/airflow/dags/first_try/transform_dag.py
[2025-04-13T10:37:24.037+0000] {processor.py:836} INFO - DAG(s) dict_keys(['transform_dag']) retrieved from /workspaces/hands-on-introduction-data-engineering-4395021/airflow/dags/first_try/transform_dag.py
[2025-04-13T10:37:24.051+0000] {logging_mixin.py:150} INFO - [2025-04-13T10:37:24.051+0000] {dag.py:2742} INFO - Sync 1 DAGs
[2025-04-13T10:37:24.064+0000] {logging_mixin.py:150} INFO - [2025-04-13T10:37:24.063+0000] {dag.py:3504} INFO - Setting next_dagrun for transform_dag to None, run_after=None
[2025-04-13T10:37:24.077+0000] {processor.py:179} INFO - Processing /workspaces/hands-on-introduction-data-engineering-4395021/airflow/dags/first_try/transform_dag.py took 0.375 seconds
[2025-04-13T10:37:54.637+0000] {processor.py:157} INFO - Started process (PID=29222) to work on /workspaces/hands-on-introduction-data-engineering-4395021/airflow/dags/first_try/transform_dag.py
[2025-04-13T10:37:54.638+0000] {processor.py:826} INFO - Processing file /workspaces/hands-on-introduction-data-engineering-4395021/airflow/dags/first_try/transform_dag.py for tasks to queue
[2025-04-13T10:37:54.638+0000] {logging_mixin.py:150} INFO - [2025-04-13T10:37:54.638+0000] {dagbag.py:541} INFO - Filling up the DagBag from /workspaces/hands-on-introduction-data-engineering-4395021/airflow/dags/first_try/transform_dag.py
[2025-04-13T10:37:54.892+0000] {processor.py:836} INFO - DAG(s) dict_keys(['transform_dag']) retrieved from /workspaces/hands-on-introduction-data-engineering-4395021/airflow/dags/first_try/transform_dag.py
[2025-04-13T10:37:54.906+0000] {logging_mixin.py:150} INFO - [2025-04-13T10:37:54.906+0000] {dag.py:2742} INFO - Sync 1 DAGs
[2025-04-13T10:37:54.918+0000] {logging_mixin.py:150} INFO - [2025-04-13T10:37:54.918+0000] {dag.py:3504} INFO - Setting next_dagrun for transform_dag to None, run_after=None
[2025-04-13T10:37:54.931+0000] {processor.py:179} INFO - Processing /workspaces/hands-on-introduction-data-engineering-4395021/airflow/dags/first_try/transform_dag.py took 0.296 seconds
[2025-04-13T10:38:25.247+0000] {processor.py:157} INFO - Started process (PID=29410) to work on /workspaces/hands-on-introduction-data-engineering-4395021/airflow/dags/first_try/transform_dag.py
[2025-04-13T10:38:25.247+0000] {processor.py:826} INFO - Processing file /workspaces/hands-on-introduction-data-engineering-4395021/airflow/dags/first_try/transform_dag.py for tasks to queue
[2025-04-13T10:38:25.248+0000] {logging_mixin.py:150} INFO - [2025-04-13T10:38:25.248+0000] {dagbag.py:541} INFO - Filling up the DagBag from /workspaces/hands-on-introduction-data-engineering-4395021/airflow/dags/first_try/transform_dag.py
[2025-04-13T10:38:25.485+0000] {processor.py:836} INFO - DAG(s) dict_keys(['transform_dag']) retrieved from /workspaces/hands-on-introduction-data-engineering-4395021/airflow/dags/first_try/transform_dag.py
[2025-04-13T10:38:25.499+0000] {logging_mixin.py:150} INFO - [2025-04-13T10:38:25.498+0000] {dag.py:2742} INFO - Sync 1 DAGs
[2025-04-13T10:38:25.511+0000] {logging_mixin.py:150} INFO - [2025-04-13T10:38:25.511+0000] {dag.py:3504} INFO - Setting next_dagrun for transform_dag to None, run_after=None
[2025-04-13T10:38:25.524+0000] {processor.py:179} INFO - Processing /workspaces/hands-on-introduction-data-engineering-4395021/airflow/dags/first_try/transform_dag.py took 0.280 seconds
[2025-04-13T10:38:56.090+0000] {processor.py:157} INFO - Started process (PID=29616) to work on /workspaces/hands-on-introduction-data-engineering-4395021/airflow/dags/first_try/transform_dag.py
[2025-04-13T10:38:56.091+0000] {processor.py:826} INFO - Processing file /workspaces/hands-on-introduction-data-engineering-4395021/airflow/dags/first_try/transform_dag.py for tasks to queue
[2025-04-13T10:38:56.092+0000] {logging_mixin.py:150} INFO - [2025-04-13T10:38:56.091+0000] {dagbag.py:541} INFO - Filling up the DagBag from /workspaces/hands-on-introduction-data-engineering-4395021/airflow/dags/first_try/transform_dag.py
[2025-04-13T10:38:56.320+0000] {processor.py:836} INFO - DAG(s) dict_keys(['transform_dag']) retrieved from /workspaces/hands-on-introduction-data-engineering-4395021/airflow/dags/first_try/transform_dag.py
[2025-04-13T10:38:56.335+0000] {logging_mixin.py:150} INFO - [2025-04-13T10:38:56.334+0000] {dag.py:2742} INFO - Sync 1 DAGs
[2025-04-13T10:38:56.349+0000] {logging_mixin.py:150} INFO - [2025-04-13T10:38:56.348+0000] {dag.py:3504} INFO - Setting next_dagrun for transform_dag to None, run_after=None
[2025-04-13T10:38:56.363+0000] {processor.py:179} INFO - Processing /workspaces/hands-on-introduction-data-engineering-4395021/airflow/dags/first_try/transform_dag.py took 0.275 seconds
[2025-04-13T10:39:27.546+0000] {processor.py:157} INFO - Started process (PID=29836) to work on /workspaces/hands-on-introduction-data-engineering-4395021/airflow/dags/first_try/transform_dag.py
[2025-04-13T10:39:27.547+0000] {processor.py:826} INFO - Processing file /workspaces/hands-on-introduction-data-engineering-4395021/airflow/dags/first_try/transform_dag.py for tasks to queue
[2025-04-13T10:39:27.548+0000] {logging_mixin.py:150} INFO - [2025-04-13T10:39:27.547+0000] {dagbag.py:541} INFO - Filling up the DagBag from /workspaces/hands-on-introduction-data-engineering-4395021/airflow/dags/first_try/transform_dag.py
[2025-04-13T10:39:27.808+0000] {processor.py:836} INFO - DAG(s) dict_keys(['transform_dag']) retrieved from /workspaces/hands-on-introduction-data-engineering-4395021/airflow/dags/first_try/transform_dag.py
[2025-04-13T10:39:27.822+0000] {logging_mixin.py:150} INFO - [2025-04-13T10:39:27.821+0000] {dag.py:2742} INFO - Sync 1 DAGs
[2025-04-13T10:39:27.835+0000] {logging_mixin.py:150} INFO - [2025-04-13T10:39:27.835+0000] {dag.py:3504} INFO - Setting next_dagrun for transform_dag to None, run_after=None
[2025-04-13T10:39:27.848+0000] {processor.py:179} INFO - Processing /workspaces/hands-on-introduction-data-engineering-4395021/airflow/dags/first_try/transform_dag.py took 0.304 seconds
[2025-04-13T10:39:58.136+0000] {processor.py:157} INFO - Started process (PID=30023) to work on /workspaces/hands-on-introduction-data-engineering-4395021/airflow/dags/first_try/transform_dag.py
[2025-04-13T10:39:58.137+0000] {processor.py:826} INFO - Processing file /workspaces/hands-on-introduction-data-engineering-4395021/airflow/dags/first_try/transform_dag.py for tasks to queue
[2025-04-13T10:39:58.138+0000] {logging_mixin.py:150} INFO - [2025-04-13T10:39:58.138+0000] {dagbag.py:541} INFO - Filling up the DagBag from /workspaces/hands-on-introduction-data-engineering-4395021/airflow/dags/first_try/transform_dag.py
[2025-04-13T10:39:58.357+0000] {processor.py:836} INFO - DAG(s) dict_keys(['transform_dag']) retrieved from /workspaces/hands-on-introduction-data-engineering-4395021/airflow/dags/first_try/transform_dag.py
[2025-04-13T10:39:58.372+0000] {logging_mixin.py:150} INFO - [2025-04-13T10:39:58.372+0000] {dag.py:2742} INFO - Sync 1 DAGs
[2025-04-13T10:39:58.388+0000] {logging_mixin.py:150} INFO - [2025-04-13T10:39:58.387+0000] {dag.py:3504} INFO - Setting next_dagrun for transform_dag to None, run_after=None
[2025-04-13T10:39:58.402+0000] {processor.py:179} INFO - Processing /workspaces/hands-on-introduction-data-engineering-4395021/airflow/dags/first_try/transform_dag.py took 0.267 seconds
[2025-04-13T10:40:28.659+0000] {processor.py:157} INFO - Started process (PID=30211) to work on /workspaces/hands-on-introduction-data-engineering-4395021/airflow/dags/first_try/transform_dag.py
[2025-04-13T10:40:28.660+0000] {processor.py:826} INFO - Processing file /workspaces/hands-on-introduction-data-engineering-4395021/airflow/dags/first_try/transform_dag.py for tasks to queue
[2025-04-13T10:40:28.661+0000] {logging_mixin.py:150} INFO - [2025-04-13T10:40:28.660+0000] {dagbag.py:541} INFO - Filling up the DagBag from /workspaces/hands-on-introduction-data-engineering-4395021/airflow/dags/first_try/transform_dag.py
[2025-04-13T10:40:28.882+0000] {processor.py:836} INFO - DAG(s) dict_keys(['transform_dag']) retrieved from /workspaces/hands-on-introduction-data-engineering-4395021/airflow/dags/first_try/transform_dag.py
[2025-04-13T10:40:28.897+0000] {logging_mixin.py:150} INFO - [2025-04-13T10:40:28.896+0000] {dag.py:2742} INFO - Sync 1 DAGs
[2025-04-13T10:40:28.909+0000] {logging_mixin.py:150} INFO - [2025-04-13T10:40:28.909+0000] {dag.py:3504} INFO - Setting next_dagrun for transform_dag to None, run_after=None
[2025-04-13T10:40:28.921+0000] {processor.py:179} INFO - Processing /workspaces/hands-on-introduction-data-engineering-4395021/airflow/dags/first_try/transform_dag.py took 0.264 seconds
[2025-04-13T10:40:59.153+0000] {processor.py:157} INFO - Started process (PID=30400) to work on /workspaces/hands-on-introduction-data-engineering-4395021/airflow/dags/first_try/transform_dag.py
[2025-04-13T10:40:59.153+0000] {processor.py:826} INFO - Processing file /workspaces/hands-on-introduction-data-engineering-4395021/airflow/dags/first_try/transform_dag.py for tasks to queue
[2025-04-13T10:40:59.154+0000] {logging_mixin.py:150} INFO - [2025-04-13T10:40:59.154+0000] {dagbag.py:541} INFO - Filling up the DagBag from /workspaces/hands-on-introduction-data-engineering-4395021/airflow/dags/first_try/transform_dag.py
[2025-04-13T10:40:59.393+0000] {processor.py:836} INFO - DAG(s) dict_keys(['transform_dag']) retrieved from /workspaces/hands-on-introduction-data-engineering-4395021/airflow/dags/first_try/transform_dag.py
[2025-04-13T10:40:59.407+0000] {logging_mixin.py:150} INFO - [2025-04-13T10:40:59.407+0000] {dag.py:2742} INFO - Sync 1 DAGs
[2025-04-13T10:40:59.419+0000] {logging_mixin.py:150} INFO - [2025-04-13T10:40:59.419+0000] {dag.py:3504} INFO - Setting next_dagrun for transform_dag to None, run_after=None
[2025-04-13T10:40:59.431+0000] {processor.py:179} INFO - Processing /workspaces/hands-on-introduction-data-engineering-4395021/airflow/dags/first_try/transform_dag.py took 0.281 seconds
[2025-04-13T10:41:29.646+0000] {processor.py:157} INFO - Started process (PID=30581) to work on /workspaces/hands-on-introduction-data-engineering-4395021/airflow/dags/first_try/transform_dag.py
[2025-04-13T10:41:29.647+0000] {processor.py:826} INFO - Processing file /workspaces/hands-on-introduction-data-engineering-4395021/airflow/dags/first_try/transform_dag.py for tasks to queue
[2025-04-13T10:41:29.647+0000] {logging_mixin.py:150} INFO - [2025-04-13T10:41:29.647+0000] {dagbag.py:541} INFO - Filling up the DagBag from /workspaces/hands-on-introduction-data-engineering-4395021/airflow/dags/first_try/transform_dag.py
[2025-04-13T10:41:29.868+0000] {processor.py:836} INFO - DAG(s) dict_keys(['transform_dag']) retrieved from /workspaces/hands-on-introduction-data-engineering-4395021/airflow/dags/first_try/transform_dag.py
[2025-04-13T10:41:29.883+0000] {logging_mixin.py:150} INFO - [2025-04-13T10:41:29.882+0000] {dag.py:2742} INFO - Sync 1 DAGs
[2025-04-13T10:41:29.895+0000] {logging_mixin.py:150} INFO - [2025-04-13T10:41:29.895+0000] {dag.py:3504} INFO - Setting next_dagrun for transform_dag to None, run_after=None
[2025-04-13T10:41:29.908+0000] {processor.py:179} INFO - Processing /workspaces/hands-on-introduction-data-engineering-4395021/airflow/dags/first_try/transform_dag.py took 0.264 seconds
[2025-04-13T10:42:00.142+0000] {processor.py:157} INFO - Started process (PID=30770) to work on /workspaces/hands-on-introduction-data-engineering-4395021/airflow/dags/first_try/transform_dag.py
[2025-04-13T10:42:00.143+0000] {processor.py:826} INFO - Processing file /workspaces/hands-on-introduction-data-engineering-4395021/airflow/dags/first_try/transform_dag.py for tasks to queue
[2025-04-13T10:42:00.144+0000] {logging_mixin.py:150} INFO - [2025-04-13T10:42:00.143+0000] {dagbag.py:541} INFO - Filling up the DagBag from /workspaces/hands-on-introduction-data-engineering-4395021/airflow/dags/first_try/transform_dag.py
[2025-04-13T10:42:00.368+0000] {processor.py:836} INFO - DAG(s) dict_keys(['transform_dag']) retrieved from /workspaces/hands-on-introduction-data-engineering-4395021/airflow/dags/first_try/transform_dag.py
[2025-04-13T10:42:00.382+0000] {logging_mixin.py:150} INFO - [2025-04-13T10:42:00.381+0000] {dag.py:2742} INFO - Sync 1 DAGs
[2025-04-13T10:42:00.394+0000] {logging_mixin.py:150} INFO - [2025-04-13T10:42:00.394+0000] {dag.py:3504} INFO - Setting next_dagrun for transform_dag to None, run_after=None
[2025-04-13T10:42:00.408+0000] {processor.py:179} INFO - Processing /workspaces/hands-on-introduction-data-engineering-4395021/airflow/dags/first_try/transform_dag.py took 0.268 seconds
[2025-04-13T10:42:31.682+0000] {processor.py:157} INFO - Started process (PID=30983) to work on /workspaces/hands-on-introduction-data-engineering-4395021/airflow/dags/first_try/transform_dag.py
[2025-04-13T10:42:31.683+0000] {processor.py:826} INFO - Processing file /workspaces/hands-on-introduction-data-engineering-4395021/airflow/dags/first_try/transform_dag.py for tasks to queue
[2025-04-13T10:42:31.683+0000] {logging_mixin.py:150} INFO - [2025-04-13T10:42:31.683+0000] {dagbag.py:541} INFO - Filling up the DagBag from /workspaces/hands-on-introduction-data-engineering-4395021/airflow/dags/first_try/transform_dag.py
[2025-04-13T10:42:31.917+0000] {processor.py:836} INFO - DAG(s) dict_keys(['transform_dag']) retrieved from /workspaces/hands-on-introduction-data-engineering-4395021/airflow/dags/first_try/transform_dag.py
[2025-04-13T10:42:31.931+0000] {logging_mixin.py:150} INFO - [2025-04-13T10:42:31.931+0000] {dag.py:2742} INFO - Sync 1 DAGs
[2025-04-13T10:42:31.944+0000] {logging_mixin.py:150} INFO - [2025-04-13T10:42:31.944+0000] {dag.py:3504} INFO - Setting next_dagrun for transform_dag to None, run_after=None
[2025-04-13T10:42:31.957+0000] {processor.py:179} INFO - Processing /workspaces/hands-on-introduction-data-engineering-4395021/airflow/dags/first_try/transform_dag.py took 0.277 seconds
[2025-04-13T10:43:02.370+0000] {processor.py:157} INFO - Started process (PID=31170) to work on /workspaces/hands-on-introduction-data-engineering-4395021/airflow/dags/first_try/transform_dag.py
[2025-04-13T10:43:02.371+0000] {processor.py:826} INFO - Processing file /workspaces/hands-on-introduction-data-engineering-4395021/airflow/dags/first_try/transform_dag.py for tasks to queue
[2025-04-13T10:43:02.372+0000] {logging_mixin.py:150} INFO - [2025-04-13T10:43:02.372+0000] {dagbag.py:541} INFO - Filling up the DagBag from /workspaces/hands-on-introduction-data-engineering-4395021/airflow/dags/first_try/transform_dag.py
[2025-04-13T10:43:02.593+0000] {processor.py:836} INFO - DAG(s) dict_keys(['transform_dag']) retrieved from /workspaces/hands-on-introduction-data-engineering-4395021/airflow/dags/first_try/transform_dag.py
[2025-04-13T10:43:02.607+0000] {logging_mixin.py:150} INFO - [2025-04-13T10:43:02.607+0000] {dag.py:2742} INFO - Sync 1 DAGs
[2025-04-13T10:43:02.620+0000] {logging_mixin.py:150} INFO - [2025-04-13T10:43:02.620+0000] {dag.py:3504} INFO - Setting next_dagrun for transform_dag to None, run_after=None
[2025-04-13T10:43:02.633+0000] {processor.py:179} INFO - Processing /workspaces/hands-on-introduction-data-engineering-4395021/airflow/dags/first_try/transform_dag.py took 0.264 seconds
[2025-04-13T10:43:34.299+0000] {processor.py:157} INFO - Started process (PID=31372) to work on /workspaces/hands-on-introduction-data-engineering-4395021/airflow/dags/first_try/transform_dag.py
[2025-04-13T10:43:34.300+0000] {processor.py:826} INFO - Processing file /workspaces/hands-on-introduction-data-engineering-4395021/airflow/dags/first_try/transform_dag.py for tasks to queue
[2025-04-13T10:43:34.300+0000] {logging_mixin.py:150} INFO - [2025-04-13T10:43:34.300+0000] {dagbag.py:541} INFO - Filling up the DagBag from /workspaces/hands-on-introduction-data-engineering-4395021/airflow/dags/first_try/transform_dag.py
[2025-04-13T10:43:34.538+0000] {processor.py:836} INFO - DAG(s) dict_keys(['transform_dag']) retrieved from /workspaces/hands-on-introduction-data-engineering-4395021/airflow/dags/first_try/transform_dag.py
[2025-04-13T10:43:34.552+0000] {logging_mixin.py:150} INFO - [2025-04-13T10:43:34.552+0000] {dag.py:2742} INFO - Sync 1 DAGs
[2025-04-13T10:43:34.565+0000] {logging_mixin.py:150} INFO - [2025-04-13T10:43:34.565+0000] {dag.py:3504} INFO - Setting next_dagrun for transform_dag to None, run_after=None
[2025-04-13T10:43:34.578+0000] {processor.py:179} INFO - Processing /workspaces/hands-on-introduction-data-engineering-4395021/airflow/dags/first_try/transform_dag.py took 0.281 seconds
[2025-04-13T10:44:05.590+0000] {processor.py:157} INFO - Started process (PID=31590) to work on /workspaces/hands-on-introduction-data-engineering-4395021/airflow/dags/first_try/transform_dag.py
[2025-04-13T10:44:05.591+0000] {processor.py:826} INFO - Processing file /workspaces/hands-on-introduction-data-engineering-4395021/airflow/dags/first_try/transform_dag.py for tasks to queue
[2025-04-13T10:44:05.591+0000] {logging_mixin.py:150} INFO - [2025-04-13T10:44:05.591+0000] {dagbag.py:541} INFO - Filling up the DagBag from /workspaces/hands-on-introduction-data-engineering-4395021/airflow/dags/first_try/transform_dag.py
[2025-04-13T10:44:05.907+0000] {processor.py:836} INFO - DAG(s) dict_keys(['transform_dag']) retrieved from /workspaces/hands-on-introduction-data-engineering-4395021/airflow/dags/first_try/transform_dag.py
[2025-04-13T10:44:05.931+0000] {logging_mixin.py:150} INFO - [2025-04-13T10:44:05.931+0000] {dag.py:2742} INFO - Sync 1 DAGs
[2025-04-13T10:44:05.963+0000] {logging_mixin.py:150} INFO - [2025-04-13T10:44:05.963+0000] {dag.py:3504} INFO - Setting next_dagrun for transform_dag to None, run_after=None
[2025-04-13T10:44:05.994+0000] {processor.py:179} INFO - Processing /workspaces/hands-on-introduction-data-engineering-4395021/airflow/dags/first_try/transform_dag.py took 0.407 seconds
[2025-04-13T10:44:37.004+0000] {processor.py:157} INFO - Started process (PID=31879) to work on /workspaces/hands-on-introduction-data-engineering-4395021/airflow/dags/first_try/transform_dag.py
[2025-04-13T10:44:37.005+0000] {processor.py:826} INFO - Processing file /workspaces/hands-on-introduction-data-engineering-4395021/airflow/dags/first_try/transform_dag.py for tasks to queue
[2025-04-13T10:44:37.005+0000] {logging_mixin.py:150} INFO - [2025-04-13T10:44:37.005+0000] {dagbag.py:541} INFO - Filling up the DagBag from /workspaces/hands-on-introduction-data-engineering-4395021/airflow/dags/first_try/transform_dag.py
[2025-04-13T10:44:37.230+0000] {processor.py:836} INFO - DAG(s) dict_keys(['transform_dag']) retrieved from /workspaces/hands-on-introduction-data-engineering-4395021/airflow/dags/first_try/transform_dag.py
[2025-04-13T10:44:37.245+0000] {logging_mixin.py:150} INFO - [2025-04-13T10:44:37.245+0000] {dag.py:2742} INFO - Sync 1 DAGs
[2025-04-13T10:44:37.257+0000] {logging_mixin.py:150} INFO - [2025-04-13T10:44:37.257+0000] {dag.py:3504} INFO - Setting next_dagrun for transform_dag to None, run_after=None
[2025-04-13T10:44:37.270+0000] {processor.py:179} INFO - Processing /workspaces/hands-on-introduction-data-engineering-4395021/airflow/dags/first_try/transform_dag.py took 0.268 seconds
[2025-04-13T10:45:07.397+0000] {processor.py:157} INFO - Started process (PID=32178) to work on /workspaces/hands-on-introduction-data-engineering-4395021/airflow/dags/first_try/transform_dag.py
[2025-04-13T10:45:07.398+0000] {processor.py:826} INFO - Processing file /workspaces/hands-on-introduction-data-engineering-4395021/airflow/dags/first_try/transform_dag.py for tasks to queue
[2025-04-13T10:45:07.399+0000] {logging_mixin.py:150} INFO - [2025-04-13T10:45:07.398+0000] {dagbag.py:541} INFO - Filling up the DagBag from /workspaces/hands-on-introduction-data-engineering-4395021/airflow/dags/first_try/transform_dag.py
[2025-04-13T10:45:07.679+0000] {processor.py:836} INFO - DAG(s) dict_keys(['transform_dag']) retrieved from /workspaces/hands-on-introduction-data-engineering-4395021/airflow/dags/first_try/transform_dag.py
[2025-04-13T10:45:07.701+0000] {logging_mixin.py:150} INFO - [2025-04-13T10:45:07.701+0000] {dag.py:2742} INFO - Sync 1 DAGs
[2025-04-13T10:45:07.714+0000] {logging_mixin.py:150} INFO - [2025-04-13T10:45:07.714+0000] {dag.py:3504} INFO - Setting next_dagrun for transform_dag to None, run_after=None
[2025-04-13T10:45:07.727+0000] {processor.py:179} INFO - Processing /workspaces/hands-on-introduction-data-engineering-4395021/airflow/dags/first_try/transform_dag.py took 0.331 seconds
