[2025-04-10T18:49:21.484+0000] {processor.py:157} INFO - Started process (PID=19692) to work on /workspaces/hands-on-introduction-data-engineering-4395021/airflow/dags/first_try/etl_dag.py
[2025-04-10T18:49:21.485+0000] {processor.py:826} INFO - Processing file /workspaces/hands-on-introduction-data-engineering-4395021/airflow/dags/first_try/etl_dag.py for tasks to queue
[2025-04-10T18:49:21.485+0000] {logging_mixin.py:150} INFO - [2025-04-10T18:49:21.485+0000] {dagbag.py:541} INFO - Filling up the DagBag from /workspaces/hands-on-introduction-data-engineering-4395021/airflow/dags/first_try/etl_dag.py
[2025-04-10T18:49:21.712+0000] {processor.py:836} INFO - DAG(s) dict_keys(['etl_dag']) retrieved from /workspaces/hands-on-introduction-data-engineering-4395021/airflow/dags/first_try/etl_dag.py
[2025-04-10T18:49:21.782+0000] {logging_mixin.py:150} INFO - [2025-04-10T18:49:21.782+0000] {dag.py:2742} INFO - Sync 1 DAGs
[2025-04-10T18:49:21.794+0000] {logging_mixin.py:150} INFO - [2025-04-10T18:49:21.794+0000] {dag.py:3504} INFO - Setting next_dagrun for etl_dag to 2025-04-09T00:00:00+00:00, run_after=2025-04-10T00:00:00+00:00
[2025-04-10T18:49:21.809+0000] {processor.py:179} INFO - Processing /workspaces/hands-on-introduction-data-engineering-4395021/airflow/dags/first_try/etl_dag.py took 0.327 seconds
[2025-04-10T18:49:52.503+0000] {processor.py:157} INFO - Started process (PID=20020) to work on /workspaces/hands-on-introduction-data-engineering-4395021/airflow/dags/first_try/etl_dag.py
[2025-04-10T18:49:52.503+0000] {processor.py:826} INFO - Processing file /workspaces/hands-on-introduction-data-engineering-4395021/airflow/dags/first_try/etl_dag.py for tasks to queue
[2025-04-10T18:49:52.504+0000] {logging_mixin.py:150} INFO - [2025-04-10T18:49:52.504+0000] {dagbag.py:541} INFO - Filling up the DagBag from /workspaces/hands-on-introduction-data-engineering-4395021/airflow/dags/first_try/etl_dag.py
[2025-04-10T18:49:52.727+0000] {processor.py:836} INFO - DAG(s) dict_keys(['etl_dag']) retrieved from /workspaces/hands-on-introduction-data-engineering-4395021/airflow/dags/first_try/etl_dag.py
[2025-04-10T18:49:52.742+0000] {logging_mixin.py:150} INFO - [2025-04-10T18:49:52.742+0000] {dag.py:2742} INFO - Sync 1 DAGs
[2025-04-10T18:49:52.755+0000] {logging_mixin.py:150} INFO - [2025-04-10T18:49:52.755+0000] {dag.py:3504} INFO - Setting next_dagrun for etl_dag to 2025-04-10T00:00:00+00:00, run_after=2025-04-11T00:00:00+00:00
[2025-04-10T18:49:52.769+0000] {processor.py:179} INFO - Processing /workspaces/hands-on-introduction-data-engineering-4395021/airflow/dags/first_try/etl_dag.py took 0.268 seconds
[2025-04-10T18:50:22.936+0000] {processor.py:157} INFO - Started process (PID=20199) to work on /workspaces/hands-on-introduction-data-engineering-4395021/airflow/dags/first_try/etl_dag.py
[2025-04-10T18:50:22.937+0000] {processor.py:826} INFO - Processing file /workspaces/hands-on-introduction-data-engineering-4395021/airflow/dags/first_try/etl_dag.py for tasks to queue
[2025-04-10T18:50:22.937+0000] {logging_mixin.py:150} INFO - [2025-04-10T18:50:22.937+0000] {dagbag.py:541} INFO - Filling up the DagBag from /workspaces/hands-on-introduction-data-engineering-4395021/airflow/dags/first_try/etl_dag.py
[2025-04-10T18:50:23.166+0000] {processor.py:836} INFO - DAG(s) dict_keys(['etl_dag']) retrieved from /workspaces/hands-on-introduction-data-engineering-4395021/airflow/dags/first_try/etl_dag.py
[2025-04-10T18:50:23.180+0000] {logging_mixin.py:150} INFO - [2025-04-10T18:50:23.180+0000] {dag.py:2742} INFO - Sync 1 DAGs
[2025-04-10T18:50:23.193+0000] {logging_mixin.py:150} INFO - [2025-04-10T18:50:23.193+0000] {dag.py:3504} INFO - Setting next_dagrun for etl_dag to 2025-04-10T00:00:00+00:00, run_after=2025-04-11T00:00:00+00:00
[2025-04-10T18:50:23.206+0000] {processor.py:179} INFO - Processing /workspaces/hands-on-introduction-data-engineering-4395021/airflow/dags/first_try/etl_dag.py took 0.272 seconds
[2025-04-10T18:50:54.251+0000] {processor.py:157} INFO - Started process (PID=20394) to work on /workspaces/hands-on-introduction-data-engineering-4395021/airflow/dags/first_try/etl_dag.py
[2025-04-10T18:50:54.252+0000] {processor.py:826} INFO - Processing file /workspaces/hands-on-introduction-data-engineering-4395021/airflow/dags/first_try/etl_dag.py for tasks to queue
[2025-04-10T18:50:54.253+0000] {logging_mixin.py:150} INFO - [2025-04-10T18:50:54.253+0000] {dagbag.py:541} INFO - Filling up the DagBag from /workspaces/hands-on-introduction-data-engineering-4395021/airflow/dags/first_try/etl_dag.py
[2025-04-10T18:50:54.480+0000] {processor.py:836} INFO - DAG(s) dict_keys(['etl_dag']) retrieved from /workspaces/hands-on-introduction-data-engineering-4395021/airflow/dags/first_try/etl_dag.py
[2025-04-10T18:50:54.494+0000] {logging_mixin.py:150} INFO - [2025-04-10T18:50:54.494+0000] {dag.py:2742} INFO - Sync 1 DAGs
[2025-04-10T18:50:54.508+0000] {logging_mixin.py:150} INFO - [2025-04-10T18:50:54.508+0000] {dag.py:3504} INFO - Setting next_dagrun for etl_dag to 2025-04-10T00:00:00+00:00, run_after=2025-04-11T00:00:00+00:00
[2025-04-10T18:50:54.524+0000] {processor.py:179} INFO - Processing /workspaces/hands-on-introduction-data-engineering-4395021/airflow/dags/first_try/etl_dag.py took 0.274 seconds
[2025-04-10T18:51:25.467+0000] {processor.py:157} INFO - Started process (PID=20584) to work on /workspaces/hands-on-introduction-data-engineering-4395021/airflow/dags/first_try/etl_dag.py
[2025-04-10T18:51:25.468+0000] {processor.py:826} INFO - Processing file /workspaces/hands-on-introduction-data-engineering-4395021/airflow/dags/first_try/etl_dag.py for tasks to queue
[2025-04-10T18:51:25.468+0000] {logging_mixin.py:150} INFO - [2025-04-10T18:51:25.468+0000] {dagbag.py:541} INFO - Filling up the DagBag from /workspaces/hands-on-introduction-data-engineering-4395021/airflow/dags/first_try/etl_dag.py
[2025-04-10T18:51:25.726+0000] {processor.py:836} INFO - DAG(s) dict_keys(['etl_dag']) retrieved from /workspaces/hands-on-introduction-data-engineering-4395021/airflow/dags/first_try/etl_dag.py
[2025-04-10T18:51:25.741+0000] {logging_mixin.py:150} INFO - [2025-04-10T18:51:25.741+0000] {dag.py:2742} INFO - Sync 1 DAGs
[2025-04-10T18:51:25.755+0000] {logging_mixin.py:150} INFO - [2025-04-10T18:51:25.755+0000] {dag.py:3504} INFO - Setting next_dagrun for etl_dag to 2025-04-10T00:00:00+00:00, run_after=2025-04-11T00:00:00+00:00
[2025-04-10T18:51:25.769+0000] {processor.py:179} INFO - Processing /workspaces/hands-on-introduction-data-engineering-4395021/airflow/dags/first_try/etl_dag.py took 0.304 seconds
[2025-04-10T18:51:56.006+0000] {processor.py:157} INFO - Started process (PID=20789) to work on /workspaces/hands-on-introduction-data-engineering-4395021/airflow/dags/first_try/etl_dag.py
[2025-04-10T18:51:56.006+0000] {processor.py:826} INFO - Processing file /workspaces/hands-on-introduction-data-engineering-4395021/airflow/dags/first_try/etl_dag.py for tasks to queue
[2025-04-10T18:51:56.007+0000] {logging_mixin.py:150} INFO - [2025-04-10T18:51:56.007+0000] {dagbag.py:541} INFO - Filling up the DagBag from /workspaces/hands-on-introduction-data-engineering-4395021/airflow/dags/first_try/etl_dag.py
[2025-04-10T18:51:56.261+0000] {processor.py:836} INFO - DAG(s) dict_keys(['etl_dag']) retrieved from /workspaces/hands-on-introduction-data-engineering-4395021/airflow/dags/first_try/etl_dag.py
[2025-04-10T18:51:56.275+0000] {logging_mixin.py:150} INFO - [2025-04-10T18:51:56.275+0000] {dag.py:2742} INFO - Sync 1 DAGs
[2025-04-10T18:51:56.289+0000] {logging_mixin.py:150} INFO - [2025-04-10T18:51:56.288+0000] {dag.py:3504} INFO - Setting next_dagrun for etl_dag to 2025-04-10T00:00:00+00:00, run_after=2025-04-11T00:00:00+00:00
[2025-04-10T18:51:56.301+0000] {processor.py:179} INFO - Processing /workspaces/hands-on-introduction-data-engineering-4395021/airflow/dags/first_try/etl_dag.py took 0.298 seconds
[2025-04-10T18:52:26.776+0000] {processor.py:157} INFO - Started process (PID=20972) to work on /workspaces/hands-on-introduction-data-engineering-4395021/airflow/dags/first_try/etl_dag.py
[2025-04-10T18:52:26.776+0000] {processor.py:826} INFO - Processing file /workspaces/hands-on-introduction-data-engineering-4395021/airflow/dags/first_try/etl_dag.py for tasks to queue
[2025-04-10T18:52:26.779+0000] {logging_mixin.py:150} INFO - [2025-04-10T18:52:26.779+0000] {dagbag.py:541} INFO - Filling up the DagBag from /workspaces/hands-on-introduction-data-engineering-4395021/airflow/dags/first_try/etl_dag.py
[2025-04-10T18:52:27.371+0000] {processor.py:836} INFO - DAG(s) dict_keys(['etl_dag']) retrieved from /workspaces/hands-on-introduction-data-engineering-4395021/airflow/dags/first_try/etl_dag.py
[2025-04-10T18:52:27.385+0000] {logging_mixin.py:150} INFO - [2025-04-10T18:52:27.385+0000] {dag.py:2742} INFO - Sync 1 DAGs
[2025-04-10T18:52:27.398+0000] {logging_mixin.py:150} INFO - [2025-04-10T18:52:27.398+0000] {dag.py:3504} INFO - Setting next_dagrun for etl_dag to 2025-04-10T00:00:00+00:00, run_after=2025-04-11T00:00:00+00:00
[2025-04-10T18:52:27.411+0000] {processor.py:179} INFO - Processing /workspaces/hands-on-introduction-data-engineering-4395021/airflow/dags/first_try/etl_dag.py took 0.640 seconds
[2025-04-10T18:52:58.084+0000] {processor.py:157} INFO - Started process (PID=21163) to work on /workspaces/hands-on-introduction-data-engineering-4395021/airflow/dags/first_try/etl_dag.py
[2025-04-10T18:52:58.085+0000] {processor.py:826} INFO - Processing file /workspaces/hands-on-introduction-data-engineering-4395021/airflow/dags/first_try/etl_dag.py for tasks to queue
[2025-04-10T18:52:58.086+0000] {logging_mixin.py:150} INFO - [2025-04-10T18:52:58.085+0000] {dagbag.py:541} INFO - Filling up the DagBag from /workspaces/hands-on-introduction-data-engineering-4395021/airflow/dags/first_try/etl_dag.py
[2025-04-10T18:52:58.309+0000] {processor.py:836} INFO - DAG(s) dict_keys(['etl_dag']) retrieved from /workspaces/hands-on-introduction-data-engineering-4395021/airflow/dags/first_try/etl_dag.py
[2025-04-10T18:52:58.324+0000] {logging_mixin.py:150} INFO - [2025-04-10T18:52:58.324+0000] {dag.py:2742} INFO - Sync 1 DAGs
[2025-04-10T18:52:58.336+0000] {logging_mixin.py:150} INFO - [2025-04-10T18:52:58.336+0000] {dag.py:3504} INFO - Setting next_dagrun for etl_dag to 2025-04-10T00:00:00+00:00, run_after=2025-04-11T00:00:00+00:00
[2025-04-10T18:52:58.349+0000] {processor.py:179} INFO - Processing /workspaces/hands-on-introduction-data-engineering-4395021/airflow/dags/first_try/etl_dag.py took 0.268 seconds
[2025-04-10T18:53:28.984+0000] {processor.py:157} INFO - Started process (PID=21349) to work on /workspaces/hands-on-introduction-data-engineering-4395021/airflow/dags/first_try/etl_dag.py
[2025-04-10T18:53:28.984+0000] {processor.py:826} INFO - Processing file /workspaces/hands-on-introduction-data-engineering-4395021/airflow/dags/first_try/etl_dag.py for tasks to queue
[2025-04-10T18:53:28.985+0000] {logging_mixin.py:150} INFO - [2025-04-10T18:53:28.985+0000] {dagbag.py:541} INFO - Filling up the DagBag from /workspaces/hands-on-introduction-data-engineering-4395021/airflow/dags/first_try/etl_dag.py
[2025-04-10T18:53:29.226+0000] {processor.py:836} INFO - DAG(s) dict_keys(['etl_dag']) retrieved from /workspaces/hands-on-introduction-data-engineering-4395021/airflow/dags/first_try/etl_dag.py
[2025-04-10T18:53:29.241+0000] {logging_mixin.py:150} INFO - [2025-04-10T18:53:29.241+0000] {dag.py:2742} INFO - Sync 1 DAGs
[2025-04-10T18:53:29.254+0000] {logging_mixin.py:150} INFO - [2025-04-10T18:53:29.254+0000] {dag.py:3504} INFO - Setting next_dagrun for etl_dag to 2025-04-10T00:00:00+00:00, run_after=2025-04-11T00:00:00+00:00
[2025-04-10T18:53:29.268+0000] {processor.py:179} INFO - Processing /workspaces/hands-on-introduction-data-engineering-4395021/airflow/dags/first_try/etl_dag.py took 0.286 seconds
[2025-04-10T18:53:59.485+0000] {processor.py:157} INFO - Started process (PID=21528) to work on /workspaces/hands-on-introduction-data-engineering-4395021/airflow/dags/first_try/etl_dag.py
[2025-04-10T18:53:59.486+0000] {processor.py:826} INFO - Processing file /workspaces/hands-on-introduction-data-engineering-4395021/airflow/dags/first_try/etl_dag.py for tasks to queue
[2025-04-10T18:53:59.486+0000] {logging_mixin.py:150} INFO - [2025-04-10T18:53:59.486+0000] {dagbag.py:541} INFO - Filling up the DagBag from /workspaces/hands-on-introduction-data-engineering-4395021/airflow/dags/first_try/etl_dag.py
[2025-04-10T18:53:59.708+0000] {processor.py:836} INFO - DAG(s) dict_keys(['etl_dag']) retrieved from /workspaces/hands-on-introduction-data-engineering-4395021/airflow/dags/first_try/etl_dag.py
[2025-04-10T18:53:59.725+0000] {logging_mixin.py:150} INFO - [2025-04-10T18:53:59.725+0000] {dag.py:2742} INFO - Sync 1 DAGs
[2025-04-10T18:53:59.738+0000] {logging_mixin.py:150} INFO - [2025-04-10T18:53:59.738+0000] {dag.py:3504} INFO - Setting next_dagrun for etl_dag to 2025-04-10T00:00:00+00:00, run_after=2025-04-11T00:00:00+00:00
[2025-04-10T18:53:59.752+0000] {processor.py:179} INFO - Processing /workspaces/hands-on-introduction-data-engineering-4395021/airflow/dags/first_try/etl_dag.py took 0.269 seconds
[2025-04-10T18:54:29.982+0000] {processor.py:157} INFO - Started process (PID=21714) to work on /workspaces/hands-on-introduction-data-engineering-4395021/airflow/dags/first_try/etl_dag.py
[2025-04-10T18:54:29.982+0000] {processor.py:826} INFO - Processing file /workspaces/hands-on-introduction-data-engineering-4395021/airflow/dags/first_try/etl_dag.py for tasks to queue
[2025-04-10T18:54:29.983+0000] {logging_mixin.py:150} INFO - [2025-04-10T18:54:29.983+0000] {dagbag.py:541} INFO - Filling up the DagBag from /workspaces/hands-on-introduction-data-engineering-4395021/airflow/dags/first_try/etl_dag.py
[2025-04-10T18:54:30.213+0000] {processor.py:836} INFO - DAG(s) dict_keys(['etl_dag']) retrieved from /workspaces/hands-on-introduction-data-engineering-4395021/airflow/dags/first_try/etl_dag.py
[2025-04-10T18:54:30.227+0000] {logging_mixin.py:150} INFO - [2025-04-10T18:54:30.227+0000] {dag.py:2742} INFO - Sync 1 DAGs
[2025-04-10T18:54:30.240+0000] {logging_mixin.py:150} INFO - [2025-04-10T18:54:30.240+0000] {dag.py:3504} INFO - Setting next_dagrun for etl_dag to 2025-04-10T00:00:00+00:00, run_after=2025-04-11T00:00:00+00:00
[2025-04-10T18:54:30.254+0000] {processor.py:179} INFO - Processing /workspaces/hands-on-introduction-data-engineering-4395021/airflow/dags/first_try/etl_dag.py took 0.275 seconds
[2025-04-10T18:55:00.581+0000] {processor.py:157} INFO - Started process (PID=21899) to work on /workspaces/hands-on-introduction-data-engineering-4395021/airflow/dags/first_try/etl_dag.py
[2025-04-10T18:55:00.582+0000] {processor.py:826} INFO - Processing file /workspaces/hands-on-introduction-data-engineering-4395021/airflow/dags/first_try/etl_dag.py for tasks to queue
[2025-04-10T18:55:00.582+0000] {logging_mixin.py:150} INFO - [2025-04-10T18:55:00.582+0000] {dagbag.py:541} INFO - Filling up the DagBag from /workspaces/hands-on-introduction-data-engineering-4395021/airflow/dags/first_try/etl_dag.py
[2025-04-10T18:55:00.807+0000] {processor.py:836} INFO - DAG(s) dict_keys(['etl_dag']) retrieved from /workspaces/hands-on-introduction-data-engineering-4395021/airflow/dags/first_try/etl_dag.py
[2025-04-10T18:55:00.822+0000] {logging_mixin.py:150} INFO - [2025-04-10T18:55:00.821+0000] {dag.py:2742} INFO - Sync 1 DAGs
[2025-04-10T18:55:00.835+0000] {logging_mixin.py:150} INFO - [2025-04-10T18:55:00.835+0000] {dag.py:3504} INFO - Setting next_dagrun for etl_dag to 2025-04-10T00:00:00+00:00, run_after=2025-04-11T00:00:00+00:00
[2025-04-10T18:55:00.848+0000] {processor.py:179} INFO - Processing /workspaces/hands-on-introduction-data-engineering-4395021/airflow/dags/first_try/etl_dag.py took 0.269 seconds
[2025-04-10T18:55:31.181+0000] {processor.py:157} INFO - Started process (PID=22078) to work on /workspaces/hands-on-introduction-data-engineering-4395021/airflow/dags/first_try/etl_dag.py
[2025-04-10T18:55:31.182+0000] {processor.py:826} INFO - Processing file /workspaces/hands-on-introduction-data-engineering-4395021/airflow/dags/first_try/etl_dag.py for tasks to queue
[2025-04-10T18:55:31.183+0000] {logging_mixin.py:150} INFO - [2025-04-10T18:55:31.182+0000] {dagbag.py:541} INFO - Filling up the DagBag from /workspaces/hands-on-introduction-data-engineering-4395021/airflow/dags/first_try/etl_dag.py
[2025-04-10T18:55:31.405+0000] {processor.py:836} INFO - DAG(s) dict_keys(['etl_dag']) retrieved from /workspaces/hands-on-introduction-data-engineering-4395021/airflow/dags/first_try/etl_dag.py
[2025-04-10T18:55:31.420+0000] {logging_mixin.py:150} INFO - [2025-04-10T18:55:31.420+0000] {dag.py:2742} INFO - Sync 1 DAGs
[2025-04-10T18:55:31.434+0000] {logging_mixin.py:150} INFO - [2025-04-10T18:55:31.434+0000] {dag.py:3504} INFO - Setting next_dagrun for etl_dag to 2025-04-10T00:00:00+00:00, run_after=2025-04-11T00:00:00+00:00
[2025-04-10T18:55:31.447+0000] {processor.py:179} INFO - Processing /workspaces/hands-on-introduction-data-engineering-4395021/airflow/dags/first_try/etl_dag.py took 0.268 seconds
[2025-04-10T18:56:01.674+0000] {processor.py:157} INFO - Started process (PID=22263) to work on /workspaces/hands-on-introduction-data-engineering-4395021/airflow/dags/first_try/etl_dag.py
[2025-04-10T18:56:01.674+0000] {processor.py:826} INFO - Processing file /workspaces/hands-on-introduction-data-engineering-4395021/airflow/dags/first_try/etl_dag.py for tasks to queue
[2025-04-10T18:56:01.675+0000] {logging_mixin.py:150} INFO - [2025-04-10T18:56:01.675+0000] {dagbag.py:541} INFO - Filling up the DagBag from /workspaces/hands-on-introduction-data-engineering-4395021/airflow/dags/first_try/etl_dag.py
[2025-04-10T18:56:01.899+0000] {processor.py:836} INFO - DAG(s) dict_keys(['etl_dag']) retrieved from /workspaces/hands-on-introduction-data-engineering-4395021/airflow/dags/first_try/etl_dag.py
[2025-04-10T18:56:01.913+0000] {logging_mixin.py:150} INFO - [2025-04-10T18:56:01.913+0000] {dag.py:2742} INFO - Sync 1 DAGs
[2025-04-10T18:56:01.926+0000] {logging_mixin.py:150} INFO - [2025-04-10T18:56:01.926+0000] {dag.py:3504} INFO - Setting next_dagrun for etl_dag to 2025-04-10T00:00:00+00:00, run_after=2025-04-11T00:00:00+00:00
[2025-04-10T18:56:01.939+0000] {processor.py:179} INFO - Processing /workspaces/hands-on-introduction-data-engineering-4395021/airflow/dags/first_try/etl_dag.py took 0.268 seconds
[2025-04-10T18:56:32.169+0000] {processor.py:157} INFO - Started process (PID=22448) to work on /workspaces/hands-on-introduction-data-engineering-4395021/airflow/dags/first_try/etl_dag.py
[2025-04-10T18:56:32.169+0000] {processor.py:826} INFO - Processing file /workspaces/hands-on-introduction-data-engineering-4395021/airflow/dags/first_try/etl_dag.py for tasks to queue
[2025-04-10T18:56:32.170+0000] {logging_mixin.py:150} INFO - [2025-04-10T18:56:32.170+0000] {dagbag.py:541} INFO - Filling up the DagBag from /workspaces/hands-on-introduction-data-engineering-4395021/airflow/dags/first_try/etl_dag.py
[2025-04-10T18:56:32.390+0000] {processor.py:836} INFO - DAG(s) dict_keys(['etl_dag']) retrieved from /workspaces/hands-on-introduction-data-engineering-4395021/airflow/dags/first_try/etl_dag.py
[2025-04-10T18:56:32.405+0000] {logging_mixin.py:150} INFO - [2025-04-10T18:56:32.405+0000] {dag.py:2742} INFO - Sync 1 DAGs
[2025-04-10T18:56:32.420+0000] {logging_mixin.py:150} INFO - [2025-04-10T18:56:32.419+0000] {dag.py:3504} INFO - Setting next_dagrun for etl_dag to 2025-04-10T00:00:00+00:00, run_after=2025-04-11T00:00:00+00:00
[2025-04-10T18:56:32.433+0000] {processor.py:179} INFO - Processing /workspaces/hands-on-introduction-data-engineering-4395021/airflow/dags/first_try/etl_dag.py took 0.266 seconds
[2025-04-10T18:57:02.663+0000] {processor.py:157} INFO - Started process (PID=22627) to work on /workspaces/hands-on-introduction-data-engineering-4395021/airflow/dags/first_try/etl_dag.py
[2025-04-10T18:57:02.664+0000] {processor.py:826} INFO - Processing file /workspaces/hands-on-introduction-data-engineering-4395021/airflow/dags/first_try/etl_dag.py for tasks to queue
[2025-04-10T18:57:02.665+0000] {logging_mixin.py:150} INFO - [2025-04-10T18:57:02.664+0000] {dagbag.py:541} INFO - Filling up the DagBag from /workspaces/hands-on-introduction-data-engineering-4395021/airflow/dags/first_try/etl_dag.py
[2025-04-10T18:57:02.897+0000] {processor.py:836} INFO - DAG(s) dict_keys(['etl_dag']) retrieved from /workspaces/hands-on-introduction-data-engineering-4395021/airflow/dags/first_try/etl_dag.py
[2025-04-10T18:57:02.920+0000] {logging_mixin.py:150} INFO - [2025-04-10T18:57:02.919+0000] {dag.py:2742} INFO - Sync 1 DAGs
[2025-04-10T18:57:02.940+0000] {logging_mixin.py:150} INFO - [2025-04-10T18:57:02.940+0000] {dag.py:3504} INFO - Setting next_dagrun for etl_dag to 2025-04-10T00:00:00+00:00, run_after=2025-04-11T00:00:00+00:00
[2025-04-10T18:57:02.959+0000] {processor.py:179} INFO - Processing /workspaces/hands-on-introduction-data-engineering-4395021/airflow/dags/first_try/etl_dag.py took 0.298 seconds
[2025-04-10T18:57:33.215+0000] {processor.py:157} INFO - Started process (PID=22813) to work on /workspaces/hands-on-introduction-data-engineering-4395021/airflow/dags/first_try/etl_dag.py
[2025-04-10T18:57:33.216+0000] {processor.py:826} INFO - Processing file /workspaces/hands-on-introduction-data-engineering-4395021/airflow/dags/first_try/etl_dag.py for tasks to queue
[2025-04-10T18:57:33.217+0000] {logging_mixin.py:150} INFO - [2025-04-10T18:57:33.217+0000] {dagbag.py:541} INFO - Filling up the DagBag from /workspaces/hands-on-introduction-data-engineering-4395021/airflow/dags/first_try/etl_dag.py
[2025-04-10T18:57:33.464+0000] {processor.py:836} INFO - DAG(s) dict_keys(['etl_dag']) retrieved from /workspaces/hands-on-introduction-data-engineering-4395021/airflow/dags/first_try/etl_dag.py
[2025-04-10T18:57:33.479+0000] {logging_mixin.py:150} INFO - [2025-04-10T18:57:33.479+0000] {dag.py:2742} INFO - Sync 1 DAGs
[2025-04-10T18:57:33.491+0000] {logging_mixin.py:150} INFO - [2025-04-10T18:57:33.491+0000] {dag.py:3504} INFO - Setting next_dagrun for etl_dag to 2025-04-10T00:00:00+00:00, run_after=2025-04-11T00:00:00+00:00
[2025-04-10T18:57:33.505+0000] {processor.py:179} INFO - Processing /workspaces/hands-on-introduction-data-engineering-4395021/airflow/dags/first_try/etl_dag.py took 0.292 seconds
[2025-04-10T18:58:03.812+0000] {processor.py:157} INFO - Started process (PID=22998) to work on /workspaces/hands-on-introduction-data-engineering-4395021/airflow/dags/first_try/etl_dag.py
[2025-04-10T18:58:03.813+0000] {processor.py:826} INFO - Processing file /workspaces/hands-on-introduction-data-engineering-4395021/airflow/dags/first_try/etl_dag.py for tasks to queue
[2025-04-10T18:58:03.814+0000] {logging_mixin.py:150} INFO - [2025-04-10T18:58:03.813+0000] {dagbag.py:541} INFO - Filling up the DagBag from /workspaces/hands-on-introduction-data-engineering-4395021/airflow/dags/first_try/etl_dag.py
[2025-04-10T18:58:04.046+0000] {processor.py:836} INFO - DAG(s) dict_keys(['etl_dag']) retrieved from /workspaces/hands-on-introduction-data-engineering-4395021/airflow/dags/first_try/etl_dag.py
[2025-04-10T18:58:04.061+0000] {logging_mixin.py:150} INFO - [2025-04-10T18:58:04.061+0000] {dag.py:2742} INFO - Sync 1 DAGs
[2025-04-10T18:58:04.074+0000] {logging_mixin.py:150} INFO - [2025-04-10T18:58:04.074+0000] {dag.py:3504} INFO - Setting next_dagrun for etl_dag to 2025-04-10T00:00:00+00:00, run_after=2025-04-11T00:00:00+00:00
[2025-04-10T18:58:04.088+0000] {processor.py:179} INFO - Processing /workspaces/hands-on-introduction-data-engineering-4395021/airflow/dags/first_try/etl_dag.py took 0.278 seconds
[2025-04-10T18:58:34.412+0000] {processor.py:157} INFO - Started process (PID=23178) to work on /workspaces/hands-on-introduction-data-engineering-4395021/airflow/dags/first_try/etl_dag.py
[2025-04-10T18:58:34.413+0000] {processor.py:826} INFO - Processing file /workspaces/hands-on-introduction-data-engineering-4395021/airflow/dags/first_try/etl_dag.py for tasks to queue
[2025-04-10T18:58:34.414+0000] {logging_mixin.py:150} INFO - [2025-04-10T18:58:34.413+0000] {dagbag.py:541} INFO - Filling up the DagBag from /workspaces/hands-on-introduction-data-engineering-4395021/airflow/dags/first_try/etl_dag.py
[2025-04-10T18:58:34.642+0000] {processor.py:836} INFO - DAG(s) dict_keys(['etl_dag']) retrieved from /workspaces/hands-on-introduction-data-engineering-4395021/airflow/dags/first_try/etl_dag.py
[2025-04-10T18:58:34.656+0000] {logging_mixin.py:150} INFO - [2025-04-10T18:58:34.656+0000] {dag.py:2742} INFO - Sync 1 DAGs
[2025-04-10T18:58:34.669+0000] {logging_mixin.py:150} INFO - [2025-04-10T18:58:34.669+0000] {dag.py:3504} INFO - Setting next_dagrun for etl_dag to 2025-04-10T00:00:00+00:00, run_after=2025-04-11T00:00:00+00:00
[2025-04-10T18:58:34.683+0000] {processor.py:179} INFO - Processing /workspaces/hands-on-introduction-data-engineering-4395021/airflow/dags/first_try/etl_dag.py took 0.272 seconds
[2025-04-10T18:59:05.013+0000] {processor.py:157} INFO - Started process (PID=23361) to work on /workspaces/hands-on-introduction-data-engineering-4395021/airflow/dags/first_try/etl_dag.py
[2025-04-10T18:59:05.014+0000] {processor.py:826} INFO - Processing file /workspaces/hands-on-introduction-data-engineering-4395021/airflow/dags/first_try/etl_dag.py for tasks to queue
[2025-04-10T18:59:05.014+0000] {logging_mixin.py:150} INFO - [2025-04-10T18:59:05.014+0000] {dagbag.py:541} INFO - Filling up the DagBag from /workspaces/hands-on-introduction-data-engineering-4395021/airflow/dags/first_try/etl_dag.py
[2025-04-10T18:59:05.240+0000] {processor.py:836} INFO - DAG(s) dict_keys(['etl_dag']) retrieved from /workspaces/hands-on-introduction-data-engineering-4395021/airflow/dags/first_try/etl_dag.py
[2025-04-10T18:59:05.254+0000] {logging_mixin.py:150} INFO - [2025-04-10T18:59:05.254+0000] {dag.py:2742} INFO - Sync 1 DAGs
[2025-04-10T18:59:05.268+0000] {logging_mixin.py:150} INFO - [2025-04-10T18:59:05.268+0000] {dag.py:3504} INFO - Setting next_dagrun for etl_dag to 2025-04-10T00:00:00+00:00, run_after=2025-04-11T00:00:00+00:00
[2025-04-10T18:59:05.283+0000] {processor.py:179} INFO - Processing /workspaces/hands-on-introduction-data-engineering-4395021/airflow/dags/first_try/etl_dag.py took 0.272 seconds
[2025-04-10T18:59:35.406+0000] {processor.py:157} INFO - Started process (PID=23547) to work on /workspaces/hands-on-introduction-data-engineering-4395021/airflow/dags/first_try/etl_dag.py
[2025-04-10T18:59:35.407+0000] {processor.py:826} INFO - Processing file /workspaces/hands-on-introduction-data-engineering-4395021/airflow/dags/first_try/etl_dag.py for tasks to queue
[2025-04-10T18:59:35.407+0000] {logging_mixin.py:150} INFO - [2025-04-10T18:59:35.407+0000] {dagbag.py:541} INFO - Filling up the DagBag from /workspaces/hands-on-introduction-data-engineering-4395021/airflow/dags/first_try/etl_dag.py
[2025-04-10T18:59:35.651+0000] {processor.py:836} INFO - DAG(s) dict_keys(['etl_dag']) retrieved from /workspaces/hands-on-introduction-data-engineering-4395021/airflow/dags/first_try/etl_dag.py
[2025-04-10T18:59:35.665+0000] {logging_mixin.py:150} INFO - [2025-04-10T18:59:35.665+0000] {dag.py:2742} INFO - Sync 1 DAGs
[2025-04-10T18:59:35.679+0000] {logging_mixin.py:150} INFO - [2025-04-10T18:59:35.679+0000] {dag.py:3504} INFO - Setting next_dagrun for etl_dag to 2025-04-10T00:00:00+00:00, run_after=2025-04-11T00:00:00+00:00
[2025-04-10T18:59:35.692+0000] {processor.py:179} INFO - Processing /workspaces/hands-on-introduction-data-engineering-4395021/airflow/dags/first_try/etl_dag.py took 0.288 seconds
[2025-04-10T19:00:05.798+0000] {processor.py:157} INFO - Started process (PID=23726) to work on /workspaces/hands-on-introduction-data-engineering-4395021/airflow/dags/first_try/etl_dag.py
[2025-04-10T19:00:05.799+0000] {processor.py:826} INFO - Processing file /workspaces/hands-on-introduction-data-engineering-4395021/airflow/dags/first_try/etl_dag.py for tasks to queue
[2025-04-10T19:00:05.800+0000] {logging_mixin.py:150} INFO - [2025-04-10T19:00:05.799+0000] {dagbag.py:541} INFO - Filling up the DagBag from /workspaces/hands-on-introduction-data-engineering-4395021/airflow/dags/first_try/etl_dag.py
[2025-04-10T19:00:06.025+0000] {processor.py:836} INFO - DAG(s) dict_keys(['etl_dag']) retrieved from /workspaces/hands-on-introduction-data-engineering-4395021/airflow/dags/first_try/etl_dag.py
[2025-04-10T19:00:06.039+0000] {logging_mixin.py:150} INFO - [2025-04-10T19:00:06.039+0000] {dag.py:2742} INFO - Sync 1 DAGs
[2025-04-10T19:00:06.053+0000] {logging_mixin.py:150} INFO - [2025-04-10T19:00:06.053+0000] {dag.py:3504} INFO - Setting next_dagrun for etl_dag to 2025-04-10T00:00:00+00:00, run_after=2025-04-11T00:00:00+00:00
[2025-04-10T19:00:06.066+0000] {processor.py:179} INFO - Processing /workspaces/hands-on-introduction-data-engineering-4395021/airflow/dags/first_try/etl_dag.py took 0.269 seconds
[2025-04-10T19:00:36.191+0000] {processor.py:157} INFO - Started process (PID=23911) to work on /workspaces/hands-on-introduction-data-engineering-4395021/airflow/dags/first_try/etl_dag.py
[2025-04-10T19:00:36.192+0000] {processor.py:826} INFO - Processing file /workspaces/hands-on-introduction-data-engineering-4395021/airflow/dags/first_try/etl_dag.py for tasks to queue
[2025-04-10T19:00:36.192+0000] {logging_mixin.py:150} INFO - [2025-04-10T19:00:36.192+0000] {dagbag.py:541} INFO - Filling up the DagBag from /workspaces/hands-on-introduction-data-engineering-4395021/airflow/dags/first_try/etl_dag.py
[2025-04-10T19:00:36.434+0000] {processor.py:836} INFO - DAG(s) dict_keys(['etl_dag']) retrieved from /workspaces/hands-on-introduction-data-engineering-4395021/airflow/dags/first_try/etl_dag.py
[2025-04-10T19:00:36.449+0000] {logging_mixin.py:150} INFO - [2025-04-10T19:00:36.449+0000] {dag.py:2742} INFO - Sync 1 DAGs
[2025-04-10T19:00:36.461+0000] {logging_mixin.py:150} INFO - [2025-04-10T19:00:36.461+0000] {dag.py:3504} INFO - Setting next_dagrun for etl_dag to 2025-04-10T00:00:00+00:00, run_after=2025-04-11T00:00:00+00:00
[2025-04-10T19:00:36.474+0000] {processor.py:179} INFO - Processing /workspaces/hands-on-introduction-data-engineering-4395021/airflow/dags/first_try/etl_dag.py took 0.285 seconds
[2025-04-10T19:01:06.587+0000] {processor.py:157} INFO - Started process (PID=24091) to work on /workspaces/hands-on-introduction-data-engineering-4395021/airflow/dags/first_try/etl_dag.py
[2025-04-10T19:01:06.588+0000] {processor.py:826} INFO - Processing file /workspaces/hands-on-introduction-data-engineering-4395021/airflow/dags/first_try/etl_dag.py for tasks to queue
[2025-04-10T19:01:06.588+0000] {logging_mixin.py:150} INFO - [2025-04-10T19:01:06.588+0000] {dagbag.py:541} INFO - Filling up the DagBag from /workspaces/hands-on-introduction-data-engineering-4395021/airflow/dags/first_try/etl_dag.py
[2025-04-10T19:01:06.820+0000] {processor.py:836} INFO - DAG(s) dict_keys(['etl_dag']) retrieved from /workspaces/hands-on-introduction-data-engineering-4395021/airflow/dags/first_try/etl_dag.py
[2025-04-10T19:01:06.836+0000] {logging_mixin.py:150} INFO - [2025-04-10T19:01:06.836+0000] {dag.py:2742} INFO - Sync 1 DAGs
[2025-04-10T19:01:06.849+0000] {logging_mixin.py:150} INFO - [2025-04-10T19:01:06.849+0000] {dag.py:3504} INFO - Setting next_dagrun for etl_dag to 2025-04-10T00:00:00+00:00, run_after=2025-04-11T00:00:00+00:00
[2025-04-10T19:01:06.862+0000] {processor.py:179} INFO - Processing /workspaces/hands-on-introduction-data-engineering-4395021/airflow/dags/first_try/etl_dag.py took 0.278 seconds
[2025-04-10T19:01:36.977+0000] {processor.py:157} INFO - Started process (PID=24275) to work on /workspaces/hands-on-introduction-data-engineering-4395021/airflow/dags/first_try/etl_dag.py
[2025-04-10T19:01:36.977+0000] {processor.py:826} INFO - Processing file /workspaces/hands-on-introduction-data-engineering-4395021/airflow/dags/first_try/etl_dag.py for tasks to queue
[2025-04-10T19:01:36.978+0000] {logging_mixin.py:150} INFO - [2025-04-10T19:01:36.978+0000] {dagbag.py:541} INFO - Filling up the DagBag from /workspaces/hands-on-introduction-data-engineering-4395021/airflow/dags/first_try/etl_dag.py
[2025-04-10T19:01:37.205+0000] {processor.py:836} INFO - DAG(s) dict_keys(['etl_dag']) retrieved from /workspaces/hands-on-introduction-data-engineering-4395021/airflow/dags/first_try/etl_dag.py
[2025-04-10T19:01:37.219+0000] {logging_mixin.py:150} INFO - [2025-04-10T19:01:37.219+0000] {dag.py:2742} INFO - Sync 1 DAGs
[2025-04-10T19:01:37.232+0000] {logging_mixin.py:150} INFO - [2025-04-10T19:01:37.232+0000] {dag.py:3504} INFO - Setting next_dagrun for etl_dag to 2025-04-10T00:00:00+00:00, run_after=2025-04-11T00:00:00+00:00
[2025-04-10T19:01:37.245+0000] {processor.py:179} INFO - Processing /workspaces/hands-on-introduction-data-engineering-4395021/airflow/dags/first_try/etl_dag.py took 0.271 seconds
[2025-04-10T19:02:07.367+0000] {processor.py:157} INFO - Started process (PID=24461) to work on /workspaces/hands-on-introduction-data-engineering-4395021/airflow/dags/first_try/etl_dag.py
[2025-04-10T19:02:07.368+0000] {processor.py:826} INFO - Processing file /workspaces/hands-on-introduction-data-engineering-4395021/airflow/dags/first_try/etl_dag.py for tasks to queue
[2025-04-10T19:02:07.369+0000] {logging_mixin.py:150} INFO - [2025-04-10T19:02:07.368+0000] {dagbag.py:541} INFO - Filling up the DagBag from /workspaces/hands-on-introduction-data-engineering-4395021/airflow/dags/first_try/etl_dag.py
[2025-04-10T19:02:07.596+0000] {processor.py:836} INFO - DAG(s) dict_keys(['etl_dag']) retrieved from /workspaces/hands-on-introduction-data-engineering-4395021/airflow/dags/first_try/etl_dag.py
[2025-04-10T19:02:07.610+0000] {logging_mixin.py:150} INFO - [2025-04-10T19:02:07.610+0000] {dag.py:2742} INFO - Sync 1 DAGs
[2025-04-10T19:02:07.623+0000] {logging_mixin.py:150} INFO - [2025-04-10T19:02:07.623+0000] {dag.py:3504} INFO - Setting next_dagrun for etl_dag to 2025-04-10T00:00:00+00:00, run_after=2025-04-11T00:00:00+00:00
[2025-04-10T19:02:07.637+0000] {processor.py:179} INFO - Processing /workspaces/hands-on-introduction-data-engineering-4395021/airflow/dags/first_try/etl_dag.py took 0.272 seconds
[2025-04-10T19:02:39.204+0000] {processor.py:157} INFO - Started process (PID=24656) to work on /workspaces/hands-on-introduction-data-engineering-4395021/airflow/dags/first_try/etl_dag.py
[2025-04-10T19:02:39.205+0000] {processor.py:826} INFO - Processing file /workspaces/hands-on-introduction-data-engineering-4395021/airflow/dags/first_try/etl_dag.py for tasks to queue
[2025-04-10T19:02:39.208+0000] {logging_mixin.py:150} INFO - [2025-04-10T19:02:39.206+0000] {dagbag.py:541} INFO - Filling up the DagBag from /workspaces/hands-on-introduction-data-engineering-4395021/airflow/dags/first_try/etl_dag.py
[2025-04-10T19:02:39.629+0000] {processor.py:836} INFO - DAG(s) dict_keys(['etl_dag']) retrieved from /workspaces/hands-on-introduction-data-engineering-4395021/airflow/dags/first_try/etl_dag.py
[2025-04-10T19:02:39.644+0000] {logging_mixin.py:150} INFO - [2025-04-10T19:02:39.643+0000] {dag.py:2742} INFO - Sync 1 DAGs
[2025-04-10T19:02:39.657+0000] {logging_mixin.py:150} INFO - [2025-04-10T19:02:39.656+0000] {dag.py:3504} INFO - Setting next_dagrun for etl_dag to 2025-04-10T00:00:00+00:00, run_after=2025-04-11T00:00:00+00:00
[2025-04-10T19:02:39.671+0000] {processor.py:179} INFO - Processing /workspaces/hands-on-introduction-data-engineering-4395021/airflow/dags/first_try/etl_dag.py took 0.469 seconds
[2025-04-10T19:03:09.763+0000] {processor.py:157} INFO - Started process (PID=24868) to work on /workspaces/hands-on-introduction-data-engineering-4395021/airflow/dags/first_try/etl_dag.py
[2025-04-10T19:03:09.764+0000] {processor.py:826} INFO - Processing file /workspaces/hands-on-introduction-data-engineering-4395021/airflow/dags/first_try/etl_dag.py for tasks to queue
[2025-04-10T19:03:09.765+0000] {logging_mixin.py:150} INFO - [2025-04-10T19:03:09.764+0000] {dagbag.py:541} INFO - Filling up the DagBag from /workspaces/hands-on-introduction-data-engineering-4395021/airflow/dags/first_try/etl_dag.py
[2025-04-10T19:03:09.988+0000] {processor.py:836} INFO - DAG(s) dict_keys(['etl_dag']) retrieved from /workspaces/hands-on-introduction-data-engineering-4395021/airflow/dags/first_try/etl_dag.py
[2025-04-10T19:03:10.003+0000] {logging_mixin.py:150} INFO - [2025-04-10T19:03:10.002+0000] {dag.py:2742} INFO - Sync 1 DAGs
[2025-04-10T19:03:10.016+0000] {logging_mixin.py:150} INFO - [2025-04-10T19:03:10.016+0000] {dag.py:3504} INFO - Setting next_dagrun for etl_dag to 2025-04-10T00:00:00+00:00, run_after=2025-04-11T00:00:00+00:00
[2025-04-10T19:03:10.030+0000] {processor.py:179} INFO - Processing /workspaces/hands-on-introduction-data-engineering-4395021/airflow/dags/first_try/etl_dag.py took 0.269 seconds
[2025-04-10T19:03:40.122+0000] {processor.py:157} INFO - Started process (PID=25057) to work on /workspaces/hands-on-introduction-data-engineering-4395021/airflow/dags/first_try/etl_dag.py
[2025-04-10T19:03:40.122+0000] {processor.py:826} INFO - Processing file /workspaces/hands-on-introduction-data-engineering-4395021/airflow/dags/first_try/etl_dag.py for tasks to queue
[2025-04-10T19:03:40.123+0000] {logging_mixin.py:150} INFO - [2025-04-10T19:03:40.123+0000] {dagbag.py:541} INFO - Filling up the DagBag from /workspaces/hands-on-introduction-data-engineering-4395021/airflow/dags/first_try/etl_dag.py
[2025-04-10T19:03:40.356+0000] {processor.py:836} INFO - DAG(s) dict_keys(['etl_dag']) retrieved from /workspaces/hands-on-introduction-data-engineering-4395021/airflow/dags/first_try/etl_dag.py
[2025-04-10T19:03:40.370+0000] {logging_mixin.py:150} INFO - [2025-04-10T19:03:40.370+0000] {dag.py:2742} INFO - Sync 1 DAGs
[2025-04-10T19:03:40.386+0000] {logging_mixin.py:150} INFO - [2025-04-10T19:03:40.386+0000] {dag.py:3504} INFO - Setting next_dagrun for etl_dag to 2025-04-10T00:00:00+00:00, run_after=2025-04-11T00:00:00+00:00
[2025-04-10T19:03:40.399+0000] {processor.py:179} INFO - Processing /workspaces/hands-on-introduction-data-engineering-4395021/airflow/dags/first_try/etl_dag.py took 0.279 seconds
[2025-04-10T19:04:10.481+0000] {processor.py:157} INFO - Started process (PID=25236) to work on /workspaces/hands-on-introduction-data-engineering-4395021/airflow/dags/first_try/etl_dag.py
[2025-04-10T19:04:10.482+0000] {processor.py:826} INFO - Processing file /workspaces/hands-on-introduction-data-engineering-4395021/airflow/dags/first_try/etl_dag.py for tasks to queue
[2025-04-10T19:04:10.482+0000] {logging_mixin.py:150} INFO - [2025-04-10T19:04:10.482+0000] {dagbag.py:541} INFO - Filling up the DagBag from /workspaces/hands-on-introduction-data-engineering-4395021/airflow/dags/first_try/etl_dag.py
[2025-04-10T19:04:10.712+0000] {processor.py:836} INFO - DAG(s) dict_keys(['etl_dag']) retrieved from /workspaces/hands-on-introduction-data-engineering-4395021/airflow/dags/first_try/etl_dag.py
[2025-04-10T19:04:10.727+0000] {logging_mixin.py:150} INFO - [2025-04-10T19:04:10.726+0000] {dag.py:2742} INFO - Sync 1 DAGs
[2025-04-10T19:04:10.741+0000] {logging_mixin.py:150} INFO - [2025-04-10T19:04:10.741+0000] {dag.py:3504} INFO - Setting next_dagrun for etl_dag to 2025-04-10T00:00:00+00:00, run_after=2025-04-11T00:00:00+00:00
[2025-04-10T19:04:10.755+0000] {processor.py:179} INFO - Processing /workspaces/hands-on-introduction-data-engineering-4395021/airflow/dags/first_try/etl_dag.py took 0.276 seconds
[2025-04-10T19:04:40.840+0000] {processor.py:157} INFO - Started process (PID=25422) to work on /workspaces/hands-on-introduction-data-engineering-4395021/airflow/dags/first_try/etl_dag.py
[2025-04-10T19:04:40.841+0000] {processor.py:826} INFO - Processing file /workspaces/hands-on-introduction-data-engineering-4395021/airflow/dags/first_try/etl_dag.py for tasks to queue
[2025-04-10T19:04:40.842+0000] {logging_mixin.py:150} INFO - [2025-04-10T19:04:40.841+0000] {dagbag.py:541} INFO - Filling up the DagBag from /workspaces/hands-on-introduction-data-engineering-4395021/airflow/dags/first_try/etl_dag.py
[2025-04-10T19:04:41.089+0000] {processor.py:836} INFO - DAG(s) dict_keys(['etl_dag']) retrieved from /workspaces/hands-on-introduction-data-engineering-4395021/airflow/dags/first_try/etl_dag.py
[2025-04-10T19:04:41.106+0000] {logging_mixin.py:150} INFO - [2025-04-10T19:04:41.106+0000] {dag.py:2742} INFO - Sync 1 DAGs
[2025-04-10T19:04:41.121+0000] {logging_mixin.py:150} INFO - [2025-04-10T19:04:41.120+0000] {dag.py:3504} INFO - Setting next_dagrun for etl_dag to 2025-04-10T00:00:00+00:00, run_after=2025-04-11T00:00:00+00:00
[2025-04-10T19:04:41.134+0000] {processor.py:179} INFO - Processing /workspaces/hands-on-introduction-data-engineering-4395021/airflow/dags/first_try/etl_dag.py took 0.296 seconds
[2025-04-10T19:05:11.203+0000] {processor.py:157} INFO - Started process (PID=25606) to work on /workspaces/hands-on-introduction-data-engineering-4395021/airflow/dags/first_try/etl_dag.py
[2025-04-10T19:05:11.204+0000] {processor.py:826} INFO - Processing file /workspaces/hands-on-introduction-data-engineering-4395021/airflow/dags/first_try/etl_dag.py for tasks to queue
[2025-04-10T19:05:11.204+0000] {logging_mixin.py:150} INFO - [2025-04-10T19:05:11.204+0000] {dagbag.py:541} INFO - Filling up the DagBag from /workspaces/hands-on-introduction-data-engineering-4395021/airflow/dags/first_try/etl_dag.py
[2025-04-10T19:05:11.433+0000] {processor.py:836} INFO - DAG(s) dict_keys(['etl_dag']) retrieved from /workspaces/hands-on-introduction-data-engineering-4395021/airflow/dags/first_try/etl_dag.py
[2025-04-10T19:05:11.448+0000] {logging_mixin.py:150} INFO - [2025-04-10T19:05:11.447+0000] {dag.py:2742} INFO - Sync 1 DAGs
[2025-04-10T19:05:11.461+0000] {logging_mixin.py:150} INFO - [2025-04-10T19:05:11.461+0000] {dag.py:3504} INFO - Setting next_dagrun for etl_dag to 2025-04-10T00:00:00+00:00, run_after=2025-04-11T00:00:00+00:00
[2025-04-10T19:05:11.474+0000] {processor.py:179} INFO - Processing /workspaces/hands-on-introduction-data-engineering-4395021/airflow/dags/first_try/etl_dag.py took 0.273 seconds
[2025-04-10T19:05:41.561+0000] {processor.py:157} INFO - Started process (PID=25785) to work on /workspaces/hands-on-introduction-data-engineering-4395021/airflow/dags/first_try/etl_dag.py
[2025-04-10T19:05:41.562+0000] {processor.py:826} INFO - Processing file /workspaces/hands-on-introduction-data-engineering-4395021/airflow/dags/first_try/etl_dag.py for tasks to queue
[2025-04-10T19:05:41.562+0000] {logging_mixin.py:150} INFO - [2025-04-10T19:05:41.562+0000] {dagbag.py:541} INFO - Filling up the DagBag from /workspaces/hands-on-introduction-data-engineering-4395021/airflow/dags/first_try/etl_dag.py
[2025-04-10T19:05:41.790+0000] {processor.py:836} INFO - DAG(s) dict_keys(['etl_dag']) retrieved from /workspaces/hands-on-introduction-data-engineering-4395021/airflow/dags/first_try/etl_dag.py
[2025-04-10T19:05:41.804+0000] {logging_mixin.py:150} INFO - [2025-04-10T19:05:41.804+0000] {dag.py:2742} INFO - Sync 1 DAGs
[2025-04-10T19:05:41.817+0000] {logging_mixin.py:150} INFO - [2025-04-10T19:05:41.817+0000] {dag.py:3504} INFO - Setting next_dagrun for etl_dag to 2025-04-10T00:00:00+00:00, run_after=2025-04-11T00:00:00+00:00
[2025-04-10T19:05:41.830+0000] {processor.py:179} INFO - Processing /workspaces/hands-on-introduction-data-engineering-4395021/airflow/dags/first_try/etl_dag.py took 0.271 seconds
[2025-04-10T19:06:11.917+0000] {processor.py:157} INFO - Started process (PID=25971) to work on /workspaces/hands-on-introduction-data-engineering-4395021/airflow/dags/first_try/etl_dag.py
[2025-04-10T19:06:11.918+0000] {processor.py:826} INFO - Processing file /workspaces/hands-on-introduction-data-engineering-4395021/airflow/dags/first_try/etl_dag.py for tasks to queue
[2025-04-10T19:06:11.919+0000] {logging_mixin.py:150} INFO - [2025-04-10T19:06:11.919+0000] {dagbag.py:541} INFO - Filling up the DagBag from /workspaces/hands-on-introduction-data-engineering-4395021/airflow/dags/first_try/etl_dag.py
[2025-04-10T19:06:12.146+0000] {processor.py:836} INFO - DAG(s) dict_keys(['etl_dag']) retrieved from /workspaces/hands-on-introduction-data-engineering-4395021/airflow/dags/first_try/etl_dag.py
[2025-04-10T19:06:12.160+0000] {logging_mixin.py:150} INFO - [2025-04-10T19:06:12.160+0000] {dag.py:2742} INFO - Sync 1 DAGs
[2025-04-10T19:06:12.173+0000] {logging_mixin.py:150} INFO - [2025-04-10T19:06:12.173+0000] {dag.py:3504} INFO - Setting next_dagrun for etl_dag to 2025-04-10T00:00:00+00:00, run_after=2025-04-11T00:00:00+00:00
[2025-04-10T19:06:12.187+0000] {processor.py:179} INFO - Processing /workspaces/hands-on-introduction-data-engineering-4395021/airflow/dags/first_try/etl_dag.py took 0.272 seconds
[2025-04-10T19:06:43.397+0000] {processor.py:157} INFO - Started process (PID=26157) to work on /workspaces/hands-on-introduction-data-engineering-4395021/airflow/dags/first_try/etl_dag.py
[2025-04-10T19:06:43.398+0000] {processor.py:826} INFO - Processing file /workspaces/hands-on-introduction-data-engineering-4395021/airflow/dags/first_try/etl_dag.py for tasks to queue
[2025-04-10T19:06:43.399+0000] {logging_mixin.py:150} INFO - [2025-04-10T19:06:43.399+0000] {dagbag.py:541} INFO - Filling up the DagBag from /workspaces/hands-on-introduction-data-engineering-4395021/airflow/dags/first_try/etl_dag.py
[2025-04-10T19:06:43.621+0000] {processor.py:836} INFO - DAG(s) dict_keys(['etl_dag']) retrieved from /workspaces/hands-on-introduction-data-engineering-4395021/airflow/dags/first_try/etl_dag.py
[2025-04-10T19:06:43.635+0000] {logging_mixin.py:150} INFO - [2025-04-10T19:06:43.635+0000] {dag.py:2742} INFO - Sync 1 DAGs
[2025-04-10T19:06:43.648+0000] {logging_mixin.py:150} INFO - [2025-04-10T19:06:43.648+0000] {dag.py:3504} INFO - Setting next_dagrun for etl_dag to 2025-04-10T00:00:00+00:00, run_after=2025-04-11T00:00:00+00:00
[2025-04-10T19:06:43.662+0000] {processor.py:179} INFO - Processing /workspaces/hands-on-introduction-data-engineering-4395021/airflow/dags/first_try/etl_dag.py took 0.266 seconds
[2025-04-10T19:07:13.763+0000] {processor.py:157} INFO - Started process (PID=26336) to work on /workspaces/hands-on-introduction-data-engineering-4395021/airflow/dags/first_try/etl_dag.py
[2025-04-10T19:07:13.763+0000] {processor.py:826} INFO - Processing file /workspaces/hands-on-introduction-data-engineering-4395021/airflow/dags/first_try/etl_dag.py for tasks to queue
[2025-04-10T19:07:13.764+0000] {logging_mixin.py:150} INFO - [2025-04-10T19:07:13.764+0000] {dagbag.py:541} INFO - Filling up the DagBag from /workspaces/hands-on-introduction-data-engineering-4395021/airflow/dags/first_try/etl_dag.py
[2025-04-10T19:07:13.991+0000] {processor.py:836} INFO - DAG(s) dict_keys(['etl_dag']) retrieved from /workspaces/hands-on-introduction-data-engineering-4395021/airflow/dags/first_try/etl_dag.py
[2025-04-10T19:07:14.006+0000] {logging_mixin.py:150} INFO - [2025-04-10T19:07:14.005+0000] {dag.py:2742} INFO - Sync 1 DAGs
[2025-04-10T19:07:14.020+0000] {logging_mixin.py:150} INFO - [2025-04-10T19:07:14.020+0000] {dag.py:3504} INFO - Setting next_dagrun for etl_dag to 2025-04-10T00:00:00+00:00, run_after=2025-04-11T00:00:00+00:00
[2025-04-10T19:07:14.033+0000] {processor.py:179} INFO - Processing /workspaces/hands-on-introduction-data-engineering-4395021/airflow/dags/first_try/etl_dag.py took 0.273 seconds
[2025-04-10T19:07:44.124+0000] {processor.py:157} INFO - Started process (PID=26522) to work on /workspaces/hands-on-introduction-data-engineering-4395021/airflow/dags/first_try/etl_dag.py
[2025-04-10T19:07:44.124+0000] {processor.py:826} INFO - Processing file /workspaces/hands-on-introduction-data-engineering-4395021/airflow/dags/first_try/etl_dag.py for tasks to queue
[2025-04-10T19:07:44.125+0000] {logging_mixin.py:150} INFO - [2025-04-10T19:07:44.125+0000] {dagbag.py:541} INFO - Filling up the DagBag from /workspaces/hands-on-introduction-data-engineering-4395021/airflow/dags/first_try/etl_dag.py
[2025-04-10T19:07:44.348+0000] {processor.py:836} INFO - DAG(s) dict_keys(['etl_dag']) retrieved from /workspaces/hands-on-introduction-data-engineering-4395021/airflow/dags/first_try/etl_dag.py
[2025-04-10T19:07:44.362+0000] {logging_mixin.py:150} INFO - [2025-04-10T19:07:44.362+0000] {dag.py:2742} INFO - Sync 1 DAGs
[2025-04-10T19:07:44.376+0000] {logging_mixin.py:150} INFO - [2025-04-10T19:07:44.376+0000] {dag.py:3504} INFO - Setting next_dagrun for etl_dag to 2025-04-10T00:00:00+00:00, run_after=2025-04-11T00:00:00+00:00
[2025-04-10T19:07:44.389+0000] {processor.py:179} INFO - Processing /workspaces/hands-on-introduction-data-engineering-4395021/airflow/dags/first_try/etl_dag.py took 0.267 seconds
[2025-04-10T19:08:14.581+0000] {processor.py:157} INFO - Started process (PID=26707) to work on /workspaces/hands-on-introduction-data-engineering-4395021/airflow/dags/first_try/etl_dag.py
[2025-04-10T19:08:14.582+0000] {processor.py:826} INFO - Processing file /workspaces/hands-on-introduction-data-engineering-4395021/airflow/dags/first_try/etl_dag.py for tasks to queue
[2025-04-10T19:08:14.582+0000] {logging_mixin.py:150} INFO - [2025-04-10T19:08:14.582+0000] {dagbag.py:541} INFO - Filling up the DagBag from /workspaces/hands-on-introduction-data-engineering-4395021/airflow/dags/first_try/etl_dag.py
[2025-04-10T19:08:14.808+0000] {processor.py:836} INFO - DAG(s) dict_keys(['etl_dag']) retrieved from /workspaces/hands-on-introduction-data-engineering-4395021/airflow/dags/first_try/etl_dag.py
[2025-04-10T19:08:14.822+0000] {logging_mixin.py:150} INFO - [2025-04-10T19:08:14.822+0000] {dag.py:2742} INFO - Sync 1 DAGs
[2025-04-10T19:08:14.835+0000] {logging_mixin.py:150} INFO - [2025-04-10T19:08:14.835+0000] {dag.py:3504} INFO - Setting next_dagrun for etl_dag to 2025-04-10T00:00:00+00:00, run_after=2025-04-11T00:00:00+00:00
[2025-04-10T19:08:14.848+0000] {processor.py:179} INFO - Processing /workspaces/hands-on-introduction-data-engineering-4395021/airflow/dags/first_try/etl_dag.py took 0.270 seconds
[2025-04-10T19:08:44.976+0000] {processor.py:157} INFO - Started process (PID=26887) to work on /workspaces/hands-on-introduction-data-engineering-4395021/airflow/dags/first_try/etl_dag.py
[2025-04-10T19:08:44.977+0000] {processor.py:826} INFO - Processing file /workspaces/hands-on-introduction-data-engineering-4395021/airflow/dags/first_try/etl_dag.py for tasks to queue
[2025-04-10T19:08:44.978+0000] {logging_mixin.py:150} INFO - [2025-04-10T19:08:44.977+0000] {dagbag.py:541} INFO - Filling up the DagBag from /workspaces/hands-on-introduction-data-engineering-4395021/airflow/dags/first_try/etl_dag.py
[2025-04-10T19:08:45.203+0000] {processor.py:836} INFO - DAG(s) dict_keys(['etl_dag']) retrieved from /workspaces/hands-on-introduction-data-engineering-4395021/airflow/dags/first_try/etl_dag.py
[2025-04-10T19:08:45.218+0000] {logging_mixin.py:150} INFO - [2025-04-10T19:08:45.218+0000] {dag.py:2742} INFO - Sync 1 DAGs
[2025-04-10T19:08:45.231+0000] {logging_mixin.py:150} INFO - [2025-04-10T19:08:45.231+0000] {dag.py:3504} INFO - Setting next_dagrun for etl_dag to 2025-04-10T00:00:00+00:00, run_after=2025-04-11T00:00:00+00:00
[2025-04-10T19:08:45.244+0000] {processor.py:179} INFO - Processing /workspaces/hands-on-introduction-data-engineering-4395021/airflow/dags/first_try/etl_dag.py took 0.270 seconds
[2025-04-10T19:09:15.358+0000] {processor.py:157} INFO - Started process (PID=27072) to work on /workspaces/hands-on-introduction-data-engineering-4395021/airflow/dags/first_try/etl_dag.py
[2025-04-10T19:09:15.359+0000] {processor.py:826} INFO - Processing file /workspaces/hands-on-introduction-data-engineering-4395021/airflow/dags/first_try/etl_dag.py for tasks to queue
[2025-04-10T19:09:15.360+0000] {logging_mixin.py:150} INFO - [2025-04-10T19:09:15.359+0000] {dagbag.py:541} INFO - Filling up the DagBag from /workspaces/hands-on-introduction-data-engineering-4395021/airflow/dags/first_try/etl_dag.py
[2025-04-10T19:09:15.585+0000] {processor.py:836} INFO - DAG(s) dict_keys(['etl_dag']) retrieved from /workspaces/hands-on-introduction-data-engineering-4395021/airflow/dags/first_try/etl_dag.py
[2025-04-10T19:09:15.601+0000] {logging_mixin.py:150} INFO - [2025-04-10T19:09:15.600+0000] {dag.py:2742} INFO - Sync 1 DAGs
[2025-04-10T19:09:15.613+0000] {logging_mixin.py:150} INFO - [2025-04-10T19:09:15.613+0000] {dag.py:3504} INFO - Setting next_dagrun for etl_dag to 2025-04-10T00:00:00+00:00, run_after=2025-04-11T00:00:00+00:00
[2025-04-10T19:09:15.626+0000] {processor.py:179} INFO - Processing /workspaces/hands-on-introduction-data-engineering-4395021/airflow/dags/first_try/etl_dag.py took 0.270 seconds
[2025-04-10T19:09:45.872+0000] {processor.py:157} INFO - Started process (PID=27251) to work on /workspaces/hands-on-introduction-data-engineering-4395021/airflow/dags/first_try/etl_dag.py
[2025-04-10T19:09:45.873+0000] {processor.py:826} INFO - Processing file /workspaces/hands-on-introduction-data-engineering-4395021/airflow/dags/first_try/etl_dag.py for tasks to queue
[2025-04-10T19:09:45.873+0000] {logging_mixin.py:150} INFO - [2025-04-10T19:09:45.873+0000] {dagbag.py:541} INFO - Filling up the DagBag from /workspaces/hands-on-introduction-data-engineering-4395021/airflow/dags/first_try/etl_dag.py
[2025-04-10T19:09:46.119+0000] {processor.py:836} INFO - DAG(s) dict_keys(['etl_dag']) retrieved from /workspaces/hands-on-introduction-data-engineering-4395021/airflow/dags/first_try/etl_dag.py
[2025-04-10T19:09:46.137+0000] {logging_mixin.py:150} INFO - [2025-04-10T19:09:46.137+0000] {dag.py:2742} INFO - Sync 1 DAGs
[2025-04-10T19:09:46.150+0000] {logging_mixin.py:150} INFO - [2025-04-10T19:09:46.150+0000] {dag.py:3504} INFO - Setting next_dagrun for etl_dag to 2025-04-10T00:00:00+00:00, run_after=2025-04-11T00:00:00+00:00
[2025-04-10T19:09:46.163+0000] {processor.py:179} INFO - Processing /workspaces/hands-on-introduction-data-engineering-4395021/airflow/dags/first_try/etl_dag.py took 0.293 seconds
[2025-04-10T19:10:16.357+0000] {processor.py:157} INFO - Started process (PID=27437) to work on /workspaces/hands-on-introduction-data-engineering-4395021/airflow/dags/first_try/etl_dag.py
[2025-04-10T19:10:16.358+0000] {processor.py:826} INFO - Processing file /workspaces/hands-on-introduction-data-engineering-4395021/airflow/dags/first_try/etl_dag.py for tasks to queue
[2025-04-10T19:10:16.359+0000] {logging_mixin.py:150} INFO - [2025-04-10T19:10:16.359+0000] {dagbag.py:541} INFO - Filling up the DagBag from /workspaces/hands-on-introduction-data-engineering-4395021/airflow/dags/first_try/etl_dag.py
[2025-04-10T19:10:16.584+0000] {processor.py:836} INFO - DAG(s) dict_keys(['etl_dag']) retrieved from /workspaces/hands-on-introduction-data-engineering-4395021/airflow/dags/first_try/etl_dag.py
[2025-04-10T19:10:16.598+0000] {logging_mixin.py:150} INFO - [2025-04-10T19:10:16.598+0000] {dag.py:2742} INFO - Sync 1 DAGs
[2025-04-10T19:10:16.611+0000] {logging_mixin.py:150} INFO - [2025-04-10T19:10:16.611+0000] {dag.py:3504} INFO - Setting next_dagrun for etl_dag to 2025-04-10T00:00:00+00:00, run_after=2025-04-11T00:00:00+00:00
[2025-04-10T19:10:16.625+0000] {processor.py:179} INFO - Processing /workspaces/hands-on-introduction-data-engineering-4395021/airflow/dags/first_try/etl_dag.py took 0.269 seconds
[2025-04-10T19:10:46.852+0000] {processor.py:157} INFO - Started process (PID=27621) to work on /workspaces/hands-on-introduction-data-engineering-4395021/airflow/dags/first_try/etl_dag.py
[2025-04-10T19:10:46.852+0000] {processor.py:826} INFO - Processing file /workspaces/hands-on-introduction-data-engineering-4395021/airflow/dags/first_try/etl_dag.py for tasks to queue
[2025-04-10T19:10:46.853+0000] {logging_mixin.py:150} INFO - [2025-04-10T19:10:46.853+0000] {dagbag.py:541} INFO - Filling up the DagBag from /workspaces/hands-on-introduction-data-engineering-4395021/airflow/dags/first_try/etl_dag.py
[2025-04-10T19:10:47.078+0000] {processor.py:836} INFO - DAG(s) dict_keys(['etl_dag']) retrieved from /workspaces/hands-on-introduction-data-engineering-4395021/airflow/dags/first_try/etl_dag.py
[2025-04-10T19:10:47.092+0000] {logging_mixin.py:150} INFO - [2025-04-10T19:10:47.092+0000] {dag.py:2742} INFO - Sync 1 DAGs
[2025-04-10T19:10:47.106+0000] {logging_mixin.py:150} INFO - [2025-04-10T19:10:47.106+0000] {dag.py:3504} INFO - Setting next_dagrun for etl_dag to 2025-04-10T00:00:00+00:00, run_after=2025-04-11T00:00:00+00:00
[2025-04-10T19:10:47.119+0000] {processor.py:179} INFO - Processing /workspaces/hands-on-introduction-data-engineering-4395021/airflow/dags/first_try/etl_dag.py took 0.270 seconds
[2025-04-10T19:11:17.240+0000] {processor.py:157} INFO - Started process (PID=27801) to work on /workspaces/hands-on-introduction-data-engineering-4395021/airflow/dags/first_try/etl_dag.py
[2025-04-10T19:11:17.240+0000] {processor.py:826} INFO - Processing file /workspaces/hands-on-introduction-data-engineering-4395021/airflow/dags/first_try/etl_dag.py for tasks to queue
[2025-04-10T19:11:17.241+0000] {logging_mixin.py:150} INFO - [2025-04-10T19:11:17.241+0000] {dagbag.py:541} INFO - Filling up the DagBag from /workspaces/hands-on-introduction-data-engineering-4395021/airflow/dags/first_try/etl_dag.py
[2025-04-10T19:11:17.461+0000] {processor.py:836} INFO - DAG(s) dict_keys(['etl_dag']) retrieved from /workspaces/hands-on-introduction-data-engineering-4395021/airflow/dags/first_try/etl_dag.py
[2025-04-10T19:11:17.476+0000] {logging_mixin.py:150} INFO - [2025-04-10T19:11:17.476+0000] {dag.py:2742} INFO - Sync 1 DAGs
[2025-04-10T19:11:17.489+0000] {logging_mixin.py:150} INFO - [2025-04-10T19:11:17.489+0000] {dag.py:3504} INFO - Setting next_dagrun for etl_dag to 2025-04-10T00:00:00+00:00, run_after=2025-04-11T00:00:00+00:00
[2025-04-10T19:11:17.502+0000] {processor.py:179} INFO - Processing /workspaces/hands-on-introduction-data-engineering-4395021/airflow/dags/first_try/etl_dag.py took 0.265 seconds
[2025-04-10T19:11:47.628+0000] {processor.py:157} INFO - Started process (PID=27986) to work on /workspaces/hands-on-introduction-data-engineering-4395021/airflow/dags/first_try/etl_dag.py
[2025-04-10T19:11:47.629+0000] {processor.py:826} INFO - Processing file /workspaces/hands-on-introduction-data-engineering-4395021/airflow/dags/first_try/etl_dag.py for tasks to queue
[2025-04-10T19:11:47.630+0000] {logging_mixin.py:150} INFO - [2025-04-10T19:11:47.630+0000] {dagbag.py:541} INFO - Filling up the DagBag from /workspaces/hands-on-introduction-data-engineering-4395021/airflow/dags/first_try/etl_dag.py
[2025-04-10T19:11:47.850+0000] {processor.py:836} INFO - DAG(s) dict_keys(['etl_dag']) retrieved from /workspaces/hands-on-introduction-data-engineering-4395021/airflow/dags/first_try/etl_dag.py
[2025-04-10T19:11:47.865+0000] {logging_mixin.py:150} INFO - [2025-04-10T19:11:47.864+0000] {dag.py:2742} INFO - Sync 1 DAGs
[2025-04-10T19:11:47.878+0000] {logging_mixin.py:150} INFO - [2025-04-10T19:11:47.878+0000] {dag.py:3504} INFO - Setting next_dagrun for etl_dag to 2025-04-10T00:00:00+00:00, run_after=2025-04-11T00:00:00+00:00
[2025-04-10T19:11:47.892+0000] {processor.py:179} INFO - Processing /workspaces/hands-on-introduction-data-engineering-4395021/airflow/dags/first_try/etl_dag.py took 0.265 seconds
[2025-04-10T19:12:18.017+0000] {processor.py:157} INFO - Started process (PID=28170) to work on /workspaces/hands-on-introduction-data-engineering-4395021/airflow/dags/first_try/etl_dag.py
[2025-04-10T19:12:18.018+0000] {processor.py:826} INFO - Processing file /workspaces/hands-on-introduction-data-engineering-4395021/airflow/dags/first_try/etl_dag.py for tasks to queue
[2025-04-10T19:12:18.019+0000] {logging_mixin.py:150} INFO - [2025-04-10T19:12:18.018+0000] {dagbag.py:541} INFO - Filling up the DagBag from /workspaces/hands-on-introduction-data-engineering-4395021/airflow/dags/first_try/etl_dag.py
[2025-04-10T19:12:18.244+0000] {processor.py:836} INFO - DAG(s) dict_keys(['etl_dag']) retrieved from /workspaces/hands-on-introduction-data-engineering-4395021/airflow/dags/first_try/etl_dag.py
[2025-04-10T19:12:18.259+0000] {logging_mixin.py:150} INFO - [2025-04-10T19:12:18.259+0000] {dag.py:2742} INFO - Sync 1 DAGs
[2025-04-10T19:12:18.272+0000] {logging_mixin.py:150} INFO - [2025-04-10T19:12:18.272+0000] {dag.py:3504} INFO - Setting next_dagrun for etl_dag to 2025-04-10T00:00:00+00:00, run_after=2025-04-11T00:00:00+00:00
[2025-04-10T19:12:18.284+0000] {processor.py:179} INFO - Processing /workspaces/hands-on-introduction-data-engineering-4395021/airflow/dags/first_try/etl_dag.py took 0.269 seconds
[2025-04-10T19:12:48.409+0000] {processor.py:157} INFO - Started process (PID=28350) to work on /workspaces/hands-on-introduction-data-engineering-4395021/airflow/dags/first_try/etl_dag.py
[2025-04-10T19:12:48.410+0000] {processor.py:826} INFO - Processing file /workspaces/hands-on-introduction-data-engineering-4395021/airflow/dags/first_try/etl_dag.py for tasks to queue
[2025-04-10T19:12:48.411+0000] {logging_mixin.py:150} INFO - [2025-04-10T19:12:48.411+0000] {dagbag.py:541} INFO - Filling up the DagBag from /workspaces/hands-on-introduction-data-engineering-4395021/airflow/dags/first_try/etl_dag.py
[2025-04-10T19:12:48.636+0000] {processor.py:836} INFO - DAG(s) dict_keys(['etl_dag']) retrieved from /workspaces/hands-on-introduction-data-engineering-4395021/airflow/dags/first_try/etl_dag.py
[2025-04-10T19:12:48.651+0000] {logging_mixin.py:150} INFO - [2025-04-10T19:12:48.651+0000] {dag.py:2742} INFO - Sync 1 DAGs
[2025-04-10T19:12:48.664+0000] {logging_mixin.py:150} INFO - [2025-04-10T19:12:48.664+0000] {dag.py:3504} INFO - Setting next_dagrun for etl_dag to 2025-04-10T00:00:00+00:00, run_after=2025-04-11T00:00:00+00:00
[2025-04-10T19:12:48.677+0000] {processor.py:179} INFO - Processing /workspaces/hands-on-introduction-data-engineering-4395021/airflow/dags/first_try/etl_dag.py took 0.269 seconds
[2025-04-10T19:13:18.798+0000] {processor.py:157} INFO - Started process (PID=28535) to work on /workspaces/hands-on-introduction-data-engineering-4395021/airflow/dags/first_try/etl_dag.py
[2025-04-10T19:13:18.799+0000] {processor.py:826} INFO - Processing file /workspaces/hands-on-introduction-data-engineering-4395021/airflow/dags/first_try/etl_dag.py for tasks to queue
[2025-04-10T19:13:18.799+0000] {logging_mixin.py:150} INFO - [2025-04-10T19:13:18.799+0000] {dagbag.py:541} INFO - Filling up the DagBag from /workspaces/hands-on-introduction-data-engineering-4395021/airflow/dags/first_try/etl_dag.py
[2025-04-10T19:13:19.021+0000] {processor.py:836} INFO - DAG(s) dict_keys(['etl_dag']) retrieved from /workspaces/hands-on-introduction-data-engineering-4395021/airflow/dags/first_try/etl_dag.py
[2025-04-10T19:13:19.036+0000] {logging_mixin.py:150} INFO - [2025-04-10T19:13:19.035+0000] {dag.py:2742} INFO - Sync 1 DAGs
[2025-04-10T19:13:19.052+0000] {logging_mixin.py:150} INFO - [2025-04-10T19:13:19.051+0000] {dag.py:3504} INFO - Setting next_dagrun for etl_dag to 2025-04-10T00:00:00+00:00, run_after=2025-04-11T00:00:00+00:00
[2025-04-10T19:13:19.065+0000] {processor.py:179} INFO - Processing /workspaces/hands-on-introduction-data-engineering-4395021/airflow/dags/first_try/etl_dag.py took 0.269 seconds
[2025-04-10T19:13:49.196+0000] {processor.py:157} INFO - Started process (PID=28720) to work on /workspaces/hands-on-introduction-data-engineering-4395021/airflow/dags/first_try/etl_dag.py
[2025-04-10T19:13:49.196+0000] {processor.py:826} INFO - Processing file /workspaces/hands-on-introduction-data-engineering-4395021/airflow/dags/first_try/etl_dag.py for tasks to queue
[2025-04-10T19:13:49.197+0000] {logging_mixin.py:150} INFO - [2025-04-10T19:13:49.197+0000] {dagbag.py:541} INFO - Filling up the DagBag from /workspaces/hands-on-introduction-data-engineering-4395021/airflow/dags/first_try/etl_dag.py
[2025-04-10T19:13:49.434+0000] {processor.py:836} INFO - DAG(s) dict_keys(['etl_dag']) retrieved from /workspaces/hands-on-introduction-data-engineering-4395021/airflow/dags/first_try/etl_dag.py
[2025-04-10T19:13:49.448+0000] {logging_mixin.py:150} INFO - [2025-04-10T19:13:49.447+0000] {dag.py:2742} INFO - Sync 1 DAGs
[2025-04-10T19:13:49.460+0000] {logging_mixin.py:150} INFO - [2025-04-10T19:13:49.460+0000] {dag.py:3504} INFO - Setting next_dagrun for etl_dag to 2025-04-10T00:00:00+00:00, run_after=2025-04-11T00:00:00+00:00
[2025-04-10T19:13:49.473+0000] {processor.py:179} INFO - Processing /workspaces/hands-on-introduction-data-engineering-4395021/airflow/dags/first_try/etl_dag.py took 0.280 seconds
[2025-04-10T19:14:20.505+0000] {processor.py:157} INFO - Started process (PID=28902) to work on /workspaces/hands-on-introduction-data-engineering-4395021/airflow/dags/first_try/etl_dag.py
[2025-04-10T19:14:20.506+0000] {processor.py:826} INFO - Processing file /workspaces/hands-on-introduction-data-engineering-4395021/airflow/dags/first_try/etl_dag.py for tasks to queue
[2025-04-10T19:14:20.507+0000] {logging_mixin.py:150} INFO - [2025-04-10T19:14:20.506+0000] {dagbag.py:541} INFO - Filling up the DagBag from /workspaces/hands-on-introduction-data-engineering-4395021/airflow/dags/first_try/etl_dag.py
[2025-04-10T19:14:20.729+0000] {processor.py:836} INFO - DAG(s) dict_keys(['etl_dag']) retrieved from /workspaces/hands-on-introduction-data-engineering-4395021/airflow/dags/first_try/etl_dag.py
[2025-04-10T19:14:20.743+0000] {logging_mixin.py:150} INFO - [2025-04-10T19:14:20.743+0000] {dag.py:2742} INFO - Sync 1 DAGs
[2025-04-10T19:14:20.757+0000] {logging_mixin.py:150} INFO - [2025-04-10T19:14:20.757+0000] {dag.py:3504} INFO - Setting next_dagrun for etl_dag to 2025-04-10T00:00:00+00:00, run_after=2025-04-11T00:00:00+00:00
[2025-04-10T19:14:20.770+0000] {processor.py:179} INFO - Processing /workspaces/hands-on-introduction-data-engineering-4395021/airflow/dags/first_try/etl_dag.py took 0.267 seconds
[2025-04-10T19:14:51.002+0000] {processor.py:157} INFO - Started process (PID=29087) to work on /workspaces/hands-on-introduction-data-engineering-4395021/airflow/dags/first_try/etl_dag.py
[2025-04-10T19:14:51.003+0000] {processor.py:826} INFO - Processing file /workspaces/hands-on-introduction-data-engineering-4395021/airflow/dags/first_try/etl_dag.py for tasks to queue
[2025-04-10T19:14:51.003+0000] {logging_mixin.py:150} INFO - [2025-04-10T19:14:51.003+0000] {dagbag.py:541} INFO - Filling up the DagBag from /workspaces/hands-on-introduction-data-engineering-4395021/airflow/dags/first_try/etl_dag.py
[2025-04-10T19:14:51.229+0000] {processor.py:836} INFO - DAG(s) dict_keys(['etl_dag']) retrieved from /workspaces/hands-on-introduction-data-engineering-4395021/airflow/dags/first_try/etl_dag.py
[2025-04-10T19:14:51.244+0000] {logging_mixin.py:150} INFO - [2025-04-10T19:14:51.243+0000] {dag.py:2742} INFO - Sync 1 DAGs
[2025-04-10T19:14:51.257+0000] {logging_mixin.py:150} INFO - [2025-04-10T19:14:51.257+0000] {dag.py:3504} INFO - Setting next_dagrun for etl_dag to 2025-04-10T00:00:00+00:00, run_after=2025-04-11T00:00:00+00:00
[2025-04-10T19:14:51.270+0000] {processor.py:179} INFO - Processing /workspaces/hands-on-introduction-data-engineering-4395021/airflow/dags/first_try/etl_dag.py took 0.271 seconds
[2025-04-10T19:15:21.559+0000] {processor.py:157} INFO - Started process (PID=29273) to work on /workspaces/hands-on-introduction-data-engineering-4395021/airflow/dags/first_try/etl_dag.py
[2025-04-10T19:15:21.560+0000] {processor.py:826} INFO - Processing file /workspaces/hands-on-introduction-data-engineering-4395021/airflow/dags/first_try/etl_dag.py for tasks to queue
[2025-04-10T19:15:21.560+0000] {logging_mixin.py:150} INFO - [2025-04-10T19:15:21.560+0000] {dagbag.py:541} INFO - Filling up the DagBag from /workspaces/hands-on-introduction-data-engineering-4395021/airflow/dags/first_try/etl_dag.py
[2025-04-10T19:15:21.782+0000] {processor.py:836} INFO - DAG(s) dict_keys(['etl_dag']) retrieved from /workspaces/hands-on-introduction-data-engineering-4395021/airflow/dags/first_try/etl_dag.py
[2025-04-10T19:15:21.797+0000] {logging_mixin.py:150} INFO - [2025-04-10T19:15:21.797+0000] {dag.py:2742} INFO - Sync 1 DAGs
[2025-04-10T19:15:21.810+0000] {logging_mixin.py:150} INFO - [2025-04-10T19:15:21.810+0000] {dag.py:3504} INFO - Setting next_dagrun for etl_dag to 2025-04-10T00:00:00+00:00, run_after=2025-04-11T00:00:00+00:00
[2025-04-10T19:15:21.823+0000] {processor.py:179} INFO - Processing /workspaces/hands-on-introduction-data-engineering-4395021/airflow/dags/first_try/etl_dag.py took 0.267 seconds
[2025-04-10T19:15:52.813+0000] {processor.py:157} INFO - Started process (PID=29453) to work on /workspaces/hands-on-introduction-data-engineering-4395021/airflow/dags/first_try/etl_dag.py
[2025-04-10T19:15:52.814+0000] {processor.py:826} INFO - Processing file /workspaces/hands-on-introduction-data-engineering-4395021/airflow/dags/first_try/etl_dag.py for tasks to queue
[2025-04-10T19:15:52.814+0000] {logging_mixin.py:150} INFO - [2025-04-10T19:15:52.814+0000] {dagbag.py:541} INFO - Filling up the DagBag from /workspaces/hands-on-introduction-data-engineering-4395021/airflow/dags/first_try/etl_dag.py
[2025-04-10T19:15:53.046+0000] {processor.py:836} INFO - DAG(s) dict_keys(['etl_dag']) retrieved from /workspaces/hands-on-introduction-data-engineering-4395021/airflow/dags/first_try/etl_dag.py
[2025-04-10T19:15:53.063+0000] {logging_mixin.py:150} INFO - [2025-04-10T19:15:53.063+0000] {dag.py:2742} INFO - Sync 1 DAGs
[2025-04-10T19:15:53.076+0000] {logging_mixin.py:150} INFO - [2025-04-10T19:15:53.076+0000] {dag.py:3504} INFO - Setting next_dagrun for etl_dag to 2025-04-10T00:00:00+00:00, run_after=2025-04-11T00:00:00+00:00
[2025-04-10T19:15:53.089+0000] {processor.py:179} INFO - Processing /workspaces/hands-on-introduction-data-engineering-4395021/airflow/dags/first_try/etl_dag.py took 0.279 seconds
[2025-04-10T19:16:23.195+0000] {processor.py:157} INFO - Started process (PID=29638) to work on /workspaces/hands-on-introduction-data-engineering-4395021/airflow/dags/first_try/etl_dag.py
[2025-04-10T19:16:23.196+0000] {processor.py:826} INFO - Processing file /workspaces/hands-on-introduction-data-engineering-4395021/airflow/dags/first_try/etl_dag.py for tasks to queue
[2025-04-10T19:16:23.197+0000] {logging_mixin.py:150} INFO - [2025-04-10T19:16:23.196+0000] {dagbag.py:541} INFO - Filling up the DagBag from /workspaces/hands-on-introduction-data-engineering-4395021/airflow/dags/first_try/etl_dag.py
[2025-04-10T19:16:23.439+0000] {processor.py:836} INFO - DAG(s) dict_keys(['etl_dag']) retrieved from /workspaces/hands-on-introduction-data-engineering-4395021/airflow/dags/first_try/etl_dag.py
[2025-04-10T19:16:23.457+0000] {logging_mixin.py:150} INFO - [2025-04-10T19:16:23.457+0000] {dag.py:2742} INFO - Sync 1 DAGs
[2025-04-10T19:16:23.469+0000] {logging_mixin.py:150} INFO - [2025-04-10T19:16:23.469+0000] {dag.py:3504} INFO - Setting next_dagrun for etl_dag to 2025-04-10T00:00:00+00:00, run_after=2025-04-11T00:00:00+00:00
[2025-04-10T19:16:23.483+0000] {processor.py:179} INFO - Processing /workspaces/hands-on-introduction-data-engineering-4395021/airflow/dags/first_try/etl_dag.py took 0.291 seconds
[2025-04-10T19:16:53.580+0000] {processor.py:157} INFO - Started process (PID=29823) to work on /workspaces/hands-on-introduction-data-engineering-4395021/airflow/dags/first_try/etl_dag.py
[2025-04-10T19:16:53.581+0000] {processor.py:826} INFO - Processing file /workspaces/hands-on-introduction-data-engineering-4395021/airflow/dags/first_try/etl_dag.py for tasks to queue
[2025-04-10T19:16:53.582+0000] {logging_mixin.py:150} INFO - [2025-04-10T19:16:53.581+0000] {dagbag.py:541} INFO - Filling up the DagBag from /workspaces/hands-on-introduction-data-engineering-4395021/airflow/dags/first_try/etl_dag.py
[2025-04-10T19:16:53.814+0000] {processor.py:836} INFO - DAG(s) dict_keys(['etl_dag']) retrieved from /workspaces/hands-on-introduction-data-engineering-4395021/airflow/dags/first_try/etl_dag.py
[2025-04-10T19:16:53.831+0000] {logging_mixin.py:150} INFO - [2025-04-10T19:16:53.831+0000] {dag.py:2742} INFO - Sync 1 DAGs
[2025-04-10T19:16:53.844+0000] {logging_mixin.py:150} INFO - [2025-04-10T19:16:53.844+0000] {dag.py:3504} INFO - Setting next_dagrun for etl_dag to 2025-04-10T00:00:00+00:00, run_after=2025-04-11T00:00:00+00:00
[2025-04-10T19:16:53.857+0000] {processor.py:179} INFO - Processing /workspaces/hands-on-introduction-data-engineering-4395021/airflow/dags/first_try/etl_dag.py took 0.279 seconds
[2025-04-10T19:17:23.976+0000] {processor.py:157} INFO - Started process (PID=30003) to work on /workspaces/hands-on-introduction-data-engineering-4395021/airflow/dags/first_try/etl_dag.py
[2025-04-10T19:17:23.976+0000] {processor.py:826} INFO - Processing file /workspaces/hands-on-introduction-data-engineering-4395021/airflow/dags/first_try/etl_dag.py for tasks to queue
[2025-04-10T19:17:23.977+0000] {logging_mixin.py:150} INFO - [2025-04-10T19:17:23.977+0000] {dagbag.py:541} INFO - Filling up the DagBag from /workspaces/hands-on-introduction-data-engineering-4395021/airflow/dags/first_try/etl_dag.py
[2025-04-10T19:17:24.204+0000] {processor.py:836} INFO - DAG(s) dict_keys(['etl_dag']) retrieved from /workspaces/hands-on-introduction-data-engineering-4395021/airflow/dags/first_try/etl_dag.py
[2025-04-10T19:17:24.225+0000] {logging_mixin.py:150} INFO - [2025-04-10T19:17:24.225+0000] {dag.py:2742} INFO - Sync 1 DAGs
[2025-04-10T19:17:24.245+0000] {logging_mixin.py:150} INFO - [2025-04-10T19:17:24.245+0000] {dag.py:3504} INFO - Setting next_dagrun for etl_dag to 2025-04-10T00:00:00+00:00, run_after=2025-04-11T00:00:00+00:00
[2025-04-10T19:17:24.268+0000] {processor.py:179} INFO - Processing /workspaces/hands-on-introduction-data-engineering-4395021/airflow/dags/first_try/etl_dag.py took 0.294 seconds
[2025-04-10T19:17:54.376+0000] {processor.py:157} INFO - Started process (PID=30188) to work on /workspaces/hands-on-introduction-data-engineering-4395021/airflow/dags/first_try/etl_dag.py
[2025-04-10T19:17:54.377+0000] {processor.py:826} INFO - Processing file /workspaces/hands-on-introduction-data-engineering-4395021/airflow/dags/first_try/etl_dag.py for tasks to queue
[2025-04-10T19:17:54.377+0000] {logging_mixin.py:150} INFO - [2025-04-10T19:17:54.377+0000] {dagbag.py:541} INFO - Filling up the DagBag from /workspaces/hands-on-introduction-data-engineering-4395021/airflow/dags/first_try/etl_dag.py
[2025-04-10T19:17:54.666+0000] {processor.py:836} INFO - DAG(s) dict_keys(['etl_dag']) retrieved from /workspaces/hands-on-introduction-data-engineering-4395021/airflow/dags/first_try/etl_dag.py
[2025-04-10T19:17:54.680+0000] {logging_mixin.py:150} INFO - [2025-04-10T19:17:54.680+0000] {dag.py:2742} INFO - Sync 1 DAGs
[2025-04-10T19:17:54.693+0000] {logging_mixin.py:150} INFO - [2025-04-10T19:17:54.693+0000] {dag.py:3504} INFO - Setting next_dagrun for etl_dag to 2025-04-10T00:00:00+00:00, run_after=2025-04-11T00:00:00+00:00
[2025-04-10T19:17:54.707+0000] {processor.py:179} INFO - Processing /workspaces/hands-on-introduction-data-engineering-4395021/airflow/dags/first_try/etl_dag.py took 0.333 seconds
[2025-04-10T19:18:25.736+0000] {processor.py:157} INFO - Started process (PID=30387) to work on /workspaces/hands-on-introduction-data-engineering-4395021/airflow/dags/first_try/etl_dag.py
[2025-04-10T19:18:25.737+0000] {processor.py:826} INFO - Processing file /workspaces/hands-on-introduction-data-engineering-4395021/airflow/dags/first_try/etl_dag.py for tasks to queue
[2025-04-10T19:18:25.737+0000] {logging_mixin.py:150} INFO - [2025-04-10T19:18:25.737+0000] {dagbag.py:541} INFO - Filling up the DagBag from /workspaces/hands-on-introduction-data-engineering-4395021/airflow/dags/first_try/etl_dag.py
[2025-04-10T19:18:25.961+0000] {processor.py:836} INFO - DAG(s) dict_keys(['etl_dag']) retrieved from /workspaces/hands-on-introduction-data-engineering-4395021/airflow/dags/first_try/etl_dag.py
[2025-04-10T19:18:25.975+0000] {logging_mixin.py:150} INFO - [2025-04-10T19:18:25.975+0000] {dag.py:2742} INFO - Sync 1 DAGs
[2025-04-10T19:18:25.989+0000] {logging_mixin.py:150} INFO - [2025-04-10T19:18:25.988+0000] {dag.py:3504} INFO - Setting next_dagrun for etl_dag to 2025-04-10T00:00:00+00:00, run_after=2025-04-11T00:00:00+00:00
[2025-04-10T19:18:26.001+0000] {processor.py:179} INFO - Processing /workspaces/hands-on-introduction-data-engineering-4395021/airflow/dags/first_try/etl_dag.py took 0.268 seconds
[2025-04-10T19:18:56.196+0000] {processor.py:157} INFO - Started process (PID=30566) to work on /workspaces/hands-on-introduction-data-engineering-4395021/airflow/dags/first_try/etl_dag.py
[2025-04-10T19:18:56.197+0000] {processor.py:826} INFO - Processing file /workspaces/hands-on-introduction-data-engineering-4395021/airflow/dags/first_try/etl_dag.py for tasks to queue
[2025-04-10T19:18:56.197+0000] {logging_mixin.py:150} INFO - [2025-04-10T19:18:56.197+0000] {dagbag.py:541} INFO - Filling up the DagBag from /workspaces/hands-on-introduction-data-engineering-4395021/airflow/dags/first_try/etl_dag.py
[2025-04-10T19:18:56.425+0000] {processor.py:836} INFO - DAG(s) dict_keys(['etl_dag']) retrieved from /workspaces/hands-on-introduction-data-engineering-4395021/airflow/dags/first_try/etl_dag.py
[2025-04-10T19:18:56.439+0000] {logging_mixin.py:150} INFO - [2025-04-10T19:18:56.438+0000] {dag.py:2742} INFO - Sync 1 DAGs
[2025-04-10T19:18:56.452+0000] {logging_mixin.py:150} INFO - [2025-04-10T19:18:56.452+0000] {dag.py:3504} INFO - Setting next_dagrun for etl_dag to 2025-04-10T00:00:00+00:00, run_after=2025-04-11T00:00:00+00:00
[2025-04-10T19:18:56.465+0000] {processor.py:179} INFO - Processing /workspaces/hands-on-introduction-data-engineering-4395021/airflow/dags/first_try/etl_dag.py took 0.273 seconds
[2025-04-10T19:19:26.592+0000] {processor.py:157} INFO - Started process (PID=30751) to work on /workspaces/hands-on-introduction-data-engineering-4395021/airflow/dags/first_try/etl_dag.py
[2025-04-10T19:19:26.592+0000] {processor.py:826} INFO - Processing file /workspaces/hands-on-introduction-data-engineering-4395021/airflow/dags/first_try/etl_dag.py for tasks to queue
[2025-04-10T19:19:26.593+0000] {logging_mixin.py:150} INFO - [2025-04-10T19:19:26.593+0000] {dagbag.py:541} INFO - Filling up the DagBag from /workspaces/hands-on-introduction-data-engineering-4395021/airflow/dags/first_try/etl_dag.py
[2025-04-10T19:19:26.819+0000] {processor.py:836} INFO - DAG(s) dict_keys(['etl_dag']) retrieved from /workspaces/hands-on-introduction-data-engineering-4395021/airflow/dags/first_try/etl_dag.py
[2025-04-10T19:19:26.833+0000] {logging_mixin.py:150} INFO - [2025-04-10T19:19:26.833+0000] {dag.py:2742} INFO - Sync 1 DAGs
[2025-04-10T19:19:26.847+0000] {logging_mixin.py:150} INFO - [2025-04-10T19:19:26.847+0000] {dag.py:3504} INFO - Setting next_dagrun for etl_dag to 2025-04-10T00:00:00+00:00, run_after=2025-04-11T00:00:00+00:00
[2025-04-10T19:19:26.860+0000] {processor.py:179} INFO - Processing /workspaces/hands-on-introduction-data-engineering-4395021/airflow/dags/first_try/etl_dag.py took 0.270 seconds
[2025-04-10T19:19:56.956+0000] {processor.py:157} INFO - Started process (PID=30937) to work on /workspaces/hands-on-introduction-data-engineering-4395021/airflow/dags/first_try/etl_dag.py
[2025-04-10T19:19:56.957+0000] {processor.py:826} INFO - Processing file /workspaces/hands-on-introduction-data-engineering-4395021/airflow/dags/first_try/etl_dag.py for tasks to queue
[2025-04-10T19:19:56.958+0000] {logging_mixin.py:150} INFO - [2025-04-10T19:19:56.957+0000] {dagbag.py:541} INFO - Filling up the DagBag from /workspaces/hands-on-introduction-data-engineering-4395021/airflow/dags/first_try/etl_dag.py
[2025-04-10T19:19:57.204+0000] {processor.py:836} INFO - DAG(s) dict_keys(['etl_dag']) retrieved from /workspaces/hands-on-introduction-data-engineering-4395021/airflow/dags/first_try/etl_dag.py
[2025-04-10T19:19:57.219+0000] {logging_mixin.py:150} INFO - [2025-04-10T19:19:57.219+0000] {dag.py:2742} INFO - Sync 1 DAGs
[2025-04-10T19:19:57.232+0000] {logging_mixin.py:150} INFO - [2025-04-10T19:19:57.231+0000] {dag.py:3504} INFO - Setting next_dagrun for etl_dag to 2025-04-10T00:00:00+00:00, run_after=2025-04-11T00:00:00+00:00
[2025-04-10T19:19:57.245+0000] {processor.py:179} INFO - Processing /workspaces/hands-on-introduction-data-engineering-4395021/airflow/dags/first_try/etl_dag.py took 0.291 seconds
[2025-04-10T19:20:27.484+0000] {processor.py:157} INFO - Started process (PID=31116) to work on /workspaces/hands-on-introduction-data-engineering-4395021/airflow/dags/first_try/etl_dag.py
[2025-04-10T19:20:27.485+0000] {processor.py:826} INFO - Processing file /workspaces/hands-on-introduction-data-engineering-4395021/airflow/dags/first_try/etl_dag.py for tasks to queue
[2025-04-10T19:20:27.486+0000] {logging_mixin.py:150} INFO - [2025-04-10T19:20:27.486+0000] {dagbag.py:541} INFO - Filling up the DagBag from /workspaces/hands-on-introduction-data-engineering-4395021/airflow/dags/first_try/etl_dag.py
[2025-04-10T19:20:27.711+0000] {processor.py:836} INFO - DAG(s) dict_keys(['etl_dag']) retrieved from /workspaces/hands-on-introduction-data-engineering-4395021/airflow/dags/first_try/etl_dag.py
[2025-04-10T19:20:27.726+0000] {logging_mixin.py:150} INFO - [2025-04-10T19:20:27.726+0000] {dag.py:2742} INFO - Sync 1 DAGs
[2025-04-10T19:20:27.739+0000] {logging_mixin.py:150} INFO - [2025-04-10T19:20:27.739+0000] {dag.py:3504} INFO - Setting next_dagrun for etl_dag to 2025-04-10T00:00:00+00:00, run_after=2025-04-11T00:00:00+00:00
[2025-04-10T19:20:27.752+0000] {processor.py:179} INFO - Processing /workspaces/hands-on-introduction-data-engineering-4395021/airflow/dags/first_try/etl_dag.py took 0.269 seconds
[2025-04-10T19:20:57.874+0000] {processor.py:157} INFO - Started process (PID=31295) to work on /workspaces/hands-on-introduction-data-engineering-4395021/airflow/dags/first_try/etl_dag.py
[2025-04-10T19:20:57.875+0000] {processor.py:826} INFO - Processing file /workspaces/hands-on-introduction-data-engineering-4395021/airflow/dags/first_try/etl_dag.py for tasks to queue
[2025-04-10T19:20:57.876+0000] {logging_mixin.py:150} INFO - [2025-04-10T19:20:57.875+0000] {dagbag.py:541} INFO - Filling up the DagBag from /workspaces/hands-on-introduction-data-engineering-4395021/airflow/dags/first_try/etl_dag.py
[2025-04-10T19:20:58.115+0000] {processor.py:836} INFO - DAG(s) dict_keys(['etl_dag']) retrieved from /workspaces/hands-on-introduction-data-engineering-4395021/airflow/dags/first_try/etl_dag.py
[2025-04-10T19:20:58.130+0000] {logging_mixin.py:150} INFO - [2025-04-10T19:20:58.130+0000] {dag.py:2742} INFO - Sync 1 DAGs
[2025-04-10T19:20:58.143+0000] {logging_mixin.py:150} INFO - [2025-04-10T19:20:58.143+0000] {dag.py:3504} INFO - Setting next_dagrun for etl_dag to 2025-04-10T00:00:00+00:00, run_after=2025-04-11T00:00:00+00:00
[2025-04-10T19:20:58.157+0000] {processor.py:179} INFO - Processing /workspaces/hands-on-introduction-data-engineering-4395021/airflow/dags/first_try/etl_dag.py took 0.284 seconds
[2025-04-10T19:21:28.261+0000] {processor.py:157} INFO - Started process (PID=31474) to work on /workspaces/hands-on-introduction-data-engineering-4395021/airflow/dags/first_try/etl_dag.py
[2025-04-10T19:21:28.262+0000] {processor.py:826} INFO - Processing file /workspaces/hands-on-introduction-data-engineering-4395021/airflow/dags/first_try/etl_dag.py for tasks to queue
[2025-04-10T19:21:28.262+0000] {logging_mixin.py:150} INFO - [2025-04-10T19:21:28.262+0000] {dagbag.py:541} INFO - Filling up the DagBag from /workspaces/hands-on-introduction-data-engineering-4395021/airflow/dags/first_try/etl_dag.py
[2025-04-10T19:21:28.536+0000] {processor.py:836} INFO - DAG(s) dict_keys(['etl_dag']) retrieved from /workspaces/hands-on-introduction-data-engineering-4395021/airflow/dags/first_try/etl_dag.py
[2025-04-10T19:21:28.550+0000] {logging_mixin.py:150} INFO - [2025-04-10T19:21:28.550+0000] {dag.py:2742} INFO - Sync 1 DAGs
[2025-04-10T19:21:28.563+0000] {logging_mixin.py:150} INFO - [2025-04-10T19:21:28.563+0000] {dag.py:3504} INFO - Setting next_dagrun for etl_dag to 2025-04-10T00:00:00+00:00, run_after=2025-04-11T00:00:00+00:00
[2025-04-10T19:21:28.577+0000] {processor.py:179} INFO - Processing /workspaces/hands-on-introduction-data-engineering-4395021/airflow/dags/first_try/etl_dag.py took 0.318 seconds
[2025-04-10T19:21:58.750+0000] {processor.py:157} INFO - Started process (PID=31658) to work on /workspaces/hands-on-introduction-data-engineering-4395021/airflow/dags/first_try/etl_dag.py
[2025-04-10T19:21:58.750+0000] {processor.py:826} INFO - Processing file /workspaces/hands-on-introduction-data-engineering-4395021/airflow/dags/first_try/etl_dag.py for tasks to queue
[2025-04-10T19:21:58.751+0000] {logging_mixin.py:150} INFO - [2025-04-10T19:21:58.751+0000] {dagbag.py:541} INFO - Filling up the DagBag from /workspaces/hands-on-introduction-data-engineering-4395021/airflow/dags/first_try/etl_dag.py
[2025-04-10T19:21:58.992+0000] {processor.py:836} INFO - DAG(s) dict_keys(['etl_dag']) retrieved from /workspaces/hands-on-introduction-data-engineering-4395021/airflow/dags/first_try/etl_dag.py
[2025-04-10T19:21:59.006+0000] {logging_mixin.py:150} INFO - [2025-04-10T19:21:59.006+0000] {dag.py:2742} INFO - Sync 1 DAGs
[2025-04-10T19:21:59.020+0000] {logging_mixin.py:150} INFO - [2025-04-10T19:21:59.020+0000] {dag.py:3504} INFO - Setting next_dagrun for etl_dag to 2025-04-10T00:00:00+00:00, run_after=2025-04-11T00:00:00+00:00
[2025-04-10T19:21:59.033+0000] {processor.py:179} INFO - Processing /workspaces/hands-on-introduction-data-engineering-4395021/airflow/dags/first_try/etl_dag.py took 0.286 seconds
[2025-04-10T19:22:29.141+0000] {processor.py:157} INFO - Started process (PID=31844) to work on /workspaces/hands-on-introduction-data-engineering-4395021/airflow/dags/first_try/etl_dag.py
[2025-04-10T19:22:29.142+0000] {processor.py:826} INFO - Processing file /workspaces/hands-on-introduction-data-engineering-4395021/airflow/dags/first_try/etl_dag.py for tasks to queue
[2025-04-10T19:22:29.143+0000] {logging_mixin.py:150} INFO - [2025-04-10T19:22:29.143+0000] {dagbag.py:541} INFO - Filling up the DagBag from /workspaces/hands-on-introduction-data-engineering-4395021/airflow/dags/first_try/etl_dag.py
[2025-04-10T19:22:29.369+0000] {processor.py:836} INFO - DAG(s) dict_keys(['etl_dag']) retrieved from /workspaces/hands-on-introduction-data-engineering-4395021/airflow/dags/first_try/etl_dag.py
[2025-04-10T19:22:29.383+0000] {logging_mixin.py:150} INFO - [2025-04-10T19:22:29.383+0000] {dag.py:2742} INFO - Sync 1 DAGs
[2025-04-10T19:22:29.401+0000] {logging_mixin.py:150} INFO - [2025-04-10T19:22:29.400+0000] {dag.py:3504} INFO - Setting next_dagrun for etl_dag to 2025-04-10T00:00:00+00:00, run_after=2025-04-11T00:00:00+00:00
[2025-04-10T19:22:29.414+0000] {processor.py:179} INFO - Processing /workspaces/hands-on-introduction-data-engineering-4395021/airflow/dags/first_try/etl_dag.py took 0.276 seconds
[2025-04-10T19:22:59.535+0000] {processor.py:157} INFO - Started process (PID=32021) to work on /workspaces/hands-on-introduction-data-engineering-4395021/airflow/dags/first_try/etl_dag.py
[2025-04-10T19:22:59.535+0000] {processor.py:826} INFO - Processing file /workspaces/hands-on-introduction-data-engineering-4395021/airflow/dags/first_try/etl_dag.py for tasks to queue
[2025-04-10T19:22:59.536+0000] {logging_mixin.py:150} INFO - [2025-04-10T19:22:59.536+0000] {dagbag.py:541} INFO - Filling up the DagBag from /workspaces/hands-on-introduction-data-engineering-4395021/airflow/dags/first_try/etl_dag.py
[2025-04-10T19:22:59.762+0000] {processor.py:836} INFO - DAG(s) dict_keys(['etl_dag']) retrieved from /workspaces/hands-on-introduction-data-engineering-4395021/airflow/dags/first_try/etl_dag.py
[2025-04-10T19:22:59.776+0000] {logging_mixin.py:150} INFO - [2025-04-10T19:22:59.776+0000] {dag.py:2742} INFO - Sync 1 DAGs
[2025-04-10T19:22:59.793+0000] {logging_mixin.py:150} INFO - [2025-04-10T19:22:59.793+0000] {dag.py:3504} INFO - Setting next_dagrun for etl_dag to 2025-04-10T00:00:00+00:00, run_after=2025-04-11T00:00:00+00:00
[2025-04-10T19:22:59.806+0000] {processor.py:179} INFO - Processing /workspaces/hands-on-introduction-data-engineering-4395021/airflow/dags/first_try/etl_dag.py took 0.273 seconds
[2025-04-10T19:23:29.919+0000] {processor.py:157} INFO - Started process (PID=32206) to work on /workspaces/hands-on-introduction-data-engineering-4395021/airflow/dags/first_try/etl_dag.py
[2025-04-10T19:23:29.919+0000] {processor.py:826} INFO - Processing file /workspaces/hands-on-introduction-data-engineering-4395021/airflow/dags/first_try/etl_dag.py for tasks to queue
[2025-04-10T19:23:29.920+0000] {logging_mixin.py:150} INFO - [2025-04-10T19:23:29.920+0000] {dagbag.py:541} INFO - Filling up the DagBag from /workspaces/hands-on-introduction-data-engineering-4395021/airflow/dags/first_try/etl_dag.py
[2025-04-10T19:23:30.153+0000] {processor.py:836} INFO - DAG(s) dict_keys(['etl_dag']) retrieved from /workspaces/hands-on-introduction-data-engineering-4395021/airflow/dags/first_try/etl_dag.py
[2025-04-10T19:23:30.168+0000] {logging_mixin.py:150} INFO - [2025-04-10T19:23:30.168+0000] {dag.py:2742} INFO - Sync 1 DAGs
[2025-04-10T19:23:30.181+0000] {logging_mixin.py:150} INFO - [2025-04-10T19:23:30.181+0000] {dag.py:3504} INFO - Setting next_dagrun for etl_dag to 2025-04-10T00:00:00+00:00, run_after=2025-04-11T00:00:00+00:00
[2025-04-10T19:23:30.194+0000] {processor.py:179} INFO - Processing /workspaces/hands-on-introduction-data-engineering-4395021/airflow/dags/first_try/etl_dag.py took 0.278 seconds
[2025-04-10T19:24:00.312+0000] {processor.py:157} INFO - Started process (PID=32392) to work on /workspaces/hands-on-introduction-data-engineering-4395021/airflow/dags/first_try/etl_dag.py
[2025-04-10T19:24:00.312+0000] {processor.py:826} INFO - Processing file /workspaces/hands-on-introduction-data-engineering-4395021/airflow/dags/first_try/etl_dag.py for tasks to queue
[2025-04-10T19:24:00.313+0000] {logging_mixin.py:150} INFO - [2025-04-10T19:24:00.313+0000] {dagbag.py:541} INFO - Filling up the DagBag from /workspaces/hands-on-introduction-data-engineering-4395021/airflow/dags/first_try/etl_dag.py
[2025-04-10T19:24:00.540+0000] {processor.py:836} INFO - DAG(s) dict_keys(['etl_dag']) retrieved from /workspaces/hands-on-introduction-data-engineering-4395021/airflow/dags/first_try/etl_dag.py
[2025-04-10T19:24:00.555+0000] {logging_mixin.py:150} INFO - [2025-04-10T19:24:00.555+0000] {dag.py:2742} INFO - Sync 1 DAGs
[2025-04-10T19:24:00.568+0000] {logging_mixin.py:150} INFO - [2025-04-10T19:24:00.568+0000] {dag.py:3504} INFO - Setting next_dagrun for etl_dag to 2025-04-10T00:00:00+00:00, run_after=2025-04-11T00:00:00+00:00
[2025-04-10T19:24:00.582+0000] {processor.py:179} INFO - Processing /workspaces/hands-on-introduction-data-engineering-4395021/airflow/dags/first_try/etl_dag.py took 0.272 seconds
[2025-04-10T19:24:30.700+0000] {processor.py:157} INFO - Started process (PID=32570) to work on /workspaces/hands-on-introduction-data-engineering-4395021/airflow/dags/first_try/etl_dag.py
[2025-04-10T19:24:30.701+0000] {processor.py:826} INFO - Processing file /workspaces/hands-on-introduction-data-engineering-4395021/airflow/dags/first_try/etl_dag.py for tasks to queue
[2025-04-10T19:24:30.702+0000] {logging_mixin.py:150} INFO - [2025-04-10T19:24:30.702+0000] {dagbag.py:541} INFO - Filling up the DagBag from /workspaces/hands-on-introduction-data-engineering-4395021/airflow/dags/first_try/etl_dag.py
[2025-04-10T19:24:30.929+0000] {processor.py:836} INFO - DAG(s) dict_keys(['etl_dag']) retrieved from /workspaces/hands-on-introduction-data-engineering-4395021/airflow/dags/first_try/etl_dag.py
[2025-04-10T19:24:30.943+0000] {logging_mixin.py:150} INFO - [2025-04-10T19:24:30.942+0000] {dag.py:2742} INFO - Sync 1 DAGs
[2025-04-10T19:24:30.955+0000] {logging_mixin.py:150} INFO - [2025-04-10T19:24:30.955+0000] {dag.py:3504} INFO - Setting next_dagrun for etl_dag to 2025-04-10T00:00:00+00:00, run_after=2025-04-11T00:00:00+00:00
[2025-04-10T19:24:30.968+0000] {processor.py:179} INFO - Processing /workspaces/hands-on-introduction-data-engineering-4395021/airflow/dags/first_try/etl_dag.py took 0.270 seconds
[2025-04-10T19:25:01.063+0000] {processor.py:157} INFO - Started process (PID=32754) to work on /workspaces/hands-on-introduction-data-engineering-4395021/airflow/dags/first_try/etl_dag.py
[2025-04-10T19:25:01.063+0000] {processor.py:826} INFO - Processing file /workspaces/hands-on-introduction-data-engineering-4395021/airflow/dags/first_try/etl_dag.py for tasks to queue
[2025-04-10T19:25:01.064+0000] {logging_mixin.py:150} INFO - [2025-04-10T19:25:01.064+0000] {dagbag.py:541} INFO - Filling up the DagBag from /workspaces/hands-on-introduction-data-engineering-4395021/airflow/dags/first_try/etl_dag.py
[2025-04-10T19:25:01.296+0000] {processor.py:836} INFO - DAG(s) dict_keys(['etl_dag']) retrieved from /workspaces/hands-on-introduction-data-engineering-4395021/airflow/dags/first_try/etl_dag.py
[2025-04-10T19:25:01.310+0000] {logging_mixin.py:150} INFO - [2025-04-10T19:25:01.310+0000] {dag.py:2742} INFO - Sync 1 DAGs
[2025-04-10T19:25:01.324+0000] {logging_mixin.py:150} INFO - [2025-04-10T19:25:01.324+0000] {dag.py:3504} INFO - Setting next_dagrun for etl_dag to 2025-04-10T00:00:00+00:00, run_after=2025-04-11T00:00:00+00:00
[2025-04-10T19:25:01.341+0000] {processor.py:179} INFO - Processing /workspaces/hands-on-introduction-data-engineering-4395021/airflow/dags/first_try/etl_dag.py took 0.280 seconds
[2025-04-10T19:25:31.622+0000] {processor.py:157} INFO - Started process (PID=32940) to work on /workspaces/hands-on-introduction-data-engineering-4395021/airflow/dags/first_try/etl_dag.py
[2025-04-10T19:25:31.623+0000] {processor.py:826} INFO - Processing file /workspaces/hands-on-introduction-data-engineering-4395021/airflow/dags/first_try/etl_dag.py for tasks to queue
[2025-04-10T19:25:31.623+0000] {logging_mixin.py:150} INFO - [2025-04-10T19:25:31.623+0000] {dagbag.py:541} INFO - Filling up the DagBag from /workspaces/hands-on-introduction-data-engineering-4395021/airflow/dags/first_try/etl_dag.py
[2025-04-10T19:25:31.860+0000] {processor.py:836} INFO - DAG(s) dict_keys(['etl_dag']) retrieved from /workspaces/hands-on-introduction-data-engineering-4395021/airflow/dags/first_try/etl_dag.py
[2025-04-10T19:25:31.886+0000] {logging_mixin.py:150} INFO - [2025-04-10T19:25:31.886+0000] {dag.py:2742} INFO - Sync 1 DAGs
[2025-04-10T19:25:31.908+0000] {logging_mixin.py:150} INFO - [2025-04-10T19:25:31.908+0000] {dag.py:3504} INFO - Setting next_dagrun for etl_dag to 2025-04-10T00:00:00+00:00, run_after=2025-04-11T00:00:00+00:00
[2025-04-10T19:25:31.922+0000] {processor.py:179} INFO - Processing /workspaces/hands-on-introduction-data-engineering-4395021/airflow/dags/first_try/etl_dag.py took 0.302 seconds
[2025-04-10T19:26:02.933+0000] {processor.py:157} INFO - Started process (PID=33120) to work on /workspaces/hands-on-introduction-data-engineering-4395021/airflow/dags/first_try/etl_dag.py
[2025-04-10T19:26:02.934+0000] {processor.py:826} INFO - Processing file /workspaces/hands-on-introduction-data-engineering-4395021/airflow/dags/first_try/etl_dag.py for tasks to queue
[2025-04-10T19:26:02.935+0000] {logging_mixin.py:150} INFO - [2025-04-10T19:26:02.934+0000] {dagbag.py:541} INFO - Filling up the DagBag from /workspaces/hands-on-introduction-data-engineering-4395021/airflow/dags/first_try/etl_dag.py
[2025-04-10T19:26:03.180+0000] {processor.py:836} INFO - DAG(s) dict_keys(['etl_dag']) retrieved from /workspaces/hands-on-introduction-data-engineering-4395021/airflow/dags/first_try/etl_dag.py
[2025-04-10T19:26:03.194+0000] {logging_mixin.py:150} INFO - [2025-04-10T19:26:03.194+0000] {dag.py:2742} INFO - Sync 1 DAGs
[2025-04-10T19:26:03.208+0000] {logging_mixin.py:150} INFO - [2025-04-10T19:26:03.208+0000] {dag.py:3504} INFO - Setting next_dagrun for etl_dag to 2025-04-10T00:00:00+00:00, run_after=2025-04-11T00:00:00+00:00
[2025-04-10T19:26:03.221+0000] {processor.py:179} INFO - Processing /workspaces/hands-on-introduction-data-engineering-4395021/airflow/dags/first_try/etl_dag.py took 0.290 seconds
[2025-04-10T19:26:33.431+0000] {processor.py:157} INFO - Started process (PID=33306) to work on /workspaces/hands-on-introduction-data-engineering-4395021/airflow/dags/first_try/etl_dag.py
[2025-04-10T19:26:33.431+0000] {processor.py:826} INFO - Processing file /workspaces/hands-on-introduction-data-engineering-4395021/airflow/dags/first_try/etl_dag.py for tasks to queue
[2025-04-10T19:26:33.432+0000] {logging_mixin.py:150} INFO - [2025-04-10T19:26:33.432+0000] {dagbag.py:541} INFO - Filling up the DagBag from /workspaces/hands-on-introduction-data-engineering-4395021/airflow/dags/first_try/etl_dag.py
[2025-04-10T19:26:33.673+0000] {processor.py:836} INFO - DAG(s) dict_keys(['etl_dag']) retrieved from /workspaces/hands-on-introduction-data-engineering-4395021/airflow/dags/first_try/etl_dag.py
[2025-04-10T19:26:33.688+0000] {logging_mixin.py:150} INFO - [2025-04-10T19:26:33.687+0000] {dag.py:2742} INFO - Sync 1 DAGs
[2025-04-10T19:26:33.701+0000] {logging_mixin.py:150} INFO - [2025-04-10T19:26:33.701+0000] {dag.py:3504} INFO - Setting next_dagrun for etl_dag to 2025-04-10T00:00:00+00:00, run_after=2025-04-11T00:00:00+00:00
[2025-04-10T19:26:33.713+0000] {processor.py:179} INFO - Processing /workspaces/hands-on-introduction-data-engineering-4395021/airflow/dags/first_try/etl_dag.py took 0.285 seconds
[2025-04-10T19:27:03.931+0000] {processor.py:157} INFO - Started process (PID=33491) to work on /workspaces/hands-on-introduction-data-engineering-4395021/airflow/dags/first_try/etl_dag.py
[2025-04-10T19:27:03.932+0000] {processor.py:826} INFO - Processing file /workspaces/hands-on-introduction-data-engineering-4395021/airflow/dags/first_try/etl_dag.py for tasks to queue
[2025-04-10T19:27:03.933+0000] {logging_mixin.py:150} INFO - [2025-04-10T19:27:03.932+0000] {dagbag.py:541} INFO - Filling up the DagBag from /workspaces/hands-on-introduction-data-engineering-4395021/airflow/dags/first_try/etl_dag.py
[2025-04-10T19:27:04.160+0000] {processor.py:836} INFO - DAG(s) dict_keys(['etl_dag']) retrieved from /workspaces/hands-on-introduction-data-engineering-4395021/airflow/dags/first_try/etl_dag.py
[2025-04-10T19:27:04.183+0000] {logging_mixin.py:150} INFO - [2025-04-10T19:27:04.183+0000] {dag.py:2742} INFO - Sync 1 DAGs
[2025-04-10T19:27:04.201+0000] {logging_mixin.py:150} INFO - [2025-04-10T19:27:04.201+0000] {dag.py:3504} INFO - Setting next_dagrun for etl_dag to 2025-04-10T00:00:00+00:00, run_after=2025-04-11T00:00:00+00:00
[2025-04-10T19:27:04.214+0000] {processor.py:179} INFO - Processing /workspaces/hands-on-introduction-data-engineering-4395021/airflow/dags/first_try/etl_dag.py took 0.285 seconds
[2025-04-10T19:27:34.479+0000] {processor.py:157} INFO - Started process (PID=33671) to work on /workspaces/hands-on-introduction-data-engineering-4395021/airflow/dags/first_try/etl_dag.py
[2025-04-10T19:27:34.480+0000] {processor.py:826} INFO - Processing file /workspaces/hands-on-introduction-data-engineering-4395021/airflow/dags/first_try/etl_dag.py for tasks to queue
[2025-04-10T19:27:34.481+0000] {logging_mixin.py:150} INFO - [2025-04-10T19:27:34.480+0000] {dagbag.py:541} INFO - Filling up the DagBag from /workspaces/hands-on-introduction-data-engineering-4395021/airflow/dags/first_try/etl_dag.py
[2025-04-10T19:27:34.727+0000] {processor.py:836} INFO - DAG(s) dict_keys(['etl_dag']) retrieved from /workspaces/hands-on-introduction-data-engineering-4395021/airflow/dags/first_try/etl_dag.py
[2025-04-10T19:27:34.749+0000] {logging_mixin.py:150} INFO - [2025-04-10T19:27:34.749+0000] {dag.py:2742} INFO - Sync 1 DAGs
[2025-04-10T19:27:34.769+0000] {logging_mixin.py:150} INFO - [2025-04-10T19:27:34.769+0000] {dag.py:3504} INFO - Setting next_dagrun for etl_dag to 2025-04-10T00:00:00+00:00, run_after=2025-04-11T00:00:00+00:00
[2025-04-10T19:27:34.788+0000] {processor.py:179} INFO - Processing /workspaces/hands-on-introduction-data-engineering-4395021/airflow/dags/first_try/etl_dag.py took 0.311 seconds
[2025-04-10T19:28:05.073+0000] {processor.py:157} INFO - Started process (PID=33856) to work on /workspaces/hands-on-introduction-data-engineering-4395021/airflow/dags/first_try/etl_dag.py
[2025-04-10T19:28:05.074+0000] {processor.py:826} INFO - Processing file /workspaces/hands-on-introduction-data-engineering-4395021/airflow/dags/first_try/etl_dag.py for tasks to queue
[2025-04-10T19:28:05.075+0000] {logging_mixin.py:150} INFO - [2025-04-10T19:28:05.074+0000] {dagbag.py:541} INFO - Filling up the DagBag from /workspaces/hands-on-introduction-data-engineering-4395021/airflow/dags/first_try/etl_dag.py
[2025-04-10T19:28:05.314+0000] {processor.py:836} INFO - DAG(s) dict_keys(['etl_dag']) retrieved from /workspaces/hands-on-introduction-data-engineering-4395021/airflow/dags/first_try/etl_dag.py
[2025-04-10T19:28:05.328+0000] {logging_mixin.py:150} INFO - [2025-04-10T19:28:05.328+0000] {dag.py:2742} INFO - Sync 1 DAGs
[2025-04-10T19:28:05.341+0000] {logging_mixin.py:150} INFO - [2025-04-10T19:28:05.341+0000] {dag.py:3504} INFO - Setting next_dagrun for etl_dag to 2025-04-10T00:00:00+00:00, run_after=2025-04-11T00:00:00+00:00
[2025-04-10T19:28:05.354+0000] {processor.py:179} INFO - Processing /workspaces/hands-on-introduction-data-engineering-4395021/airflow/dags/first_try/etl_dag.py took 0.283 seconds
[2025-04-10T19:28:35.571+0000] {processor.py:157} INFO - Started process (PID=34042) to work on /workspaces/hands-on-introduction-data-engineering-4395021/airflow/dags/first_try/etl_dag.py
[2025-04-10T19:28:35.572+0000] {processor.py:826} INFO - Processing file /workspaces/hands-on-introduction-data-engineering-4395021/airflow/dags/first_try/etl_dag.py for tasks to queue
[2025-04-10T19:28:35.573+0000] {logging_mixin.py:150} INFO - [2025-04-10T19:28:35.572+0000] {dagbag.py:541} INFO - Filling up the DagBag from /workspaces/hands-on-introduction-data-engineering-4395021/airflow/dags/first_try/etl_dag.py
[2025-04-10T19:28:35.811+0000] {processor.py:836} INFO - DAG(s) dict_keys(['etl_dag']) retrieved from /workspaces/hands-on-introduction-data-engineering-4395021/airflow/dags/first_try/etl_dag.py
[2025-04-10T19:28:35.825+0000] {logging_mixin.py:150} INFO - [2025-04-10T19:28:35.825+0000] {dag.py:2742} INFO - Sync 1 DAGs
[2025-04-10T19:28:35.838+0000] {logging_mixin.py:150} INFO - [2025-04-10T19:28:35.838+0000] {dag.py:3504} INFO - Setting next_dagrun for etl_dag to 2025-04-10T00:00:00+00:00, run_after=2025-04-11T00:00:00+00:00
[2025-04-10T19:28:35.852+0000] {processor.py:179} INFO - Processing /workspaces/hands-on-introduction-data-engineering-4395021/airflow/dags/first_try/etl_dag.py took 0.283 seconds
[2025-04-10T19:29:06.061+0000] {processor.py:157} INFO - Started process (PID=34221) to work on /workspaces/hands-on-introduction-data-engineering-4395021/airflow/dags/first_try/etl_dag.py
[2025-04-10T19:29:06.062+0000] {processor.py:826} INFO - Processing file /workspaces/hands-on-introduction-data-engineering-4395021/airflow/dags/first_try/etl_dag.py for tasks to queue
[2025-04-10T19:29:06.063+0000] {logging_mixin.py:150} INFO - [2025-04-10T19:29:06.063+0000] {dagbag.py:541} INFO - Filling up the DagBag from /workspaces/hands-on-introduction-data-engineering-4395021/airflow/dags/first_try/etl_dag.py
[2025-04-10T19:29:06.303+0000] {processor.py:836} INFO - DAG(s) dict_keys(['etl_dag']) retrieved from /workspaces/hands-on-introduction-data-engineering-4395021/airflow/dags/first_try/etl_dag.py
[2025-04-10T19:29:06.317+0000] {logging_mixin.py:150} INFO - [2025-04-10T19:29:06.317+0000] {dag.py:2742} INFO - Sync 1 DAGs
[2025-04-10T19:29:06.330+0000] {logging_mixin.py:150} INFO - [2025-04-10T19:29:06.330+0000] {dag.py:3504} INFO - Setting next_dagrun for etl_dag to 2025-04-10T00:00:00+00:00, run_after=2025-04-11T00:00:00+00:00
[2025-04-10T19:29:06.344+0000] {processor.py:179} INFO - Processing /workspaces/hands-on-introduction-data-engineering-4395021/airflow/dags/first_try/etl_dag.py took 0.285 seconds
[2025-04-10T19:29:36.552+0000] {processor.py:157} INFO - Started process (PID=34406) to work on /workspaces/hands-on-introduction-data-engineering-4395021/airflow/dags/first_try/etl_dag.py
[2025-04-10T19:29:36.552+0000] {processor.py:826} INFO - Processing file /workspaces/hands-on-introduction-data-engineering-4395021/airflow/dags/first_try/etl_dag.py for tasks to queue
[2025-04-10T19:29:36.553+0000] {logging_mixin.py:150} INFO - [2025-04-10T19:29:36.553+0000] {dagbag.py:541} INFO - Filling up the DagBag from /workspaces/hands-on-introduction-data-engineering-4395021/airflow/dags/first_try/etl_dag.py
[2025-04-10T19:29:36.797+0000] {processor.py:836} INFO - DAG(s) dict_keys(['etl_dag']) retrieved from /workspaces/hands-on-introduction-data-engineering-4395021/airflow/dags/first_try/etl_dag.py
[2025-04-10T19:29:36.812+0000] {logging_mixin.py:150} INFO - [2025-04-10T19:29:36.811+0000] {dag.py:2742} INFO - Sync 1 DAGs
[2025-04-10T19:29:36.825+0000] {logging_mixin.py:150} INFO - [2025-04-10T19:29:36.825+0000] {dag.py:3504} INFO - Setting next_dagrun for etl_dag to 2025-04-10T00:00:00+00:00, run_after=2025-04-11T00:00:00+00:00
[2025-04-10T19:29:36.838+0000] {processor.py:179} INFO - Processing /workspaces/hands-on-introduction-data-engineering-4395021/airflow/dags/first_try/etl_dag.py took 0.288 seconds
[2025-04-10T19:30:07.019+0000] {processor.py:157} INFO - Started process (PID=34586) to work on /workspaces/hands-on-introduction-data-engineering-4395021/airflow/dags/first_try/etl_dag.py
[2025-04-10T19:30:07.020+0000] {processor.py:826} INFO - Processing file /workspaces/hands-on-introduction-data-engineering-4395021/airflow/dags/first_try/etl_dag.py for tasks to queue
[2025-04-10T19:30:07.021+0000] {logging_mixin.py:150} INFO - [2025-04-10T19:30:07.020+0000] {dagbag.py:541} INFO - Filling up the DagBag from /workspaces/hands-on-introduction-data-engineering-4395021/airflow/dags/first_try/etl_dag.py
[2025-04-10T19:30:07.305+0000] {processor.py:836} INFO - DAG(s) dict_keys(['etl_dag']) retrieved from /workspaces/hands-on-introduction-data-engineering-4395021/airflow/dags/first_try/etl_dag.py
[2025-04-10T19:30:07.321+0000] {logging_mixin.py:150} INFO - [2025-04-10T19:30:07.321+0000] {dag.py:2742} INFO - Sync 1 DAGs
[2025-04-10T19:30:07.335+0000] {logging_mixin.py:150} INFO - [2025-04-10T19:30:07.335+0000] {dag.py:3504} INFO - Setting next_dagrun for etl_dag to 2025-04-10T00:00:00+00:00, run_after=2025-04-11T00:00:00+00:00
[2025-04-10T19:30:07.348+0000] {processor.py:179} INFO - Processing /workspaces/hands-on-introduction-data-engineering-4395021/airflow/dags/first_try/etl_dag.py took 0.331 seconds
[2025-04-10T19:30:37.611+0000] {processor.py:157} INFO - Started process (PID=34771) to work on /workspaces/hands-on-introduction-data-engineering-4395021/airflow/dags/first_try/etl_dag.py
[2025-04-10T19:30:37.612+0000] {processor.py:826} INFO - Processing file /workspaces/hands-on-introduction-data-engineering-4395021/airflow/dags/first_try/etl_dag.py for tasks to queue
[2025-04-10T19:30:37.612+0000] {logging_mixin.py:150} INFO - [2025-04-10T19:30:37.612+0000] {dagbag.py:541} INFO - Filling up the DagBag from /workspaces/hands-on-introduction-data-engineering-4395021/airflow/dags/first_try/etl_dag.py
[2025-04-10T19:30:37.858+0000] {processor.py:836} INFO - DAG(s) dict_keys(['etl_dag']) retrieved from /workspaces/hands-on-introduction-data-engineering-4395021/airflow/dags/first_try/etl_dag.py
[2025-04-10T19:30:37.873+0000] {logging_mixin.py:150} INFO - [2025-04-10T19:30:37.872+0000] {dag.py:2742} INFO - Sync 1 DAGs
[2025-04-10T19:30:37.885+0000] {logging_mixin.py:150} INFO - [2025-04-10T19:30:37.885+0000] {dag.py:3504} INFO - Setting next_dagrun for etl_dag to 2025-04-10T00:00:00+00:00, run_after=2025-04-11T00:00:00+00:00
[2025-04-10T19:30:37.898+0000] {processor.py:179} INFO - Processing /workspaces/hands-on-introduction-data-engineering-4395021/airflow/dags/first_try/etl_dag.py took 0.289 seconds
[2025-04-10T19:31:08.104+0000] {processor.py:157} INFO - Started process (PID=34957) to work on /workspaces/hands-on-introduction-data-engineering-4395021/airflow/dags/first_try/etl_dag.py
[2025-04-10T19:31:08.105+0000] {processor.py:826} INFO - Processing file /workspaces/hands-on-introduction-data-engineering-4395021/airflow/dags/first_try/etl_dag.py for tasks to queue
[2025-04-10T19:31:08.106+0000] {logging_mixin.py:150} INFO - [2025-04-10T19:31:08.106+0000] {dagbag.py:541} INFO - Filling up the DagBag from /workspaces/hands-on-introduction-data-engineering-4395021/airflow/dags/first_try/etl_dag.py
[2025-04-10T19:31:08.344+0000] {processor.py:836} INFO - DAG(s) dict_keys(['etl_dag']) retrieved from /workspaces/hands-on-introduction-data-engineering-4395021/airflow/dags/first_try/etl_dag.py
[2025-04-10T19:31:08.360+0000] {logging_mixin.py:150} INFO - [2025-04-10T19:31:08.360+0000] {dag.py:2742} INFO - Sync 1 DAGs
[2025-04-10T19:31:08.373+0000] {logging_mixin.py:150} INFO - [2025-04-10T19:31:08.373+0000] {dag.py:3504} INFO - Setting next_dagrun for etl_dag to 2025-04-10T00:00:00+00:00, run_after=2025-04-11T00:00:00+00:00
[2025-04-10T19:31:08.386+0000] {processor.py:179} INFO - Processing /workspaces/hands-on-introduction-data-engineering-4395021/airflow/dags/first_try/etl_dag.py took 0.284 seconds
[2025-04-10T19:31:38.609+0000] {processor.py:157} INFO - Started process (PID=35136) to work on /workspaces/hands-on-introduction-data-engineering-4395021/airflow/dags/first_try/etl_dag.py
[2025-04-10T19:31:38.609+0000] {processor.py:826} INFO - Processing file /workspaces/hands-on-introduction-data-engineering-4395021/airflow/dags/first_try/etl_dag.py for tasks to queue
[2025-04-10T19:31:38.610+0000] {logging_mixin.py:150} INFO - [2025-04-10T19:31:38.610+0000] {dagbag.py:541} INFO - Filling up the DagBag from /workspaces/hands-on-introduction-data-engineering-4395021/airflow/dags/first_try/etl_dag.py
[2025-04-10T19:31:38.851+0000] {processor.py:836} INFO - DAG(s) dict_keys(['etl_dag']) retrieved from /workspaces/hands-on-introduction-data-engineering-4395021/airflow/dags/first_try/etl_dag.py
[2025-04-10T19:31:38.865+0000] {logging_mixin.py:150} INFO - [2025-04-10T19:31:38.865+0000] {dag.py:2742} INFO - Sync 1 DAGs
[2025-04-10T19:31:38.878+0000] {logging_mixin.py:150} INFO - [2025-04-10T19:31:38.878+0000] {dag.py:3504} INFO - Setting next_dagrun for etl_dag to 2025-04-10T00:00:00+00:00, run_after=2025-04-11T00:00:00+00:00
[2025-04-10T19:31:38.891+0000] {processor.py:179} INFO - Processing /workspaces/hands-on-introduction-data-engineering-4395021/airflow/dags/first_try/etl_dag.py took 0.284 seconds
[2025-04-10T19:32:09.102+0000] {processor.py:157} INFO - Started process (PID=35322) to work on /workspaces/hands-on-introduction-data-engineering-4395021/airflow/dags/first_try/etl_dag.py
[2025-04-10T19:32:09.103+0000] {processor.py:826} INFO - Processing file /workspaces/hands-on-introduction-data-engineering-4395021/airflow/dags/first_try/etl_dag.py for tasks to queue
[2025-04-10T19:32:09.104+0000] {logging_mixin.py:150} INFO - [2025-04-10T19:32:09.104+0000] {dagbag.py:541} INFO - Filling up the DagBag from /workspaces/hands-on-introduction-data-engineering-4395021/airflow/dags/first_try/etl_dag.py
[2025-04-10T19:32:09.349+0000] {processor.py:836} INFO - DAG(s) dict_keys(['etl_dag']) retrieved from /workspaces/hands-on-introduction-data-engineering-4395021/airflow/dags/first_try/etl_dag.py
[2025-04-10T19:32:09.363+0000] {logging_mixin.py:150} INFO - [2025-04-10T19:32:09.363+0000] {dag.py:2742} INFO - Sync 1 DAGs
[2025-04-10T19:32:09.376+0000] {logging_mixin.py:150} INFO - [2025-04-10T19:32:09.376+0000] {dag.py:3504} INFO - Setting next_dagrun for etl_dag to 2025-04-10T00:00:00+00:00, run_after=2025-04-11T00:00:00+00:00
[2025-04-10T19:32:09.390+0000] {processor.py:179} INFO - Processing /workspaces/hands-on-introduction-data-engineering-4395021/airflow/dags/first_try/etl_dag.py took 0.290 seconds
