[2025-04-10T18:49:29.770+0000] {processor.py:157} INFO - Started process (PID=19771) to work on /workspaces/hands-on-introduction-data-engineering-4395021/airflow/dags/first_try/one_task_dag.py
[2025-04-10T18:49:29.771+0000] {processor.py:826} INFO - Processing file /workspaces/hands-on-introduction-data-engineering-4395021/airflow/dags/first_try/one_task_dag.py for tasks to queue
[2025-04-10T18:49:29.772+0000] {logging_mixin.py:150} INFO - [2025-04-10T18:49:29.771+0000] {dagbag.py:541} INFO - Filling up the DagBag from /workspaces/hands-on-introduction-data-engineering-4395021/airflow/dags/first_try/one_task_dag.py
[2025-04-10T18:49:29.779+0000] {processor.py:836} INFO - DAG(s) dict_keys(['one_task_dag']) retrieved from /workspaces/hands-on-introduction-data-engineering-4395021/airflow/dags/first_try/one_task_dag.py
[2025-04-10T18:49:29.851+0000] {logging_mixin.py:150} INFO - [2025-04-10T18:49:29.851+0000] {dag.py:2742} INFO - Sync 1 DAGs
[2025-04-10T18:49:29.865+0000] {logging_mixin.py:150} INFO - [2025-04-10T18:49:29.865+0000] {dag.py:3504} INFO - Setting next_dagrun for one_task_dag to None, run_after=None
[2025-04-10T18:49:29.886+0000] {processor.py:179} INFO - Processing /workspaces/hands-on-introduction-data-engineering-4395021/airflow/dags/first_try/one_task_dag.py took 0.118 seconds
[2025-04-10T18:50:01.443+0000] {processor.py:157} INFO - Started process (PID=20076) to work on /workspaces/hands-on-introduction-data-engineering-4395021/airflow/dags/first_try/one_task_dag.py
[2025-04-10T18:50:01.444+0000] {processor.py:826} INFO - Processing file /workspaces/hands-on-introduction-data-engineering-4395021/airflow/dags/first_try/one_task_dag.py for tasks to queue
[2025-04-10T18:50:01.444+0000] {logging_mixin.py:150} INFO - [2025-04-10T18:50:01.444+0000] {dagbag.py:541} INFO - Filling up the DagBag from /workspaces/hands-on-introduction-data-engineering-4395021/airflow/dags/first_try/one_task_dag.py
[2025-04-10T18:50:01.452+0000] {processor.py:836} INFO - DAG(s) dict_keys(['one_task_dag']) retrieved from /workspaces/hands-on-introduction-data-engineering-4395021/airflow/dags/first_try/one_task_dag.py
[2025-04-10T18:50:01.468+0000] {logging_mixin.py:150} INFO - [2025-04-10T18:50:01.468+0000] {dag.py:2742} INFO - Sync 1 DAGs
[2025-04-10T18:50:01.481+0000] {logging_mixin.py:150} INFO - [2025-04-10T18:50:01.481+0000] {dag.py:3504} INFO - Setting next_dagrun for one_task_dag to None, run_after=None
[2025-04-10T18:50:01.495+0000] {processor.py:179} INFO - Processing /workspaces/hands-on-introduction-data-engineering-4395021/airflow/dags/first_try/one_task_dag.py took 0.054 seconds
[2025-04-10T18:50:31.772+0000] {processor.py:157} INFO - Started process (PID=20265) to work on /workspaces/hands-on-introduction-data-engineering-4395021/airflow/dags/first_try/one_task_dag.py
[2025-04-10T18:50:31.773+0000] {processor.py:826} INFO - Processing file /workspaces/hands-on-introduction-data-engineering-4395021/airflow/dags/first_try/one_task_dag.py for tasks to queue
[2025-04-10T18:50:31.774+0000] {logging_mixin.py:150} INFO - [2025-04-10T18:50:31.773+0000] {dagbag.py:541} INFO - Filling up the DagBag from /workspaces/hands-on-introduction-data-engineering-4395021/airflow/dags/first_try/one_task_dag.py
[2025-04-10T18:50:31.780+0000] {processor.py:836} INFO - DAG(s) dict_keys(['one_task_dag']) retrieved from /workspaces/hands-on-introduction-data-engineering-4395021/airflow/dags/first_try/one_task_dag.py
[2025-04-10T18:50:31.796+0000] {logging_mixin.py:150} INFO - [2025-04-10T18:50:31.796+0000] {dag.py:2742} INFO - Sync 1 DAGs
[2025-04-10T18:50:31.809+0000] {logging_mixin.py:150} INFO - [2025-04-10T18:50:31.809+0000] {dag.py:3504} INFO - Setting next_dagrun for one_task_dag to None, run_after=None
[2025-04-10T18:50:31.822+0000] {processor.py:179} INFO - Processing /workspaces/hands-on-introduction-data-engineering-4395021/airflow/dags/first_try/one_task_dag.py took 0.052 seconds
[2025-04-10T18:51:01.958+0000] {processor.py:157} INFO - Started process (PID=20444) to work on /workspaces/hands-on-introduction-data-engineering-4395021/airflow/dags/first_try/one_task_dag.py
[2025-04-10T18:51:01.959+0000] {processor.py:826} INFO - Processing file /workspaces/hands-on-introduction-data-engineering-4395021/airflow/dags/first_try/one_task_dag.py for tasks to queue
[2025-04-10T18:51:01.960+0000] {logging_mixin.py:150} INFO - [2025-04-10T18:51:01.959+0000] {dagbag.py:541} INFO - Filling up the DagBag from /workspaces/hands-on-introduction-data-engineering-4395021/airflow/dags/first_try/one_task_dag.py
[2025-04-10T18:51:01.966+0000] {processor.py:836} INFO - DAG(s) dict_keys(['one_task_dag']) retrieved from /workspaces/hands-on-introduction-data-engineering-4395021/airflow/dags/first_try/one_task_dag.py
[2025-04-10T18:51:01.982+0000] {logging_mixin.py:150} INFO - [2025-04-10T18:51:01.982+0000] {dag.py:2742} INFO - Sync 1 DAGs
[2025-04-10T18:51:01.995+0000] {logging_mixin.py:150} INFO - [2025-04-10T18:51:01.994+0000] {dag.py:3504} INFO - Setting next_dagrun for one_task_dag to None, run_after=None
[2025-04-10T18:51:02.013+0000] {processor.py:179} INFO - Processing /workspaces/hands-on-introduction-data-engineering-4395021/airflow/dags/first_try/one_task_dag.py took 0.057 seconds
[2025-04-10T18:51:32.504+0000] {processor.py:157} INFO - Started process (PID=20636) to work on /workspaces/hands-on-introduction-data-engineering-4395021/airflow/dags/first_try/one_task_dag.py
[2025-04-10T18:51:32.505+0000] {processor.py:826} INFO - Processing file /workspaces/hands-on-introduction-data-engineering-4395021/airflow/dags/first_try/one_task_dag.py for tasks to queue
[2025-04-10T18:51:32.510+0000] {logging_mixin.py:150} INFO - [2025-04-10T18:51:32.509+0000] {dagbag.py:541} INFO - Filling up the DagBag from /workspaces/hands-on-introduction-data-engineering-4395021/airflow/dags/first_try/one_task_dag.py
[2025-04-10T18:51:32.530+0000] {processor.py:836} INFO - DAG(s) dict_keys(['one_task_dag']) retrieved from /workspaces/hands-on-introduction-data-engineering-4395021/airflow/dags/first_try/one_task_dag.py
[2025-04-10T18:51:32.555+0000] {logging_mixin.py:150} INFO - [2025-04-10T18:51:32.555+0000] {dag.py:2742} INFO - Sync 1 DAGs
[2025-04-10T18:51:32.595+0000] {logging_mixin.py:150} INFO - [2025-04-10T18:51:32.595+0000] {dag.py:3504} INFO - Setting next_dagrun for one_task_dag to None, run_after=None
[2025-04-10T18:51:32.617+0000] {processor.py:179} INFO - Processing /workspaces/hands-on-introduction-data-engineering-4395021/airflow/dags/first_try/one_task_dag.py took 0.116 seconds
[2025-04-10T18:52:02.819+0000] {processor.py:157} INFO - Started process (PID=20826) to work on /workspaces/hands-on-introduction-data-engineering-4395021/airflow/dags/first_try/one_task_dag.py
[2025-04-10T18:52:02.820+0000] {processor.py:826} INFO - Processing file /workspaces/hands-on-introduction-data-engineering-4395021/airflow/dags/first_try/one_task_dag.py for tasks to queue
[2025-04-10T18:52:02.821+0000] {logging_mixin.py:150} INFO - [2025-04-10T18:52:02.820+0000] {dagbag.py:541} INFO - Filling up the DagBag from /workspaces/hands-on-introduction-data-engineering-4395021/airflow/dags/first_try/one_task_dag.py
[2025-04-10T18:52:02.828+0000] {processor.py:836} INFO - DAG(s) dict_keys(['one_task_dag']) retrieved from /workspaces/hands-on-introduction-data-engineering-4395021/airflow/dags/first_try/one_task_dag.py
[2025-04-10T18:52:02.844+0000] {logging_mixin.py:150} INFO - [2025-04-10T18:52:02.843+0000] {dag.py:2742} INFO - Sync 1 DAGs
[2025-04-10T18:52:02.856+0000] {logging_mixin.py:150} INFO - [2025-04-10T18:52:02.856+0000] {dag.py:3504} INFO - Setting next_dagrun for one_task_dag to None, run_after=None
[2025-04-10T18:52:02.869+0000] {processor.py:179} INFO - Processing /workspaces/hands-on-introduction-data-engineering-4395021/airflow/dags/first_try/one_task_dag.py took 0.052 seconds
[2025-04-10T18:52:33.201+0000] {processor.py:157} INFO - Started process (PID=21008) to work on /workspaces/hands-on-introduction-data-engineering-4395021/airflow/dags/first_try/one_task_dag.py
[2025-04-10T18:52:33.201+0000] {processor.py:826} INFO - Processing file /workspaces/hands-on-introduction-data-engineering-4395021/airflow/dags/first_try/one_task_dag.py for tasks to queue
[2025-04-10T18:52:33.202+0000] {logging_mixin.py:150} INFO - [2025-04-10T18:52:33.202+0000] {dagbag.py:541} INFO - Filling up the DagBag from /workspaces/hands-on-introduction-data-engineering-4395021/airflow/dags/first_try/one_task_dag.py
[2025-04-10T18:52:33.208+0000] {processor.py:836} INFO - DAG(s) dict_keys(['one_task_dag']) retrieved from /workspaces/hands-on-introduction-data-engineering-4395021/airflow/dags/first_try/one_task_dag.py
[2025-04-10T18:52:33.224+0000] {logging_mixin.py:150} INFO - [2025-04-10T18:52:33.224+0000] {dag.py:2742} INFO - Sync 1 DAGs
[2025-04-10T18:52:33.238+0000] {logging_mixin.py:150} INFO - [2025-04-10T18:52:33.238+0000] {dag.py:3504} INFO - Setting next_dagrun for one_task_dag to None, run_after=None
[2025-04-10T18:52:33.251+0000] {processor.py:179} INFO - Processing /workspaces/hands-on-introduction-data-engineering-4395021/airflow/dags/first_try/one_task_dag.py took 0.052 seconds
[2025-04-10T18:53:03.600+0000] {processor.py:157} INFO - Started process (PID=21193) to work on /workspaces/hands-on-introduction-data-engineering-4395021/airflow/dags/first_try/one_task_dag.py
[2025-04-10T18:53:03.601+0000] {processor.py:826} INFO - Processing file /workspaces/hands-on-introduction-data-engineering-4395021/airflow/dags/first_try/one_task_dag.py for tasks to queue
[2025-04-10T18:53:03.601+0000] {logging_mixin.py:150} INFO - [2025-04-10T18:53:03.601+0000] {dagbag.py:541} INFO - Filling up the DagBag from /workspaces/hands-on-introduction-data-engineering-4395021/airflow/dags/first_try/one_task_dag.py
[2025-04-10T18:53:03.608+0000] {processor.py:836} INFO - DAG(s) dict_keys(['one_task_dag']) retrieved from /workspaces/hands-on-introduction-data-engineering-4395021/airflow/dags/first_try/one_task_dag.py
[2025-04-10T18:53:03.624+0000] {logging_mixin.py:150} INFO - [2025-04-10T18:53:03.624+0000] {dag.py:2742} INFO - Sync 1 DAGs
[2025-04-10T18:53:03.637+0000] {logging_mixin.py:150} INFO - [2025-04-10T18:53:03.637+0000] {dag.py:3504} INFO - Setting next_dagrun for one_task_dag to None, run_after=None
[2025-04-10T18:53:03.652+0000] {processor.py:179} INFO - Processing /workspaces/hands-on-introduction-data-engineering-4395021/airflow/dags/first_try/one_task_dag.py took 0.054 seconds
[2025-04-10T18:53:33.915+0000] {processor.py:157} INFO - Started process (PID=21378) to work on /workspaces/hands-on-introduction-data-engineering-4395021/airflow/dags/first_try/one_task_dag.py
[2025-04-10T18:53:33.916+0000] {processor.py:826} INFO - Processing file /workspaces/hands-on-introduction-data-engineering-4395021/airflow/dags/first_try/one_task_dag.py for tasks to queue
[2025-04-10T18:53:33.917+0000] {logging_mixin.py:150} INFO - [2025-04-10T18:53:33.917+0000] {dagbag.py:541} INFO - Filling up the DagBag from /workspaces/hands-on-introduction-data-engineering-4395021/airflow/dags/first_try/one_task_dag.py
[2025-04-10T18:53:33.924+0000] {processor.py:836} INFO - DAG(s) dict_keys(['one_task_dag']) retrieved from /workspaces/hands-on-introduction-data-engineering-4395021/airflow/dags/first_try/one_task_dag.py
[2025-04-10T18:53:33.940+0000] {logging_mixin.py:150} INFO - [2025-04-10T18:53:33.940+0000] {dag.py:2742} INFO - Sync 1 DAGs
[2025-04-10T18:53:33.953+0000] {logging_mixin.py:150} INFO - [2025-04-10T18:53:33.953+0000] {dag.py:3504} INFO - Setting next_dagrun for one_task_dag to None, run_after=None
[2025-04-10T18:53:33.967+0000] {processor.py:179} INFO - Processing /workspaces/hands-on-introduction-data-engineering-4395021/airflow/dags/first_try/one_task_dag.py took 0.054 seconds
[2025-04-10T18:54:04.302+0000] {processor.py:157} INFO - Started process (PID=21557) to work on /workspaces/hands-on-introduction-data-engineering-4395021/airflow/dags/first_try/one_task_dag.py
[2025-04-10T18:54:04.303+0000] {processor.py:826} INFO - Processing file /workspaces/hands-on-introduction-data-engineering-4395021/airflow/dags/first_try/one_task_dag.py for tasks to queue
[2025-04-10T18:54:04.303+0000] {logging_mixin.py:150} INFO - [2025-04-10T18:54:04.303+0000] {dagbag.py:541} INFO - Filling up the DagBag from /workspaces/hands-on-introduction-data-engineering-4395021/airflow/dags/first_try/one_task_dag.py
[2025-04-10T18:54:04.315+0000] {processor.py:836} INFO - DAG(s) dict_keys(['one_task_dag']) retrieved from /workspaces/hands-on-introduction-data-engineering-4395021/airflow/dags/first_try/one_task_dag.py
[2025-04-10T18:54:04.339+0000] {logging_mixin.py:150} INFO - [2025-04-10T18:54:04.339+0000] {dag.py:2742} INFO - Sync 1 DAGs
[2025-04-10T18:54:04.352+0000] {logging_mixin.py:150} INFO - [2025-04-10T18:54:04.352+0000] {dag.py:3504} INFO - Setting next_dagrun for one_task_dag to None, run_after=None
[2025-04-10T18:54:04.366+0000] {processor.py:179} INFO - Processing /workspaces/hands-on-introduction-data-engineering-4395021/airflow/dags/first_try/one_task_dag.py took 0.066 seconds
[2025-04-10T18:54:35.319+0000] {processor.py:157} INFO - Started process (PID=21744) to work on /workspaces/hands-on-introduction-data-engineering-4395021/airflow/dags/first_try/one_task_dag.py
[2025-04-10T18:54:35.319+0000] {processor.py:826} INFO - Processing file /workspaces/hands-on-introduction-data-engineering-4395021/airflow/dags/first_try/one_task_dag.py for tasks to queue
[2025-04-10T18:54:35.320+0000] {logging_mixin.py:150} INFO - [2025-04-10T18:54:35.320+0000] {dagbag.py:541} INFO - Filling up the DagBag from /workspaces/hands-on-introduction-data-engineering-4395021/airflow/dags/first_try/one_task_dag.py
[2025-04-10T18:54:35.327+0000] {processor.py:836} INFO - DAG(s) dict_keys(['one_task_dag']) retrieved from /workspaces/hands-on-introduction-data-engineering-4395021/airflow/dags/first_try/one_task_dag.py
[2025-04-10T18:54:35.344+0000] {logging_mixin.py:150} INFO - [2025-04-10T18:54:35.344+0000] {dag.py:2742} INFO - Sync 1 DAGs
[2025-04-10T18:54:35.357+0000] {logging_mixin.py:150} INFO - [2025-04-10T18:54:35.357+0000] {dag.py:3504} INFO - Setting next_dagrun for one_task_dag to None, run_after=None
[2025-04-10T18:54:35.370+0000] {processor.py:179} INFO - Processing /workspaces/hands-on-introduction-data-engineering-4395021/airflow/dags/first_try/one_task_dag.py took 0.053 seconds
[2025-04-10T18:55:05.919+0000] {processor.py:157} INFO - Started process (PID=21930) to work on /workspaces/hands-on-introduction-data-engineering-4395021/airflow/dags/first_try/one_task_dag.py
[2025-04-10T18:55:05.920+0000] {processor.py:826} INFO - Processing file /workspaces/hands-on-introduction-data-engineering-4395021/airflow/dags/first_try/one_task_dag.py for tasks to queue
[2025-04-10T18:55:05.920+0000] {logging_mixin.py:150} INFO - [2025-04-10T18:55:05.920+0000] {dagbag.py:541} INFO - Filling up the DagBag from /workspaces/hands-on-introduction-data-engineering-4395021/airflow/dags/first_try/one_task_dag.py
[2025-04-10T18:55:05.927+0000] {processor.py:836} INFO - DAG(s) dict_keys(['one_task_dag']) retrieved from /workspaces/hands-on-introduction-data-engineering-4395021/airflow/dags/first_try/one_task_dag.py
[2025-04-10T18:55:05.944+0000] {logging_mixin.py:150} INFO - [2025-04-10T18:55:05.944+0000] {dag.py:2742} INFO - Sync 1 DAGs
[2025-04-10T18:55:05.957+0000] {logging_mixin.py:150} INFO - [2025-04-10T18:55:05.957+0000] {dag.py:3504} INFO - Setting next_dagrun for one_task_dag to None, run_after=None
[2025-04-10T18:55:05.970+0000] {processor.py:179} INFO - Processing /workspaces/hands-on-introduction-data-engineering-4395021/airflow/dags/first_try/one_task_dag.py took 0.053 seconds
[2025-04-10T18:55:36.146+0000] {processor.py:157} INFO - Started process (PID=22108) to work on /workspaces/hands-on-introduction-data-engineering-4395021/airflow/dags/first_try/one_task_dag.py
[2025-04-10T18:55:36.147+0000] {processor.py:826} INFO - Processing file /workspaces/hands-on-introduction-data-engineering-4395021/airflow/dags/first_try/one_task_dag.py for tasks to queue
[2025-04-10T18:55:36.147+0000] {logging_mixin.py:150} INFO - [2025-04-10T18:55:36.147+0000] {dagbag.py:541} INFO - Filling up the DagBag from /workspaces/hands-on-introduction-data-engineering-4395021/airflow/dags/first_try/one_task_dag.py
[2025-04-10T18:55:36.154+0000] {processor.py:836} INFO - DAG(s) dict_keys(['one_task_dag']) retrieved from /workspaces/hands-on-introduction-data-engineering-4395021/airflow/dags/first_try/one_task_dag.py
[2025-04-10T18:55:36.170+0000] {logging_mixin.py:150} INFO - [2025-04-10T18:55:36.170+0000] {dag.py:2742} INFO - Sync 1 DAGs
[2025-04-10T18:55:36.183+0000] {logging_mixin.py:150} INFO - [2025-04-10T18:55:36.183+0000] {dag.py:3504} INFO - Setting next_dagrun for one_task_dag to None, run_after=None
[2025-04-10T18:55:36.196+0000] {processor.py:179} INFO - Processing /workspaces/hands-on-introduction-data-engineering-4395021/airflow/dags/first_try/one_task_dag.py took 0.053 seconds
[2025-04-10T18:56:06.306+0000] {processor.py:157} INFO - Started process (PID=22293) to work on /workspaces/hands-on-introduction-data-engineering-4395021/airflow/dags/first_try/one_task_dag.py
[2025-04-10T18:56:06.306+0000] {processor.py:826} INFO - Processing file /workspaces/hands-on-introduction-data-engineering-4395021/airflow/dags/first_try/one_task_dag.py for tasks to queue
[2025-04-10T18:56:06.307+0000] {logging_mixin.py:150} INFO - [2025-04-10T18:56:06.307+0000] {dagbag.py:541} INFO - Filling up the DagBag from /workspaces/hands-on-introduction-data-engineering-4395021/airflow/dags/first_try/one_task_dag.py
[2025-04-10T18:56:06.314+0000] {processor.py:836} INFO - DAG(s) dict_keys(['one_task_dag']) retrieved from /workspaces/hands-on-introduction-data-engineering-4395021/airflow/dags/first_try/one_task_dag.py
[2025-04-10T18:56:06.330+0000] {logging_mixin.py:150} INFO - [2025-04-10T18:56:06.330+0000] {dag.py:2742} INFO - Sync 1 DAGs
[2025-04-10T18:56:06.344+0000] {logging_mixin.py:150} INFO - [2025-04-10T18:56:06.344+0000] {dag.py:3504} INFO - Setting next_dagrun for one_task_dag to None, run_after=None
[2025-04-10T18:56:06.357+0000] {processor.py:179} INFO - Processing /workspaces/hands-on-introduction-data-engineering-4395021/airflow/dags/first_try/one_task_dag.py took 0.053 seconds
[2025-04-10T18:56:36.464+0000] {processor.py:157} INFO - Started process (PID=22471) to work on /workspaces/hands-on-introduction-data-engineering-4395021/airflow/dags/first_try/one_task_dag.py
[2025-04-10T18:56:36.464+0000] {processor.py:826} INFO - Processing file /workspaces/hands-on-introduction-data-engineering-4395021/airflow/dags/first_try/one_task_dag.py for tasks to queue
[2025-04-10T18:56:36.465+0000] {logging_mixin.py:150} INFO - [2025-04-10T18:56:36.465+0000] {dagbag.py:541} INFO - Filling up the DagBag from /workspaces/hands-on-introduction-data-engineering-4395021/airflow/dags/first_try/one_task_dag.py
[2025-04-10T18:56:36.472+0000] {processor.py:836} INFO - DAG(s) dict_keys(['one_task_dag']) retrieved from /workspaces/hands-on-introduction-data-engineering-4395021/airflow/dags/first_try/one_task_dag.py
[2025-04-10T18:56:36.489+0000] {logging_mixin.py:150} INFO - [2025-04-10T18:56:36.488+0000] {dag.py:2742} INFO - Sync 1 DAGs
[2025-04-10T18:56:36.501+0000] {logging_mixin.py:150} INFO - [2025-04-10T18:56:36.501+0000] {dag.py:3504} INFO - Setting next_dagrun for one_task_dag to None, run_after=None
[2025-04-10T18:56:36.516+0000] {processor.py:179} INFO - Processing /workspaces/hands-on-introduction-data-engineering-4395021/airflow/dags/first_try/one_task_dag.py took 0.054 seconds
[2025-04-10T18:57:07.754+0000] {processor.py:157} INFO - Started process (PID=22663) to work on /workspaces/hands-on-introduction-data-engineering-4395021/airflow/dags/first_try/one_task_dag.py
[2025-04-10T18:57:07.755+0000] {processor.py:826} INFO - Processing file /workspaces/hands-on-introduction-data-engineering-4395021/airflow/dags/first_try/one_task_dag.py for tasks to queue
[2025-04-10T18:57:07.755+0000] {logging_mixin.py:150} INFO - [2025-04-10T18:57:07.755+0000] {dagbag.py:541} INFO - Filling up the DagBag from /workspaces/hands-on-introduction-data-engineering-4395021/airflow/dags/first_try/one_task_dag.py
[2025-04-10T18:57:07.762+0000] {processor.py:836} INFO - DAG(s) dict_keys(['one_task_dag']) retrieved from /workspaces/hands-on-introduction-data-engineering-4395021/airflow/dags/first_try/one_task_dag.py
[2025-04-10T18:57:07.778+0000] {logging_mixin.py:150} INFO - [2025-04-10T18:57:07.778+0000] {dag.py:2742} INFO - Sync 1 DAGs
[2025-04-10T18:57:07.791+0000] {logging_mixin.py:150} INFO - [2025-04-10T18:57:07.791+0000] {dag.py:3504} INFO - Setting next_dagrun for one_task_dag to None, run_after=None
[2025-04-10T18:57:07.804+0000] {processor.py:179} INFO - Processing /workspaces/hands-on-introduction-data-engineering-4395021/airflow/dags/first_try/one_task_dag.py took 0.052 seconds
[2025-04-10T18:57:38.551+0000] {processor.py:157} INFO - Started process (PID=22849) to work on /workspaces/hands-on-introduction-data-engineering-4395021/airflow/dags/first_try/one_task_dag.py
[2025-04-10T18:57:38.551+0000] {processor.py:826} INFO - Processing file /workspaces/hands-on-introduction-data-engineering-4395021/airflow/dags/first_try/one_task_dag.py for tasks to queue
[2025-04-10T18:57:38.552+0000] {logging_mixin.py:150} INFO - [2025-04-10T18:57:38.552+0000] {dagbag.py:541} INFO - Filling up the DagBag from /workspaces/hands-on-introduction-data-engineering-4395021/airflow/dags/first_try/one_task_dag.py
[2025-04-10T18:57:38.558+0000] {processor.py:836} INFO - DAG(s) dict_keys(['one_task_dag']) retrieved from /workspaces/hands-on-introduction-data-engineering-4395021/airflow/dags/first_try/one_task_dag.py
[2025-04-10T18:57:38.574+0000] {logging_mixin.py:150} INFO - [2025-04-10T18:57:38.574+0000] {dag.py:2742} INFO - Sync 1 DAGs
[2025-04-10T18:57:38.588+0000] {logging_mixin.py:150} INFO - [2025-04-10T18:57:38.588+0000] {dag.py:3504} INFO - Setting next_dagrun for one_task_dag to None, run_after=None
[2025-04-10T18:57:38.601+0000] {processor.py:179} INFO - Processing /workspaces/hands-on-introduction-data-engineering-4395021/airflow/dags/first_try/one_task_dag.py took 0.053 seconds
[2025-04-10T18:58:09.150+0000] {processor.py:157} INFO - Started process (PID=23035) to work on /workspaces/hands-on-introduction-data-engineering-4395021/airflow/dags/first_try/one_task_dag.py
[2025-04-10T18:58:09.151+0000] {processor.py:826} INFO - Processing file /workspaces/hands-on-introduction-data-engineering-4395021/airflow/dags/first_try/one_task_dag.py for tasks to queue
[2025-04-10T18:58:09.151+0000] {logging_mixin.py:150} INFO - [2025-04-10T18:58:09.151+0000] {dagbag.py:541} INFO - Filling up the DagBag from /workspaces/hands-on-introduction-data-engineering-4395021/airflow/dags/first_try/one_task_dag.py
[2025-04-10T18:58:09.158+0000] {processor.py:836} INFO - DAG(s) dict_keys(['one_task_dag']) retrieved from /workspaces/hands-on-introduction-data-engineering-4395021/airflow/dags/first_try/one_task_dag.py
[2025-04-10T18:58:09.174+0000] {logging_mixin.py:150} INFO - [2025-04-10T18:58:09.174+0000] {dag.py:2742} INFO - Sync 1 DAGs
[2025-04-10T18:58:09.188+0000] {logging_mixin.py:150} INFO - [2025-04-10T18:58:09.187+0000] {dag.py:3504} INFO - Setting next_dagrun for one_task_dag to None, run_after=None
[2025-04-10T18:58:09.209+0000] {processor.py:179} INFO - Processing /workspaces/hands-on-introduction-data-engineering-4395021/airflow/dags/first_try/one_task_dag.py took 0.061 seconds
[2025-04-10T18:58:39.751+0000] {processor.py:157} INFO - Started process (PID=23220) to work on /workspaces/hands-on-introduction-data-engineering-4395021/airflow/dags/first_try/one_task_dag.py
[2025-04-10T18:58:39.751+0000] {processor.py:826} INFO - Processing file /workspaces/hands-on-introduction-data-engineering-4395021/airflow/dags/first_try/one_task_dag.py for tasks to queue
[2025-04-10T18:58:39.752+0000] {logging_mixin.py:150} INFO - [2025-04-10T18:58:39.752+0000] {dagbag.py:541} INFO - Filling up the DagBag from /workspaces/hands-on-introduction-data-engineering-4395021/airflow/dags/first_try/one_task_dag.py
[2025-04-10T18:58:39.759+0000] {processor.py:836} INFO - DAG(s) dict_keys(['one_task_dag']) retrieved from /workspaces/hands-on-introduction-data-engineering-4395021/airflow/dags/first_try/one_task_dag.py
[2025-04-10T18:58:39.775+0000] {logging_mixin.py:150} INFO - [2025-04-10T18:58:39.775+0000] {dag.py:2742} INFO - Sync 1 DAGs
[2025-04-10T18:58:39.788+0000] {logging_mixin.py:150} INFO - [2025-04-10T18:58:39.788+0000] {dag.py:3504} INFO - Setting next_dagrun for one_task_dag to None, run_after=None
[2025-04-10T18:58:39.801+0000] {processor.py:179} INFO - Processing /workspaces/hands-on-introduction-data-engineering-4395021/airflow/dags/first_try/one_task_dag.py took 0.052 seconds
[2025-04-10T18:59:10.325+0000] {processor.py:157} INFO - Started process (PID=23404) to work on /workspaces/hands-on-introduction-data-engineering-4395021/airflow/dags/first_try/one_task_dag.py
[2025-04-10T18:59:10.326+0000] {processor.py:826} INFO - Processing file /workspaces/hands-on-introduction-data-engineering-4395021/airflow/dags/first_try/one_task_dag.py for tasks to queue
[2025-04-10T18:59:10.327+0000] {logging_mixin.py:150} INFO - [2025-04-10T18:59:10.326+0000] {dagbag.py:541} INFO - Filling up the DagBag from /workspaces/hands-on-introduction-data-engineering-4395021/airflow/dags/first_try/one_task_dag.py
[2025-04-10T18:59:10.333+0000] {processor.py:836} INFO - DAG(s) dict_keys(['one_task_dag']) retrieved from /workspaces/hands-on-introduction-data-engineering-4395021/airflow/dags/first_try/one_task_dag.py
[2025-04-10T18:59:10.349+0000] {logging_mixin.py:150} INFO - [2025-04-10T18:59:10.349+0000] {dag.py:2742} INFO - Sync 1 DAGs
[2025-04-10T18:59:10.362+0000] {logging_mixin.py:150} INFO - [2025-04-10T18:59:10.362+0000] {dag.py:3504} INFO - Setting next_dagrun for one_task_dag to None, run_after=None
[2025-04-10T18:59:10.375+0000] {processor.py:179} INFO - Processing /workspaces/hands-on-introduction-data-engineering-4395021/airflow/dags/first_try/one_task_dag.py took 0.052 seconds
[2025-04-10T18:59:40.687+0000] {processor.py:157} INFO - Started process (PID=23583) to work on /workspaces/hands-on-introduction-data-engineering-4395021/airflow/dags/first_try/one_task_dag.py
[2025-04-10T18:59:40.687+0000] {processor.py:826} INFO - Processing file /workspaces/hands-on-introduction-data-engineering-4395021/airflow/dags/first_try/one_task_dag.py for tasks to queue
[2025-04-10T18:59:40.688+0000] {logging_mixin.py:150} INFO - [2025-04-10T18:59:40.688+0000] {dagbag.py:541} INFO - Filling up the DagBag from /workspaces/hands-on-introduction-data-engineering-4395021/airflow/dags/first_try/one_task_dag.py
[2025-04-10T18:59:40.695+0000] {processor.py:836} INFO - DAG(s) dict_keys(['one_task_dag']) retrieved from /workspaces/hands-on-introduction-data-engineering-4395021/airflow/dags/first_try/one_task_dag.py
[2025-04-10T18:59:40.711+0000] {logging_mixin.py:150} INFO - [2025-04-10T18:59:40.711+0000] {dag.py:2742} INFO - Sync 1 DAGs
[2025-04-10T18:59:40.729+0000] {logging_mixin.py:150} INFO - [2025-04-10T18:59:40.728+0000] {dag.py:3504} INFO - Setting next_dagrun for one_task_dag to None, run_after=None
[2025-04-10T18:59:40.762+0000] {processor.py:179} INFO - Processing /workspaces/hands-on-introduction-data-engineering-4395021/airflow/dags/first_try/one_task_dag.py took 0.077 seconds
[2025-04-10T19:00:11.141+0000] {processor.py:157} INFO - Started process (PID=23762) to work on /workspaces/hands-on-introduction-data-engineering-4395021/airflow/dags/first_try/one_task_dag.py
[2025-04-10T19:00:11.142+0000] {processor.py:826} INFO - Processing file /workspaces/hands-on-introduction-data-engineering-4395021/airflow/dags/first_try/one_task_dag.py for tasks to queue
[2025-04-10T19:00:11.143+0000] {logging_mixin.py:150} INFO - [2025-04-10T19:00:11.143+0000] {dagbag.py:541} INFO - Filling up the DagBag from /workspaces/hands-on-introduction-data-engineering-4395021/airflow/dags/first_try/one_task_dag.py
[2025-04-10T19:00:11.152+0000] {processor.py:836} INFO - DAG(s) dict_keys(['one_task_dag']) retrieved from /workspaces/hands-on-introduction-data-engineering-4395021/airflow/dags/first_try/one_task_dag.py
[2025-04-10T19:00:11.176+0000] {logging_mixin.py:150} INFO - [2025-04-10T19:00:11.176+0000] {dag.py:2742} INFO - Sync 1 DAGs
[2025-04-10T19:00:11.191+0000] {logging_mixin.py:150} INFO - [2025-04-10T19:00:11.190+0000] {dag.py:3504} INFO - Setting next_dagrun for one_task_dag to None, run_after=None
[2025-04-10T19:00:11.204+0000] {processor.py:179} INFO - Processing /workspaces/hands-on-introduction-data-engineering-4395021/airflow/dags/first_try/one_task_dag.py took 0.065 seconds
[2025-04-10T19:00:41.510+0000] {processor.py:157} INFO - Started process (PID=23948) to work on /workspaces/hands-on-introduction-data-engineering-4395021/airflow/dags/first_try/one_task_dag.py
[2025-04-10T19:00:41.511+0000] {processor.py:826} INFO - Processing file /workspaces/hands-on-introduction-data-engineering-4395021/airflow/dags/first_try/one_task_dag.py for tasks to queue
[2025-04-10T19:00:41.511+0000] {logging_mixin.py:150} INFO - [2025-04-10T19:00:41.511+0000] {dagbag.py:541} INFO - Filling up the DagBag from /workspaces/hands-on-introduction-data-engineering-4395021/airflow/dags/first_try/one_task_dag.py
[2025-04-10T19:00:41.518+0000] {processor.py:836} INFO - DAG(s) dict_keys(['one_task_dag']) retrieved from /workspaces/hands-on-introduction-data-engineering-4395021/airflow/dags/first_try/one_task_dag.py
[2025-04-10T19:00:41.534+0000] {logging_mixin.py:150} INFO - [2025-04-10T19:00:41.534+0000] {dag.py:2742} INFO - Sync 1 DAGs
[2025-04-10T19:00:41.548+0000] {logging_mixin.py:150} INFO - [2025-04-10T19:00:41.548+0000] {dag.py:3504} INFO - Setting next_dagrun for one_task_dag to None, run_after=None
[2025-04-10T19:00:41.561+0000] {processor.py:179} INFO - Processing /workspaces/hands-on-introduction-data-engineering-4395021/airflow/dags/first_try/one_task_dag.py took 0.053 seconds
[2025-04-10T19:01:11.867+0000] {processor.py:157} INFO - Started process (PID=24127) to work on /workspaces/hands-on-introduction-data-engineering-4395021/airflow/dags/first_try/one_task_dag.py
[2025-04-10T19:01:11.868+0000] {processor.py:826} INFO - Processing file /workspaces/hands-on-introduction-data-engineering-4395021/airflow/dags/first_try/one_task_dag.py for tasks to queue
[2025-04-10T19:01:11.869+0000] {logging_mixin.py:150} INFO - [2025-04-10T19:01:11.868+0000] {dagbag.py:541} INFO - Filling up the DagBag from /workspaces/hands-on-introduction-data-engineering-4395021/airflow/dags/first_try/one_task_dag.py
[2025-04-10T19:01:11.875+0000] {processor.py:836} INFO - DAG(s) dict_keys(['one_task_dag']) retrieved from /workspaces/hands-on-introduction-data-engineering-4395021/airflow/dags/first_try/one_task_dag.py
[2025-04-10T19:01:11.891+0000] {logging_mixin.py:150} INFO - [2025-04-10T19:01:11.891+0000] {dag.py:2742} INFO - Sync 1 DAGs
[2025-04-10T19:01:11.905+0000] {logging_mixin.py:150} INFO - [2025-04-10T19:01:11.905+0000] {dag.py:3504} INFO - Setting next_dagrun for one_task_dag to None, run_after=None
[2025-04-10T19:01:11.919+0000] {processor.py:179} INFO - Processing /workspaces/hands-on-introduction-data-engineering-4395021/airflow/dags/first_try/one_task_dag.py took 0.053 seconds
[2025-04-10T19:01:42.227+0000] {processor.py:157} INFO - Started process (PID=24311) to work on /workspaces/hands-on-introduction-data-engineering-4395021/airflow/dags/first_try/one_task_dag.py
[2025-04-10T19:01:42.227+0000] {processor.py:826} INFO - Processing file /workspaces/hands-on-introduction-data-engineering-4395021/airflow/dags/first_try/one_task_dag.py for tasks to queue
[2025-04-10T19:01:42.228+0000] {logging_mixin.py:150} INFO - [2025-04-10T19:01:42.228+0000] {dagbag.py:541} INFO - Filling up the DagBag from /workspaces/hands-on-introduction-data-engineering-4395021/airflow/dags/first_try/one_task_dag.py
[2025-04-10T19:01:42.235+0000] {processor.py:836} INFO - DAG(s) dict_keys(['one_task_dag']) retrieved from /workspaces/hands-on-introduction-data-engineering-4395021/airflow/dags/first_try/one_task_dag.py
[2025-04-10T19:01:42.250+0000] {logging_mixin.py:150} INFO - [2025-04-10T19:01:42.250+0000] {dag.py:2742} INFO - Sync 1 DAGs
[2025-04-10T19:01:42.263+0000] {logging_mixin.py:150} INFO - [2025-04-10T19:01:42.263+0000] {dag.py:3504} INFO - Setting next_dagrun for one_task_dag to None, run_after=None
[2025-04-10T19:01:42.276+0000] {processor.py:179} INFO - Processing /workspaces/hands-on-introduction-data-engineering-4395021/airflow/dags/first_try/one_task_dag.py took 0.052 seconds
[2025-04-10T19:02:12.687+0000] {processor.py:157} INFO - Started process (PID=24498) to work on /workspaces/hands-on-introduction-data-engineering-4395021/airflow/dags/first_try/one_task_dag.py
[2025-04-10T19:02:12.688+0000] {processor.py:826} INFO - Processing file /workspaces/hands-on-introduction-data-engineering-4395021/airflow/dags/first_try/one_task_dag.py for tasks to queue
[2025-04-10T19:02:12.688+0000] {logging_mixin.py:150} INFO - [2025-04-10T19:02:12.688+0000] {dagbag.py:541} INFO - Filling up the DagBag from /workspaces/hands-on-introduction-data-engineering-4395021/airflow/dags/first_try/one_task_dag.py
[2025-04-10T19:02:12.695+0000] {processor.py:836} INFO - DAG(s) dict_keys(['one_task_dag']) retrieved from /workspaces/hands-on-introduction-data-engineering-4395021/airflow/dags/first_try/one_task_dag.py
[2025-04-10T19:02:12.711+0000] {logging_mixin.py:150} INFO - [2025-04-10T19:02:12.711+0000] {dag.py:2742} INFO - Sync 1 DAGs
[2025-04-10T19:02:12.725+0000] {logging_mixin.py:150} INFO - [2025-04-10T19:02:12.724+0000] {dag.py:3504} INFO - Setting next_dagrun for one_task_dag to None, run_after=None
[2025-04-10T19:02:12.738+0000] {processor.py:179} INFO - Processing /workspaces/hands-on-introduction-data-engineering-4395021/airflow/dags/first_try/one_task_dag.py took 0.053 seconds
[2025-04-10T19:02:47.963+0000] {processor.py:157} INFO - Started process (PID=24725) to work on /workspaces/hands-on-introduction-data-engineering-4395021/airflow/dags/first_try/one_task_dag.py
[2025-04-10T19:02:47.964+0000] {processor.py:826} INFO - Processing file /workspaces/hands-on-introduction-data-engineering-4395021/airflow/dags/first_try/one_task_dag.py for tasks to queue
[2025-04-10T19:02:47.965+0000] {logging_mixin.py:150} INFO - [2025-04-10T19:02:47.965+0000] {dagbag.py:541} INFO - Filling up the DagBag from /workspaces/hands-on-introduction-data-engineering-4395021/airflow/dags/first_try/one_task_dag.py
[2025-04-10T19:02:47.975+0000] {processor.py:836} INFO - DAG(s) dict_keys(['one_task_dag']) retrieved from /workspaces/hands-on-introduction-data-engineering-4395021/airflow/dags/first_try/one_task_dag.py
[2025-04-10T19:02:47.992+0000] {logging_mixin.py:150} INFO - [2025-04-10T19:02:47.992+0000] {dag.py:2742} INFO - Sync 1 DAGs
[2025-04-10T19:02:48.005+0000] {logging_mixin.py:150} INFO - [2025-04-10T19:02:48.005+0000] {dag.py:3504} INFO - Setting next_dagrun for one_task_dag to None, run_after=None
[2025-04-10T19:02:48.018+0000] {processor.py:179} INFO - Processing /workspaces/hands-on-introduction-data-engineering-4395021/airflow/dags/first_try/one_task_dag.py took 0.057 seconds
[2025-04-10T19:03:18.696+0000] {processor.py:157} INFO - Started process (PID=24929) to work on /workspaces/hands-on-introduction-data-engineering-4395021/airflow/dags/first_try/one_task_dag.py
[2025-04-10T19:03:18.697+0000] {processor.py:826} INFO - Processing file /workspaces/hands-on-introduction-data-engineering-4395021/airflow/dags/first_try/one_task_dag.py for tasks to queue
[2025-04-10T19:03:18.697+0000] {logging_mixin.py:150} INFO - [2025-04-10T19:03:18.697+0000] {dagbag.py:541} INFO - Filling up the DagBag from /workspaces/hands-on-introduction-data-engineering-4395021/airflow/dags/first_try/one_task_dag.py
[2025-04-10T19:03:18.704+0000] {processor.py:836} INFO - DAG(s) dict_keys(['one_task_dag']) retrieved from /workspaces/hands-on-introduction-data-engineering-4395021/airflow/dags/first_try/one_task_dag.py
[2025-04-10T19:03:18.720+0000] {logging_mixin.py:150} INFO - [2025-04-10T19:03:18.720+0000] {dag.py:2742} INFO - Sync 1 DAGs
[2025-04-10T19:03:18.733+0000] {logging_mixin.py:150} INFO - [2025-04-10T19:03:18.733+0000] {dag.py:3504} INFO - Setting next_dagrun for one_task_dag to None, run_after=None
[2025-04-10T19:03:18.746+0000] {processor.py:179} INFO - Processing /workspaces/hands-on-introduction-data-engineering-4395021/airflow/dags/first_try/one_task_dag.py took 0.052 seconds
[2025-04-10T19:03:49.130+0000] {processor.py:157} INFO - Started process (PID=25108) to work on /workspaces/hands-on-introduction-data-engineering-4395021/airflow/dags/first_try/one_task_dag.py
[2025-04-10T19:03:49.131+0000] {processor.py:826} INFO - Processing file /workspaces/hands-on-introduction-data-engineering-4395021/airflow/dags/first_try/one_task_dag.py for tasks to queue
[2025-04-10T19:03:49.132+0000] {logging_mixin.py:150} INFO - [2025-04-10T19:03:49.132+0000] {dagbag.py:541} INFO - Filling up the DagBag from /workspaces/hands-on-introduction-data-engineering-4395021/airflow/dags/first_try/one_task_dag.py
[2025-04-10T19:03:49.138+0000] {processor.py:836} INFO - DAG(s) dict_keys(['one_task_dag']) retrieved from /workspaces/hands-on-introduction-data-engineering-4395021/airflow/dags/first_try/one_task_dag.py
[2025-04-10T19:03:49.155+0000] {logging_mixin.py:150} INFO - [2025-04-10T19:03:49.155+0000] {dag.py:2742} INFO - Sync 1 DAGs
[2025-04-10T19:03:49.168+0000] {logging_mixin.py:150} INFO - [2025-04-10T19:03:49.167+0000] {dag.py:3504} INFO - Setting next_dagrun for one_task_dag to None, run_after=None
[2025-04-10T19:03:49.181+0000] {processor.py:179} INFO - Processing /workspaces/hands-on-introduction-data-engineering-4395021/airflow/dags/first_try/one_task_dag.py took 0.052 seconds
[2025-04-10T19:04:19.802+0000] {processor.py:157} INFO - Started process (PID=25294) to work on /workspaces/hands-on-introduction-data-engineering-4395021/airflow/dags/first_try/one_task_dag.py
[2025-04-10T19:04:19.803+0000] {processor.py:826} INFO - Processing file /workspaces/hands-on-introduction-data-engineering-4395021/airflow/dags/first_try/one_task_dag.py for tasks to queue
[2025-04-10T19:04:19.804+0000] {logging_mixin.py:150} INFO - [2025-04-10T19:04:19.803+0000] {dagbag.py:541} INFO - Filling up the DagBag from /workspaces/hands-on-introduction-data-engineering-4395021/airflow/dags/first_try/one_task_dag.py
[2025-04-10T19:04:19.814+0000] {processor.py:836} INFO - DAG(s) dict_keys(['one_task_dag']) retrieved from /workspaces/hands-on-introduction-data-engineering-4395021/airflow/dags/first_try/one_task_dag.py
[2025-04-10T19:04:19.839+0000] {logging_mixin.py:150} INFO - [2025-04-10T19:04:19.839+0000] {dag.py:2742} INFO - Sync 1 DAGs
[2025-04-10T19:04:19.853+0000] {logging_mixin.py:150} INFO - [2025-04-10T19:04:19.853+0000] {dag.py:3504} INFO - Setting next_dagrun for one_task_dag to None, run_after=None
[2025-04-10T19:04:19.865+0000] {processor.py:179} INFO - Processing /workspaces/hands-on-introduction-data-engineering-4395021/airflow/dags/first_try/one_task_dag.py took 0.067 seconds
[2025-04-10T19:04:50.379+0000] {processor.py:157} INFO - Started process (PID=25485) to work on /workspaces/hands-on-introduction-data-engineering-4395021/airflow/dags/first_try/one_task_dag.py
[2025-04-10T19:04:50.380+0000] {processor.py:826} INFO - Processing file /workspaces/hands-on-introduction-data-engineering-4395021/airflow/dags/first_try/one_task_dag.py for tasks to queue
[2025-04-10T19:04:50.380+0000] {logging_mixin.py:150} INFO - [2025-04-10T19:04:50.380+0000] {dagbag.py:541} INFO - Filling up the DagBag from /workspaces/hands-on-introduction-data-engineering-4395021/airflow/dags/first_try/one_task_dag.py
[2025-04-10T19:04:50.387+0000] {processor.py:836} INFO - DAG(s) dict_keys(['one_task_dag']) retrieved from /workspaces/hands-on-introduction-data-engineering-4395021/airflow/dags/first_try/one_task_dag.py
[2025-04-10T19:04:50.408+0000] {logging_mixin.py:150} INFO - [2025-04-10T19:04:50.407+0000] {dag.py:2742} INFO - Sync 1 DAGs
[2025-04-10T19:04:50.422+0000] {logging_mixin.py:150} INFO - [2025-04-10T19:04:50.422+0000] {dag.py:3504} INFO - Setting next_dagrun for one_task_dag to None, run_after=None
[2025-04-10T19:04:50.435+0000] {processor.py:179} INFO - Processing /workspaces/hands-on-introduction-data-engineering-4395021/airflow/dags/first_try/one_task_dag.py took 0.058 seconds
[2025-04-10T19:05:20.888+0000] {processor.py:157} INFO - Started process (PID=25664) to work on /workspaces/hands-on-introduction-data-engineering-4395021/airflow/dags/first_try/one_task_dag.py
[2025-04-10T19:05:20.888+0000] {processor.py:826} INFO - Processing file /workspaces/hands-on-introduction-data-engineering-4395021/airflow/dags/first_try/one_task_dag.py for tasks to queue
[2025-04-10T19:05:20.889+0000] {logging_mixin.py:150} INFO - [2025-04-10T19:05:20.889+0000] {dagbag.py:541} INFO - Filling up the DagBag from /workspaces/hands-on-introduction-data-engineering-4395021/airflow/dags/first_try/one_task_dag.py
[2025-04-10T19:05:20.895+0000] {processor.py:836} INFO - DAG(s) dict_keys(['one_task_dag']) retrieved from /workspaces/hands-on-introduction-data-engineering-4395021/airflow/dags/first_try/one_task_dag.py
[2025-04-10T19:05:20.911+0000] {logging_mixin.py:150} INFO - [2025-04-10T19:05:20.911+0000] {dag.py:2742} INFO - Sync 1 DAGs
[2025-04-10T19:05:20.924+0000] {logging_mixin.py:150} INFO - [2025-04-10T19:05:20.924+0000] {dag.py:3504} INFO - Setting next_dagrun for one_task_dag to None, run_after=None
[2025-04-10T19:05:20.938+0000] {processor.py:179} INFO - Processing /workspaces/hands-on-introduction-data-engineering-4395021/airflow/dags/first_try/one_task_dag.py took 0.052 seconds
[2025-04-10T19:05:51.387+0000] {processor.py:157} INFO - Started process (PID=25849) to work on /workspaces/hands-on-introduction-data-engineering-4395021/airflow/dags/first_try/one_task_dag.py
[2025-04-10T19:05:51.388+0000] {processor.py:826} INFO - Processing file /workspaces/hands-on-introduction-data-engineering-4395021/airflow/dags/first_try/one_task_dag.py for tasks to queue
[2025-04-10T19:05:51.389+0000] {logging_mixin.py:150} INFO - [2025-04-10T19:05:51.388+0000] {dagbag.py:541} INFO - Filling up the DagBag from /workspaces/hands-on-introduction-data-engineering-4395021/airflow/dags/first_try/one_task_dag.py
[2025-04-10T19:05:51.395+0000] {processor.py:836} INFO - DAG(s) dict_keys(['one_task_dag']) retrieved from /workspaces/hands-on-introduction-data-engineering-4395021/airflow/dags/first_try/one_task_dag.py
[2025-04-10T19:05:51.412+0000] {logging_mixin.py:150} INFO - [2025-04-10T19:05:51.412+0000] {dag.py:2742} INFO - Sync 1 DAGs
[2025-04-10T19:05:51.425+0000] {logging_mixin.py:150} INFO - [2025-04-10T19:05:51.425+0000] {dag.py:3504} INFO - Setting next_dagrun for one_task_dag to None, run_after=None
[2025-04-10T19:05:51.438+0000] {processor.py:179} INFO - Processing /workspaces/hands-on-introduction-data-engineering-4395021/airflow/dags/first_try/one_task_dag.py took 0.053 seconds
[2025-04-10T19:06:21.885+0000] {processor.py:157} INFO - Started process (PID=26035) to work on /workspaces/hands-on-introduction-data-engineering-4395021/airflow/dags/first_try/one_task_dag.py
[2025-04-10T19:06:21.886+0000] {processor.py:826} INFO - Processing file /workspaces/hands-on-introduction-data-engineering-4395021/airflow/dags/first_try/one_task_dag.py for tasks to queue
[2025-04-10T19:06:21.886+0000] {logging_mixin.py:150} INFO - [2025-04-10T19:06:21.886+0000] {dagbag.py:541} INFO - Filling up the DagBag from /workspaces/hands-on-introduction-data-engineering-4395021/airflow/dags/first_try/one_task_dag.py
[2025-04-10T19:06:21.893+0000] {processor.py:836} INFO - DAG(s) dict_keys(['one_task_dag']) retrieved from /workspaces/hands-on-introduction-data-engineering-4395021/airflow/dags/first_try/one_task_dag.py
[2025-04-10T19:06:21.909+0000] {logging_mixin.py:150} INFO - [2025-04-10T19:06:21.909+0000] {dag.py:2742} INFO - Sync 1 DAGs
[2025-04-10T19:06:21.922+0000] {logging_mixin.py:150} INFO - [2025-04-10T19:06:21.922+0000] {dag.py:3504} INFO - Setting next_dagrun for one_task_dag to None, run_after=None
[2025-04-10T19:06:21.935+0000] {processor.py:179} INFO - Processing /workspaces/hands-on-introduction-data-engineering-4395021/airflow/dags/first_try/one_task_dag.py took 0.052 seconds
[2025-04-10T19:06:53.531+0000] {processor.py:157} INFO - Started process (PID=26221) to work on /workspaces/hands-on-introduction-data-engineering-4395021/airflow/dags/first_try/one_task_dag.py
[2025-04-10T19:06:53.531+0000] {processor.py:826} INFO - Processing file /workspaces/hands-on-introduction-data-engineering-4395021/airflow/dags/first_try/one_task_dag.py for tasks to queue
[2025-04-10T19:06:53.532+0000] {logging_mixin.py:150} INFO - [2025-04-10T19:06:53.532+0000] {dagbag.py:541} INFO - Filling up the DagBag from /workspaces/hands-on-introduction-data-engineering-4395021/airflow/dags/first_try/one_task_dag.py
[2025-04-10T19:06:53.539+0000] {processor.py:836} INFO - DAG(s) dict_keys(['one_task_dag']) retrieved from /workspaces/hands-on-introduction-data-engineering-4395021/airflow/dags/first_try/one_task_dag.py
[2025-04-10T19:06:53.554+0000] {logging_mixin.py:150} INFO - [2025-04-10T19:06:53.554+0000] {dag.py:2742} INFO - Sync 1 DAGs
[2025-04-10T19:06:53.568+0000] {logging_mixin.py:150} INFO - [2025-04-10T19:06:53.568+0000] {dag.py:3504} INFO - Setting next_dagrun for one_task_dag to None, run_after=None
[2025-04-10T19:06:53.581+0000] {processor.py:179} INFO - Processing /workspaces/hands-on-introduction-data-engineering-4395021/airflow/dags/first_try/one_task_dag.py took 0.052 seconds
[2025-04-10T19:07:23.898+0000] {processor.py:157} INFO - Started process (PID=26401) to work on /workspaces/hands-on-introduction-data-engineering-4395021/airflow/dags/first_try/one_task_dag.py
[2025-04-10T19:07:23.899+0000] {processor.py:826} INFO - Processing file /workspaces/hands-on-introduction-data-engineering-4395021/airflow/dags/first_try/one_task_dag.py for tasks to queue
[2025-04-10T19:07:23.899+0000] {logging_mixin.py:150} INFO - [2025-04-10T19:07:23.899+0000] {dagbag.py:541} INFO - Filling up the DagBag from /workspaces/hands-on-introduction-data-engineering-4395021/airflow/dags/first_try/one_task_dag.py
[2025-04-10T19:07:23.906+0000] {processor.py:836} INFO - DAG(s) dict_keys(['one_task_dag']) retrieved from /workspaces/hands-on-introduction-data-engineering-4395021/airflow/dags/first_try/one_task_dag.py
[2025-04-10T19:07:23.922+0000] {logging_mixin.py:150} INFO - [2025-04-10T19:07:23.922+0000] {dag.py:2742} INFO - Sync 1 DAGs
[2025-04-10T19:07:23.935+0000] {logging_mixin.py:150} INFO - [2025-04-10T19:07:23.935+0000] {dag.py:3504} INFO - Setting next_dagrun for one_task_dag to None, run_after=None
[2025-04-10T19:07:23.949+0000] {processor.py:179} INFO - Processing /workspaces/hands-on-introduction-data-engineering-4395021/airflow/dags/first_try/one_task_dag.py took 0.053 seconds
[2025-04-10T19:07:55.591+0000] {processor.py:157} INFO - Started process (PID=26593) to work on /workspaces/hands-on-introduction-data-engineering-4395021/airflow/dags/first_try/one_task_dag.py
[2025-04-10T19:07:55.591+0000] {processor.py:826} INFO - Processing file /workspaces/hands-on-introduction-data-engineering-4395021/airflow/dags/first_try/one_task_dag.py for tasks to queue
[2025-04-10T19:07:55.592+0000] {logging_mixin.py:150} INFO - [2025-04-10T19:07:55.592+0000] {dagbag.py:541} INFO - Filling up the DagBag from /workspaces/hands-on-introduction-data-engineering-4395021/airflow/dags/first_try/one_task_dag.py
[2025-04-10T19:07:55.598+0000] {processor.py:836} INFO - DAG(s) dict_keys(['one_task_dag']) retrieved from /workspaces/hands-on-introduction-data-engineering-4395021/airflow/dags/first_try/one_task_dag.py
[2025-04-10T19:07:55.614+0000] {logging_mixin.py:150} INFO - [2025-04-10T19:07:55.614+0000] {dag.py:2742} INFO - Sync 1 DAGs
[2025-04-10T19:07:55.631+0000] {logging_mixin.py:150} INFO - [2025-04-10T19:07:55.631+0000] {dag.py:3504} INFO - Setting next_dagrun for one_task_dag to None, run_after=None
[2025-04-10T19:07:55.645+0000] {processor.py:179} INFO - Processing /workspaces/hands-on-introduction-data-engineering-4395021/airflow/dags/first_try/one_task_dag.py took 0.057 seconds
[2025-04-10T19:08:25.985+0000] {processor.py:157} INFO - Started process (PID=26779) to work on /workspaces/hands-on-introduction-data-engineering-4395021/airflow/dags/first_try/one_task_dag.py
[2025-04-10T19:08:25.986+0000] {processor.py:826} INFO - Processing file /workspaces/hands-on-introduction-data-engineering-4395021/airflow/dags/first_try/one_task_dag.py for tasks to queue
[2025-04-10T19:08:25.987+0000] {logging_mixin.py:150} INFO - [2025-04-10T19:08:25.986+0000] {dagbag.py:541} INFO - Filling up the DagBag from /workspaces/hands-on-introduction-data-engineering-4395021/airflow/dags/first_try/one_task_dag.py
[2025-04-10T19:08:25.993+0000] {processor.py:836} INFO - DAG(s) dict_keys(['one_task_dag']) retrieved from /workspaces/hands-on-introduction-data-engineering-4395021/airflow/dags/first_try/one_task_dag.py
[2025-04-10T19:08:26.009+0000] {logging_mixin.py:150} INFO - [2025-04-10T19:08:26.008+0000] {dag.py:2742} INFO - Sync 1 DAGs
[2025-04-10T19:08:26.022+0000] {logging_mixin.py:150} INFO - [2025-04-10T19:08:26.022+0000] {dag.py:3504} INFO - Setting next_dagrun for one_task_dag to None, run_after=None
[2025-04-10T19:08:26.035+0000] {processor.py:179} INFO - Processing /workspaces/hands-on-introduction-data-engineering-4395021/airflow/dags/first_try/one_task_dag.py took 0.052 seconds
[2025-04-10T19:08:56.368+0000] {processor.py:157} INFO - Started process (PID=26958) to work on /workspaces/hands-on-introduction-data-engineering-4395021/airflow/dags/first_try/one_task_dag.py
[2025-04-10T19:08:56.369+0000] {processor.py:826} INFO - Processing file /workspaces/hands-on-introduction-data-engineering-4395021/airflow/dags/first_try/one_task_dag.py for tasks to queue
[2025-04-10T19:08:56.370+0000] {logging_mixin.py:150} INFO - [2025-04-10T19:08:56.369+0000] {dagbag.py:541} INFO - Filling up the DagBag from /workspaces/hands-on-introduction-data-engineering-4395021/airflow/dags/first_try/one_task_dag.py
[2025-04-10T19:08:56.376+0000] {processor.py:836} INFO - DAG(s) dict_keys(['one_task_dag']) retrieved from /workspaces/hands-on-introduction-data-engineering-4395021/airflow/dags/first_try/one_task_dag.py
[2025-04-10T19:08:56.392+0000] {logging_mixin.py:150} INFO - [2025-04-10T19:08:56.392+0000] {dag.py:2742} INFO - Sync 1 DAGs
[2025-04-10T19:08:56.405+0000] {logging_mixin.py:150} INFO - [2025-04-10T19:08:56.405+0000] {dag.py:3504} INFO - Setting next_dagrun for one_task_dag to None, run_after=None
[2025-04-10T19:08:56.418+0000] {processor.py:179} INFO - Processing /workspaces/hands-on-introduction-data-engineering-4395021/airflow/dags/first_try/one_task_dag.py took 0.052 seconds
[2025-04-10T19:09:26.877+0000] {processor.py:157} INFO - Started process (PID=27143) to work on /workspaces/hands-on-introduction-data-engineering-4395021/airflow/dags/first_try/one_task_dag.py
[2025-04-10T19:09:26.878+0000] {processor.py:826} INFO - Processing file /workspaces/hands-on-introduction-data-engineering-4395021/airflow/dags/first_try/one_task_dag.py for tasks to queue
[2025-04-10T19:09:26.878+0000] {logging_mixin.py:150} INFO - [2025-04-10T19:09:26.878+0000] {dagbag.py:541} INFO - Filling up the DagBag from /workspaces/hands-on-introduction-data-engineering-4395021/airflow/dags/first_try/one_task_dag.py
[2025-04-10T19:09:26.885+0000] {processor.py:836} INFO - DAG(s) dict_keys(['one_task_dag']) retrieved from /workspaces/hands-on-introduction-data-engineering-4395021/airflow/dags/first_try/one_task_dag.py
[2025-04-10T19:09:26.901+0000] {logging_mixin.py:150} INFO - [2025-04-10T19:09:26.901+0000] {dag.py:2742} INFO - Sync 1 DAGs
[2025-04-10T19:09:26.914+0000] {logging_mixin.py:150} INFO - [2025-04-10T19:09:26.914+0000] {dag.py:3504} INFO - Setting next_dagrun for one_task_dag to None, run_after=None
[2025-04-10T19:09:26.927+0000] {processor.py:179} INFO - Processing /workspaces/hands-on-introduction-data-engineering-4395021/airflow/dags/first_try/one_task_dag.py took 0.052 seconds
[2025-04-10T19:09:57.367+0000] {processor.py:157} INFO - Started process (PID=27329) to work on /workspaces/hands-on-introduction-data-engineering-4395021/airflow/dags/first_try/one_task_dag.py
[2025-04-10T19:09:57.367+0000] {processor.py:826} INFO - Processing file /workspaces/hands-on-introduction-data-engineering-4395021/airflow/dags/first_try/one_task_dag.py for tasks to queue
[2025-04-10T19:09:57.368+0000] {logging_mixin.py:150} INFO - [2025-04-10T19:09:57.368+0000] {dagbag.py:541} INFO - Filling up the DagBag from /workspaces/hands-on-introduction-data-engineering-4395021/airflow/dags/first_try/one_task_dag.py
[2025-04-10T19:09:57.375+0000] {processor.py:836} INFO - DAG(s) dict_keys(['one_task_dag']) retrieved from /workspaces/hands-on-introduction-data-engineering-4395021/airflow/dags/first_try/one_task_dag.py
[2025-04-10T19:09:57.391+0000] {logging_mixin.py:150} INFO - [2025-04-10T19:09:57.391+0000] {dag.py:2742} INFO - Sync 1 DAGs
[2025-04-10T19:09:57.404+0000] {logging_mixin.py:150} INFO - [2025-04-10T19:09:57.404+0000] {dag.py:3504} INFO - Setting next_dagrun for one_task_dag to None, run_after=None
[2025-04-10T19:09:57.417+0000] {processor.py:179} INFO - Processing /workspaces/hands-on-introduction-data-engineering-4395021/airflow/dags/first_try/one_task_dag.py took 0.052 seconds
[2025-04-10T19:10:27.863+0000] {processor.py:157} INFO - Started process (PID=27508) to work on /workspaces/hands-on-introduction-data-engineering-4395021/airflow/dags/first_try/one_task_dag.py
[2025-04-10T19:10:27.864+0000] {processor.py:826} INFO - Processing file /workspaces/hands-on-introduction-data-engineering-4395021/airflow/dags/first_try/one_task_dag.py for tasks to queue
[2025-04-10T19:10:27.864+0000] {logging_mixin.py:150} INFO - [2025-04-10T19:10:27.864+0000] {dagbag.py:541} INFO - Filling up the DagBag from /workspaces/hands-on-introduction-data-engineering-4395021/airflow/dags/first_try/one_task_dag.py
[2025-04-10T19:10:27.871+0000] {processor.py:836} INFO - DAG(s) dict_keys(['one_task_dag']) retrieved from /workspaces/hands-on-introduction-data-engineering-4395021/airflow/dags/first_try/one_task_dag.py
[2025-04-10T19:10:27.887+0000] {logging_mixin.py:150} INFO - [2025-04-10T19:10:27.887+0000] {dag.py:2742} INFO - Sync 1 DAGs
[2025-04-10T19:10:27.900+0000] {logging_mixin.py:150} INFO - [2025-04-10T19:10:27.900+0000] {dag.py:3504} INFO - Setting next_dagrun for one_task_dag to None, run_after=None
[2025-04-10T19:10:27.913+0000] {processor.py:179} INFO - Processing /workspaces/hands-on-introduction-data-engineering-4395021/airflow/dags/first_try/one_task_dag.py took 0.052 seconds
[2025-04-10T19:10:58.249+0000] {processor.py:157} INFO - Started process (PID=27693) to work on /workspaces/hands-on-introduction-data-engineering-4395021/airflow/dags/first_try/one_task_dag.py
[2025-04-10T19:10:58.250+0000] {processor.py:826} INFO - Processing file /workspaces/hands-on-introduction-data-engineering-4395021/airflow/dags/first_try/one_task_dag.py for tasks to queue
[2025-04-10T19:10:58.251+0000] {logging_mixin.py:150} INFO - [2025-04-10T19:10:58.251+0000] {dagbag.py:541} INFO - Filling up the DagBag from /workspaces/hands-on-introduction-data-engineering-4395021/airflow/dags/first_try/one_task_dag.py
[2025-04-10T19:10:58.257+0000] {processor.py:836} INFO - DAG(s) dict_keys(['one_task_dag']) retrieved from /workspaces/hands-on-introduction-data-engineering-4395021/airflow/dags/first_try/one_task_dag.py
[2025-04-10T19:10:58.273+0000] {logging_mixin.py:150} INFO - [2025-04-10T19:10:58.273+0000] {dag.py:2742} INFO - Sync 1 DAGs
[2025-04-10T19:10:58.286+0000] {logging_mixin.py:150} INFO - [2025-04-10T19:10:58.286+0000] {dag.py:3504} INFO - Setting next_dagrun for one_task_dag to None, run_after=None
[2025-04-10T19:10:58.299+0000] {processor.py:179} INFO - Processing /workspaces/hands-on-introduction-data-engineering-4395021/airflow/dags/first_try/one_task_dag.py took 0.052 seconds
[2025-04-10T19:11:28.639+0000] {processor.py:157} INFO - Started process (PID=27872) to work on /workspaces/hands-on-introduction-data-engineering-4395021/airflow/dags/first_try/one_task_dag.py
[2025-04-10T19:11:28.640+0000] {processor.py:826} INFO - Processing file /workspaces/hands-on-introduction-data-engineering-4395021/airflow/dags/first_try/one_task_dag.py for tasks to queue
[2025-04-10T19:11:28.640+0000] {logging_mixin.py:150} INFO - [2025-04-10T19:11:28.640+0000] {dagbag.py:541} INFO - Filling up the DagBag from /workspaces/hands-on-introduction-data-engineering-4395021/airflow/dags/first_try/one_task_dag.py
[2025-04-10T19:11:28.647+0000] {processor.py:836} INFO - DAG(s) dict_keys(['one_task_dag']) retrieved from /workspaces/hands-on-introduction-data-engineering-4395021/airflow/dags/first_try/one_task_dag.py
[2025-04-10T19:11:28.663+0000] {logging_mixin.py:150} INFO - [2025-04-10T19:11:28.662+0000] {dag.py:2742} INFO - Sync 1 DAGs
[2025-04-10T19:11:28.678+0000] {logging_mixin.py:150} INFO - [2025-04-10T19:11:28.678+0000] {dag.py:3504} INFO - Setting next_dagrun for one_task_dag to None, run_after=None
[2025-04-10T19:11:28.697+0000] {processor.py:179} INFO - Processing /workspaces/hands-on-introduction-data-engineering-4395021/airflow/dags/first_try/one_task_dag.py took 0.060 seconds
[2025-04-10T19:11:59.027+0000] {processor.py:157} INFO - Started process (PID=28051) to work on /workspaces/hands-on-introduction-data-engineering-4395021/airflow/dags/first_try/one_task_dag.py
[2025-04-10T19:11:59.027+0000] {processor.py:826} INFO - Processing file /workspaces/hands-on-introduction-data-engineering-4395021/airflow/dags/first_try/one_task_dag.py for tasks to queue
[2025-04-10T19:11:59.028+0000] {logging_mixin.py:150} INFO - [2025-04-10T19:11:59.028+0000] {dagbag.py:541} INFO - Filling up the DagBag from /workspaces/hands-on-introduction-data-engineering-4395021/airflow/dags/first_try/one_task_dag.py
[2025-04-10T19:11:59.035+0000] {processor.py:836} INFO - DAG(s) dict_keys(['one_task_dag']) retrieved from /workspaces/hands-on-introduction-data-engineering-4395021/airflow/dags/first_try/one_task_dag.py
[2025-04-10T19:11:59.057+0000] {logging_mixin.py:150} INFO - [2025-04-10T19:11:59.057+0000] {dag.py:2742} INFO - Sync 1 DAGs
[2025-04-10T19:11:59.076+0000] {logging_mixin.py:150} INFO - [2025-04-10T19:11:59.076+0000] {dag.py:3504} INFO - Setting next_dagrun for one_task_dag to None, run_after=None
[2025-04-10T19:11:59.088+0000] {processor.py:179} INFO - Processing /workspaces/hands-on-introduction-data-engineering-4395021/airflow/dags/first_try/one_task_dag.py took 0.064 seconds
[2025-04-10T19:12:29.432+0000] {processor.py:157} INFO - Started process (PID=28236) to work on /workspaces/hands-on-introduction-data-engineering-4395021/airflow/dags/first_try/one_task_dag.py
[2025-04-10T19:12:29.432+0000] {processor.py:826} INFO - Processing file /workspaces/hands-on-introduction-data-engineering-4395021/airflow/dags/first_try/one_task_dag.py for tasks to queue
[2025-04-10T19:12:29.433+0000] {logging_mixin.py:150} INFO - [2025-04-10T19:12:29.433+0000] {dagbag.py:541} INFO - Filling up the DagBag from /workspaces/hands-on-introduction-data-engineering-4395021/airflow/dags/first_try/one_task_dag.py
[2025-04-10T19:12:29.440+0000] {processor.py:836} INFO - DAG(s) dict_keys(['one_task_dag']) retrieved from /workspaces/hands-on-introduction-data-engineering-4395021/airflow/dags/first_try/one_task_dag.py
[2025-04-10T19:12:29.456+0000] {logging_mixin.py:150} INFO - [2025-04-10T19:12:29.456+0000] {dag.py:2742} INFO - Sync 1 DAGs
[2025-04-10T19:12:29.469+0000] {logging_mixin.py:150} INFO - [2025-04-10T19:12:29.469+0000] {dag.py:3504} INFO - Setting next_dagrun for one_task_dag to None, run_after=None
[2025-04-10T19:12:29.482+0000] {processor.py:179} INFO - Processing /workspaces/hands-on-introduction-data-engineering-4395021/airflow/dags/first_try/one_task_dag.py took 0.052 seconds
[2025-04-10T19:12:59.809+0000] {processor.py:157} INFO - Started process (PID=28415) to work on /workspaces/hands-on-introduction-data-engineering-4395021/airflow/dags/first_try/one_task_dag.py
[2025-04-10T19:12:59.810+0000] {processor.py:826} INFO - Processing file /workspaces/hands-on-introduction-data-engineering-4395021/airflow/dags/first_try/one_task_dag.py for tasks to queue
[2025-04-10T19:12:59.811+0000] {logging_mixin.py:150} INFO - [2025-04-10T19:12:59.810+0000] {dagbag.py:541} INFO - Filling up the DagBag from /workspaces/hands-on-introduction-data-engineering-4395021/airflow/dags/first_try/one_task_dag.py
[2025-04-10T19:12:59.817+0000] {processor.py:836} INFO - DAG(s) dict_keys(['one_task_dag']) retrieved from /workspaces/hands-on-introduction-data-engineering-4395021/airflow/dags/first_try/one_task_dag.py
[2025-04-10T19:12:59.833+0000] {logging_mixin.py:150} INFO - [2025-04-10T19:12:59.833+0000] {dag.py:2742} INFO - Sync 1 DAGs
[2025-04-10T19:12:59.846+0000] {logging_mixin.py:150} INFO - [2025-04-10T19:12:59.846+0000] {dag.py:3504} INFO - Setting next_dagrun for one_task_dag to None, run_after=None
[2025-04-10T19:12:59.860+0000] {processor.py:179} INFO - Processing /workspaces/hands-on-introduction-data-engineering-4395021/airflow/dags/first_try/one_task_dag.py took 0.053 seconds
[2025-04-10T19:13:30.205+0000] {processor.py:157} INFO - Started process (PID=28600) to work on /workspaces/hands-on-introduction-data-engineering-4395021/airflow/dags/first_try/one_task_dag.py
[2025-04-10T19:13:30.205+0000] {processor.py:826} INFO - Processing file /workspaces/hands-on-introduction-data-engineering-4395021/airflow/dags/first_try/one_task_dag.py for tasks to queue
[2025-04-10T19:13:30.206+0000] {logging_mixin.py:150} INFO - [2025-04-10T19:13:30.206+0000] {dagbag.py:541} INFO - Filling up the DagBag from /workspaces/hands-on-introduction-data-engineering-4395021/airflow/dags/first_try/one_task_dag.py
[2025-04-10T19:13:30.216+0000] {processor.py:836} INFO - DAG(s) dict_keys(['one_task_dag']) retrieved from /workspaces/hands-on-introduction-data-engineering-4395021/airflow/dags/first_try/one_task_dag.py
[2025-04-10T19:13:30.238+0000] {logging_mixin.py:150} INFO - [2025-04-10T19:13:30.238+0000] {dag.py:2742} INFO - Sync 1 DAGs
[2025-04-10T19:13:30.251+0000] {logging_mixin.py:150} INFO - [2025-04-10T19:13:30.251+0000] {dag.py:3504} INFO - Setting next_dagrun for one_task_dag to None, run_after=None
[2025-04-10T19:13:30.263+0000] {processor.py:179} INFO - Processing /workspaces/hands-on-introduction-data-engineering-4395021/airflow/dags/first_try/one_task_dag.py took 0.062 seconds
[2025-04-10T19:14:00.591+0000] {processor.py:157} INFO - Started process (PID=28786) to work on /workspaces/hands-on-introduction-data-engineering-4395021/airflow/dags/first_try/one_task_dag.py
[2025-04-10T19:14:00.592+0000] {processor.py:826} INFO - Processing file /workspaces/hands-on-introduction-data-engineering-4395021/airflow/dags/first_try/one_task_dag.py for tasks to queue
[2025-04-10T19:14:00.593+0000] {logging_mixin.py:150} INFO - [2025-04-10T19:14:00.593+0000] {dagbag.py:541} INFO - Filling up the DagBag from /workspaces/hands-on-introduction-data-engineering-4395021/airflow/dags/first_try/one_task_dag.py
[2025-04-10T19:14:00.599+0000] {processor.py:836} INFO - DAG(s) dict_keys(['one_task_dag']) retrieved from /workspaces/hands-on-introduction-data-engineering-4395021/airflow/dags/first_try/one_task_dag.py
[2025-04-10T19:14:00.616+0000] {logging_mixin.py:150} INFO - [2025-04-10T19:14:00.616+0000] {dag.py:2742} INFO - Sync 1 DAGs
[2025-04-10T19:14:00.629+0000] {logging_mixin.py:150} INFO - [2025-04-10T19:14:00.629+0000] {dag.py:3504} INFO - Setting next_dagrun for one_task_dag to None, run_after=None
[2025-04-10T19:14:00.642+0000] {processor.py:179} INFO - Processing /workspaces/hands-on-introduction-data-engineering-4395021/airflow/dags/first_try/one_task_dag.py took 0.053 seconds
[2025-04-10T19:14:30.983+0000] {processor.py:157} INFO - Started process (PID=28966) to work on /workspaces/hands-on-introduction-data-engineering-4395021/airflow/dags/first_try/one_task_dag.py
[2025-04-10T19:14:30.984+0000] {processor.py:826} INFO - Processing file /workspaces/hands-on-introduction-data-engineering-4395021/airflow/dags/first_try/one_task_dag.py for tasks to queue
[2025-04-10T19:14:30.985+0000] {logging_mixin.py:150} INFO - [2025-04-10T19:14:30.984+0000] {dagbag.py:541} INFO - Filling up the DagBag from /workspaces/hands-on-introduction-data-engineering-4395021/airflow/dags/first_try/one_task_dag.py
[2025-04-10T19:14:30.991+0000] {processor.py:836} INFO - DAG(s) dict_keys(['one_task_dag']) retrieved from /workspaces/hands-on-introduction-data-engineering-4395021/airflow/dags/first_try/one_task_dag.py
[2025-04-10T19:14:31.006+0000] {logging_mixin.py:150} INFO - [2025-04-10T19:14:31.006+0000] {dag.py:2742} INFO - Sync 1 DAGs
[2025-04-10T19:14:31.019+0000] {logging_mixin.py:150} INFO - [2025-04-10T19:14:31.019+0000] {dag.py:3504} INFO - Setting next_dagrun for one_task_dag to None, run_after=None
[2025-04-10T19:14:31.031+0000] {processor.py:179} INFO - Processing /workspaces/hands-on-introduction-data-engineering-4395021/airflow/dags/first_try/one_task_dag.py took 0.050 seconds
[2025-04-10T19:15:01.372+0000] {processor.py:157} INFO - Started process (PID=29151) to work on /workspaces/hands-on-introduction-data-engineering-4395021/airflow/dags/first_try/one_task_dag.py
[2025-04-10T19:15:01.373+0000] {processor.py:826} INFO - Processing file /workspaces/hands-on-introduction-data-engineering-4395021/airflow/dags/first_try/one_task_dag.py for tasks to queue
[2025-04-10T19:15:01.374+0000] {logging_mixin.py:150} INFO - [2025-04-10T19:15:01.373+0000] {dagbag.py:541} INFO - Filling up the DagBag from /workspaces/hands-on-introduction-data-engineering-4395021/airflow/dags/first_try/one_task_dag.py
[2025-04-10T19:15:01.380+0000] {processor.py:836} INFO - DAG(s) dict_keys(['one_task_dag']) retrieved from /workspaces/hands-on-introduction-data-engineering-4395021/airflow/dags/first_try/one_task_dag.py
[2025-04-10T19:15:01.397+0000] {logging_mixin.py:150} INFO - [2025-04-10T19:15:01.396+0000] {dag.py:2742} INFO - Sync 1 DAGs
[2025-04-10T19:15:01.413+0000] {logging_mixin.py:150} INFO - [2025-04-10T19:15:01.413+0000] {dag.py:3504} INFO - Setting next_dagrun for one_task_dag to None, run_after=None
[2025-04-10T19:15:01.427+0000] {processor.py:179} INFO - Processing /workspaces/hands-on-introduction-data-engineering-4395021/airflow/dags/first_try/one_task_dag.py took 0.057 seconds
[2025-04-10T19:15:31.770+0000] {processor.py:157} INFO - Started process (PID=29331) to work on /workspaces/hands-on-introduction-data-engineering-4395021/airflow/dags/first_try/one_task_dag.py
[2025-04-10T19:15:31.771+0000] {processor.py:826} INFO - Processing file /workspaces/hands-on-introduction-data-engineering-4395021/airflow/dags/first_try/one_task_dag.py for tasks to queue
[2025-04-10T19:15:31.771+0000] {logging_mixin.py:150} INFO - [2025-04-10T19:15:31.771+0000] {dagbag.py:541} INFO - Filling up the DagBag from /workspaces/hands-on-introduction-data-engineering-4395021/airflow/dags/first_try/one_task_dag.py
[2025-04-10T19:15:31.781+0000] {processor.py:836} INFO - DAG(s) dict_keys(['one_task_dag']) retrieved from /workspaces/hands-on-introduction-data-engineering-4395021/airflow/dags/first_try/one_task_dag.py
[2025-04-10T19:15:31.803+0000] {logging_mixin.py:150} INFO - [2025-04-10T19:15:31.803+0000] {dag.py:2742} INFO - Sync 1 DAGs
[2025-04-10T19:15:31.818+0000] {logging_mixin.py:150} INFO - [2025-04-10T19:15:31.818+0000] {dag.py:3504} INFO - Setting next_dagrun for one_task_dag to None, run_after=None
[2025-04-10T19:15:31.831+0000] {processor.py:179} INFO - Processing /workspaces/hands-on-introduction-data-engineering-4395021/airflow/dags/first_try/one_task_dag.py took 0.064 seconds
[2025-04-10T19:16:02.153+0000] {processor.py:157} INFO - Started process (PID=29516) to work on /workspaces/hands-on-introduction-data-engineering-4395021/airflow/dags/first_try/one_task_dag.py
[2025-04-10T19:16:02.154+0000] {processor.py:826} INFO - Processing file /workspaces/hands-on-introduction-data-engineering-4395021/airflow/dags/first_try/one_task_dag.py for tasks to queue
[2025-04-10T19:16:02.154+0000] {logging_mixin.py:150} INFO - [2025-04-10T19:16:02.154+0000] {dagbag.py:541} INFO - Filling up the DagBag from /workspaces/hands-on-introduction-data-engineering-4395021/airflow/dags/first_try/one_task_dag.py
[2025-04-10T19:16:02.161+0000] {processor.py:836} INFO - DAG(s) dict_keys(['one_task_dag']) retrieved from /workspaces/hands-on-introduction-data-engineering-4395021/airflow/dags/first_try/one_task_dag.py
[2025-04-10T19:16:02.177+0000] {logging_mixin.py:150} INFO - [2025-04-10T19:16:02.177+0000] {dag.py:2742} INFO - Sync 1 DAGs
[2025-04-10T19:16:02.190+0000] {logging_mixin.py:150} INFO - [2025-04-10T19:16:02.190+0000] {dag.py:3504} INFO - Setting next_dagrun for one_task_dag to None, run_after=None
[2025-04-10T19:16:02.203+0000] {processor.py:179} INFO - Processing /workspaces/hands-on-introduction-data-engineering-4395021/airflow/dags/first_try/one_task_dag.py took 0.052 seconds
[2025-04-10T19:16:32.558+0000] {processor.py:157} INFO - Started process (PID=29702) to work on /workspaces/hands-on-introduction-data-engineering-4395021/airflow/dags/first_try/one_task_dag.py
[2025-04-10T19:16:32.559+0000] {processor.py:826} INFO - Processing file /workspaces/hands-on-introduction-data-engineering-4395021/airflow/dags/first_try/one_task_dag.py for tasks to queue
[2025-04-10T19:16:32.559+0000] {logging_mixin.py:150} INFO - [2025-04-10T19:16:32.559+0000] {dagbag.py:541} INFO - Filling up the DagBag from /workspaces/hands-on-introduction-data-engineering-4395021/airflow/dags/first_try/one_task_dag.py
[2025-04-10T19:16:32.566+0000] {processor.py:836} INFO - DAG(s) dict_keys(['one_task_dag']) retrieved from /workspaces/hands-on-introduction-data-engineering-4395021/airflow/dags/first_try/one_task_dag.py
[2025-04-10T19:16:32.581+0000] {logging_mixin.py:150} INFO - [2025-04-10T19:16:32.581+0000] {dag.py:2742} INFO - Sync 1 DAGs
[2025-04-10T19:16:32.594+0000] {logging_mixin.py:150} INFO - [2025-04-10T19:16:32.594+0000] {dag.py:3504} INFO - Setting next_dagrun for one_task_dag to None, run_after=None
[2025-04-10T19:16:32.607+0000] {processor.py:179} INFO - Processing /workspaces/hands-on-introduction-data-engineering-4395021/airflow/dags/first_try/one_task_dag.py took 0.051 seconds
[2025-04-10T19:17:02.936+0000] {processor.py:157} INFO - Started process (PID=29881) to work on /workspaces/hands-on-introduction-data-engineering-4395021/airflow/dags/first_try/one_task_dag.py
[2025-04-10T19:17:02.937+0000] {processor.py:826} INFO - Processing file /workspaces/hands-on-introduction-data-engineering-4395021/airflow/dags/first_try/one_task_dag.py for tasks to queue
[2025-04-10T19:17:02.937+0000] {logging_mixin.py:150} INFO - [2025-04-10T19:17:02.937+0000] {dagbag.py:541} INFO - Filling up the DagBag from /workspaces/hands-on-introduction-data-engineering-4395021/airflow/dags/first_try/one_task_dag.py
[2025-04-10T19:17:02.944+0000] {processor.py:836} INFO - DAG(s) dict_keys(['one_task_dag']) retrieved from /workspaces/hands-on-introduction-data-engineering-4395021/airflow/dags/first_try/one_task_dag.py
[2025-04-10T19:17:02.962+0000] {logging_mixin.py:150} INFO - [2025-04-10T19:17:02.962+0000] {dag.py:2742} INFO - Sync 1 DAGs
[2025-04-10T19:17:02.975+0000] {logging_mixin.py:150} INFO - [2025-04-10T19:17:02.975+0000] {dag.py:3504} INFO - Setting next_dagrun for one_task_dag to None, run_after=None
[2025-04-10T19:17:02.988+0000] {processor.py:179} INFO - Processing /workspaces/hands-on-introduction-data-engineering-4395021/airflow/dags/first_try/one_task_dag.py took 0.054 seconds
[2025-04-10T19:17:33.329+0000] {processor.py:157} INFO - Started process (PID=30066) to work on /workspaces/hands-on-introduction-data-engineering-4395021/airflow/dags/first_try/one_task_dag.py
[2025-04-10T19:17:33.330+0000] {processor.py:826} INFO - Processing file /workspaces/hands-on-introduction-data-engineering-4395021/airflow/dags/first_try/one_task_dag.py for tasks to queue
[2025-04-10T19:17:33.330+0000] {logging_mixin.py:150} INFO - [2025-04-10T19:17:33.330+0000] {dagbag.py:541} INFO - Filling up the DagBag from /workspaces/hands-on-introduction-data-engineering-4395021/airflow/dags/first_try/one_task_dag.py
[2025-04-10T19:17:33.337+0000] {processor.py:836} INFO - DAG(s) dict_keys(['one_task_dag']) retrieved from /workspaces/hands-on-introduction-data-engineering-4395021/airflow/dags/first_try/one_task_dag.py
[2025-04-10T19:17:33.353+0000] {logging_mixin.py:150} INFO - [2025-04-10T19:17:33.353+0000] {dag.py:2742} INFO - Sync 1 DAGs
[2025-04-10T19:17:33.366+0000] {logging_mixin.py:150} INFO - [2025-04-10T19:17:33.366+0000] {dag.py:3504} INFO - Setting next_dagrun for one_task_dag to None, run_after=None
[2025-04-10T19:17:33.379+0000] {processor.py:179} INFO - Processing /workspaces/hands-on-introduction-data-engineering-4395021/airflow/dags/first_try/one_task_dag.py took 0.052 seconds
[2025-04-10T19:18:03.717+0000] {processor.py:157} INFO - Started process (PID=30252) to work on /workspaces/hands-on-introduction-data-engineering-4395021/airflow/dags/first_try/one_task_dag.py
[2025-04-10T19:18:03.717+0000] {processor.py:826} INFO - Processing file /workspaces/hands-on-introduction-data-engineering-4395021/airflow/dags/first_try/one_task_dag.py for tasks to queue
[2025-04-10T19:18:03.718+0000] {logging_mixin.py:150} INFO - [2025-04-10T19:18:03.718+0000] {dagbag.py:541} INFO - Filling up the DagBag from /workspaces/hands-on-introduction-data-engineering-4395021/airflow/dags/first_try/one_task_dag.py
[2025-04-10T19:18:03.725+0000] {processor.py:836} INFO - DAG(s) dict_keys(['one_task_dag']) retrieved from /workspaces/hands-on-introduction-data-engineering-4395021/airflow/dags/first_try/one_task_dag.py
[2025-04-10T19:18:03.742+0000] {logging_mixin.py:150} INFO - [2025-04-10T19:18:03.742+0000] {dag.py:2742} INFO - Sync 1 DAGs
[2025-04-10T19:18:03.755+0000] {logging_mixin.py:150} INFO - [2025-04-10T19:18:03.755+0000] {dag.py:3504} INFO - Setting next_dagrun for one_task_dag to None, run_after=None
[2025-04-10T19:18:03.769+0000] {processor.py:179} INFO - Processing /workspaces/hands-on-introduction-data-engineering-4395021/airflow/dags/first_try/one_task_dag.py took 0.054 seconds
[2025-04-10T19:18:34.131+0000] {processor.py:157} INFO - Started process (PID=30431) to work on /workspaces/hands-on-introduction-data-engineering-4395021/airflow/dags/first_try/one_task_dag.py
[2025-04-10T19:18:34.131+0000] {processor.py:826} INFO - Processing file /workspaces/hands-on-introduction-data-engineering-4395021/airflow/dags/first_try/one_task_dag.py for tasks to queue
[2025-04-10T19:18:34.132+0000] {logging_mixin.py:150} INFO - [2025-04-10T19:18:34.132+0000] {dagbag.py:541} INFO - Filling up the DagBag from /workspaces/hands-on-introduction-data-engineering-4395021/airflow/dags/first_try/one_task_dag.py
[2025-04-10T19:18:34.138+0000] {processor.py:836} INFO - DAG(s) dict_keys(['one_task_dag']) retrieved from /workspaces/hands-on-introduction-data-engineering-4395021/airflow/dags/first_try/one_task_dag.py
[2025-04-10T19:18:34.154+0000] {logging_mixin.py:150} INFO - [2025-04-10T19:18:34.154+0000] {dag.py:2742} INFO - Sync 1 DAGs
[2025-04-10T19:18:34.168+0000] {logging_mixin.py:150} INFO - [2025-04-10T19:18:34.167+0000] {dag.py:3504} INFO - Setting next_dagrun for one_task_dag to None, run_after=None
[2025-04-10T19:18:34.181+0000] {processor.py:179} INFO - Processing /workspaces/hands-on-introduction-data-engineering-4395021/airflow/dags/first_try/one_task_dag.py took 0.052 seconds
[2025-04-10T19:19:04.528+0000] {processor.py:157} INFO - Started process (PID=30616) to work on /workspaces/hands-on-introduction-data-engineering-4395021/airflow/dags/first_try/one_task_dag.py
[2025-04-10T19:19:04.528+0000] {processor.py:826} INFO - Processing file /workspaces/hands-on-introduction-data-engineering-4395021/airflow/dags/first_try/one_task_dag.py for tasks to queue
[2025-04-10T19:19:04.529+0000] {logging_mixin.py:150} INFO - [2025-04-10T19:19:04.529+0000] {dagbag.py:541} INFO - Filling up the DagBag from /workspaces/hands-on-introduction-data-engineering-4395021/airflow/dags/first_try/one_task_dag.py
[2025-04-10T19:19:04.536+0000] {processor.py:836} INFO - DAG(s) dict_keys(['one_task_dag']) retrieved from /workspaces/hands-on-introduction-data-engineering-4395021/airflow/dags/first_try/one_task_dag.py
[2025-04-10T19:19:04.552+0000] {logging_mixin.py:150} INFO - [2025-04-10T19:19:04.552+0000] {dag.py:2742} INFO - Sync 1 DAGs
[2025-04-10T19:19:04.565+0000] {logging_mixin.py:150} INFO - [2025-04-10T19:19:04.565+0000] {dag.py:3504} INFO - Setting next_dagrun for one_task_dag to None, run_after=None
[2025-04-10T19:19:04.578+0000] {processor.py:179} INFO - Processing /workspaces/hands-on-introduction-data-engineering-4395021/airflow/dags/first_try/one_task_dag.py took 0.053 seconds
[2025-04-10T19:19:34.917+0000] {processor.py:157} INFO - Started process (PID=30802) to work on /workspaces/hands-on-introduction-data-engineering-4395021/airflow/dags/first_try/one_task_dag.py
[2025-04-10T19:19:34.918+0000] {processor.py:826} INFO - Processing file /workspaces/hands-on-introduction-data-engineering-4395021/airflow/dags/first_try/one_task_dag.py for tasks to queue
[2025-04-10T19:19:34.919+0000] {logging_mixin.py:150} INFO - [2025-04-10T19:19:34.919+0000] {dagbag.py:541} INFO - Filling up the DagBag from /workspaces/hands-on-introduction-data-engineering-4395021/airflow/dags/first_try/one_task_dag.py
[2025-04-10T19:19:34.925+0000] {processor.py:836} INFO - DAG(s) dict_keys(['one_task_dag']) retrieved from /workspaces/hands-on-introduction-data-engineering-4395021/airflow/dags/first_try/one_task_dag.py
[2025-04-10T19:19:34.941+0000] {logging_mixin.py:150} INFO - [2025-04-10T19:19:34.941+0000] {dag.py:2742} INFO - Sync 1 DAGs
[2025-04-10T19:19:34.954+0000] {logging_mixin.py:150} INFO - [2025-04-10T19:19:34.954+0000] {dag.py:3504} INFO - Setting next_dagrun for one_task_dag to None, run_after=None
[2025-04-10T19:19:34.967+0000] {processor.py:179} INFO - Processing /workspaces/hands-on-introduction-data-engineering-4395021/airflow/dags/first_try/one_task_dag.py took 0.051 seconds
[2025-04-10T19:20:05.414+0000] {processor.py:157} INFO - Started process (PID=30987) to work on /workspaces/hands-on-introduction-data-engineering-4395021/airflow/dags/first_try/one_task_dag.py
[2025-04-10T19:20:05.415+0000] {processor.py:826} INFO - Processing file /workspaces/hands-on-introduction-data-engineering-4395021/airflow/dags/first_try/one_task_dag.py for tasks to queue
[2025-04-10T19:20:05.416+0000] {logging_mixin.py:150} INFO - [2025-04-10T19:20:05.416+0000] {dagbag.py:541} INFO - Filling up the DagBag from /workspaces/hands-on-introduction-data-engineering-4395021/airflow/dags/first_try/one_task_dag.py
[2025-04-10T19:20:05.424+0000] {processor.py:836} INFO - DAG(s) dict_keys(['one_task_dag']) retrieved from /workspaces/hands-on-introduction-data-engineering-4395021/airflow/dags/first_try/one_task_dag.py
[2025-04-10T19:20:05.441+0000] {logging_mixin.py:150} INFO - [2025-04-10T19:20:05.441+0000] {dag.py:2742} INFO - Sync 1 DAGs
[2025-04-10T19:20:05.455+0000] {logging_mixin.py:150} INFO - [2025-04-10T19:20:05.455+0000] {dag.py:3504} INFO - Setting next_dagrun for one_task_dag to None, run_after=None
[2025-04-10T19:20:05.469+0000] {processor.py:179} INFO - Processing /workspaces/hands-on-introduction-data-engineering-4395021/airflow/dags/first_try/one_task_dag.py took 0.057 seconds
[2025-04-10T19:20:35.807+0000] {processor.py:157} INFO - Started process (PID=31172) to work on /workspaces/hands-on-introduction-data-engineering-4395021/airflow/dags/first_try/one_task_dag.py
[2025-04-10T19:20:35.807+0000] {processor.py:826} INFO - Processing file /workspaces/hands-on-introduction-data-engineering-4395021/airflow/dags/first_try/one_task_dag.py for tasks to queue
[2025-04-10T19:20:35.808+0000] {logging_mixin.py:150} INFO - [2025-04-10T19:20:35.808+0000] {dagbag.py:541} INFO - Filling up the DagBag from /workspaces/hands-on-introduction-data-engineering-4395021/airflow/dags/first_try/one_task_dag.py
[2025-04-10T19:20:35.815+0000] {processor.py:836} INFO - DAG(s) dict_keys(['one_task_dag']) retrieved from /workspaces/hands-on-introduction-data-engineering-4395021/airflow/dags/first_try/one_task_dag.py
[2025-04-10T19:20:35.830+0000] {logging_mixin.py:150} INFO - [2025-04-10T19:20:35.830+0000] {dag.py:2742} INFO - Sync 1 DAGs
[2025-04-10T19:20:35.843+0000] {logging_mixin.py:150} INFO - [2025-04-10T19:20:35.843+0000] {dag.py:3504} INFO - Setting next_dagrun for one_task_dag to None, run_after=None
[2025-04-10T19:20:35.856+0000] {processor.py:179} INFO - Processing /workspaces/hands-on-introduction-data-engineering-4395021/airflow/dags/first_try/one_task_dag.py took 0.051 seconds
[2025-04-10T19:21:06.197+0000] {processor.py:157} INFO - Started process (PID=31352) to work on /workspaces/hands-on-introduction-data-engineering-4395021/airflow/dags/first_try/one_task_dag.py
[2025-04-10T19:21:06.198+0000] {processor.py:826} INFO - Processing file /workspaces/hands-on-introduction-data-engineering-4395021/airflow/dags/first_try/one_task_dag.py for tasks to queue
[2025-04-10T19:21:06.199+0000] {logging_mixin.py:150} INFO - [2025-04-10T19:21:06.198+0000] {dagbag.py:541} INFO - Filling up the DagBag from /workspaces/hands-on-introduction-data-engineering-4395021/airflow/dags/first_try/one_task_dag.py
[2025-04-10T19:21:06.205+0000] {processor.py:836} INFO - DAG(s) dict_keys(['one_task_dag']) retrieved from /workspaces/hands-on-introduction-data-engineering-4395021/airflow/dags/first_try/one_task_dag.py
[2025-04-10T19:21:06.221+0000] {logging_mixin.py:150} INFO - [2025-04-10T19:21:06.221+0000] {dag.py:2742} INFO - Sync 1 DAGs
[2025-04-10T19:21:06.234+0000] {logging_mixin.py:150} INFO - [2025-04-10T19:21:06.234+0000] {dag.py:3504} INFO - Setting next_dagrun for one_task_dag to None, run_after=None
[2025-04-10T19:21:06.254+0000] {processor.py:179} INFO - Processing /workspaces/hands-on-introduction-data-engineering-4395021/airflow/dags/first_try/one_task_dag.py took 0.058 seconds
[2025-04-10T19:21:36.688+0000] {processor.py:157} INFO - Started process (PID=31536) to work on /workspaces/hands-on-introduction-data-engineering-4395021/airflow/dags/first_try/one_task_dag.py
[2025-04-10T19:21:36.689+0000] {processor.py:826} INFO - Processing file /workspaces/hands-on-introduction-data-engineering-4395021/airflow/dags/first_try/one_task_dag.py for tasks to queue
[2025-04-10T19:21:36.689+0000] {logging_mixin.py:150} INFO - [2025-04-10T19:21:36.689+0000] {dagbag.py:541} INFO - Filling up the DagBag from /workspaces/hands-on-introduction-data-engineering-4395021/airflow/dags/first_try/one_task_dag.py
[2025-04-10T19:21:36.696+0000] {processor.py:836} INFO - DAG(s) dict_keys(['one_task_dag']) retrieved from /workspaces/hands-on-introduction-data-engineering-4395021/airflow/dags/first_try/one_task_dag.py
[2025-04-10T19:21:36.712+0000] {logging_mixin.py:150} INFO - [2025-04-10T19:21:36.711+0000] {dag.py:2742} INFO - Sync 1 DAGs
[2025-04-10T19:21:36.724+0000] {logging_mixin.py:150} INFO - [2025-04-10T19:21:36.724+0000] {dag.py:3504} INFO - Setting next_dagrun for one_task_dag to None, run_after=None
[2025-04-10T19:21:36.737+0000] {processor.py:179} INFO - Processing /workspaces/hands-on-introduction-data-engineering-4395021/airflow/dags/first_try/one_task_dag.py took 0.052 seconds
[2025-04-10T19:22:07.083+0000] {processor.py:157} INFO - Started process (PID=31715) to work on /workspaces/hands-on-introduction-data-engineering-4395021/airflow/dags/first_try/one_task_dag.py
[2025-04-10T19:22:07.083+0000] {processor.py:826} INFO - Processing file /workspaces/hands-on-introduction-data-engineering-4395021/airflow/dags/first_try/one_task_dag.py for tasks to queue
[2025-04-10T19:22:07.084+0000] {logging_mixin.py:150} INFO - [2025-04-10T19:22:07.084+0000] {dagbag.py:541} INFO - Filling up the DagBag from /workspaces/hands-on-introduction-data-engineering-4395021/airflow/dags/first_try/one_task_dag.py
[2025-04-10T19:22:07.092+0000] {processor.py:836} INFO - DAG(s) dict_keys(['one_task_dag']) retrieved from /workspaces/hands-on-introduction-data-engineering-4395021/airflow/dags/first_try/one_task_dag.py
[2025-04-10T19:22:07.115+0000] {logging_mixin.py:150} INFO - [2025-04-10T19:22:07.115+0000] {dag.py:2742} INFO - Sync 1 DAGs
[2025-04-10T19:22:07.132+0000] {logging_mixin.py:150} INFO - [2025-04-10T19:22:07.132+0000] {dag.py:3504} INFO - Setting next_dagrun for one_task_dag to None, run_after=None
[2025-04-10T19:22:07.145+0000] {processor.py:179} INFO - Processing /workspaces/hands-on-introduction-data-engineering-4395021/airflow/dags/first_try/one_task_dag.py took 0.064 seconds
[2025-04-10T19:22:37.474+0000] {processor.py:157} INFO - Started process (PID=31893) to work on /workspaces/hands-on-introduction-data-engineering-4395021/airflow/dags/first_try/one_task_dag.py
[2025-04-10T19:22:37.475+0000] {processor.py:826} INFO - Processing file /workspaces/hands-on-introduction-data-engineering-4395021/airflow/dags/first_try/one_task_dag.py for tasks to queue
[2025-04-10T19:22:37.475+0000] {logging_mixin.py:150} INFO - [2025-04-10T19:22:37.475+0000] {dagbag.py:541} INFO - Filling up the DagBag from /workspaces/hands-on-introduction-data-engineering-4395021/airflow/dags/first_try/one_task_dag.py
[2025-04-10T19:22:37.481+0000] {processor.py:836} INFO - DAG(s) dict_keys(['one_task_dag']) retrieved from /workspaces/hands-on-introduction-data-engineering-4395021/airflow/dags/first_try/one_task_dag.py
[2025-04-10T19:22:37.497+0000] {logging_mixin.py:150} INFO - [2025-04-10T19:22:37.497+0000] {dag.py:2742} INFO - Sync 1 DAGs
[2025-04-10T19:22:37.510+0000] {logging_mixin.py:150} INFO - [2025-04-10T19:22:37.510+0000] {dag.py:3504} INFO - Setting next_dagrun for one_task_dag to None, run_after=None
[2025-04-10T19:22:37.522+0000] {processor.py:179} INFO - Processing /workspaces/hands-on-introduction-data-engineering-4395021/airflow/dags/first_try/one_task_dag.py took 0.051 seconds
[2025-04-10T19:23:07.858+0000] {processor.py:157} INFO - Started process (PID=32077) to work on /workspaces/hands-on-introduction-data-engineering-4395021/airflow/dags/first_try/one_task_dag.py
[2025-04-10T19:23:07.859+0000] {processor.py:826} INFO - Processing file /workspaces/hands-on-introduction-data-engineering-4395021/airflow/dags/first_try/one_task_dag.py for tasks to queue
[2025-04-10T19:23:07.859+0000] {logging_mixin.py:150} INFO - [2025-04-10T19:23:07.859+0000] {dagbag.py:541} INFO - Filling up the DagBag from /workspaces/hands-on-introduction-data-engineering-4395021/airflow/dags/first_try/one_task_dag.py
[2025-04-10T19:23:07.866+0000] {processor.py:836} INFO - DAG(s) dict_keys(['one_task_dag']) retrieved from /workspaces/hands-on-introduction-data-engineering-4395021/airflow/dags/first_try/one_task_dag.py
[2025-04-10T19:23:07.883+0000] {logging_mixin.py:150} INFO - [2025-04-10T19:23:07.883+0000] {dag.py:2742} INFO - Sync 1 DAGs
[2025-04-10T19:23:07.896+0000] {logging_mixin.py:150} INFO - [2025-04-10T19:23:07.896+0000] {dag.py:3504} INFO - Setting next_dagrun for one_task_dag to None, run_after=None
[2025-04-10T19:23:07.910+0000] {processor.py:179} INFO - Processing /workspaces/hands-on-introduction-data-engineering-4395021/airflow/dags/first_try/one_task_dag.py took 0.054 seconds
[2025-04-10T19:23:38.252+0000] {processor.py:157} INFO - Started process (PID=32263) to work on /workspaces/hands-on-introduction-data-engineering-4395021/airflow/dags/first_try/one_task_dag.py
[2025-04-10T19:23:38.253+0000] {processor.py:826} INFO - Processing file /workspaces/hands-on-introduction-data-engineering-4395021/airflow/dags/first_try/one_task_dag.py for tasks to queue
[2025-04-10T19:23:38.254+0000] {logging_mixin.py:150} INFO - [2025-04-10T19:23:38.253+0000] {dagbag.py:541} INFO - Filling up the DagBag from /workspaces/hands-on-introduction-data-engineering-4395021/airflow/dags/first_try/one_task_dag.py
[2025-04-10T19:23:38.266+0000] {processor.py:836} INFO - DAG(s) dict_keys(['one_task_dag']) retrieved from /workspaces/hands-on-introduction-data-engineering-4395021/airflow/dags/first_try/one_task_dag.py
[2025-04-10T19:23:38.293+0000] {logging_mixin.py:150} INFO - [2025-04-10T19:23:38.293+0000] {dag.py:2742} INFO - Sync 1 DAGs
[2025-04-10T19:23:38.307+0000] {logging_mixin.py:150} INFO - [2025-04-10T19:23:38.307+0000] {dag.py:3504} INFO - Setting next_dagrun for one_task_dag to None, run_after=None
[2025-04-10T19:23:38.320+0000] {processor.py:179} INFO - Processing /workspaces/hands-on-introduction-data-engineering-4395021/airflow/dags/first_try/one_task_dag.py took 0.071 seconds
[2025-04-10T19:24:08.638+0000] {processor.py:157} INFO - Started process (PID=32441) to work on /workspaces/hands-on-introduction-data-engineering-4395021/airflow/dags/first_try/one_task_dag.py
[2025-04-10T19:24:08.639+0000] {processor.py:826} INFO - Processing file /workspaces/hands-on-introduction-data-engineering-4395021/airflow/dags/first_try/one_task_dag.py for tasks to queue
[2025-04-10T19:24:08.640+0000] {logging_mixin.py:150} INFO - [2025-04-10T19:24:08.639+0000] {dagbag.py:541} INFO - Filling up the DagBag from /workspaces/hands-on-introduction-data-engineering-4395021/airflow/dags/first_try/one_task_dag.py
[2025-04-10T19:24:08.646+0000] {processor.py:836} INFO - DAG(s) dict_keys(['one_task_dag']) retrieved from /workspaces/hands-on-introduction-data-engineering-4395021/airflow/dags/first_try/one_task_dag.py
[2025-04-10T19:24:08.663+0000] {logging_mixin.py:150} INFO - [2025-04-10T19:24:08.663+0000] {dag.py:2742} INFO - Sync 1 DAGs
[2025-04-10T19:24:08.677+0000] {logging_mixin.py:150} INFO - [2025-04-10T19:24:08.677+0000] {dag.py:3504} INFO - Setting next_dagrun for one_task_dag to None, run_after=None
[2025-04-10T19:24:08.690+0000] {processor.py:179} INFO - Processing /workspaces/hands-on-introduction-data-engineering-4395021/airflow/dags/first_try/one_task_dag.py took 0.054 seconds
[2025-04-10T19:24:39.037+0000] {processor.py:157} INFO - Started process (PID=32626) to work on /workspaces/hands-on-introduction-data-engineering-4395021/airflow/dags/first_try/one_task_dag.py
[2025-04-10T19:24:39.038+0000] {processor.py:826} INFO - Processing file /workspaces/hands-on-introduction-data-engineering-4395021/airflow/dags/first_try/one_task_dag.py for tasks to queue
[2025-04-10T19:24:39.038+0000] {logging_mixin.py:150} INFO - [2025-04-10T19:24:39.038+0000] {dagbag.py:541} INFO - Filling up the DagBag from /workspaces/hands-on-introduction-data-engineering-4395021/airflow/dags/first_try/one_task_dag.py
[2025-04-10T19:24:39.045+0000] {processor.py:836} INFO - DAG(s) dict_keys(['one_task_dag']) retrieved from /workspaces/hands-on-introduction-data-engineering-4395021/airflow/dags/first_try/one_task_dag.py
[2025-04-10T19:24:39.062+0000] {logging_mixin.py:150} INFO - [2025-04-10T19:24:39.062+0000] {dag.py:2742} INFO - Sync 1 DAGs
[2025-04-10T19:24:39.075+0000] {logging_mixin.py:150} INFO - [2025-04-10T19:24:39.075+0000] {dag.py:3504} INFO - Setting next_dagrun for one_task_dag to None, run_after=None
[2025-04-10T19:24:39.087+0000] {processor.py:179} INFO - Processing /workspaces/hands-on-introduction-data-engineering-4395021/airflow/dags/first_try/one_task_dag.py took 0.053 seconds
[2025-04-10T19:25:09.561+0000] {processor.py:157} INFO - Started process (PID=32805) to work on /workspaces/hands-on-introduction-data-engineering-4395021/airflow/dags/first_try/one_task_dag.py
[2025-04-10T19:25:09.562+0000] {processor.py:826} INFO - Processing file /workspaces/hands-on-introduction-data-engineering-4395021/airflow/dags/first_try/one_task_dag.py for tasks to queue
[2025-04-10T19:25:09.563+0000] {logging_mixin.py:150} INFO - [2025-04-10T19:25:09.562+0000] {dagbag.py:541} INFO - Filling up the DagBag from /workspaces/hands-on-introduction-data-engineering-4395021/airflow/dags/first_try/one_task_dag.py
[2025-04-10T19:25:09.569+0000] {processor.py:836} INFO - DAG(s) dict_keys(['one_task_dag']) retrieved from /workspaces/hands-on-introduction-data-engineering-4395021/airflow/dags/first_try/one_task_dag.py
[2025-04-10T19:25:09.586+0000] {logging_mixin.py:150} INFO - [2025-04-10T19:25:09.586+0000] {dag.py:2742} INFO - Sync 1 DAGs
[2025-04-10T19:25:09.599+0000] {logging_mixin.py:150} INFO - [2025-04-10T19:25:09.599+0000] {dag.py:3504} INFO - Setting next_dagrun for one_task_dag to None, run_after=None
[2025-04-10T19:25:09.612+0000] {processor.py:179} INFO - Processing /workspaces/hands-on-introduction-data-engineering-4395021/airflow/dags/first_try/one_task_dag.py took 0.052 seconds
[2025-04-10T19:25:39.942+0000] {processor.py:157} INFO - Started process (PID=32990) to work on /workspaces/hands-on-introduction-data-engineering-4395021/airflow/dags/first_try/one_task_dag.py
[2025-04-10T19:25:39.943+0000] {processor.py:826} INFO - Processing file /workspaces/hands-on-introduction-data-engineering-4395021/airflow/dags/first_try/one_task_dag.py for tasks to queue
[2025-04-10T19:25:39.943+0000] {logging_mixin.py:150} INFO - [2025-04-10T19:25:39.943+0000] {dagbag.py:541} INFO - Filling up the DagBag from /workspaces/hands-on-introduction-data-engineering-4395021/airflow/dags/first_try/one_task_dag.py
[2025-04-10T19:25:39.950+0000] {processor.py:836} INFO - DAG(s) dict_keys(['one_task_dag']) retrieved from /workspaces/hands-on-introduction-data-engineering-4395021/airflow/dags/first_try/one_task_dag.py
[2025-04-10T19:25:39.966+0000] {logging_mixin.py:150} INFO - [2025-04-10T19:25:39.966+0000] {dag.py:2742} INFO - Sync 1 DAGs
[2025-04-10T19:25:39.979+0000] {logging_mixin.py:150} INFO - [2025-04-10T19:25:39.979+0000] {dag.py:3504} INFO - Setting next_dagrun for one_task_dag to None, run_after=None
[2025-04-10T19:25:39.992+0000] {processor.py:179} INFO - Processing /workspaces/hands-on-introduction-data-engineering-4395021/airflow/dags/first_try/one_task_dag.py took 0.052 seconds
[2025-04-10T19:26:10.431+0000] {processor.py:157} INFO - Started process (PID=33176) to work on /workspaces/hands-on-introduction-data-engineering-4395021/airflow/dags/first_try/one_task_dag.py
[2025-04-10T19:26:10.432+0000] {processor.py:826} INFO - Processing file /workspaces/hands-on-introduction-data-engineering-4395021/airflow/dags/first_try/one_task_dag.py for tasks to queue
[2025-04-10T19:26:10.433+0000] {logging_mixin.py:150} INFO - [2025-04-10T19:26:10.432+0000] {dagbag.py:541} INFO - Filling up the DagBag from /workspaces/hands-on-introduction-data-engineering-4395021/airflow/dags/first_try/one_task_dag.py
[2025-04-10T19:26:10.439+0000] {processor.py:836} INFO - DAG(s) dict_keys(['one_task_dag']) retrieved from /workspaces/hands-on-introduction-data-engineering-4395021/airflow/dags/first_try/one_task_dag.py
[2025-04-10T19:26:10.455+0000] {logging_mixin.py:150} INFO - [2025-04-10T19:26:10.455+0000] {dag.py:2742} INFO - Sync 1 DAGs
[2025-04-10T19:26:10.468+0000] {logging_mixin.py:150} INFO - [2025-04-10T19:26:10.468+0000] {dag.py:3504} INFO - Setting next_dagrun for one_task_dag to None, run_after=None
[2025-04-10T19:26:10.482+0000] {processor.py:179} INFO - Processing /workspaces/hands-on-introduction-data-engineering-4395021/airflow/dags/first_try/one_task_dag.py took 0.053 seconds
[2025-04-10T19:26:40.928+0000] {processor.py:157} INFO - Started process (PID=33355) to work on /workspaces/hands-on-introduction-data-engineering-4395021/airflow/dags/first_try/one_task_dag.py
[2025-04-10T19:26:40.928+0000] {processor.py:826} INFO - Processing file /workspaces/hands-on-introduction-data-engineering-4395021/airflow/dags/first_try/one_task_dag.py for tasks to queue
[2025-04-10T19:26:40.929+0000] {logging_mixin.py:150} INFO - [2025-04-10T19:26:40.929+0000] {dagbag.py:541} INFO - Filling up the DagBag from /workspaces/hands-on-introduction-data-engineering-4395021/airflow/dags/first_try/one_task_dag.py
[2025-04-10T19:26:40.935+0000] {processor.py:836} INFO - DAG(s) dict_keys(['one_task_dag']) retrieved from /workspaces/hands-on-introduction-data-engineering-4395021/airflow/dags/first_try/one_task_dag.py
[2025-04-10T19:26:40.951+0000] {logging_mixin.py:150} INFO - [2025-04-10T19:26:40.951+0000] {dag.py:2742} INFO - Sync 1 DAGs
[2025-04-10T19:26:40.964+0000] {logging_mixin.py:150} INFO - [2025-04-10T19:26:40.964+0000] {dag.py:3504} INFO - Setting next_dagrun for one_task_dag to None, run_after=None
[2025-04-10T19:26:40.977+0000] {processor.py:179} INFO - Processing /workspaces/hands-on-introduction-data-engineering-4395021/airflow/dags/first_try/one_task_dag.py took 0.051 seconds
[2025-04-10T19:27:11.440+0000] {processor.py:157} INFO - Started process (PID=33541) to work on /workspaces/hands-on-introduction-data-engineering-4395021/airflow/dags/first_try/one_task_dag.py
[2025-04-10T19:27:11.441+0000] {processor.py:826} INFO - Processing file /workspaces/hands-on-introduction-data-engineering-4395021/airflow/dags/first_try/one_task_dag.py for tasks to queue
[2025-04-10T19:27:11.442+0000] {logging_mixin.py:150} INFO - [2025-04-10T19:27:11.441+0000] {dagbag.py:541} INFO - Filling up the DagBag from /workspaces/hands-on-introduction-data-engineering-4395021/airflow/dags/first_try/one_task_dag.py
[2025-04-10T19:27:11.448+0000] {processor.py:836} INFO - DAG(s) dict_keys(['one_task_dag']) retrieved from /workspaces/hands-on-introduction-data-engineering-4395021/airflow/dags/first_try/one_task_dag.py
[2025-04-10T19:27:11.465+0000] {logging_mixin.py:150} INFO - [2025-04-10T19:27:11.465+0000] {dag.py:2742} INFO - Sync 1 DAGs
[2025-04-10T19:27:11.479+0000] {logging_mixin.py:150} INFO - [2025-04-10T19:27:11.478+0000] {dag.py:3504} INFO - Setting next_dagrun for one_task_dag to None, run_after=None
[2025-04-10T19:27:11.492+0000] {processor.py:179} INFO - Processing /workspaces/hands-on-introduction-data-engineering-4395021/airflow/dags/first_try/one_task_dag.py took 0.054 seconds
[2025-04-10T19:27:42.079+0000] {processor.py:157} INFO - Started process (PID=33726) to work on /workspaces/hands-on-introduction-data-engineering-4395021/airflow/dags/first_try/one_task_dag.py
[2025-04-10T19:27:42.079+0000] {processor.py:826} INFO - Processing file /workspaces/hands-on-introduction-data-engineering-4395021/airflow/dags/first_try/one_task_dag.py for tasks to queue
[2025-04-10T19:27:42.080+0000] {logging_mixin.py:150} INFO - [2025-04-10T19:27:42.080+0000] {dagbag.py:541} INFO - Filling up the DagBag from /workspaces/hands-on-introduction-data-engineering-4395021/airflow/dags/first_try/one_task_dag.py
[2025-04-10T19:27:42.086+0000] {processor.py:836} INFO - DAG(s) dict_keys(['one_task_dag']) retrieved from /workspaces/hands-on-introduction-data-engineering-4395021/airflow/dags/first_try/one_task_dag.py
[2025-04-10T19:27:42.102+0000] {logging_mixin.py:150} INFO - [2025-04-10T19:27:42.102+0000] {dag.py:2742} INFO - Sync 1 DAGs
[2025-04-10T19:27:42.115+0000] {logging_mixin.py:150} INFO - [2025-04-10T19:27:42.115+0000] {dag.py:3504} INFO - Setting next_dagrun for one_task_dag to None, run_after=None
[2025-04-10T19:27:42.127+0000] {processor.py:179} INFO - Processing /workspaces/hands-on-introduction-data-engineering-4395021/airflow/dags/first_try/one_task_dag.py took 0.051 seconds
[2025-04-10T19:28:12.571+0000] {processor.py:157} INFO - Started process (PID=33906) to work on /workspaces/hands-on-introduction-data-engineering-4395021/airflow/dags/first_try/one_task_dag.py
[2025-04-10T19:28:12.572+0000] {processor.py:826} INFO - Processing file /workspaces/hands-on-introduction-data-engineering-4395021/airflow/dags/first_try/one_task_dag.py for tasks to queue
[2025-04-10T19:28:12.573+0000] {logging_mixin.py:150} INFO - [2025-04-10T19:28:12.572+0000] {dagbag.py:541} INFO - Filling up the DagBag from /workspaces/hands-on-introduction-data-engineering-4395021/airflow/dags/first_try/one_task_dag.py
[2025-04-10T19:28:12.579+0000] {processor.py:836} INFO - DAG(s) dict_keys(['one_task_dag']) retrieved from /workspaces/hands-on-introduction-data-engineering-4395021/airflow/dags/first_try/one_task_dag.py
[2025-04-10T19:28:12.595+0000] {logging_mixin.py:150} INFO - [2025-04-10T19:28:12.595+0000] {dag.py:2742} INFO - Sync 1 DAGs
[2025-04-10T19:28:12.608+0000] {logging_mixin.py:150} INFO - [2025-04-10T19:28:12.607+0000] {dag.py:3504} INFO - Setting next_dagrun for one_task_dag to None, run_after=None
[2025-04-10T19:28:12.620+0000] {processor.py:179} INFO - Processing /workspaces/hands-on-introduction-data-engineering-4395021/airflow/dags/first_try/one_task_dag.py took 0.051 seconds
[2025-04-10T19:28:43.070+0000] {processor.py:157} INFO - Started process (PID=34091) to work on /workspaces/hands-on-introduction-data-engineering-4395021/airflow/dags/first_try/one_task_dag.py
[2025-04-10T19:28:43.070+0000] {processor.py:826} INFO - Processing file /workspaces/hands-on-introduction-data-engineering-4395021/airflow/dags/first_try/one_task_dag.py for tasks to queue
[2025-04-10T19:28:43.071+0000] {logging_mixin.py:150} INFO - [2025-04-10T19:28:43.071+0000] {dagbag.py:541} INFO - Filling up the DagBag from /workspaces/hands-on-introduction-data-engineering-4395021/airflow/dags/first_try/one_task_dag.py
[2025-04-10T19:28:43.077+0000] {processor.py:836} INFO - DAG(s) dict_keys(['one_task_dag']) retrieved from /workspaces/hands-on-introduction-data-engineering-4395021/airflow/dags/first_try/one_task_dag.py
[2025-04-10T19:28:43.093+0000] {logging_mixin.py:150} INFO - [2025-04-10T19:28:43.093+0000] {dag.py:2742} INFO - Sync 1 DAGs
[2025-04-10T19:28:43.106+0000] {logging_mixin.py:150} INFO - [2025-04-10T19:28:43.106+0000] {dag.py:3504} INFO - Setting next_dagrun for one_task_dag to None, run_after=None
[2025-04-10T19:28:43.119+0000] {processor.py:179} INFO - Processing /workspaces/hands-on-introduction-data-engineering-4395021/airflow/dags/first_try/one_task_dag.py took 0.052 seconds
[2025-04-10T19:29:13.340+0000] {processor.py:157} INFO - Started process (PID=34276) to work on /workspaces/hands-on-introduction-data-engineering-4395021/airflow/dags/first_try/one_task_dag.py
[2025-04-10T19:29:13.341+0000] {processor.py:826} INFO - Processing file /workspaces/hands-on-introduction-data-engineering-4395021/airflow/dags/first_try/one_task_dag.py for tasks to queue
[2025-04-10T19:29:13.342+0000] {logging_mixin.py:150} INFO - [2025-04-10T19:29:13.341+0000] {dagbag.py:541} INFO - Filling up the DagBag from /workspaces/hands-on-introduction-data-engineering-4395021/airflow/dags/first_try/one_task_dag.py
[2025-04-10T19:29:13.352+0000] {processor.py:836} INFO - DAG(s) dict_keys(['one_task_dag']) retrieved from /workspaces/hands-on-introduction-data-engineering-4395021/airflow/dags/first_try/one_task_dag.py
[2025-04-10T19:29:13.375+0000] {logging_mixin.py:150} INFO - [2025-04-10T19:29:13.375+0000] {dag.py:2742} INFO - Sync 1 DAGs
[2025-04-10T19:29:13.389+0000] {logging_mixin.py:150} INFO - [2025-04-10T19:29:13.389+0000] {dag.py:3504} INFO - Setting next_dagrun for one_task_dag to None, run_after=None
[2025-04-10T19:29:13.402+0000] {processor.py:179} INFO - Processing /workspaces/hands-on-introduction-data-engineering-4395021/airflow/dags/first_try/one_task_dag.py took 0.066 seconds
[2025-04-10T19:29:43.603+0000] {processor.py:157} INFO - Started process (PID=34456) to work on /workspaces/hands-on-introduction-data-engineering-4395021/airflow/dags/first_try/one_task_dag.py
[2025-04-10T19:29:43.603+0000] {processor.py:826} INFO - Processing file /workspaces/hands-on-introduction-data-engineering-4395021/airflow/dags/first_try/one_task_dag.py for tasks to queue
[2025-04-10T19:29:43.604+0000] {logging_mixin.py:150} INFO - [2025-04-10T19:29:43.604+0000] {dagbag.py:541} INFO - Filling up the DagBag from /workspaces/hands-on-introduction-data-engineering-4395021/airflow/dags/first_try/one_task_dag.py
[2025-04-10T19:29:43.611+0000] {processor.py:836} INFO - DAG(s) dict_keys(['one_task_dag']) retrieved from /workspaces/hands-on-introduction-data-engineering-4395021/airflow/dags/first_try/one_task_dag.py
[2025-04-10T19:29:43.627+0000] {logging_mixin.py:150} INFO - [2025-04-10T19:29:43.627+0000] {dag.py:2742} INFO - Sync 1 DAGs
[2025-04-10T19:29:43.640+0000] {logging_mixin.py:150} INFO - [2025-04-10T19:29:43.640+0000] {dag.py:3504} INFO - Setting next_dagrun for one_task_dag to None, run_after=None
[2025-04-10T19:29:43.653+0000] {processor.py:179} INFO - Processing /workspaces/hands-on-introduction-data-engineering-4395021/airflow/dags/first_try/one_task_dag.py took 0.053 seconds
[2025-04-10T19:30:13.866+0000] {processor.py:157} INFO - Started process (PID=34641) to work on /workspaces/hands-on-introduction-data-engineering-4395021/airflow/dags/first_try/one_task_dag.py
[2025-04-10T19:30:13.866+0000] {processor.py:826} INFO - Processing file /workspaces/hands-on-introduction-data-engineering-4395021/airflow/dags/first_try/one_task_dag.py for tasks to queue
[2025-04-10T19:30:13.867+0000] {logging_mixin.py:150} INFO - [2025-04-10T19:30:13.867+0000] {dagbag.py:541} INFO - Filling up the DagBag from /workspaces/hands-on-introduction-data-engineering-4395021/airflow/dags/first_try/one_task_dag.py
[2025-04-10T19:30:13.873+0000] {processor.py:836} INFO - DAG(s) dict_keys(['one_task_dag']) retrieved from /workspaces/hands-on-introduction-data-engineering-4395021/airflow/dags/first_try/one_task_dag.py
[2025-04-10T19:30:13.889+0000] {logging_mixin.py:150} INFO - [2025-04-10T19:30:13.889+0000] {dag.py:2742} INFO - Sync 1 DAGs
[2025-04-10T19:30:13.903+0000] {logging_mixin.py:150} INFO - [2025-04-10T19:30:13.902+0000] {dag.py:3504} INFO - Setting next_dagrun for one_task_dag to None, run_after=None
[2025-04-10T19:30:13.916+0000] {processor.py:179} INFO - Processing /workspaces/hands-on-introduction-data-engineering-4395021/airflow/dags/first_try/one_task_dag.py took 0.052 seconds
[2025-04-10T19:30:44.126+0000] {processor.py:157} INFO - Started process (PID=34820) to work on /workspaces/hands-on-introduction-data-engineering-4395021/airflow/dags/first_try/one_task_dag.py
[2025-04-10T19:30:44.127+0000] {processor.py:826} INFO - Processing file /workspaces/hands-on-introduction-data-engineering-4395021/airflow/dags/first_try/one_task_dag.py for tasks to queue
[2025-04-10T19:30:44.127+0000] {logging_mixin.py:150} INFO - [2025-04-10T19:30:44.127+0000] {dagbag.py:541} INFO - Filling up the DagBag from /workspaces/hands-on-introduction-data-engineering-4395021/airflow/dags/first_try/one_task_dag.py
[2025-04-10T19:30:44.134+0000] {processor.py:836} INFO - DAG(s) dict_keys(['one_task_dag']) retrieved from /workspaces/hands-on-introduction-data-engineering-4395021/airflow/dags/first_try/one_task_dag.py
[2025-04-10T19:30:44.150+0000] {logging_mixin.py:150} INFO - [2025-04-10T19:30:44.150+0000] {dag.py:2742} INFO - Sync 1 DAGs
[2025-04-10T19:30:44.164+0000] {logging_mixin.py:150} INFO - [2025-04-10T19:30:44.164+0000] {dag.py:3504} INFO - Setting next_dagrun for one_task_dag to None, run_after=None
[2025-04-10T19:30:44.176+0000] {processor.py:179} INFO - Processing /workspaces/hands-on-introduction-data-engineering-4395021/airflow/dags/first_try/one_task_dag.py took 0.053 seconds
[2025-04-10T19:31:15.521+0000] {processor.py:157} INFO - Started process (PID=35006) to work on /workspaces/hands-on-introduction-data-engineering-4395021/airflow/dags/first_try/one_task_dag.py
[2025-04-10T19:31:15.522+0000] {processor.py:826} INFO - Processing file /workspaces/hands-on-introduction-data-engineering-4395021/airflow/dags/first_try/one_task_dag.py for tasks to queue
[2025-04-10T19:31:15.523+0000] {logging_mixin.py:150} INFO - [2025-04-10T19:31:15.522+0000] {dagbag.py:541} INFO - Filling up the DagBag from /workspaces/hands-on-introduction-data-engineering-4395021/airflow/dags/first_try/one_task_dag.py
[2025-04-10T19:31:15.529+0000] {processor.py:836} INFO - DAG(s) dict_keys(['one_task_dag']) retrieved from /workspaces/hands-on-introduction-data-engineering-4395021/airflow/dags/first_try/one_task_dag.py
[2025-04-10T19:31:15.544+0000] {logging_mixin.py:150} INFO - [2025-04-10T19:31:15.544+0000] {dag.py:2742} INFO - Sync 1 DAGs
[2025-04-10T19:31:15.563+0000] {logging_mixin.py:150} INFO - [2025-04-10T19:31:15.563+0000] {dag.py:3504} INFO - Setting next_dagrun for one_task_dag to None, run_after=None
[2025-04-10T19:31:15.582+0000] {processor.py:179} INFO - Processing /workspaces/hands-on-introduction-data-engineering-4395021/airflow/dags/first_try/one_task_dag.py took 0.063 seconds
[2025-04-10T19:31:45.782+0000] {processor.py:157} INFO - Started process (PID=35192) to work on /workspaces/hands-on-introduction-data-engineering-4395021/airflow/dags/first_try/one_task_dag.py
[2025-04-10T19:31:45.783+0000] {processor.py:826} INFO - Processing file /workspaces/hands-on-introduction-data-engineering-4395021/airflow/dags/first_try/one_task_dag.py for tasks to queue
[2025-04-10T19:31:45.784+0000] {logging_mixin.py:150} INFO - [2025-04-10T19:31:45.783+0000] {dagbag.py:541} INFO - Filling up the DagBag from /workspaces/hands-on-introduction-data-engineering-4395021/airflow/dags/first_try/one_task_dag.py
[2025-04-10T19:31:45.790+0000] {processor.py:836} INFO - DAG(s) dict_keys(['one_task_dag']) retrieved from /workspaces/hands-on-introduction-data-engineering-4395021/airflow/dags/first_try/one_task_dag.py
[2025-04-10T19:31:45.807+0000] {logging_mixin.py:150} INFO - [2025-04-10T19:31:45.807+0000] {dag.py:2742} INFO - Sync 1 DAGs
[2025-04-10T19:31:45.821+0000] {logging_mixin.py:150} INFO - [2025-04-10T19:31:45.821+0000] {dag.py:3504} INFO - Setting next_dagrun for one_task_dag to None, run_after=None
[2025-04-10T19:31:45.834+0000] {processor.py:179} INFO - Processing /workspaces/hands-on-introduction-data-engineering-4395021/airflow/dags/first_try/one_task_dag.py took 0.054 seconds
[2025-04-10T19:32:16.043+0000] {processor.py:157} INFO - Started process (PID=35371) to work on /workspaces/hands-on-introduction-data-engineering-4395021/airflow/dags/first_try/one_task_dag.py
[2025-04-10T19:32:16.044+0000] {processor.py:826} INFO - Processing file /workspaces/hands-on-introduction-data-engineering-4395021/airflow/dags/first_try/one_task_dag.py for tasks to queue
[2025-04-10T19:32:16.044+0000] {logging_mixin.py:150} INFO - [2025-04-10T19:32:16.044+0000] {dagbag.py:541} INFO - Filling up the DagBag from /workspaces/hands-on-introduction-data-engineering-4395021/airflow/dags/first_try/one_task_dag.py
[2025-04-10T19:32:16.051+0000] {processor.py:836} INFO - DAG(s) dict_keys(['one_task_dag']) retrieved from /workspaces/hands-on-introduction-data-engineering-4395021/airflow/dags/first_try/one_task_dag.py
[2025-04-10T19:32:16.067+0000] {logging_mixin.py:150} INFO - [2025-04-10T19:32:16.067+0000] {dag.py:2742} INFO - Sync 1 DAGs
[2025-04-10T19:32:16.079+0000] {logging_mixin.py:150} INFO - [2025-04-10T19:32:16.079+0000] {dag.py:3504} INFO - Setting next_dagrun for one_task_dag to None, run_after=None
[2025-04-10T19:32:16.092+0000] {processor.py:179} INFO - Processing /workspaces/hands-on-introduction-data-engineering-4395021/airflow/dags/first_try/one_task_dag.py took 0.051 seconds
