[2025-04-13T10:10:04.019+0000] {processor.py:157} INFO - Started process (PID=17739) to work on /workspaces/hands-on-introduction-data-engineering-4395021/airflow/dags/third_four_task_dag.py
[2025-04-13T10:10:04.019+0000] {processor.py:826} INFO - Processing file /workspaces/hands-on-introduction-data-engineering-4395021/airflow/dags/third_four_task_dag.py for tasks to queue
[2025-04-13T10:10:04.020+0000] {logging_mixin.py:150} INFO - [2025-04-13T10:10:04.020+0000] {dagbag.py:541} INFO - Filling up the DagBag from /workspaces/hands-on-introduction-data-engineering-4395021/airflow/dags/third_four_task_dag.py
[2025-04-13T10:10:04.028+0000] {processor.py:836} INFO - DAG(s) dict_keys(['third_four_task_dag']) retrieved from /workspaces/hands-on-introduction-data-engineering-4395021/airflow/dags/third_four_task_dag.py
[2025-04-13T10:10:04.137+0000] {logging_mixin.py:150} INFO - [2025-04-13T10:10:04.137+0000] {manager.py:504} INFO - Created Permission View: can delete on DAG:third_four_task_dag
[2025-04-13T10:10:04.154+0000] {logging_mixin.py:150} INFO - [2025-04-13T10:10:04.154+0000] {manager.py:504} INFO - Created Permission View: can read on DAG:third_four_task_dag
[2025-04-13T10:10:04.177+0000] {logging_mixin.py:150} INFO - [2025-04-13T10:10:04.177+0000] {manager.py:504} INFO - Created Permission View: can edit on DAG:third_four_task_dag
[2025-04-13T10:10:04.197+0000] {logging_mixin.py:150} INFO - [2025-04-13T10:10:04.197+0000] {dag.py:2742} INFO - Sync 1 DAGs
[2025-04-13T10:10:04.210+0000] {logging_mixin.py:150} INFO - [2025-04-13T10:10:04.210+0000] {dag.py:2763} INFO - Creating ORM DAG for third_four_task_dag
[2025-04-13T10:10:04.226+0000] {logging_mixin.py:150} INFO - [2025-04-13T10:10:04.226+0000] {dag.py:3504} INFO - Setting next_dagrun for third_four_task_dag to 2025-04-12T00:00:00+00:00, run_after=2025-04-13T00:00:00+00:00
[2025-04-13T10:10:04.276+0000] {processor.py:179} INFO - Processing /workspaces/hands-on-introduction-data-engineering-4395021/airflow/dags/third_four_task_dag.py took 0.260 seconds
[2025-04-13T10:10:09.644+0000] {processor.py:157} INFO - Started process (PID=17774) to work on /workspaces/hands-on-introduction-data-engineering-4395021/airflow/dags/third_four_task_dag.py
[2025-04-13T10:10:09.644+0000] {processor.py:826} INFO - Processing file /workspaces/hands-on-introduction-data-engineering-4395021/airflow/dags/third_four_task_dag.py for tasks to queue
[2025-04-13T10:10:09.645+0000] {logging_mixin.py:150} INFO - [2025-04-13T10:10:09.645+0000] {dagbag.py:541} INFO - Filling up the DagBag from /workspaces/hands-on-introduction-data-engineering-4395021/airflow/dags/third_four_task_dag.py
[2025-04-13T10:10:09.654+0000] {logging_mixin.py:150} INFO - [2025-04-13T10:10:09.652+0000] {dagbag.py:350} ERROR - Failed to import: /workspaces/hands-on-introduction-data-engineering-4395021/airflow/dags/third_four_task_dag.py
Traceback (most recent call last):
  File "/home/vscode/.local/lib/python3.10/site-packages/airflow/models/dagbag.py", line 346, in parse
    loader.exec_module(new_module)
  File "<frozen importlib._bootstrap_external>", line 883, in exec_module
  File "<frozen importlib._bootstrap>", line 241, in _call_with_frames_removed
  File "/workspaces/hands-on-introduction-data-engineering-4395021/airflow/dags/third_four_task_dag.py", line 50, in <module>
    task_four.set_
AttributeError: 'BashOperator' object has no attribute 'set_'
[2025-04-13T10:10:09.654+0000] {processor.py:838} WARNING - No viable dags retrieved from /workspaces/hands-on-introduction-data-engineering-4395021/airflow/dags/third_four_task_dag.py
[2025-04-13T10:10:09.669+0000] {processor.py:179} INFO - Processing /workspaces/hands-on-introduction-data-engineering-4395021/airflow/dags/third_four_task_dag.py took 0.027 seconds
[2025-04-13T10:10:13.717+0000] {processor.py:157} INFO - Started process (PID=17808) to work on /workspaces/hands-on-introduction-data-engineering-4395021/airflow/dags/third_four_task_dag.py
[2025-04-13T10:10:13.718+0000] {processor.py:826} INFO - Processing file /workspaces/hands-on-introduction-data-engineering-4395021/airflow/dags/third_four_task_dag.py for tasks to queue
[2025-04-13T10:10:13.718+0000] {logging_mixin.py:150} INFO - [2025-04-13T10:10:13.718+0000] {dagbag.py:541} INFO - Filling up the DagBag from /workspaces/hands-on-introduction-data-engineering-4395021/airflow/dags/third_four_task_dag.py
[2025-04-13T10:10:13.725+0000] {logging_mixin.py:150} INFO - [2025-04-13T10:10:13.724+0000] {dagbag.py:350} ERROR - Failed to import: /workspaces/hands-on-introduction-data-engineering-4395021/airflow/dags/third_four_task_dag.py
Traceback (most recent call last):
  File "/home/vscode/.local/lib/python3.10/site-packages/airflow/models/dagbag.py", line 346, in parse
    loader.exec_module(new_module)
  File "<frozen importlib._bootstrap_external>", line 883, in exec_module
  File "<frozen importlib._bootstrap>", line 241, in _call_with_frames_removed
  File "/workspaces/hands-on-introduction-data-engineering-4395021/airflow/dags/third_four_task_dag.py", line 50, in <module>
    task_four.set_downstream(task_t)
NameError: name 'task_t' is not defined. Did you mean: 'task_two'?
[2025-04-13T10:10:13.726+0000] {processor.py:838} WARNING - No viable dags retrieved from /workspaces/hands-on-introduction-data-engineering-4395021/airflow/dags/third_four_task_dag.py
[2025-04-13T10:10:13.738+0000] {processor.py:179} INFO - Processing /workspaces/hands-on-introduction-data-engineering-4395021/airflow/dags/third_four_task_dag.py took 0.023 seconds
[2025-04-13T10:10:15.883+0000] {processor.py:157} INFO - Started process (PID=17817) to work on /workspaces/hands-on-introduction-data-engineering-4395021/airflow/dags/third_four_task_dag.py
[2025-04-13T10:10:15.884+0000] {processor.py:826} INFO - Processing file /workspaces/hands-on-introduction-data-engineering-4395021/airflow/dags/third_four_task_dag.py for tasks to queue
[2025-04-13T10:10:15.885+0000] {logging_mixin.py:150} INFO - [2025-04-13T10:10:15.884+0000] {dagbag.py:541} INFO - Filling up the DagBag from /workspaces/hands-on-introduction-data-engineering-4395021/airflow/dags/third_four_task_dag.py
[2025-04-13T10:10:15.899+0000] {processor.py:836} INFO - DAG(s) dict_keys(['third_four_task_dag']) retrieved from /workspaces/hands-on-introduction-data-engineering-4395021/airflow/dags/third_four_task_dag.py
[2025-04-13T10:10:15.907+0000] {logging_mixin.py:150} INFO - [2025-04-13T10:10:15.907+0000] {dag.py:2742} INFO - Sync 1 DAGs
[2025-04-13T10:10:15.932+0000] {logging_mixin.py:150} INFO - [2025-04-13T10:10:15.931+0000] {dag.py:3504} INFO - Setting next_dagrun for third_four_task_dag to 2025-04-12T00:00:00+00:00, run_after=2025-04-13T00:00:00+00:00
[2025-04-13T10:10:15.956+0000] {processor.py:179} INFO - Processing /workspaces/hands-on-introduction-data-engineering-4395021/airflow/dags/third_four_task_dag.py took 0.076 seconds
[2025-04-13T10:10:27.513+0000] {processor.py:157} INFO - Started process (PID=17898) to work on /workspaces/hands-on-introduction-data-engineering-4395021/airflow/dags/third_four_task_dag.py
[2025-04-13T10:10:27.514+0000] {processor.py:826} INFO - Processing file /workspaces/hands-on-introduction-data-engineering-4395021/airflow/dags/third_four_task_dag.py for tasks to queue
[2025-04-13T10:10:27.514+0000] {logging_mixin.py:150} INFO - [2025-04-13T10:10:27.514+0000] {dagbag.py:541} INFO - Filling up the DagBag from /workspaces/hands-on-introduction-data-engineering-4395021/airflow/dags/third_four_task_dag.py
[2025-04-13T10:10:27.523+0000] {processor.py:836} INFO - DAG(s) dict_keys(['third_four_task_dag']) retrieved from /workspaces/hands-on-introduction-data-engineering-4395021/airflow/dags/third_four_task_dag.py
[2025-04-13T10:10:27.528+0000] {logging_mixin.py:150} INFO - [2025-04-13T10:10:27.528+0000] {dag.py:2742} INFO - Sync 1 DAGs
[2025-04-13T10:10:27.543+0000] {logging_mixin.py:150} INFO - [2025-04-13T10:10:27.543+0000] {dag.py:3504} INFO - Setting next_dagrun for third_four_task_dag to 2025-04-12T00:00:00+00:00, run_after=2025-04-13T00:00:00+00:00
[2025-04-13T10:10:27.558+0000] {processor.py:179} INFO - Processing /workspaces/hands-on-introduction-data-engineering-4395021/airflow/dags/third_four_task_dag.py took 0.047 seconds
[2025-04-13T10:10:29.567+0000] {processor.py:157} INFO - Started process (PID=17914) to work on /workspaces/hands-on-introduction-data-engineering-4395021/airflow/dags/third_four_task_dag.py
[2025-04-13T10:10:29.568+0000] {processor.py:826} INFO - Processing file /workspaces/hands-on-introduction-data-engineering-4395021/airflow/dags/third_four_task_dag.py for tasks to queue
[2025-04-13T10:10:29.569+0000] {logging_mixin.py:150} INFO - [2025-04-13T10:10:29.568+0000] {dagbag.py:541} INFO - Filling up the DagBag from /workspaces/hands-on-introduction-data-engineering-4395021/airflow/dags/third_four_task_dag.py
[2025-04-13T10:10:29.577+0000] {processor.py:836} INFO - DAG(s) dict_keys(['third_four_task_dag']) retrieved from /workspaces/hands-on-introduction-data-engineering-4395021/airflow/dags/third_four_task_dag.py
[2025-04-13T10:10:29.583+0000] {logging_mixin.py:150} INFO - [2025-04-13T10:10:29.582+0000] {dag.py:2742} INFO - Sync 1 DAGs
[2025-04-13T10:10:29.596+0000] {logging_mixin.py:150} INFO - [2025-04-13T10:10:29.596+0000] {dag.py:3504} INFO - Setting next_dagrun for third_four_task_dag to 2025-04-12T00:00:00+00:00, run_after=2025-04-13T00:00:00+00:00
[2025-04-13T10:10:29.611+0000] {processor.py:179} INFO - Processing /workspaces/hands-on-introduction-data-engineering-4395021/airflow/dags/third_four_task_dag.py took 0.045 seconds
[2025-04-13T10:11:00.068+0000] {processor.py:157} INFO - Started process (PID=18096) to work on /workspaces/hands-on-introduction-data-engineering-4395021/airflow/dags/third_four_task_dag.py
[2025-04-13T10:11:00.068+0000] {processor.py:826} INFO - Processing file /workspaces/hands-on-introduction-data-engineering-4395021/airflow/dags/third_four_task_dag.py for tasks to queue
[2025-04-13T10:11:00.069+0000] {logging_mixin.py:150} INFO - [2025-04-13T10:11:00.069+0000] {dagbag.py:541} INFO - Filling up the DagBag from /workspaces/hands-on-introduction-data-engineering-4395021/airflow/dags/third_four_task_dag.py
[2025-04-13T10:11:00.077+0000] {processor.py:836} INFO - DAG(s) dict_keys(['third_four_task_dag']) retrieved from /workspaces/hands-on-introduction-data-engineering-4395021/airflow/dags/third_four_task_dag.py
[2025-04-13T10:11:00.146+0000] {logging_mixin.py:150} INFO - [2025-04-13T10:11:00.146+0000] {dag.py:2742} INFO - Sync 1 DAGs
[2025-04-13T10:11:00.158+0000] {logging_mixin.py:150} INFO - [2025-04-13T10:11:00.158+0000] {dag.py:3504} INFO - Setting next_dagrun for third_four_task_dag to 2025-04-12T00:00:00+00:00, run_after=2025-04-13T00:00:00+00:00
[2025-04-13T10:11:00.172+0000] {processor.py:179} INFO - Processing /workspaces/hands-on-introduction-data-engineering-4395021/airflow/dags/third_four_task_dag.py took 0.106 seconds
[2025-04-13T10:11:30.712+0000] {processor.py:157} INFO - Started process (PID=18286) to work on /workspaces/hands-on-introduction-data-engineering-4395021/airflow/dags/third_four_task_dag.py
[2025-04-13T10:11:30.713+0000] {processor.py:826} INFO - Processing file /workspaces/hands-on-introduction-data-engineering-4395021/airflow/dags/third_four_task_dag.py for tasks to queue
[2025-04-13T10:11:30.714+0000] {logging_mixin.py:150} INFO - [2025-04-13T10:11:30.714+0000] {dagbag.py:541} INFO - Filling up the DagBag from /workspaces/hands-on-introduction-data-engineering-4395021/airflow/dags/third_four_task_dag.py
[2025-04-13T10:11:30.726+0000] {processor.py:836} INFO - DAG(s) dict_keys(['third_four_task_dag']) retrieved from /workspaces/hands-on-introduction-data-engineering-4395021/airflow/dags/third_four_task_dag.py
[2025-04-13T10:11:30.749+0000] {logging_mixin.py:150} INFO - [2025-04-13T10:11:30.749+0000] {dag.py:2742} INFO - Sync 1 DAGs
[2025-04-13T10:11:30.762+0000] {logging_mixin.py:150} INFO - [2025-04-13T10:11:30.762+0000] {dag.py:3504} INFO - Setting next_dagrun for third_four_task_dag to 2025-04-12T00:00:00+00:00, run_after=2025-04-13T00:00:00+00:00
[2025-04-13T10:11:30.775+0000] {processor.py:179} INFO - Processing /workspaces/hands-on-introduction-data-engineering-4395021/airflow/dags/third_four_task_dag.py took 0.066 seconds
[2025-04-13T10:12:01.305+0000] {processor.py:157} INFO - Started process (PID=18474) to work on /workspaces/hands-on-introduction-data-engineering-4395021/airflow/dags/third_four_task_dag.py
[2025-04-13T10:12:01.306+0000] {processor.py:826} INFO - Processing file /workspaces/hands-on-introduction-data-engineering-4395021/airflow/dags/third_four_task_dag.py for tasks to queue
[2025-04-13T10:12:01.307+0000] {logging_mixin.py:150} INFO - [2025-04-13T10:12:01.306+0000] {dagbag.py:541} INFO - Filling up the DagBag from /workspaces/hands-on-introduction-data-engineering-4395021/airflow/dags/third_four_task_dag.py
[2025-04-13T10:12:01.315+0000] {processor.py:836} INFO - DAG(s) dict_keys(['third_four_task_dag']) retrieved from /workspaces/hands-on-introduction-data-engineering-4395021/airflow/dags/third_four_task_dag.py
[2025-04-13T10:12:01.331+0000] {logging_mixin.py:150} INFO - [2025-04-13T10:12:01.331+0000] {dag.py:2742} INFO - Sync 1 DAGs
[2025-04-13T10:12:01.344+0000] {logging_mixin.py:150} INFO - [2025-04-13T10:12:01.344+0000] {dag.py:3504} INFO - Setting next_dagrun for third_four_task_dag to 2025-04-12T00:00:00+00:00, run_after=2025-04-13T00:00:00+00:00
[2025-04-13T10:12:01.358+0000] {processor.py:179} INFO - Processing /workspaces/hands-on-introduction-data-engineering-4395021/airflow/dags/third_four_task_dag.py took 0.054 seconds
[2025-04-13T10:12:31.901+0000] {processor.py:157} INFO - Started process (PID=18655) to work on /workspaces/hands-on-introduction-data-engineering-4395021/airflow/dags/third_four_task_dag.py
[2025-04-13T10:12:31.902+0000] {processor.py:826} INFO - Processing file /workspaces/hands-on-introduction-data-engineering-4395021/airflow/dags/third_four_task_dag.py for tasks to queue
[2025-04-13T10:12:31.902+0000] {logging_mixin.py:150} INFO - [2025-04-13T10:12:31.902+0000] {dagbag.py:541} INFO - Filling up the DagBag from /workspaces/hands-on-introduction-data-engineering-4395021/airflow/dags/third_four_task_dag.py
[2025-04-13T10:12:31.911+0000] {processor.py:836} INFO - DAG(s) dict_keys(['third_four_task_dag']) retrieved from /workspaces/hands-on-introduction-data-engineering-4395021/airflow/dags/third_four_task_dag.py
[2025-04-13T10:12:31.929+0000] {logging_mixin.py:150} INFO - [2025-04-13T10:12:31.929+0000] {dag.py:2742} INFO - Sync 1 DAGs
[2025-04-13T10:12:31.942+0000] {logging_mixin.py:150} INFO - [2025-04-13T10:12:31.942+0000] {dag.py:3504} INFO - Setting next_dagrun for third_four_task_dag to 2025-04-12T00:00:00+00:00, run_after=2025-04-13T00:00:00+00:00
[2025-04-13T10:12:31.955+0000] {processor.py:179} INFO - Processing /workspaces/hands-on-introduction-data-engineering-4395021/airflow/dags/third_four_task_dag.py took 0.056 seconds
[2025-04-13T10:12:48.153+0000] {processor.py:157} INFO - Started process (PID=18764) to work on /workspaces/hands-on-introduction-data-engineering-4395021/airflow/dags/third_four_task_dag.py
[2025-04-13T10:12:48.156+0000] {processor.py:826} INFO - Processing file /workspaces/hands-on-introduction-data-engineering-4395021/airflow/dags/third_four_task_dag.py for tasks to queue
[2025-04-13T10:12:48.156+0000] {logging_mixin.py:150} INFO - [2025-04-13T10:12:48.156+0000] {dagbag.py:541} INFO - Filling up the DagBag from /workspaces/hands-on-introduction-data-engineering-4395021/airflow/dags/third_four_task_dag.py
[2025-04-13T10:12:48.181+0000] {processor.py:836} INFO - DAG(s) dict_keys(['third_four_task_dag']) retrieved from /workspaces/hands-on-introduction-data-engineering-4395021/airflow/dags/third_four_task_dag.py
[2025-04-13T10:12:48.468+0000] {logging_mixin.py:150} INFO - [2025-04-13T10:12:48.468+0000] {dag.py:2742} INFO - Sync 1 DAGs
[2025-04-13T10:12:48.511+0000] {logging_mixin.py:150} INFO - [2025-04-13T10:12:48.511+0000] {dag.py:3504} INFO - Setting next_dagrun for third_four_task_dag to 2025-04-12T00:00:00+00:00, run_after=2025-04-13T00:00:00+00:00
[2025-04-13T10:12:48.525+0000] {processor.py:179} INFO - Processing /workspaces/hands-on-introduction-data-engineering-4395021/airflow/dags/third_four_task_dag.py took 0.378 seconds
[2025-04-13T10:13:18.737+0000] {processor.py:157} INFO - Started process (PID=18952) to work on /workspaces/hands-on-introduction-data-engineering-4395021/airflow/dags/third_four_task_dag.py
[2025-04-13T10:13:18.738+0000] {processor.py:826} INFO - Processing file /workspaces/hands-on-introduction-data-engineering-4395021/airflow/dags/third_four_task_dag.py for tasks to queue
[2025-04-13T10:13:18.739+0000] {logging_mixin.py:150} INFO - [2025-04-13T10:13:18.738+0000] {dagbag.py:541} INFO - Filling up the DagBag from /workspaces/hands-on-introduction-data-engineering-4395021/airflow/dags/third_four_task_dag.py
[2025-04-13T10:13:18.747+0000] {processor.py:836} INFO - DAG(s) dict_keys(['third_four_task_dag']) retrieved from /workspaces/hands-on-introduction-data-engineering-4395021/airflow/dags/third_four_task_dag.py
[2025-04-13T10:13:18.763+0000] {logging_mixin.py:150} INFO - [2025-04-13T10:13:18.763+0000] {dag.py:2742} INFO - Sync 1 DAGs
[2025-04-13T10:13:18.776+0000] {logging_mixin.py:150} INFO - [2025-04-13T10:13:18.776+0000] {dag.py:3504} INFO - Setting next_dagrun for third_four_task_dag to 2025-04-12T00:00:00+00:00, run_after=2025-04-13T00:00:00+00:00
[2025-04-13T10:13:18.790+0000] {processor.py:179} INFO - Processing /workspaces/hands-on-introduction-data-engineering-4395021/airflow/dags/third_four_task_dag.py took 0.055 seconds
[2025-04-13T10:13:49.104+0000] {processor.py:157} INFO - Started process (PID=19139) to work on /workspaces/hands-on-introduction-data-engineering-4395021/airflow/dags/third_four_task_dag.py
[2025-04-13T10:13:49.104+0000] {processor.py:826} INFO - Processing file /workspaces/hands-on-introduction-data-engineering-4395021/airflow/dags/third_four_task_dag.py for tasks to queue
[2025-04-13T10:13:49.105+0000] {logging_mixin.py:150} INFO - [2025-04-13T10:13:49.105+0000] {dagbag.py:541} INFO - Filling up the DagBag from /workspaces/hands-on-introduction-data-engineering-4395021/airflow/dags/third_four_task_dag.py
[2025-04-13T10:13:49.113+0000] {processor.py:836} INFO - DAG(s) dict_keys(['third_four_task_dag']) retrieved from /workspaces/hands-on-introduction-data-engineering-4395021/airflow/dags/third_four_task_dag.py
[2025-04-13T10:13:49.129+0000] {logging_mixin.py:150} INFO - [2025-04-13T10:13:49.129+0000] {dag.py:2742} INFO - Sync 1 DAGs
[2025-04-13T10:13:49.143+0000] {logging_mixin.py:150} INFO - [2025-04-13T10:13:49.143+0000] {dag.py:3504} INFO - Setting next_dagrun for third_four_task_dag to 2025-04-12T00:00:00+00:00, run_after=2025-04-13T00:00:00+00:00
[2025-04-13T10:13:49.157+0000] {processor.py:179} INFO - Processing /workspaces/hands-on-introduction-data-engineering-4395021/airflow/dags/third_four_task_dag.py took 0.055 seconds
[2025-04-13T10:14:19.583+0000] {processor.py:157} INFO - Started process (PID=19328) to work on /workspaces/hands-on-introduction-data-engineering-4395021/airflow/dags/third_four_task_dag.py
[2025-04-13T10:14:19.583+0000] {processor.py:826} INFO - Processing file /workspaces/hands-on-introduction-data-engineering-4395021/airflow/dags/third_four_task_dag.py for tasks to queue
[2025-04-13T10:14:19.584+0000] {logging_mixin.py:150} INFO - [2025-04-13T10:14:19.584+0000] {dagbag.py:541} INFO - Filling up the DagBag from /workspaces/hands-on-introduction-data-engineering-4395021/airflow/dags/third_four_task_dag.py
[2025-04-13T10:14:19.592+0000] {processor.py:836} INFO - DAG(s) dict_keys(['third_four_task_dag']) retrieved from /workspaces/hands-on-introduction-data-engineering-4395021/airflow/dags/third_four_task_dag.py
[2025-04-13T10:14:19.608+0000] {logging_mixin.py:150} INFO - [2025-04-13T10:14:19.608+0000] {dag.py:2742} INFO - Sync 1 DAGs
[2025-04-13T10:14:19.621+0000] {logging_mixin.py:150} INFO - [2025-04-13T10:14:19.621+0000] {dag.py:3504} INFO - Setting next_dagrun for third_four_task_dag to 2025-04-12T00:00:00+00:00, run_after=2025-04-13T00:00:00+00:00
[2025-04-13T10:14:19.634+0000] {processor.py:179} INFO - Processing /workspaces/hands-on-introduction-data-engineering-4395021/airflow/dags/third_four_task_dag.py took 0.054 seconds
[2025-04-13T10:14:25.771+0000] {processor.py:157} INFO - Started process (PID=19372) to work on /workspaces/hands-on-introduction-data-engineering-4395021/airflow/dags/third_four_task_dag.py
[2025-04-13T10:14:25.772+0000] {processor.py:826} INFO - Processing file /workspaces/hands-on-introduction-data-engineering-4395021/airflow/dags/third_four_task_dag.py for tasks to queue
[2025-04-13T10:14:25.773+0000] {logging_mixin.py:150} INFO - [2025-04-13T10:14:25.772+0000] {dagbag.py:541} INFO - Filling up the DagBag from /workspaces/hands-on-introduction-data-engineering-4395021/airflow/dags/third_four_task_dag.py
[2025-04-13T10:14:25.781+0000] {processor.py:836} INFO - DAG(s) dict_keys(['third_four_task_dag']) retrieved from /workspaces/hands-on-introduction-data-engineering-4395021/airflow/dags/third_four_task_dag.py
[2025-04-13T10:14:25.797+0000] {logging_mixin.py:150} INFO - [2025-04-13T10:14:25.797+0000] {dag.py:2742} INFO - Sync 1 DAGs
[2025-04-13T10:14:25.810+0000] {logging_mixin.py:150} INFO - [2025-04-13T10:14:25.810+0000] {dag.py:3504} INFO - Setting next_dagrun for third_four_task_dag to 2025-04-12T00:00:00+00:00, run_after=2025-04-13T00:00:00+00:00
[2025-04-13T10:14:25.823+0000] {processor.py:179} INFO - Processing /workspaces/hands-on-introduction-data-engineering-4395021/airflow/dags/third_four_task_dag.py took 0.055 seconds
[2025-04-13T10:15:09.706+0000] {processor.py:157} INFO - Started process (PID=19634) to work on /workspaces/hands-on-introduction-data-engineering-4395021/airflow/dags/third_four_task_dag.py
[2025-04-13T10:15:09.707+0000] {processor.py:826} INFO - Processing file /workspaces/hands-on-introduction-data-engineering-4395021/airflow/dags/third_four_task_dag.py for tasks to queue
[2025-04-13T10:15:09.708+0000] {logging_mixin.py:150} INFO - [2025-04-13T10:15:09.707+0000] {dagbag.py:541} INFO - Filling up the DagBag from /workspaces/hands-on-introduction-data-engineering-4395021/airflow/dags/third_four_task_dag.py
[2025-04-13T10:15:09.719+0000] {processor.py:836} INFO - DAG(s) dict_keys(['third_four_task_dag']) retrieved from /workspaces/hands-on-introduction-data-engineering-4395021/airflow/dags/third_four_task_dag.py
[2025-04-13T10:15:09.744+0000] {logging_mixin.py:150} INFO - [2025-04-13T10:15:09.744+0000] {dag.py:2742} INFO - Sync 1 DAGs
[2025-04-13T10:15:09.764+0000] {logging_mixin.py:150} INFO - [2025-04-13T10:15:09.764+0000] {dag.py:3504} INFO - Setting next_dagrun for third_four_task_dag to 2025-04-13T00:00:00+00:00, run_after=2025-04-14T00:00:00+00:00
[2025-04-13T10:15:09.781+0000] {processor.py:179} INFO - Processing /workspaces/hands-on-introduction-data-engineering-4395021/airflow/dags/third_four_task_dag.py took 0.078 seconds
[2025-04-13T10:15:39.978+0000] {processor.py:157} INFO - Started process (PID=19825) to work on /workspaces/hands-on-introduction-data-engineering-4395021/airflow/dags/third_four_task_dag.py
[2025-04-13T10:15:39.978+0000] {processor.py:826} INFO - Processing file /workspaces/hands-on-introduction-data-engineering-4395021/airflow/dags/third_four_task_dag.py for tasks to queue
[2025-04-13T10:15:39.979+0000] {logging_mixin.py:150} INFO - [2025-04-13T10:15:39.979+0000] {dagbag.py:541} INFO - Filling up the DagBag from /workspaces/hands-on-introduction-data-engineering-4395021/airflow/dags/third_four_task_dag.py
[2025-04-13T10:15:39.987+0000] {processor.py:836} INFO - DAG(s) dict_keys(['third_four_task_dag']) retrieved from /workspaces/hands-on-introduction-data-engineering-4395021/airflow/dags/third_four_task_dag.py
[2025-04-13T10:15:40.004+0000] {logging_mixin.py:150} INFO - [2025-04-13T10:15:40.004+0000] {dag.py:2742} INFO - Sync 1 DAGs
[2025-04-13T10:15:40.017+0000] {logging_mixin.py:150} INFO - [2025-04-13T10:15:40.017+0000] {dag.py:3504} INFO - Setting next_dagrun for third_four_task_dag to 2025-04-13T00:00:00+00:00, run_after=2025-04-14T00:00:00+00:00
[2025-04-13T10:15:40.031+0000] {processor.py:179} INFO - Processing /workspaces/hands-on-introduction-data-engineering-4395021/airflow/dags/third_four_task_dag.py took 0.055 seconds
[2025-04-13T10:16:10.274+0000] {processor.py:157} INFO - Started process (PID=20011) to work on /workspaces/hands-on-introduction-data-engineering-4395021/airflow/dags/third_four_task_dag.py
[2025-04-13T10:16:10.274+0000] {processor.py:826} INFO - Processing file /workspaces/hands-on-introduction-data-engineering-4395021/airflow/dags/third_four_task_dag.py for tasks to queue
[2025-04-13T10:16:10.275+0000] {logging_mixin.py:150} INFO - [2025-04-13T10:16:10.275+0000] {dagbag.py:541} INFO - Filling up the DagBag from /workspaces/hands-on-introduction-data-engineering-4395021/airflow/dags/third_four_task_dag.py
[2025-04-13T10:16:10.283+0000] {processor.py:836} INFO - DAG(s) dict_keys(['third_four_task_dag']) retrieved from /workspaces/hands-on-introduction-data-engineering-4395021/airflow/dags/third_four_task_dag.py
[2025-04-13T10:16:10.300+0000] {logging_mixin.py:150} INFO - [2025-04-13T10:16:10.300+0000] {dag.py:2742} INFO - Sync 1 DAGs
[2025-04-13T10:16:10.313+0000] {logging_mixin.py:150} INFO - [2025-04-13T10:16:10.312+0000] {dag.py:3504} INFO - Setting next_dagrun for third_four_task_dag to 2025-04-13T00:00:00+00:00, run_after=2025-04-14T00:00:00+00:00
[2025-04-13T10:16:10.326+0000] {processor.py:179} INFO - Processing /workspaces/hands-on-introduction-data-engineering-4395021/airflow/dags/third_four_task_dag.py took 0.055 seconds
[2025-04-13T10:16:40.504+0000] {processor.py:157} INFO - Started process (PID=20192) to work on /workspaces/hands-on-introduction-data-engineering-4395021/airflow/dags/third_four_task_dag.py
[2025-04-13T10:16:40.504+0000] {processor.py:826} INFO - Processing file /workspaces/hands-on-introduction-data-engineering-4395021/airflow/dags/third_four_task_dag.py for tasks to queue
[2025-04-13T10:16:40.505+0000] {logging_mixin.py:150} INFO - [2025-04-13T10:16:40.505+0000] {dagbag.py:541} INFO - Filling up the DagBag from /workspaces/hands-on-introduction-data-engineering-4395021/airflow/dags/third_four_task_dag.py
[2025-04-13T10:16:40.513+0000] {processor.py:836} INFO - DAG(s) dict_keys(['third_four_task_dag']) retrieved from /workspaces/hands-on-introduction-data-engineering-4395021/airflow/dags/third_four_task_dag.py
[2025-04-13T10:16:40.529+0000] {logging_mixin.py:150} INFO - [2025-04-13T10:16:40.529+0000] {dag.py:2742} INFO - Sync 1 DAGs
[2025-04-13T10:16:40.543+0000] {logging_mixin.py:150} INFO - [2025-04-13T10:16:40.542+0000] {dag.py:3504} INFO - Setting next_dagrun for third_four_task_dag to 2025-04-13T00:00:00+00:00, run_after=2025-04-14T00:00:00+00:00
[2025-04-13T10:16:40.556+0000] {processor.py:179} INFO - Processing /workspaces/hands-on-introduction-data-engineering-4395021/airflow/dags/third_four_task_dag.py took 0.054 seconds
[2025-04-13T10:17:10.794+0000] {processor.py:157} INFO - Started process (PID=20380) to work on /workspaces/hands-on-introduction-data-engineering-4395021/airflow/dags/third_four_task_dag.py
[2025-04-13T10:17:10.795+0000] {processor.py:826} INFO - Processing file /workspaces/hands-on-introduction-data-engineering-4395021/airflow/dags/third_four_task_dag.py for tasks to queue
[2025-04-13T10:17:10.796+0000] {logging_mixin.py:150} INFO - [2025-04-13T10:17:10.796+0000] {dagbag.py:541} INFO - Filling up the DagBag from /workspaces/hands-on-introduction-data-engineering-4395021/airflow/dags/third_four_task_dag.py
[2025-04-13T10:17:10.803+0000] {processor.py:836} INFO - DAG(s) dict_keys(['third_four_task_dag']) retrieved from /workspaces/hands-on-introduction-data-engineering-4395021/airflow/dags/third_four_task_dag.py
[2025-04-13T10:17:10.820+0000] {logging_mixin.py:150} INFO - [2025-04-13T10:17:10.820+0000] {dag.py:2742} INFO - Sync 1 DAGs
[2025-04-13T10:17:10.833+0000] {logging_mixin.py:150} INFO - [2025-04-13T10:17:10.833+0000] {dag.py:3504} INFO - Setting next_dagrun for third_four_task_dag to 2025-04-13T00:00:00+00:00, run_after=2025-04-14T00:00:00+00:00
[2025-04-13T10:17:10.847+0000] {processor.py:179} INFO - Processing /workspaces/hands-on-introduction-data-engineering-4395021/airflow/dags/third_four_task_dag.py took 0.055 seconds
[2025-04-13T10:17:40.948+0000] {processor.py:157} INFO - Started process (PID=20561) to work on /workspaces/hands-on-introduction-data-engineering-4395021/airflow/dags/third_four_task_dag.py
[2025-04-13T10:17:40.949+0000] {processor.py:826} INFO - Processing file /workspaces/hands-on-introduction-data-engineering-4395021/airflow/dags/third_four_task_dag.py for tasks to queue
[2025-04-13T10:17:40.949+0000] {logging_mixin.py:150} INFO - [2025-04-13T10:17:40.949+0000] {dagbag.py:541} INFO - Filling up the DagBag from /workspaces/hands-on-introduction-data-engineering-4395021/airflow/dags/third_four_task_dag.py
[2025-04-13T10:17:40.957+0000] {processor.py:836} INFO - DAG(s) dict_keys(['third_four_task_dag']) retrieved from /workspaces/hands-on-introduction-data-engineering-4395021/airflow/dags/third_four_task_dag.py
[2025-04-13T10:17:40.973+0000] {logging_mixin.py:150} INFO - [2025-04-13T10:17:40.973+0000] {dag.py:2742} INFO - Sync 1 DAGs
[2025-04-13T10:17:40.987+0000] {logging_mixin.py:150} INFO - [2025-04-13T10:17:40.987+0000] {dag.py:3504} INFO - Setting next_dagrun for third_four_task_dag to 2025-04-13T00:00:00+00:00, run_after=2025-04-14T00:00:00+00:00
[2025-04-13T10:17:41.001+0000] {processor.py:179} INFO - Processing /workspaces/hands-on-introduction-data-engineering-4395021/airflow/dags/third_four_task_dag.py took 0.055 seconds
[2025-04-13T10:18:11.267+0000] {processor.py:157} INFO - Started process (PID=20748) to work on /workspaces/hands-on-introduction-data-engineering-4395021/airflow/dags/third_four_task_dag.py
[2025-04-13T10:18:11.268+0000] {processor.py:826} INFO - Processing file /workspaces/hands-on-introduction-data-engineering-4395021/airflow/dags/third_four_task_dag.py for tasks to queue
[2025-04-13T10:18:11.268+0000] {logging_mixin.py:150} INFO - [2025-04-13T10:18:11.268+0000] {dagbag.py:541} INFO - Filling up the DagBag from /workspaces/hands-on-introduction-data-engineering-4395021/airflow/dags/third_four_task_dag.py
[2025-04-13T10:18:11.279+0000] {processor.py:836} INFO - DAG(s) dict_keys(['third_four_task_dag']) retrieved from /workspaces/hands-on-introduction-data-engineering-4395021/airflow/dags/third_four_task_dag.py
[2025-04-13T10:18:11.296+0000] {logging_mixin.py:150} INFO - [2025-04-13T10:18:11.296+0000] {dag.py:2742} INFO - Sync 1 DAGs
[2025-04-13T10:18:11.310+0000] {logging_mixin.py:150} INFO - [2025-04-13T10:18:11.309+0000] {dag.py:3504} INFO - Setting next_dagrun for third_four_task_dag to 2025-04-13T00:00:00+00:00, run_after=2025-04-14T00:00:00+00:00
[2025-04-13T10:18:11.323+0000] {processor.py:179} INFO - Processing /workspaces/hands-on-introduction-data-engineering-4395021/airflow/dags/third_four_task_dag.py took 0.058 seconds
[2025-04-13T10:18:37.275+0000] {processor.py:157} INFO - Started process (PID=20918) to work on /workspaces/hands-on-introduction-data-engineering-4395021/airflow/dags/third_four_task_dag.py
[2025-04-13T10:18:37.275+0000] {processor.py:826} INFO - Processing file /workspaces/hands-on-introduction-data-engineering-4395021/airflow/dags/third_four_task_dag.py for tasks to queue
[2025-04-13T10:18:37.276+0000] {logging_mixin.py:150} INFO - [2025-04-13T10:18:37.276+0000] {dagbag.py:541} INFO - Filling up the DagBag from /workspaces/hands-on-introduction-data-engineering-4395021/airflow/dags/third_four_task_dag.py
[2025-04-13T10:18:37.285+0000] {processor.py:836} INFO - DAG(s) dict_keys(['third_four_task_dag']) retrieved from /workspaces/hands-on-introduction-data-engineering-4395021/airflow/dags/third_four_task_dag.py
[2025-04-13T10:18:37.369+0000] {logging_mixin.py:150} INFO - [2025-04-13T10:18:37.369+0000] {dag.py:2742} INFO - Sync 1 DAGs
[2025-04-13T10:18:37.382+0000] {logging_mixin.py:150} INFO - [2025-04-13T10:18:37.382+0000] {dag.py:3504} INFO - Setting next_dagrun for third_four_task_dag to 2025-04-13T00:00:00+00:00, run_after=2025-04-14T00:00:00+00:00
[2025-04-13T10:18:37.397+0000] {processor.py:179} INFO - Processing /workspaces/hands-on-introduction-data-engineering-4395021/airflow/dags/third_four_task_dag.py took 0.124 seconds
[2025-04-13T10:18:40.028+0000] {processor.py:157} INFO - Started process (PID=20938) to work on /workspaces/hands-on-introduction-data-engineering-4395021/airflow/dags/third_four_task_dag.py
[2025-04-13T10:18:40.029+0000] {processor.py:826} INFO - Processing file /workspaces/hands-on-introduction-data-engineering-4395021/airflow/dags/third_four_task_dag.py for tasks to queue
[2025-04-13T10:18:40.030+0000] {logging_mixin.py:150} INFO - [2025-04-13T10:18:40.030+0000] {dagbag.py:541} INFO - Filling up the DagBag from /workspaces/hands-on-introduction-data-engineering-4395021/airflow/dags/third_four_task_dag.py
[2025-04-13T10:18:40.040+0000] {processor.py:836} INFO - DAG(s) dict_keys(['third_four_task_dag']) retrieved from /workspaces/hands-on-introduction-data-engineering-4395021/airflow/dags/third_four_task_dag.py
[2025-04-13T10:18:40.046+0000] {logging_mixin.py:150} INFO - [2025-04-13T10:18:40.046+0000] {dag.py:2742} INFO - Sync 1 DAGs
[2025-04-13T10:18:40.060+0000] {logging_mixin.py:150} INFO - [2025-04-13T10:18:40.060+0000] {dag.py:3504} INFO - Setting next_dagrun for third_four_task_dag to 2025-04-13T00:00:00+00:00, run_after=2025-04-14T00:00:00+00:00
[2025-04-13T10:18:40.076+0000] {processor.py:179} INFO - Processing /workspaces/hands-on-introduction-data-engineering-4395021/airflow/dags/third_four_task_dag.py took 0.050 seconds
[2025-04-13T10:18:52.797+0000] {processor.py:157} INFO - Started process (PID=21028) to work on /workspaces/hands-on-introduction-data-engineering-4395021/airflow/dags/third_four_task_dag.py
[2025-04-13T10:18:52.798+0000] {processor.py:826} INFO - Processing file /workspaces/hands-on-introduction-data-engineering-4395021/airflow/dags/third_four_task_dag.py for tasks to queue
[2025-04-13T10:18:52.798+0000] {logging_mixin.py:150} INFO - [2025-04-13T10:18:52.798+0000] {dagbag.py:541} INFO - Filling up the DagBag from /workspaces/hands-on-introduction-data-engineering-4395021/airflow/dags/third_four_task_dag.py
[2025-04-13T10:18:52.806+0000] {processor.py:836} INFO - DAG(s) dict_keys(['third_four_task_dag']) retrieved from /workspaces/hands-on-introduction-data-engineering-4395021/airflow/dags/third_four_task_dag.py
[2025-04-13T10:18:52.812+0000] {logging_mixin.py:150} INFO - [2025-04-13T10:18:52.812+0000] {dag.py:2742} INFO - Sync 1 DAGs
[2025-04-13T10:18:52.826+0000] {logging_mixin.py:150} INFO - [2025-04-13T10:18:52.825+0000] {dag.py:3504} INFO - Setting next_dagrun for third_four_task_dag to 2025-04-13T00:00:00+00:00, run_after=2025-04-14T00:00:00+00:00
[2025-04-13T10:18:52.839+0000] {processor.py:179} INFO - Processing /workspaces/hands-on-introduction-data-engineering-4395021/airflow/dags/third_four_task_dag.py took 0.044 seconds
[2025-04-13T10:18:56.330+0000] {processor.py:157} INFO - Started process (PID=21057) to work on /workspaces/hands-on-introduction-data-engineering-4395021/airflow/dags/third_four_task_dag.py
[2025-04-13T10:18:56.336+0000] {processor.py:826} INFO - Processing file /workspaces/hands-on-introduction-data-engineering-4395021/airflow/dags/third_four_task_dag.py for tasks to queue
[2025-04-13T10:18:56.338+0000] {logging_mixin.py:150} INFO - [2025-04-13T10:18:56.337+0000] {dagbag.py:541} INFO - Filling up the DagBag from /workspaces/hands-on-introduction-data-engineering-4395021/airflow/dags/third_four_task_dag.py
[2025-04-13T10:18:56.357+0000] {processor.py:836} INFO - DAG(s) dict_keys(['third_four_task_dag']) retrieved from /workspaces/hands-on-introduction-data-engineering-4395021/airflow/dags/third_four_task_dag.py
[2025-04-13T10:18:56.366+0000] {logging_mixin.py:150} INFO - [2025-04-13T10:18:56.365+0000] {dag.py:2742} INFO - Sync 1 DAGs
[2025-04-13T10:18:56.390+0000] {logging_mixin.py:150} INFO - [2025-04-13T10:18:56.390+0000] {dag.py:3504} INFO - Setting next_dagrun for third_four_task_dag to 2025-04-13T00:00:00+00:00, run_after=2025-04-14T00:00:00+00:00
[2025-04-13T10:18:56.406+0000] {processor.py:179} INFO - Processing /workspaces/hands-on-introduction-data-engineering-4395021/airflow/dags/third_four_task_dag.py took 0.080 seconds
[2025-04-13T10:18:58.480+0000] {processor.py:157} INFO - Started process (PID=21072) to work on /workspaces/hands-on-introduction-data-engineering-4395021/airflow/dags/third_four_task_dag.py
[2025-04-13T10:18:58.481+0000] {processor.py:826} INFO - Processing file /workspaces/hands-on-introduction-data-engineering-4395021/airflow/dags/third_four_task_dag.py for tasks to queue
[2025-04-13T10:18:58.482+0000] {logging_mixin.py:150} INFO - [2025-04-13T10:18:58.481+0000] {dagbag.py:541} INFO - Filling up the DagBag from /workspaces/hands-on-introduction-data-engineering-4395021/airflow/dags/third_four_task_dag.py
[2025-04-13T10:18:58.491+0000] {processor.py:836} INFO - DAG(s) dict_keys(['third_four_task_dag']) retrieved from /workspaces/hands-on-introduction-data-engineering-4395021/airflow/dags/third_four_task_dag.py
[2025-04-13T10:18:58.496+0000] {logging_mixin.py:150} INFO - [2025-04-13T10:18:58.496+0000] {dag.py:2742} INFO - Sync 1 DAGs
[2025-04-13T10:18:58.510+0000] {logging_mixin.py:150} INFO - [2025-04-13T10:18:58.510+0000] {dag.py:3504} INFO - Setting next_dagrun for third_four_task_dag to 2025-04-13T00:00:00+00:00, run_after=2025-04-14T00:00:00+00:00
[2025-04-13T10:18:58.524+0000] {processor.py:179} INFO - Processing /workspaces/hands-on-introduction-data-engineering-4395021/airflow/dags/third_four_task_dag.py took 0.046 seconds
[2025-04-13T10:19:03.849+0000] {processor.py:157} INFO - Started process (PID=21102) to work on /workspaces/hands-on-introduction-data-engineering-4395021/airflow/dags/third_four_task_dag.py
[2025-04-13T10:19:03.850+0000] {processor.py:826} INFO - Processing file /workspaces/hands-on-introduction-data-engineering-4395021/airflow/dags/third_four_task_dag.py for tasks to queue
[2025-04-13T10:19:03.851+0000] {logging_mixin.py:150} INFO - [2025-04-13T10:19:03.850+0000] {dagbag.py:541} INFO - Filling up the DagBag from /workspaces/hands-on-introduction-data-engineering-4395021/airflow/dags/third_four_task_dag.py
[2025-04-13T10:19:03.859+0000] {processor.py:836} INFO - DAG(s) dict_keys(['third_four_task_dag']) retrieved from /workspaces/hands-on-introduction-data-engineering-4395021/airflow/dags/third_four_task_dag.py
[2025-04-13T10:19:03.864+0000] {logging_mixin.py:150} INFO - [2025-04-13T10:19:03.864+0000] {dag.py:2742} INFO - Sync 1 DAGs
[2025-04-13T10:19:03.878+0000] {logging_mixin.py:150} INFO - [2025-04-13T10:19:03.878+0000] {dag.py:3504} INFO - Setting next_dagrun for third_four_task_dag to 2025-04-13T00:00:00+00:00, run_after=2025-04-14T00:00:00+00:00
[2025-04-13T10:19:03.893+0000] {processor.py:179} INFO - Processing /workspaces/hands-on-introduction-data-engineering-4395021/airflow/dags/third_four_task_dag.py took 0.045 seconds
[2025-04-13T10:19:11.829+0000] {processor.py:157} INFO - Started process (PID=21155) to work on /workspaces/hands-on-introduction-data-engineering-4395021/airflow/dags/third_four_task_dag.py
[2025-04-13T10:19:11.830+0000] {processor.py:826} INFO - Processing file /workspaces/hands-on-introduction-data-engineering-4395021/airflow/dags/third_four_task_dag.py for tasks to queue
[2025-04-13T10:19:11.831+0000] {logging_mixin.py:150} INFO - [2025-04-13T10:19:11.831+0000] {dagbag.py:541} INFO - Filling up the DagBag from /workspaces/hands-on-introduction-data-engineering-4395021/airflow/dags/third_four_task_dag.py
[2025-04-13T10:19:11.847+0000] {processor.py:836} INFO - DAG(s) dict_keys(['third_four_task_dag']) retrieved from /workspaces/hands-on-introduction-data-engineering-4395021/airflow/dags/third_four_task_dag.py
[2025-04-13T10:19:11.871+0000] {logging_mixin.py:150} INFO - [2025-04-13T10:19:11.871+0000] {dag.py:2742} INFO - Sync 1 DAGs
[2025-04-13T10:19:11.893+0000] {logging_mixin.py:150} INFO - [2025-04-13T10:19:11.893+0000] {dag.py:3504} INFO - Setting next_dagrun for third_four_task_dag to 2025-04-13T00:00:00+00:00, run_after=2025-04-14T00:00:00+00:00
[2025-04-13T10:19:11.912+0000] {processor.py:179} INFO - Processing /workspaces/hands-on-introduction-data-engineering-4395021/airflow/dags/third_four_task_dag.py took 0.086 seconds
[2025-04-13T10:19:20.508+0000] {processor.py:157} INFO - Started process (PID=21225) to work on /workspaces/hands-on-introduction-data-engineering-4395021/airflow/dags/third_four_task_dag.py
[2025-04-13T10:19:20.509+0000] {processor.py:826} INFO - Processing file /workspaces/hands-on-introduction-data-engineering-4395021/airflow/dags/third_four_task_dag.py for tasks to queue
[2025-04-13T10:19:20.510+0000] {logging_mixin.py:150} INFO - [2025-04-13T10:19:20.509+0000] {dagbag.py:541} INFO - Filling up the DagBag from /workspaces/hands-on-introduction-data-engineering-4395021/airflow/dags/third_four_task_dag.py
[2025-04-13T10:19:20.518+0000] {processor.py:836} INFO - DAG(s) dict_keys(['third_four_task_dag']) retrieved from /workspaces/hands-on-introduction-data-engineering-4395021/airflow/dags/third_four_task_dag.py
[2025-04-13T10:19:20.587+0000] {logging_mixin.py:150} INFO - [2025-04-13T10:19:20.587+0000] {dag.py:2742} INFO - Sync 1 DAGs
[2025-04-13T10:19:20.598+0000] {logging_mixin.py:150} INFO - [2025-04-13T10:19:20.598+0000] {dag.py:3504} INFO - Setting next_dagrun for third_four_task_dag to 2025-04-13T00:00:00+00:00, run_after=2025-04-14T00:00:00+00:00
[2025-04-13T10:19:20.613+0000] {processor.py:179} INFO - Processing /workspaces/hands-on-introduction-data-engineering-4395021/airflow/dags/third_four_task_dag.py took 0.106 seconds
[2025-04-13T10:19:25.337+0000] {processor.py:157} INFO - Started process (PID=21258) to work on /workspaces/hands-on-introduction-data-engineering-4395021/airflow/dags/third_four_task_dag.py
[2025-04-13T10:19:25.338+0000] {processor.py:826} INFO - Processing file /workspaces/hands-on-introduction-data-engineering-4395021/airflow/dags/third_four_task_dag.py for tasks to queue
[2025-04-13T10:19:25.338+0000] {logging_mixin.py:150} INFO - [2025-04-13T10:19:25.338+0000] {dagbag.py:541} INFO - Filling up the DagBag from /workspaces/hands-on-introduction-data-engineering-4395021/airflow/dags/third_four_task_dag.py
[2025-04-13T10:19:25.342+0000] {logging_mixin.py:150} INFO - [2025-04-13T10:19:25.341+0000] {dagbag.py:350} ERROR - Failed to import: /workspaces/hands-on-introduction-data-engineering-4395021/airflow/dags/third_four_task_dag.py
Traceback (most recent call last):
  File "/home/vscode/.local/lib/python3.10/site-packages/airflow/models/dagbag.py", line 346, in parse
    loader.exec_module(new_module)
  File "<frozen importlib._bootstrap_external>", line 879, in exec_module
  File "<frozen importlib._bootstrap_external>", line 1017, in get_code
  File "<frozen importlib._bootstrap_external>", line 947, in source_to_code
  File "<frozen importlib._bootstrap>", line 241, in _call_with_frames_removed
  File "/workspaces/hands-on-introduction-data-engineering-4395021/airflow/dags/third_four_task_dag.py", line 56
    task_one >> [task_two
                ^
SyntaxError: '[' was never closed
[2025-04-13T10:19:25.343+0000] {processor.py:838} WARNING - No viable dags retrieved from /workspaces/hands-on-introduction-data-engineering-4395021/airflow/dags/third_four_task_dag.py
[2025-04-13T10:19:25.361+0000] {processor.py:179} INFO - Processing /workspaces/hands-on-introduction-data-engineering-4395021/airflow/dags/third_four_task_dag.py took 0.027 seconds
[2025-04-13T10:19:28.742+0000] {processor.py:157} INFO - Started process (PID=21282) to work on /workspaces/hands-on-introduction-data-engineering-4395021/airflow/dags/third_four_task_dag.py
[2025-04-13T10:19:28.743+0000] {processor.py:826} INFO - Processing file /workspaces/hands-on-introduction-data-engineering-4395021/airflow/dags/third_four_task_dag.py for tasks to queue
[2025-04-13T10:19:28.744+0000] {logging_mixin.py:150} INFO - [2025-04-13T10:19:28.744+0000] {dagbag.py:541} INFO - Filling up the DagBag from /workspaces/hands-on-introduction-data-engineering-4395021/airflow/dags/third_four_task_dag.py
[2025-04-13T10:19:28.748+0000] {logging_mixin.py:150} INFO - [2025-04-13T10:19:28.747+0000] {dagbag.py:350} ERROR - Failed to import: /workspaces/hands-on-introduction-data-engineering-4395021/airflow/dags/third_four_task_dag.py
Traceback (most recent call last):
  File "/home/vscode/.local/lib/python3.10/site-packages/airflow/models/dagbag.py", line 346, in parse
    loader.exec_module(new_module)
  File "<frozen importlib._bootstrap_external>", line 879, in exec_module
  File "<frozen importlib._bootstrap_external>", line 1017, in get_code
  File "<frozen importlib._bootstrap_external>", line 947, in source_to_code
  File "<frozen importlib._bootstrap>", line 241, in _call_with_frames_removed
  File "/workspaces/hands-on-introduction-data-engineering-4395021/airflow/dags/third_four_task_dag.py", line 56
    task_one >> [task_two, task_
                ^
SyntaxError: '[' was never closed
[2025-04-13T10:19:28.748+0000] {processor.py:838} WARNING - No viable dags retrieved from /workspaces/hands-on-introduction-data-engineering-4395021/airflow/dags/third_four_task_dag.py
[2025-04-13T10:19:28.764+0000] {processor.py:179} INFO - Processing /workspaces/hands-on-introduction-data-engineering-4395021/airflow/dags/third_four_task_dag.py took 0.026 seconds
[2025-04-13T10:19:33.124+0000] {processor.py:157} INFO - Started process (PID=21310) to work on /workspaces/hands-on-introduction-data-engineering-4395021/airflow/dags/third_four_task_dag.py
[2025-04-13T10:19:33.125+0000] {processor.py:826} INFO - Processing file /workspaces/hands-on-introduction-data-engineering-4395021/airflow/dags/third_four_task_dag.py for tasks to queue
[2025-04-13T10:19:33.126+0000] {logging_mixin.py:150} INFO - [2025-04-13T10:19:33.125+0000] {dagbag.py:541} INFO - Filling up the DagBag from /workspaces/hands-on-introduction-data-engineering-4395021/airflow/dags/third_four_task_dag.py
[2025-04-13T10:19:33.134+0000] {processor.py:836} INFO - DAG(s) dict_keys(['third_four_task_dag']) retrieved from /workspaces/hands-on-introduction-data-engineering-4395021/airflow/dags/third_four_task_dag.py
[2025-04-13T10:19:33.140+0000] {logging_mixin.py:150} INFO - [2025-04-13T10:19:33.140+0000] {dag.py:2742} INFO - Sync 1 DAGs
[2025-04-13T10:19:33.153+0000] {logging_mixin.py:150} INFO - [2025-04-13T10:19:33.153+0000] {dag.py:3504} INFO - Setting next_dagrun for third_four_task_dag to 2025-04-13T00:00:00+00:00, run_after=2025-04-14T00:00:00+00:00
[2025-04-13T10:19:33.170+0000] {processor.py:179} INFO - Processing /workspaces/hands-on-introduction-data-engineering-4395021/airflow/dags/third_four_task_dag.py took 0.048 seconds
[2025-04-13T10:19:34.255+0000] {processor.py:157} INFO - Started process (PID=21312) to work on /workspaces/hands-on-introduction-data-engineering-4395021/airflow/dags/third_four_task_dag.py
[2025-04-13T10:19:34.255+0000] {processor.py:826} INFO - Processing file /workspaces/hands-on-introduction-data-engineering-4395021/airflow/dags/third_four_task_dag.py for tasks to queue
[2025-04-13T10:19:34.256+0000] {logging_mixin.py:150} INFO - [2025-04-13T10:19:34.256+0000] {dagbag.py:541} INFO - Filling up the DagBag from /workspaces/hands-on-introduction-data-engineering-4395021/airflow/dags/third_four_task_dag.py
[2025-04-13T10:19:34.262+0000] {logging_mixin.py:150} INFO - [2025-04-13T10:19:34.261+0000] {dagbag.py:350} ERROR - Failed to import: /workspaces/hands-on-introduction-data-engineering-4395021/airflow/dags/third_four_task_dag.py
Traceback (most recent call last):
  File "/home/vscode/.local/lib/python3.10/site-packages/airflow/models/dagbag.py", line 346, in parse
    loader.exec_module(new_module)
  File "<frozen importlib._bootstrap_external>", line 883, in exec_module
  File "<frozen importlib._bootstrap>", line 241, in _call_with_frames_removed
  File "/workspaces/hands-on-introduction-data-engineering-4395021/airflow/dags/third_four_task_dag.py", line 57, in <module>
    t
NameError: name 't' is not defined
[2025-04-13T10:19:34.263+0000] {processor.py:838} WARNING - No viable dags retrieved from /workspaces/hands-on-introduction-data-engineering-4395021/airflow/dags/third_four_task_dag.py
[2025-04-13T10:19:34.274+0000] {processor.py:179} INFO - Processing /workspaces/hands-on-introduction-data-engineering-4395021/airflow/dags/third_four_task_dag.py took 0.022 seconds
[2025-04-13T10:19:41.545+0000] {processor.py:157} INFO - Started process (PID=21369) to work on /workspaces/hands-on-introduction-data-engineering-4395021/airflow/dags/third_four_task_dag.py
[2025-04-13T10:19:41.545+0000] {processor.py:826} INFO - Processing file /workspaces/hands-on-introduction-data-engineering-4395021/airflow/dags/third_four_task_dag.py for tasks to queue
[2025-04-13T10:19:41.548+0000] {logging_mixin.py:150} INFO - [2025-04-13T10:19:41.546+0000] {dagbag.py:541} INFO - Filling up the DagBag from /workspaces/hands-on-introduction-data-engineering-4395021/airflow/dags/third_four_task_dag.py
[2025-04-13T10:19:41.571+0000] {logging_mixin.py:150} INFO - [2025-04-13T10:19:41.567+0000] {dagbag.py:350} ERROR - Failed to import: /workspaces/hands-on-introduction-data-engineering-4395021/airflow/dags/third_four_task_dag.py
Traceback (most recent call last):
  File "/home/vscode/.local/lib/python3.10/site-packages/airflow/models/dagbag.py", line 346, in parse
    loader.exec_module(new_module)
  File "<frozen importlib._bootstrap_external>", line 883, in exec_module
  File "<frozen importlib._bootstrap>", line 241, in _call_with_frames_removed
  File "/workspaces/hands-on-introduction-data-engineering-4395021/airflow/dags/third_four_task_dag.py", line 57, in <module>
    task_four << [task_]
NameError: name 'task_' is not defined
[2025-04-13T10:19:41.576+0000] {processor.py:838} WARNING - No viable dags retrieved from /workspaces/hands-on-introduction-data-engineering-4395021/airflow/dags/third_four_task_dag.py
[2025-04-13T10:19:41.606+0000] {processor.py:179} INFO - Processing /workspaces/hands-on-introduction-data-engineering-4395021/airflow/dags/third_four_task_dag.py took 0.071 seconds
[2025-04-13T10:19:44.235+0000] {processor.py:157} INFO - Started process (PID=21379) to work on /workspaces/hands-on-introduction-data-engineering-4395021/airflow/dags/third_four_task_dag.py
[2025-04-13T10:19:44.235+0000] {processor.py:826} INFO - Processing file /workspaces/hands-on-introduction-data-engineering-4395021/airflow/dags/third_four_task_dag.py for tasks to queue
[2025-04-13T10:19:44.236+0000] {logging_mixin.py:150} INFO - [2025-04-13T10:19:44.236+0000] {dagbag.py:541} INFO - Filling up the DagBag from /workspaces/hands-on-introduction-data-engineering-4395021/airflow/dags/third_four_task_dag.py
[2025-04-13T10:19:44.244+0000] {processor.py:836} INFO - DAG(s) dict_keys(['third_four_task_dag']) retrieved from /workspaces/hands-on-introduction-data-engineering-4395021/airflow/dags/third_four_task_dag.py
[2025-04-13T10:19:44.252+0000] {logging_mixin.py:150} INFO - [2025-04-13T10:19:44.252+0000] {dag.py:2742} INFO - Sync 1 DAGs
[2025-04-13T10:19:44.272+0000] {logging_mixin.py:150} INFO - [2025-04-13T10:19:44.272+0000] {dag.py:3504} INFO - Setting next_dagrun for third_four_task_dag to 2025-04-13T00:00:00+00:00, run_after=2025-04-14T00:00:00+00:00
[2025-04-13T10:19:44.302+0000] {processor.py:179} INFO - Processing /workspaces/hands-on-introduction-data-engineering-4395021/airflow/dags/third_four_task_dag.py took 0.070 seconds
[2025-04-13T10:19:46.762+0000] {processor.py:157} INFO - Started process (PID=21404) to work on /workspaces/hands-on-introduction-data-engineering-4395021/airflow/dags/third_four_task_dag.py
[2025-04-13T10:19:46.763+0000] {processor.py:826} INFO - Processing file /workspaces/hands-on-introduction-data-engineering-4395021/airflow/dags/third_four_task_dag.py for tasks to queue
[2025-04-13T10:19:46.764+0000] {logging_mixin.py:150} INFO - [2025-04-13T10:19:46.763+0000] {dagbag.py:541} INFO - Filling up the DagBag from /workspaces/hands-on-introduction-data-engineering-4395021/airflow/dags/third_four_task_dag.py
[2025-04-13T10:19:46.770+0000] {logging_mixin.py:150} INFO - [2025-04-13T10:19:46.769+0000] {dagbag.py:350} ERROR - Failed to import: /workspaces/hands-on-introduction-data-engineering-4395021/airflow/dags/third_four_task_dag.py
Traceback (most recent call last):
  File "/home/vscode/.local/lib/python3.10/site-packages/airflow/models/dagbag.py", line 346, in parse
    loader.exec_module(new_module)
  File "<frozen importlib._bootstrap_external>", line 883, in exec_module
  File "<frozen importlib._bootstrap>", line 241, in _call_with_frames_removed
  File "/workspaces/hands-on-introduction-data-engineering-4395021/airflow/dags/third_four_task_dag.py", line 57, in <module>
    task_four << [task_two, task]
NameError: name 'task' is not defined
[2025-04-13T10:19:46.771+0000] {processor.py:838} WARNING - No viable dags retrieved from /workspaces/hands-on-introduction-data-engineering-4395021/airflow/dags/third_four_task_dag.py
[2025-04-13T10:19:46.782+0000] {processor.py:179} INFO - Processing /workspaces/hands-on-introduction-data-engineering-4395021/airflow/dags/third_four_task_dag.py took 0.022 seconds
[2025-04-13T10:19:49.024+0000] {processor.py:157} INFO - Started process (PID=21421) to work on /workspaces/hands-on-introduction-data-engineering-4395021/airflow/dags/third_four_task_dag.py
[2025-04-13T10:19:49.025+0000] {processor.py:826} INFO - Processing file /workspaces/hands-on-introduction-data-engineering-4395021/airflow/dags/third_four_task_dag.py for tasks to queue
[2025-04-13T10:19:49.025+0000] {logging_mixin.py:150} INFO - [2025-04-13T10:19:49.025+0000] {dagbag.py:541} INFO - Filling up the DagBag from /workspaces/hands-on-introduction-data-engineering-4395021/airflow/dags/third_four_task_dag.py
[2025-04-13T10:19:49.034+0000] {processor.py:836} INFO - DAG(s) dict_keys(['third_four_task_dag']) retrieved from /workspaces/hands-on-introduction-data-engineering-4395021/airflow/dags/third_four_task_dag.py
[2025-04-13T10:19:49.040+0000] {logging_mixin.py:150} INFO - [2025-04-13T10:19:49.039+0000] {dag.py:2742} INFO - Sync 1 DAGs
[2025-04-13T10:19:49.053+0000] {logging_mixin.py:150} INFO - [2025-04-13T10:19:49.053+0000] {dag.py:3504} INFO - Setting next_dagrun for third_four_task_dag to 2025-04-13T00:00:00+00:00, run_after=2025-04-14T00:00:00+00:00
[2025-04-13T10:19:49.071+0000] {processor.py:179} INFO - Processing /workspaces/hands-on-introduction-data-engineering-4395021/airflow/dags/third_four_task_dag.py took 0.049 seconds
[2025-04-13T10:19:51.185+0000] {processor.py:157} INFO - Started process (PID=21436) to work on /workspaces/hands-on-introduction-data-engineering-4395021/airflow/dags/third_four_task_dag.py
[2025-04-13T10:19:51.186+0000] {processor.py:826} INFO - Processing file /workspaces/hands-on-introduction-data-engineering-4395021/airflow/dags/third_four_task_dag.py for tasks to queue
[2025-04-13T10:19:51.186+0000] {logging_mixin.py:150} INFO - [2025-04-13T10:19:51.186+0000] {dagbag.py:541} INFO - Filling up the DagBag from /workspaces/hands-on-introduction-data-engineering-4395021/airflow/dags/third_four_task_dag.py
[2025-04-13T10:19:51.195+0000] {processor.py:836} INFO - DAG(s) dict_keys(['third_four_task_dag']) retrieved from /workspaces/hands-on-introduction-data-engineering-4395021/airflow/dags/third_four_task_dag.py
[2025-04-13T10:19:51.276+0000] {logging_mixin.py:150} INFO - [2025-04-13T10:19:51.275+0000] {dag.py:2742} INFO - Sync 1 DAGs
[2025-04-13T10:19:51.306+0000] {logging_mixin.py:150} INFO - [2025-04-13T10:19:51.305+0000] {dag.py:3504} INFO - Setting next_dagrun for third_four_task_dag to 2025-04-13T00:00:00+00:00, run_after=2025-04-14T00:00:00+00:00
[2025-04-13T10:19:51.326+0000] {processor.py:179} INFO - Processing /workspaces/hands-on-introduction-data-engineering-4395021/airflow/dags/third_four_task_dag.py took 0.142 seconds
[2025-04-13T10:20:11.613+0000] {processor.py:157} INFO - Started process (PID=21566) to work on /workspaces/hands-on-introduction-data-engineering-4395021/airflow/dags/third_four_task_dag.py
[2025-04-13T10:20:11.613+0000] {processor.py:826} INFO - Processing file /workspaces/hands-on-introduction-data-engineering-4395021/airflow/dags/third_four_task_dag.py for tasks to queue
[2025-04-13T10:20:11.614+0000] {logging_mixin.py:150} INFO - [2025-04-13T10:20:11.614+0000] {dagbag.py:541} INFO - Filling up the DagBag from /workspaces/hands-on-introduction-data-engineering-4395021/airflow/dags/third_four_task_dag.py
[2025-04-13T10:20:11.622+0000] {processor.py:836} INFO - DAG(s) dict_keys(['third_four_task_dag']) retrieved from /workspaces/hands-on-introduction-data-engineering-4395021/airflow/dags/third_four_task_dag.py
[2025-04-13T10:20:11.628+0000] {logging_mixin.py:150} INFO - [2025-04-13T10:20:11.628+0000] {dag.py:2742} INFO - Sync 1 DAGs
[2025-04-13T10:20:11.642+0000] {logging_mixin.py:150} INFO - [2025-04-13T10:20:11.642+0000] {dag.py:3504} INFO - Setting next_dagrun for third_four_task_dag to 2025-04-13T00:00:00+00:00, run_after=2025-04-14T00:00:00+00:00
[2025-04-13T10:20:11.657+0000] {processor.py:179} INFO - Processing /workspaces/hands-on-introduction-data-engineering-4395021/airflow/dags/third_four_task_dag.py took 0.046 seconds
[2025-04-13T10:20:18.696+0000] {processor.py:157} INFO - Started process (PID=21618) to work on /workspaces/hands-on-introduction-data-engineering-4395021/airflow/dags/third_four_task_dag.py
[2025-04-13T10:20:18.697+0000] {processor.py:826} INFO - Processing file /workspaces/hands-on-introduction-data-engineering-4395021/airflow/dags/third_four_task_dag.py for tasks to queue
[2025-04-13T10:20:18.697+0000] {logging_mixin.py:150} INFO - [2025-04-13T10:20:18.697+0000] {dagbag.py:541} INFO - Filling up the DagBag from /workspaces/hands-on-introduction-data-engineering-4395021/airflow/dags/third_four_task_dag.py
[2025-04-13T10:20:18.706+0000] {processor.py:836} INFO - DAG(s) dict_keys(['third_four_task_dag']) retrieved from /workspaces/hands-on-introduction-data-engineering-4395021/airflow/dags/third_four_task_dag.py
[2025-04-13T10:20:18.711+0000] {logging_mixin.py:150} INFO - [2025-04-13T10:20:18.711+0000] {dag.py:2742} INFO - Sync 1 DAGs
[2025-04-13T10:20:18.725+0000] {logging_mixin.py:150} INFO - [2025-04-13T10:20:18.725+0000] {dag.py:3504} INFO - Setting next_dagrun for third_four_task_dag to 2025-04-13T00:00:00+00:00, run_after=2025-04-14T00:00:00+00:00
[2025-04-13T10:20:18.739+0000] {processor.py:179} INFO - Processing /workspaces/hands-on-introduction-data-engineering-4395021/airflow/dags/third_four_task_dag.py took 0.045 seconds
[2025-04-13T10:20:20.643+0000] {processor.py:157} INFO - Started process (PID=21628) to work on /workspaces/hands-on-introduction-data-engineering-4395021/airflow/dags/third_four_task_dag.py
[2025-04-13T10:20:20.644+0000] {processor.py:826} INFO - Processing file /workspaces/hands-on-introduction-data-engineering-4395021/airflow/dags/third_four_task_dag.py for tasks to queue
[2025-04-13T10:20:20.644+0000] {logging_mixin.py:150} INFO - [2025-04-13T10:20:20.644+0000] {dagbag.py:541} INFO - Filling up the DagBag from /workspaces/hands-on-introduction-data-engineering-4395021/airflow/dags/third_four_task_dag.py
[2025-04-13T10:20:20.651+0000] {logging_mixin.py:150} INFO - [2025-04-13T10:20:20.650+0000] {dagbag.py:350} ERROR - Failed to import: /workspaces/hands-on-introduction-data-engineering-4395021/airflow/dags/third_four_task_dag.py
Traceback (most recent call last):
  File "/home/vscode/.local/lib/python3.10/site-packages/airflow/models/dagbag.py", line 346, in parse
    loader.exec_module(new_module)
  File "<frozen importlib._bootstrap_external>", line 883, in exec_module
  File "<frozen importlib._bootstrap>", line 241, in _call_with_frames_removed
  File "/workspaces/hands-on-introduction-data-engineering-4395021/airflow/dags/third_four_task_dag.py", line 59, in <module>
    task
NameError: name 'task' is not defined
[2025-04-13T10:20:20.652+0000] {processor.py:838} WARNING - No viable dags retrieved from /workspaces/hands-on-introduction-data-engineering-4395021/airflow/dags/third_four_task_dag.py
[2025-04-13T10:20:20.663+0000] {processor.py:179} INFO - Processing /workspaces/hands-on-introduction-data-engineering-4395021/airflow/dags/third_four_task_dag.py took 0.022 seconds
[2025-04-13T10:20:25.550+0000] {processor.py:157} INFO - Started process (PID=21668) to work on /workspaces/hands-on-introduction-data-engineering-4395021/airflow/dags/third_four_task_dag.py
[2025-04-13T10:20:25.550+0000] {processor.py:826} INFO - Processing file /workspaces/hands-on-introduction-data-engineering-4395021/airflow/dags/third_four_task_dag.py for tasks to queue
[2025-04-13T10:20:25.551+0000] {logging_mixin.py:150} INFO - [2025-04-13T10:20:25.551+0000] {dagbag.py:541} INFO - Filling up the DagBag from /workspaces/hands-on-introduction-data-engineering-4395021/airflow/dags/third_four_task_dag.py
[2025-04-13T10:20:25.558+0000] {logging_mixin.py:150} INFO - [2025-04-13T10:20:25.557+0000] {dagbag.py:350} ERROR - Failed to import: /workspaces/hands-on-introduction-data-engineering-4395021/airflow/dags/third_four_task_dag.py
Traceback (most recent call last):
  File "/home/vscode/.local/lib/python3.10/site-packages/airflow/models/dagbag.py", line 346, in parse
    loader.exec_module(new_module)
  File "<frozen importlib._bootstrap_external>", line 883, in exec_module
  File "<frozen importlib._bootstrap>", line 241, in _call_with_frames_removed
  File "/workspaces/hands-on-introduction-data-engineering-4395021/airflow/dags/third_four_task_dag.py", line 59, in <module>
    task_
NameError: name 'task_' is not defined
[2025-04-13T10:20:25.559+0000] {processor.py:838} WARNING - No viable dags retrieved from /workspaces/hands-on-introduction-data-engineering-4395021/airflow/dags/third_four_task_dag.py
[2025-04-13T10:20:25.571+0000] {processor.py:179} INFO - Processing /workspaces/hands-on-introduction-data-engineering-4395021/airflow/dags/third_four_task_dag.py took 0.024 seconds
[2025-04-13T10:20:36.036+0000] {processor.py:157} INFO - Started process (PID=21740) to work on /workspaces/hands-on-introduction-data-engineering-4395021/airflow/dags/third_four_task_dag.py
[2025-04-13T10:20:36.037+0000] {processor.py:826} INFO - Processing file /workspaces/hands-on-introduction-data-engineering-4395021/airflow/dags/third_four_task_dag.py for tasks to queue
[2025-04-13T10:20:36.038+0000] {logging_mixin.py:150} INFO - [2025-04-13T10:20:36.037+0000] {dagbag.py:541} INFO - Filling up the DagBag from /workspaces/hands-on-introduction-data-engineering-4395021/airflow/dags/third_four_task_dag.py
[2025-04-13T10:20:36.044+0000] {logging_mixin.py:150} INFO - [2025-04-13T10:20:36.043+0000] {dagbag.py:350} ERROR - Failed to import: /workspaces/hands-on-introduction-data-engineering-4395021/airflow/dags/third_four_task_dag.py
Traceback (most recent call last):
  File "/home/vscode/.local/lib/python3.10/site-packages/airflow/models/dagbag.py", line 346, in parse
    loader.exec_module(new_module)
  File "<frozen importlib._bootstrap_external>", line 883, in exec_module
  File "<frozen importlib._bootstrap>", line 241, in _call_with_frames_removed
  File "/workspaces/hands-on-introduction-data-engineering-4395021/airflow/dags/third_four_task_dag.py", line 59, in <module>
    task_one >> task_two >> task
NameError: name 'task' is not defined
[2025-04-13T10:20:36.045+0000] {processor.py:838} WARNING - No viable dags retrieved from /workspaces/hands-on-introduction-data-engineering-4395021/airflow/dags/third_four_task_dag.py
[2025-04-13T10:20:36.057+0000] {processor.py:179} INFO - Processing /workspaces/hands-on-introduction-data-engineering-4395021/airflow/dags/third_four_task_dag.py took 0.023 seconds
[2025-04-13T10:20:44.006+0000] {processor.py:157} INFO - Started process (PID=21793) to work on /workspaces/hands-on-introduction-data-engineering-4395021/airflow/dags/third_four_task_dag.py
[2025-04-13T10:20:44.006+0000] {processor.py:826} INFO - Processing file /workspaces/hands-on-introduction-data-engineering-4395021/airflow/dags/third_four_task_dag.py for tasks to queue
[2025-04-13T10:20:44.007+0000] {logging_mixin.py:150} INFO - [2025-04-13T10:20:44.007+0000] {dagbag.py:541} INFO - Filling up the DagBag from /workspaces/hands-on-introduction-data-engineering-4395021/airflow/dags/third_four_task_dag.py
[2025-04-13T10:20:44.016+0000] {processor.py:836} INFO - DAG(s) dict_keys(['third_four_task_dag']) retrieved from /workspaces/hands-on-introduction-data-engineering-4395021/airflow/dags/third_four_task_dag.py
[2025-04-13T10:20:44.087+0000] {logging_mixin.py:150} INFO - [2025-04-13T10:20:44.087+0000] {dag.py:2742} INFO - Sync 1 DAGs
[2025-04-13T10:20:44.099+0000] {logging_mixin.py:150} INFO - [2025-04-13T10:20:44.099+0000] {dag.py:3504} INFO - Setting next_dagrun for third_four_task_dag to 2025-04-13T00:00:00+00:00, run_after=2025-04-14T00:00:00+00:00
[2025-04-13T10:20:44.117+0000] {processor.py:179} INFO - Processing /workspaces/hands-on-introduction-data-engineering-4395021/airflow/dags/third_four_task_dag.py took 0.113 seconds
[2025-04-13T10:21:14.391+0000] {processor.py:157} INFO - Started process (PID=21988) to work on /workspaces/hands-on-introduction-data-engineering-4395021/airflow/dags/third_four_task_dag.py
[2025-04-13T10:21:14.391+0000] {processor.py:826} INFO - Processing file /workspaces/hands-on-introduction-data-engineering-4395021/airflow/dags/third_four_task_dag.py for tasks to queue
[2025-04-13T10:21:14.392+0000] {logging_mixin.py:150} INFO - [2025-04-13T10:21:14.392+0000] {dagbag.py:541} INFO - Filling up the DagBag from /workspaces/hands-on-introduction-data-engineering-4395021/airflow/dags/third_four_task_dag.py
[2025-04-13T10:21:14.400+0000] {processor.py:836} INFO - DAG(s) dict_keys(['third_four_task_dag']) retrieved from /workspaces/hands-on-introduction-data-engineering-4395021/airflow/dags/third_four_task_dag.py
[2025-04-13T10:21:14.416+0000] {logging_mixin.py:150} INFO - [2025-04-13T10:21:14.416+0000] {dag.py:2742} INFO - Sync 1 DAGs
[2025-04-13T10:21:14.430+0000] {logging_mixin.py:150} INFO - [2025-04-13T10:21:14.429+0000] {dag.py:3504} INFO - Setting next_dagrun for third_four_task_dag to 2025-04-13T00:00:00+00:00, run_after=2025-04-14T00:00:00+00:00
[2025-04-13T10:21:14.443+0000] {processor.py:179} INFO - Processing /workspaces/hands-on-introduction-data-engineering-4395021/airflow/dags/third_four_task_dag.py took 0.055 seconds
[2025-04-13T10:21:44.776+0000] {processor.py:157} INFO - Started process (PID=22163) to work on /workspaces/hands-on-introduction-data-engineering-4395021/airflow/dags/third_four_task_dag.py
[2025-04-13T10:21:44.777+0000] {processor.py:826} INFO - Processing file /workspaces/hands-on-introduction-data-engineering-4395021/airflow/dags/third_four_task_dag.py for tasks to queue
[2025-04-13T10:21:44.777+0000] {logging_mixin.py:150} INFO - [2025-04-13T10:21:44.777+0000] {dagbag.py:541} INFO - Filling up the DagBag from /workspaces/hands-on-introduction-data-engineering-4395021/airflow/dags/third_four_task_dag.py
[2025-04-13T10:21:44.785+0000] {processor.py:836} INFO - DAG(s) dict_keys(['third_four_task_dag']) retrieved from /workspaces/hands-on-introduction-data-engineering-4395021/airflow/dags/third_four_task_dag.py
[2025-04-13T10:21:44.802+0000] {logging_mixin.py:150} INFO - [2025-04-13T10:21:44.802+0000] {dag.py:2742} INFO - Sync 1 DAGs
[2025-04-13T10:21:44.821+0000] {logging_mixin.py:150} INFO - [2025-04-13T10:21:44.821+0000] {dag.py:3504} INFO - Setting next_dagrun for third_four_task_dag to 2025-04-13T00:00:00+00:00, run_after=2025-04-14T00:00:00+00:00
[2025-04-13T10:21:44.835+0000] {processor.py:179} INFO - Processing /workspaces/hands-on-introduction-data-engineering-4395021/airflow/dags/third_four_task_dag.py took 0.061 seconds
[2025-04-13T10:22:15.893+0000] {processor.py:157} INFO - Started process (PID=22357) to work on /workspaces/hands-on-introduction-data-engineering-4395021/airflow/dags/third_four_task_dag.py
[2025-04-13T10:22:15.894+0000] {processor.py:826} INFO - Processing file /workspaces/hands-on-introduction-data-engineering-4395021/airflow/dags/third_four_task_dag.py for tasks to queue
[2025-04-13T10:22:15.895+0000] {logging_mixin.py:150} INFO - [2025-04-13T10:22:15.894+0000] {dagbag.py:541} INFO - Filling up the DagBag from /workspaces/hands-on-introduction-data-engineering-4395021/airflow/dags/third_four_task_dag.py
[2025-04-13T10:22:15.903+0000] {processor.py:836} INFO - DAG(s) dict_keys(['third_four_task_dag']) retrieved from /workspaces/hands-on-introduction-data-engineering-4395021/airflow/dags/third_four_task_dag.py
[2025-04-13T10:22:15.919+0000] {logging_mixin.py:150} INFO - [2025-04-13T10:22:15.918+0000] {dag.py:2742} INFO - Sync 1 DAGs
[2025-04-13T10:22:15.932+0000] {logging_mixin.py:150} INFO - [2025-04-13T10:22:15.932+0000] {dag.py:3504} INFO - Setting next_dagrun for third_four_task_dag to 2025-04-13T00:00:00+00:00, run_after=2025-04-14T00:00:00+00:00
[2025-04-13T10:22:15.945+0000] {processor.py:179} INFO - Processing /workspaces/hands-on-introduction-data-engineering-4395021/airflow/dags/third_four_task_dag.py took 0.054 seconds
[2025-04-13T10:22:41.238+0000] {processor.py:157} INFO - Started process (PID=22524) to work on /workspaces/hands-on-introduction-data-engineering-4395021/airflow/dags/third_four_task_dag.py
[2025-04-13T10:22:41.239+0000] {processor.py:826} INFO - Processing file /workspaces/hands-on-introduction-data-engineering-4395021/airflow/dags/third_four_task_dag.py for tasks to queue
[2025-04-13T10:22:41.240+0000] {logging_mixin.py:150} INFO - [2025-04-13T10:22:41.239+0000] {dagbag.py:541} INFO - Filling up the DagBag from /workspaces/hands-on-introduction-data-engineering-4395021/airflow/dags/third_four_task_dag.py
[2025-04-13T10:22:41.248+0000] {processor.py:836} INFO - DAG(s) dict_keys(['third_four_task_dag']) retrieved from /workspaces/hands-on-introduction-data-engineering-4395021/airflow/dags/third_four_task_dag.py
[2025-04-13T10:22:41.319+0000] {logging_mixin.py:150} INFO - [2025-04-13T10:22:41.319+0000] {dag.py:2742} INFO - Sync 1 DAGs
[2025-04-13T10:22:41.330+0000] {logging_mixin.py:150} INFO - [2025-04-13T10:22:41.330+0000] {dag.py:3504} INFO - Setting next_dagrun for third_four_task_dag to 2025-04-13T00:00:00+00:00, run_after=2025-04-14T00:00:00+00:00
[2025-04-13T10:22:41.345+0000] {processor.py:179} INFO - Processing /workspaces/hands-on-introduction-data-engineering-4395021/airflow/dags/third_four_task_dag.py took 0.109 seconds
[2025-04-13T10:22:50.568+0000] {processor.py:157} INFO - Started process (PID=22590) to work on /workspaces/hands-on-introduction-data-engineering-4395021/airflow/dags/third_four_task_dag.py
[2025-04-13T10:22:50.569+0000] {processor.py:826} INFO - Processing file /workspaces/hands-on-introduction-data-engineering-4395021/airflow/dags/third_four_task_dag.py for tasks to queue
[2025-04-13T10:22:50.570+0000] {logging_mixin.py:150} INFO - [2025-04-13T10:22:50.570+0000] {dagbag.py:541} INFO - Filling up the DagBag from /workspaces/hands-on-introduction-data-engineering-4395021/airflow/dags/third_four_task_dag.py
[2025-04-13T10:22:50.578+0000] {processor.py:836} INFO - DAG(s) dict_keys(['third_four_task_dag']) retrieved from /workspaces/hands-on-introduction-data-engineering-4395021/airflow/dags/third_four_task_dag.py
[2025-04-13T10:22:50.584+0000] {logging_mixin.py:150} INFO - [2025-04-13T10:22:50.584+0000] {dag.py:2742} INFO - Sync 1 DAGs
[2025-04-13T10:22:50.598+0000] {logging_mixin.py:150} INFO - [2025-04-13T10:22:50.597+0000] {dag.py:3504} INFO - Setting next_dagrun for third_four_task_dag to 2025-04-13T00:00:00+00:00, run_after=2025-04-14T00:00:00+00:00
[2025-04-13T10:22:50.612+0000] {processor.py:179} INFO - Processing /workspaces/hands-on-introduction-data-engineering-4395021/airflow/dags/third_four_task_dag.py took 0.046 seconds
[2025-04-13T10:22:52.733+0000] {processor.py:157} INFO - Started process (PID=22599) to work on /workspaces/hands-on-introduction-data-engineering-4395021/airflow/dags/third_four_task_dag.py
[2025-04-13T10:22:52.734+0000] {processor.py:826} INFO - Processing file /workspaces/hands-on-introduction-data-engineering-4395021/airflow/dags/third_four_task_dag.py for tasks to queue
[2025-04-13T10:22:52.734+0000] {logging_mixin.py:150} INFO - [2025-04-13T10:22:52.734+0000] {dagbag.py:541} INFO - Filling up the DagBag from /workspaces/hands-on-introduction-data-engineering-4395021/airflow/dags/third_four_task_dag.py
[2025-04-13T10:22:52.743+0000] {processor.py:836} INFO - DAG(s) dict_keys(['third_four_task_dag']) retrieved from /workspaces/hands-on-introduction-data-engineering-4395021/airflow/dags/third_four_task_dag.py
[2025-04-13T10:22:52.748+0000] {logging_mixin.py:150} INFO - [2025-04-13T10:22:52.748+0000] {dag.py:2742} INFO - Sync 1 DAGs
[2025-04-13T10:22:52.762+0000] {logging_mixin.py:150} INFO - [2025-04-13T10:22:52.762+0000] {dag.py:3504} INFO - Setting next_dagrun for third_four_task_dag to 2025-04-13T00:00:00+00:00, run_after=2025-04-14T00:00:00+00:00
[2025-04-13T10:22:52.777+0000] {processor.py:179} INFO - Processing /workspaces/hands-on-introduction-data-engineering-4395021/airflow/dags/third_four_task_dag.py took 0.046 seconds
[2025-04-13T10:22:56.471+0000] {processor.py:157} INFO - Started process (PID=22630) to work on /workspaces/hands-on-introduction-data-engineering-4395021/airflow/dags/third_four_task_dag.py
[2025-04-13T10:22:56.472+0000] {processor.py:826} INFO - Processing file /workspaces/hands-on-introduction-data-engineering-4395021/airflow/dags/third_four_task_dag.py for tasks to queue
[2025-04-13T10:22:56.472+0000] {logging_mixin.py:150} INFO - [2025-04-13T10:22:56.472+0000] {dagbag.py:541} INFO - Filling up the DagBag from /workspaces/hands-on-introduction-data-engineering-4395021/airflow/dags/third_four_task_dag.py
[2025-04-13T10:22:56.481+0000] {processor.py:836} INFO - DAG(s) dict_keys(['third_four_task_dag']) retrieved from /workspaces/hands-on-introduction-data-engineering-4395021/airflow/dags/third_four_task_dag.py
[2025-04-13T10:22:56.486+0000] {logging_mixin.py:150} INFO - [2025-04-13T10:22:56.486+0000] {dag.py:2742} INFO - Sync 1 DAGs
[2025-04-13T10:22:56.500+0000] {logging_mixin.py:150} INFO - [2025-04-13T10:22:56.500+0000] {dag.py:3504} INFO - Setting next_dagrun for third_four_task_dag to 2025-04-13T00:00:00+00:00, run_after=2025-04-14T00:00:00+00:00
[2025-04-13T10:22:56.514+0000] {processor.py:179} INFO - Processing /workspaces/hands-on-introduction-data-engineering-4395021/airflow/dags/third_four_task_dag.py took 0.045 seconds
[2025-04-13T10:22:58.680+0000] {processor.py:157} INFO - Started process (PID=22646) to work on /workspaces/hands-on-introduction-data-engineering-4395021/airflow/dags/third_four_task_dag.py
[2025-04-13T10:22:58.681+0000] {processor.py:826} INFO - Processing file /workspaces/hands-on-introduction-data-engineering-4395021/airflow/dags/third_four_task_dag.py for tasks to queue
[2025-04-13T10:22:58.682+0000] {logging_mixin.py:150} INFO - [2025-04-13T10:22:58.681+0000] {dagbag.py:541} INFO - Filling up the DagBag from /workspaces/hands-on-introduction-data-engineering-4395021/airflow/dags/third_four_task_dag.py
[2025-04-13T10:22:58.690+0000] {processor.py:836} INFO - DAG(s) dict_keys(['third_four_task_dag']) retrieved from /workspaces/hands-on-introduction-data-engineering-4395021/airflow/dags/third_four_task_dag.py
[2025-04-13T10:22:58.696+0000] {logging_mixin.py:150} INFO - [2025-04-13T10:22:58.695+0000] {dag.py:2742} INFO - Sync 1 DAGs
[2025-04-13T10:22:58.709+0000] {logging_mixin.py:150} INFO - [2025-04-13T10:22:58.709+0000] {dag.py:3504} INFO - Setting next_dagrun for third_four_task_dag to 2025-04-13T00:00:00+00:00, run_after=2025-04-14T00:00:00+00:00
[2025-04-13T10:22:58.727+0000] {processor.py:179} INFO - Processing /workspaces/hands-on-introduction-data-engineering-4395021/airflow/dags/third_four_task_dag.py took 0.049 seconds
[2025-04-13T10:23:02.482+0000] {processor.py:157} INFO - Started process (PID=22676) to work on /workspaces/hands-on-introduction-data-engineering-4395021/airflow/dags/third_four_task_dag.py
[2025-04-13T10:23:02.483+0000] {processor.py:826} INFO - Processing file /workspaces/hands-on-introduction-data-engineering-4395021/airflow/dags/third_four_task_dag.py for tasks to queue
[2025-04-13T10:23:02.484+0000] {logging_mixin.py:150} INFO - [2025-04-13T10:23:02.484+0000] {dagbag.py:541} INFO - Filling up the DagBag from /workspaces/hands-on-introduction-data-engineering-4395021/airflow/dags/third_four_task_dag.py
[2025-04-13T10:23:02.492+0000] {processor.py:836} INFO - DAG(s) dict_keys(['third_four_task_dag']) retrieved from /workspaces/hands-on-introduction-data-engineering-4395021/airflow/dags/third_four_task_dag.py
[2025-04-13T10:23:02.498+0000] {logging_mixin.py:150} INFO - [2025-04-13T10:23:02.497+0000] {dag.py:2742} INFO - Sync 1 DAGs
[2025-04-13T10:23:02.513+0000] {logging_mixin.py:150} INFO - [2025-04-13T10:23:02.513+0000] {dag.py:3504} INFO - Setting next_dagrun for third_four_task_dag to 2025-04-13T00:00:00+00:00, run_after=2025-04-14T00:00:00+00:00
[2025-04-13T10:23:02.528+0000] {processor.py:179} INFO - Processing /workspaces/hands-on-introduction-data-engineering-4395021/airflow/dags/third_four_task_dag.py took 0.047 seconds
[2025-04-13T10:23:11.602+0000] {processor.py:157} INFO - Started process (PID=22735) to work on /workspaces/hands-on-introduction-data-engineering-4395021/airflow/dags/third_four_task_dag.py
[2025-04-13T10:23:11.602+0000] {processor.py:826} INFO - Processing file /workspaces/hands-on-introduction-data-engineering-4395021/airflow/dags/third_four_task_dag.py for tasks to queue
[2025-04-13T10:23:11.603+0000] {logging_mixin.py:150} INFO - [2025-04-13T10:23:11.603+0000] {dagbag.py:541} INFO - Filling up the DagBag from /workspaces/hands-on-introduction-data-engineering-4395021/airflow/dags/third_four_task_dag.py
[2025-04-13T10:23:11.612+0000] {processor.py:836} INFO - DAG(s) dict_keys(['third_four_task_dag']) retrieved from /workspaces/hands-on-introduction-data-engineering-4395021/airflow/dags/third_four_task_dag.py
[2025-04-13T10:23:11.706+0000] {logging_mixin.py:150} INFO - [2025-04-13T10:23:11.705+0000] {dag.py:2742} INFO - Sync 1 DAGs
[2025-04-13T10:23:11.724+0000] {logging_mixin.py:150} INFO - [2025-04-13T10:23:11.724+0000] {dag.py:3504} INFO - Setting next_dagrun for third_four_task_dag to 2025-04-13T00:00:00+00:00, run_after=2025-04-14T00:00:00+00:00
[2025-04-13T10:23:11.739+0000] {processor.py:179} INFO - Processing /workspaces/hands-on-introduction-data-engineering-4395021/airflow/dags/third_four_task_dag.py took 0.139 seconds
[2025-04-13T10:23:15.973+0000] {processor.py:157} INFO - Started process (PID=22763) to work on /workspaces/hands-on-introduction-data-engineering-4395021/airflow/dags/third_four_task_dag.py
[2025-04-13T10:23:15.974+0000] {processor.py:826} INFO - Processing file /workspaces/hands-on-introduction-data-engineering-4395021/airflow/dags/third_four_task_dag.py for tasks to queue
[2025-04-13T10:23:15.974+0000] {logging_mixin.py:150} INFO - [2025-04-13T10:23:15.974+0000] {dagbag.py:541} INFO - Filling up the DagBag from /workspaces/hands-on-introduction-data-engineering-4395021/airflow/dags/third_four_task_dag.py
[2025-04-13T10:23:15.983+0000] {processor.py:836} INFO - DAG(s) dict_keys(['third_four_task_dag']) retrieved from /workspaces/hands-on-introduction-data-engineering-4395021/airflow/dags/third_four_task_dag.py
[2025-04-13T10:23:15.988+0000] {logging_mixin.py:150} INFO - [2025-04-13T10:23:15.988+0000] {dag.py:2742} INFO - Sync 1 DAGs
[2025-04-13T10:23:16.002+0000] {logging_mixin.py:150} INFO - [2025-04-13T10:23:16.002+0000] {dag.py:3504} INFO - Setting next_dagrun for third_four_task_dag to 2025-04-13T00:00:00+00:00, run_after=2025-04-14T00:00:00+00:00
[2025-04-13T10:23:16.019+0000] {processor.py:179} INFO - Processing /workspaces/hands-on-introduction-data-engineering-4395021/airflow/dags/third_four_task_dag.py took 0.048 seconds
[2025-04-13T10:23:17.113+0000] {processor.py:157} INFO - Started process (PID=22771) to work on /workspaces/hands-on-introduction-data-engineering-4395021/airflow/dags/third_four_task_dag.py
[2025-04-13T10:23:17.113+0000] {processor.py:826} INFO - Processing file /workspaces/hands-on-introduction-data-engineering-4395021/airflow/dags/third_four_task_dag.py for tasks to queue
[2025-04-13T10:23:17.114+0000] {logging_mixin.py:150} INFO - [2025-04-13T10:23:17.114+0000] {dagbag.py:541} INFO - Filling up the DagBag from /workspaces/hands-on-introduction-data-engineering-4395021/airflow/dags/third_four_task_dag.py
[2025-04-13T10:23:17.129+0000] {processor.py:836} INFO - DAG(s) dict_keys(['third_four_task_dag']) retrieved from /workspaces/hands-on-introduction-data-engineering-4395021/airflow/dags/third_four_task_dag.py
[2025-04-13T10:23:17.138+0000] {logging_mixin.py:150} INFO - [2025-04-13T10:23:17.138+0000] {dag.py:2742} INFO - Sync 1 DAGs
[2025-04-13T10:23:17.159+0000] {logging_mixin.py:150} INFO - [2025-04-13T10:23:17.159+0000] {dag.py:3504} INFO - Setting next_dagrun for third_four_task_dag to 2025-04-13T00:00:00+00:00, run_after=2025-04-14T00:00:00+00:00
[2025-04-13T10:23:17.189+0000] {processor.py:179} INFO - Processing /workspaces/hands-on-introduction-data-engineering-4395021/airflow/dags/third_four_task_dag.py took 0.080 seconds
[2025-04-13T10:23:18.253+0000] {processor.py:157} INFO - Started process (PID=22786) to work on /workspaces/hands-on-introduction-data-engineering-4395021/airflow/dags/third_four_task_dag.py
[2025-04-13T10:23:18.253+0000] {processor.py:826} INFO - Processing file /workspaces/hands-on-introduction-data-engineering-4395021/airflow/dags/third_four_task_dag.py for tasks to queue
[2025-04-13T10:23:18.254+0000] {logging_mixin.py:150} INFO - [2025-04-13T10:23:18.254+0000] {dagbag.py:541} INFO - Filling up the DagBag from /workspaces/hands-on-introduction-data-engineering-4395021/airflow/dags/third_four_task_dag.py
[2025-04-13T10:23:18.263+0000] {processor.py:836} INFO - DAG(s) dict_keys(['third_four_task_dag']) retrieved from /workspaces/hands-on-introduction-data-engineering-4395021/airflow/dags/third_four_task_dag.py
[2025-04-13T10:23:18.269+0000] {logging_mixin.py:150} INFO - [2025-04-13T10:23:18.268+0000] {dag.py:2742} INFO - Sync 1 DAGs
[2025-04-13T10:23:18.282+0000] {logging_mixin.py:150} INFO - [2025-04-13T10:23:18.282+0000] {dag.py:3504} INFO - Setting next_dagrun for third_four_task_dag to 2025-04-13T00:00:00+00:00, run_after=2025-04-14T00:00:00+00:00
[2025-04-13T10:23:18.298+0000] {processor.py:179} INFO - Processing /workspaces/hands-on-introduction-data-engineering-4395021/airflow/dags/third_four_task_dag.py took 0.047 seconds
[2025-04-13T10:23:24.977+0000] {processor.py:157} INFO - Started process (PID=22828) to work on /workspaces/hands-on-introduction-data-engineering-4395021/airflow/dags/third_four_task_dag.py
[2025-04-13T10:23:24.977+0000] {processor.py:826} INFO - Processing file /workspaces/hands-on-introduction-data-engineering-4395021/airflow/dags/third_four_task_dag.py for tasks to queue
[2025-04-13T10:23:24.978+0000] {logging_mixin.py:150} INFO - [2025-04-13T10:23:24.978+0000] {dagbag.py:541} INFO - Filling up the DagBag from /workspaces/hands-on-introduction-data-engineering-4395021/airflow/dags/third_four_task_dag.py
[2025-04-13T10:23:24.987+0000] {processor.py:836} INFO - DAG(s) dict_keys(['third_four_task_dag']) retrieved from /workspaces/hands-on-introduction-data-engineering-4395021/airflow/dags/third_four_task_dag.py
[2025-04-13T10:23:24.993+0000] {logging_mixin.py:150} INFO - [2025-04-13T10:23:24.993+0000] {dag.py:2742} INFO - Sync 1 DAGs
[2025-04-13T10:23:25.006+0000] {logging_mixin.py:150} INFO - [2025-04-13T10:23:25.006+0000] {dag.py:3504} INFO - Setting next_dagrun for third_four_task_dag to 2025-04-13T00:00:00+00:00, run_after=2025-04-14T00:00:00+00:00
[2025-04-13T10:23:25.021+0000] {processor.py:179} INFO - Processing /workspaces/hands-on-introduction-data-engineering-4395021/airflow/dags/third_four_task_dag.py took 0.046 seconds
[2025-04-13T10:23:55.266+0000] {processor.py:157} INFO - Started process (PID=23020) to work on /workspaces/hands-on-introduction-data-engineering-4395021/airflow/dags/third_four_task_dag.py
[2025-04-13T10:23:55.266+0000] {processor.py:826} INFO - Processing file /workspaces/hands-on-introduction-data-engineering-4395021/airflow/dags/third_four_task_dag.py for tasks to queue
[2025-04-13T10:23:55.267+0000] {logging_mixin.py:150} INFO - [2025-04-13T10:23:55.267+0000] {dagbag.py:541} INFO - Filling up the DagBag from /workspaces/hands-on-introduction-data-engineering-4395021/airflow/dags/third_four_task_dag.py
[2025-04-13T10:23:55.275+0000] {processor.py:836} INFO - DAG(s) dict_keys(['third_four_task_dag']) retrieved from /workspaces/hands-on-introduction-data-engineering-4395021/airflow/dags/third_four_task_dag.py
[2025-04-13T10:23:55.291+0000] {logging_mixin.py:150} INFO - [2025-04-13T10:23:55.291+0000] {dag.py:2742} INFO - Sync 1 DAGs
[2025-04-13T10:23:55.304+0000] {logging_mixin.py:150} INFO - [2025-04-13T10:23:55.304+0000] {dag.py:3504} INFO - Setting next_dagrun for third_four_task_dag to 2025-04-13T00:00:00+00:00, run_after=2025-04-14T00:00:00+00:00
[2025-04-13T10:23:55.316+0000] {processor.py:179} INFO - Processing /workspaces/hands-on-introduction-data-engineering-4395021/airflow/dags/third_four_task_dag.py took 0.053 seconds
[2025-04-13T10:24:25.563+0000] {processor.py:157} INFO - Started process (PID=23195) to work on /workspaces/hands-on-introduction-data-engineering-4395021/airflow/dags/third_four_task_dag.py
[2025-04-13T10:24:25.563+0000] {processor.py:826} INFO - Processing file /workspaces/hands-on-introduction-data-engineering-4395021/airflow/dags/third_four_task_dag.py for tasks to queue
[2025-04-13T10:24:25.564+0000] {logging_mixin.py:150} INFO - [2025-04-13T10:24:25.564+0000] {dagbag.py:541} INFO - Filling up the DagBag from /workspaces/hands-on-introduction-data-engineering-4395021/airflow/dags/third_four_task_dag.py
[2025-04-13T10:24:25.573+0000] {processor.py:836} INFO - DAG(s) dict_keys(['third_four_task_dag']) retrieved from /workspaces/hands-on-introduction-data-engineering-4395021/airflow/dags/third_four_task_dag.py
[2025-04-13T10:24:25.598+0000] {logging_mixin.py:150} INFO - [2025-04-13T10:24:25.597+0000] {dag.py:2742} INFO - Sync 1 DAGs
[2025-04-13T10:24:25.616+0000] {logging_mixin.py:150} INFO - [2025-04-13T10:24:25.616+0000] {dag.py:3504} INFO - Setting next_dagrun for third_four_task_dag to 2025-04-13T00:00:00+00:00, run_after=2025-04-14T00:00:00+00:00
[2025-04-13T10:24:25.630+0000] {processor.py:179} INFO - Processing /workspaces/hands-on-introduction-data-engineering-4395021/airflow/dags/third_four_task_dag.py took 0.069 seconds
[2025-04-13T10:24:55.743+0000] {processor.py:157} INFO - Started process (PID=23381) to work on /workspaces/hands-on-introduction-data-engineering-4395021/airflow/dags/third_four_task_dag.py
[2025-04-13T10:24:55.744+0000] {processor.py:826} INFO - Processing file /workspaces/hands-on-introduction-data-engineering-4395021/airflow/dags/third_four_task_dag.py for tasks to queue
[2025-04-13T10:24:55.744+0000] {logging_mixin.py:150} INFO - [2025-04-13T10:24:55.744+0000] {dagbag.py:541} INFO - Filling up the DagBag from /workspaces/hands-on-introduction-data-engineering-4395021/airflow/dags/third_four_task_dag.py
[2025-04-13T10:24:55.755+0000] {processor.py:836} INFO - DAG(s) dict_keys(['third_four_task_dag']) retrieved from /workspaces/hands-on-introduction-data-engineering-4395021/airflow/dags/third_four_task_dag.py
[2025-04-13T10:24:55.779+0000] {logging_mixin.py:150} INFO - [2025-04-13T10:24:55.779+0000] {dag.py:2742} INFO - Sync 1 DAGs
[2025-04-13T10:24:55.795+0000] {logging_mixin.py:150} INFO - [2025-04-13T10:24:55.794+0000] {dag.py:3504} INFO - Setting next_dagrun for third_four_task_dag to 2025-04-13T00:00:00+00:00, run_after=2025-04-14T00:00:00+00:00
[2025-04-13T10:24:55.809+0000] {processor.py:179} INFO - Processing /workspaces/hands-on-introduction-data-engineering-4395021/airflow/dags/third_four_task_dag.py took 0.068 seconds
[2025-04-13T10:25:26.037+0000] {processor.py:157} INFO - Started process (PID=23562) to work on /workspaces/hands-on-introduction-data-engineering-4395021/airflow/dags/third_four_task_dag.py
[2025-04-13T10:25:26.037+0000] {processor.py:826} INFO - Processing file /workspaces/hands-on-introduction-data-engineering-4395021/airflow/dags/third_four_task_dag.py for tasks to queue
[2025-04-13T10:25:26.038+0000] {logging_mixin.py:150} INFO - [2025-04-13T10:25:26.038+0000] {dagbag.py:541} INFO - Filling up the DagBag from /workspaces/hands-on-introduction-data-engineering-4395021/airflow/dags/third_four_task_dag.py
[2025-04-13T10:25:26.046+0000] {processor.py:836} INFO - DAG(s) dict_keys(['third_four_task_dag']) retrieved from /workspaces/hands-on-introduction-data-engineering-4395021/airflow/dags/third_four_task_dag.py
[2025-04-13T10:25:26.062+0000] {logging_mixin.py:150} INFO - [2025-04-13T10:25:26.062+0000] {dag.py:2742} INFO - Sync 1 DAGs
[2025-04-13T10:25:26.075+0000] {logging_mixin.py:150} INFO - [2025-04-13T10:25:26.075+0000] {dag.py:3504} INFO - Setting next_dagrun for third_four_task_dag to 2025-04-13T00:00:00+00:00, run_after=2025-04-14T00:00:00+00:00
[2025-04-13T10:25:26.088+0000] {processor.py:179} INFO - Processing /workspaces/hands-on-introduction-data-engineering-4395021/airflow/dags/third_four_task_dag.py took 0.054 seconds
[2025-04-13T10:25:56.332+0000] {processor.py:157} INFO - Started process (PID=23749) to work on /workspaces/hands-on-introduction-data-engineering-4395021/airflow/dags/third_four_task_dag.py
[2025-04-13T10:25:56.332+0000] {processor.py:826} INFO - Processing file /workspaces/hands-on-introduction-data-engineering-4395021/airflow/dags/third_four_task_dag.py for tasks to queue
[2025-04-13T10:25:56.333+0000] {logging_mixin.py:150} INFO - [2025-04-13T10:25:56.333+0000] {dagbag.py:541} INFO - Filling up the DagBag from /workspaces/hands-on-introduction-data-engineering-4395021/airflow/dags/third_four_task_dag.py
[2025-04-13T10:25:56.341+0000] {processor.py:836} INFO - DAG(s) dict_keys(['third_four_task_dag']) retrieved from /workspaces/hands-on-introduction-data-engineering-4395021/airflow/dags/third_four_task_dag.py
[2025-04-13T10:25:56.357+0000] {logging_mixin.py:150} INFO - [2025-04-13T10:25:56.357+0000] {dag.py:2742} INFO - Sync 1 DAGs
[2025-04-13T10:25:56.371+0000] {logging_mixin.py:150} INFO - [2025-04-13T10:25:56.371+0000] {dag.py:3504} INFO - Setting next_dagrun for third_four_task_dag to 2025-04-13T00:00:00+00:00, run_after=2025-04-14T00:00:00+00:00
[2025-04-13T10:25:56.384+0000] {processor.py:179} INFO - Processing /workspaces/hands-on-introduction-data-engineering-4395021/airflow/dags/third_four_task_dag.py took 0.054 seconds
[2025-04-13T10:26:26.825+0000] {processor.py:157} INFO - Started process (PID=23937) to work on /workspaces/hands-on-introduction-data-engineering-4395021/airflow/dags/third_four_task_dag.py
[2025-04-13T10:26:26.825+0000] {processor.py:826} INFO - Processing file /workspaces/hands-on-introduction-data-engineering-4395021/airflow/dags/third_four_task_dag.py for tasks to queue
[2025-04-13T10:26:26.826+0000] {logging_mixin.py:150} INFO - [2025-04-13T10:26:26.826+0000] {dagbag.py:541} INFO - Filling up the DagBag from /workspaces/hands-on-introduction-data-engineering-4395021/airflow/dags/third_four_task_dag.py
[2025-04-13T10:26:26.834+0000] {processor.py:836} INFO - DAG(s) dict_keys(['third_four_task_dag']) retrieved from /workspaces/hands-on-introduction-data-engineering-4395021/airflow/dags/third_four_task_dag.py
[2025-04-13T10:26:26.850+0000] {logging_mixin.py:150} INFO - [2025-04-13T10:26:26.850+0000] {dag.py:2742} INFO - Sync 1 DAGs
[2025-04-13T10:26:26.863+0000] {logging_mixin.py:150} INFO - [2025-04-13T10:26:26.863+0000] {dag.py:3504} INFO - Setting next_dagrun for third_four_task_dag to 2025-04-13T00:00:00+00:00, run_after=2025-04-14T00:00:00+00:00
[2025-04-13T10:26:26.876+0000] {processor.py:179} INFO - Processing /workspaces/hands-on-introduction-data-engineering-4395021/airflow/dags/third_four_task_dag.py took 0.054 seconds
[2025-04-13T10:26:57.327+0000] {processor.py:157} INFO - Started process (PID=24126) to work on /workspaces/hands-on-introduction-data-engineering-4395021/airflow/dags/third_four_task_dag.py
[2025-04-13T10:26:57.328+0000] {processor.py:826} INFO - Processing file /workspaces/hands-on-introduction-data-engineering-4395021/airflow/dags/third_four_task_dag.py for tasks to queue
[2025-04-13T10:26:57.329+0000] {logging_mixin.py:150} INFO - [2025-04-13T10:26:57.329+0000] {dagbag.py:541} INFO - Filling up the DagBag from /workspaces/hands-on-introduction-data-engineering-4395021/airflow/dags/third_four_task_dag.py
[2025-04-13T10:26:57.336+0000] {processor.py:836} INFO - DAG(s) dict_keys(['third_four_task_dag']) retrieved from /workspaces/hands-on-introduction-data-engineering-4395021/airflow/dags/third_four_task_dag.py
[2025-04-13T10:26:57.352+0000] {logging_mixin.py:150} INFO - [2025-04-13T10:26:57.352+0000] {dag.py:2742} INFO - Sync 1 DAGs
[2025-04-13T10:26:57.365+0000] {logging_mixin.py:150} INFO - [2025-04-13T10:26:57.365+0000] {dag.py:3504} INFO - Setting next_dagrun for third_four_task_dag to 2025-04-13T00:00:00+00:00, run_after=2025-04-14T00:00:00+00:00
[2025-04-13T10:26:57.378+0000] {processor.py:179} INFO - Processing /workspaces/hands-on-introduction-data-engineering-4395021/airflow/dags/third_four_task_dag.py took 0.053 seconds
[2025-04-13T10:27:27.828+0000] {processor.py:157} INFO - Started process (PID=24339) to work on /workspaces/hands-on-introduction-data-engineering-4395021/airflow/dags/third_four_task_dag.py
[2025-04-13T10:27:27.828+0000] {processor.py:826} INFO - Processing file /workspaces/hands-on-introduction-data-engineering-4395021/airflow/dags/third_four_task_dag.py for tasks to queue
[2025-04-13T10:27:27.829+0000] {logging_mixin.py:150} INFO - [2025-04-13T10:27:27.829+0000] {dagbag.py:541} INFO - Filling up the DagBag from /workspaces/hands-on-introduction-data-engineering-4395021/airflow/dags/third_four_task_dag.py
[2025-04-13T10:27:27.837+0000] {processor.py:836} INFO - DAG(s) dict_keys(['third_four_task_dag']) retrieved from /workspaces/hands-on-introduction-data-engineering-4395021/airflow/dags/third_four_task_dag.py
[2025-04-13T10:27:27.853+0000] {logging_mixin.py:150} INFO - [2025-04-13T10:27:27.853+0000] {dag.py:2742} INFO - Sync 1 DAGs
[2025-04-13T10:27:27.866+0000] {logging_mixin.py:150} INFO - [2025-04-13T10:27:27.866+0000] {dag.py:3504} INFO - Setting next_dagrun for third_four_task_dag to 2025-04-13T00:00:00+00:00, run_after=2025-04-14T00:00:00+00:00
[2025-04-13T10:27:27.879+0000] {processor.py:179} INFO - Processing /workspaces/hands-on-introduction-data-engineering-4395021/airflow/dags/third_four_task_dag.py took 0.053 seconds
[2025-04-13T10:27:58.532+0000] {processor.py:157} INFO - Started process (PID=24601) to work on /workspaces/hands-on-introduction-data-engineering-4395021/airflow/dags/third_four_task_dag.py
[2025-04-13T10:27:58.532+0000] {processor.py:826} INFO - Processing file /workspaces/hands-on-introduction-data-engineering-4395021/airflow/dags/third_four_task_dag.py for tasks to queue
[2025-04-13T10:27:58.533+0000] {logging_mixin.py:150} INFO - [2025-04-13T10:27:58.533+0000] {dagbag.py:541} INFO - Filling up the DagBag from /workspaces/hands-on-introduction-data-engineering-4395021/airflow/dags/third_four_task_dag.py
[2025-04-13T10:27:58.541+0000] {processor.py:836} INFO - DAG(s) dict_keys(['third_four_task_dag']) retrieved from /workspaces/hands-on-introduction-data-engineering-4395021/airflow/dags/third_four_task_dag.py
[2025-04-13T10:27:58.556+0000] {logging_mixin.py:150} INFO - [2025-04-13T10:27:58.556+0000] {dag.py:2742} INFO - Sync 1 DAGs
[2025-04-13T10:27:58.569+0000] {logging_mixin.py:150} INFO - [2025-04-13T10:27:58.569+0000] {dag.py:3504} INFO - Setting next_dagrun for third_four_task_dag to 2025-04-13T00:00:00+00:00, run_after=2025-04-14T00:00:00+00:00
[2025-04-13T10:27:58.583+0000] {processor.py:179} INFO - Processing /workspaces/hands-on-introduction-data-engineering-4395021/airflow/dags/third_four_task_dag.py took 0.053 seconds
[2025-04-13T10:28:29.123+0000] {processor.py:157} INFO - Started process (PID=24847) to work on /workspaces/hands-on-introduction-data-engineering-4395021/airflow/dags/third_four_task_dag.py
[2025-04-13T10:28:29.124+0000] {processor.py:826} INFO - Processing file /workspaces/hands-on-introduction-data-engineering-4395021/airflow/dags/third_four_task_dag.py for tasks to queue
[2025-04-13T10:28:29.124+0000] {logging_mixin.py:150} INFO - [2025-04-13T10:28:29.124+0000] {dagbag.py:541} INFO - Filling up the DagBag from /workspaces/hands-on-introduction-data-engineering-4395021/airflow/dags/third_four_task_dag.py
[2025-04-13T10:28:29.135+0000] {processor.py:836} INFO - DAG(s) dict_keys(['third_four_task_dag']) retrieved from /workspaces/hands-on-introduction-data-engineering-4395021/airflow/dags/third_four_task_dag.py
[2025-04-13T10:28:29.159+0000] {logging_mixin.py:150} INFO - [2025-04-13T10:28:29.158+0000] {dag.py:2742} INFO - Sync 1 DAGs
[2025-04-13T10:28:29.176+0000] {logging_mixin.py:150} INFO - [2025-04-13T10:28:29.176+0000] {dag.py:3504} INFO - Setting next_dagrun for third_four_task_dag to 2025-04-13T00:00:00+00:00, run_after=2025-04-14T00:00:00+00:00
[2025-04-13T10:28:29.189+0000] {processor.py:179} INFO - Processing /workspaces/hands-on-introduction-data-engineering-4395021/airflow/dags/third_four_task_dag.py took 0.070 seconds
[2025-04-13T10:28:59.617+0000] {processor.py:157} INFO - Started process (PID=25132) to work on /workspaces/hands-on-introduction-data-engineering-4395021/airflow/dags/third_four_task_dag.py
[2025-04-13T10:28:59.618+0000] {processor.py:826} INFO - Processing file /workspaces/hands-on-introduction-data-engineering-4395021/airflow/dags/third_four_task_dag.py for tasks to queue
[2025-04-13T10:28:59.618+0000] {logging_mixin.py:150} INFO - [2025-04-13T10:28:59.618+0000] {dagbag.py:541} INFO - Filling up the DagBag from /workspaces/hands-on-introduction-data-engineering-4395021/airflow/dags/third_four_task_dag.py
[2025-04-13T10:28:59.626+0000] {processor.py:836} INFO - DAG(s) dict_keys(['third_four_task_dag']) retrieved from /workspaces/hands-on-introduction-data-engineering-4395021/airflow/dags/third_four_task_dag.py
[2025-04-13T10:28:59.642+0000] {logging_mixin.py:150} INFO - [2025-04-13T10:28:59.642+0000] {dag.py:2742} INFO - Sync 1 DAGs
[2025-04-13T10:28:59.655+0000] {logging_mixin.py:150} INFO - [2025-04-13T10:28:59.655+0000] {dag.py:3504} INFO - Setting next_dagrun for third_four_task_dag to 2025-04-13T00:00:00+00:00, run_after=2025-04-14T00:00:00+00:00
[2025-04-13T10:28:59.668+0000] {processor.py:179} INFO - Processing /workspaces/hands-on-introduction-data-engineering-4395021/airflow/dags/third_four_task_dag.py took 0.053 seconds
[2025-04-13T10:29:30.115+0000] {processor.py:157} INFO - Started process (PID=25366) to work on /workspaces/hands-on-introduction-data-engineering-4395021/airflow/dags/third_four_task_dag.py
[2025-04-13T10:29:30.116+0000] {processor.py:826} INFO - Processing file /workspaces/hands-on-introduction-data-engineering-4395021/airflow/dags/third_four_task_dag.py for tasks to queue
[2025-04-13T10:29:30.116+0000] {logging_mixin.py:150} INFO - [2025-04-13T10:29:30.116+0000] {dagbag.py:541} INFO - Filling up the DagBag from /workspaces/hands-on-introduction-data-engineering-4395021/airflow/dags/third_four_task_dag.py
[2025-04-13T10:29:30.124+0000] {processor.py:836} INFO - DAG(s) dict_keys(['third_four_task_dag']) retrieved from /workspaces/hands-on-introduction-data-engineering-4395021/airflow/dags/third_four_task_dag.py
[2025-04-13T10:29:30.140+0000] {logging_mixin.py:150} INFO - [2025-04-13T10:29:30.140+0000] {dag.py:2742} INFO - Sync 1 DAGs
[2025-04-13T10:29:30.153+0000] {logging_mixin.py:150} INFO - [2025-04-13T10:29:30.153+0000] {dag.py:3504} INFO - Setting next_dagrun for third_four_task_dag to 2025-04-13T00:00:00+00:00, run_after=2025-04-14T00:00:00+00:00
[2025-04-13T10:29:30.166+0000] {processor.py:179} INFO - Processing /workspaces/hands-on-introduction-data-engineering-4395021/airflow/dags/third_four_task_dag.py took 0.054 seconds
[2025-04-13T10:30:00.624+0000] {processor.py:157} INFO - Started process (PID=25735) to work on /workspaces/hands-on-introduction-data-engineering-4395021/airflow/dags/third_four_task_dag.py
[2025-04-13T10:30:00.625+0000] {processor.py:826} INFO - Processing file /workspaces/hands-on-introduction-data-engineering-4395021/airflow/dags/third_four_task_dag.py for tasks to queue
[2025-04-13T10:30:00.626+0000] {logging_mixin.py:150} INFO - [2025-04-13T10:30:00.625+0000] {dagbag.py:541} INFO - Filling up the DagBag from /workspaces/hands-on-introduction-data-engineering-4395021/airflow/dags/third_four_task_dag.py
[2025-04-13T10:30:00.633+0000] {processor.py:836} INFO - DAG(s) dict_keys(['third_four_task_dag']) retrieved from /workspaces/hands-on-introduction-data-engineering-4395021/airflow/dags/third_four_task_dag.py
[2025-04-13T10:30:00.650+0000] {logging_mixin.py:150} INFO - [2025-04-13T10:30:00.649+0000] {dag.py:2742} INFO - Sync 1 DAGs
[2025-04-13T10:30:00.663+0000] {logging_mixin.py:150} INFO - [2025-04-13T10:30:00.663+0000] {dag.py:3504} INFO - Setting next_dagrun for third_four_task_dag to 2025-04-13T00:00:00+00:00, run_after=2025-04-14T00:00:00+00:00
[2025-04-13T10:30:00.676+0000] {processor.py:179} INFO - Processing /workspaces/hands-on-introduction-data-engineering-4395021/airflow/dags/third_four_task_dag.py took 0.053 seconds
[2025-04-13T10:30:31.132+0000] {processor.py:157} INFO - Started process (PID=26064) to work on /workspaces/hands-on-introduction-data-engineering-4395021/airflow/dags/third_four_task_dag.py
[2025-04-13T10:30:31.132+0000] {processor.py:826} INFO - Processing file /workspaces/hands-on-introduction-data-engineering-4395021/airflow/dags/third_four_task_dag.py for tasks to queue
[2025-04-13T10:30:31.133+0000] {logging_mixin.py:150} INFO - [2025-04-13T10:30:31.133+0000] {dagbag.py:541} INFO - Filling up the DagBag from /workspaces/hands-on-introduction-data-engineering-4395021/airflow/dags/third_four_task_dag.py
[2025-04-13T10:30:31.141+0000] {processor.py:836} INFO - DAG(s) dict_keys(['third_four_task_dag']) retrieved from /workspaces/hands-on-introduction-data-engineering-4395021/airflow/dags/third_four_task_dag.py
[2025-04-13T10:30:31.158+0000] {logging_mixin.py:150} INFO - [2025-04-13T10:30:31.157+0000] {dag.py:2742} INFO - Sync 1 DAGs
[2025-04-13T10:30:31.170+0000] {logging_mixin.py:150} INFO - [2025-04-13T10:30:31.170+0000] {dag.py:3504} INFO - Setting next_dagrun for third_four_task_dag to 2025-04-13T00:00:00+00:00, run_after=2025-04-14T00:00:00+00:00
[2025-04-13T10:30:31.183+0000] {processor.py:179} INFO - Processing /workspaces/hands-on-introduction-data-engineering-4395021/airflow/dags/third_four_task_dag.py took 0.054 seconds
[2025-04-13T10:31:01.636+0000] {processor.py:157} INFO - Started process (PID=26266) to work on /workspaces/hands-on-introduction-data-engineering-4395021/airflow/dags/third_four_task_dag.py
[2025-04-13T10:31:01.636+0000] {processor.py:826} INFO - Processing file /workspaces/hands-on-introduction-data-engineering-4395021/airflow/dags/third_four_task_dag.py for tasks to queue
[2025-04-13T10:31:01.637+0000] {logging_mixin.py:150} INFO - [2025-04-13T10:31:01.637+0000] {dagbag.py:541} INFO - Filling up the DagBag from /workspaces/hands-on-introduction-data-engineering-4395021/airflow/dags/third_four_task_dag.py
[2025-04-13T10:31:01.645+0000] {processor.py:836} INFO - DAG(s) dict_keys(['third_four_task_dag']) retrieved from /workspaces/hands-on-introduction-data-engineering-4395021/airflow/dags/third_four_task_dag.py
[2025-04-13T10:31:01.661+0000] {logging_mixin.py:150} INFO - [2025-04-13T10:31:01.661+0000] {dag.py:2742} INFO - Sync 1 DAGs
[2025-04-13T10:31:01.674+0000] {logging_mixin.py:150} INFO - [2025-04-13T10:31:01.674+0000] {dag.py:3504} INFO - Setting next_dagrun for third_four_task_dag to 2025-04-13T00:00:00+00:00, run_after=2025-04-14T00:00:00+00:00
[2025-04-13T10:31:01.688+0000] {processor.py:179} INFO - Processing /workspaces/hands-on-introduction-data-engineering-4395021/airflow/dags/third_four_task_dag.py took 0.054 seconds
[2025-04-13T10:31:32.132+0000] {processor.py:157} INFO - Started process (PID=26477) to work on /workspaces/hands-on-introduction-data-engineering-4395021/airflow/dags/third_four_task_dag.py
[2025-04-13T10:31:32.133+0000] {processor.py:826} INFO - Processing file /workspaces/hands-on-introduction-data-engineering-4395021/airflow/dags/third_four_task_dag.py for tasks to queue
[2025-04-13T10:31:32.134+0000] {logging_mixin.py:150} INFO - [2025-04-13T10:31:32.133+0000] {dagbag.py:541} INFO - Filling up the DagBag from /workspaces/hands-on-introduction-data-engineering-4395021/airflow/dags/third_four_task_dag.py
[2025-04-13T10:31:32.142+0000] {processor.py:836} INFO - DAG(s) dict_keys(['third_four_task_dag']) retrieved from /workspaces/hands-on-introduction-data-engineering-4395021/airflow/dags/third_four_task_dag.py
[2025-04-13T10:31:32.158+0000] {logging_mixin.py:150} INFO - [2025-04-13T10:31:32.158+0000] {dag.py:2742} INFO - Sync 1 DAGs
[2025-04-13T10:31:32.171+0000] {logging_mixin.py:150} INFO - [2025-04-13T10:31:32.171+0000] {dag.py:3504} INFO - Setting next_dagrun for third_four_task_dag to 2025-04-13T00:00:00+00:00, run_after=2025-04-14T00:00:00+00:00
[2025-04-13T10:31:32.185+0000] {processor.py:179} INFO - Processing /workspaces/hands-on-introduction-data-engineering-4395021/airflow/dags/third_four_task_dag.py took 0.054 seconds
[2025-04-13T10:32:02.629+0000] {processor.py:157} INFO - Started process (PID=26691) to work on /workspaces/hands-on-introduction-data-engineering-4395021/airflow/dags/third_four_task_dag.py
[2025-04-13T10:32:02.629+0000] {processor.py:826} INFO - Processing file /workspaces/hands-on-introduction-data-engineering-4395021/airflow/dags/third_four_task_dag.py for tasks to queue
[2025-04-13T10:32:02.630+0000] {logging_mixin.py:150} INFO - [2025-04-13T10:32:02.630+0000] {dagbag.py:541} INFO - Filling up the DagBag from /workspaces/hands-on-introduction-data-engineering-4395021/airflow/dags/third_four_task_dag.py
[2025-04-13T10:32:02.638+0000] {processor.py:836} INFO - DAG(s) dict_keys(['third_four_task_dag']) retrieved from /workspaces/hands-on-introduction-data-engineering-4395021/airflow/dags/third_four_task_dag.py
[2025-04-13T10:32:02.654+0000] {logging_mixin.py:150} INFO - [2025-04-13T10:32:02.654+0000] {dag.py:2742} INFO - Sync 1 DAGs
[2025-04-13T10:32:02.666+0000] {logging_mixin.py:150} INFO - [2025-04-13T10:32:02.666+0000] {dag.py:3504} INFO - Setting next_dagrun for third_four_task_dag to 2025-04-13T00:00:00+00:00, run_after=2025-04-14T00:00:00+00:00
[2025-04-13T10:32:02.680+0000] {processor.py:179} INFO - Processing /workspaces/hands-on-introduction-data-engineering-4395021/airflow/dags/third_four_task_dag.py took 0.054 seconds
[2025-04-13T10:32:32.802+0000] {processor.py:157} INFO - Started process (PID=26899) to work on /workspaces/hands-on-introduction-data-engineering-4395021/airflow/dags/third_four_task_dag.py
[2025-04-13T10:32:32.803+0000] {processor.py:826} INFO - Processing file /workspaces/hands-on-introduction-data-engineering-4395021/airflow/dags/third_four_task_dag.py for tasks to queue
[2025-04-13T10:32:32.804+0000] {logging_mixin.py:150} INFO - [2025-04-13T10:32:32.803+0000] {dagbag.py:541} INFO - Filling up the DagBag from /workspaces/hands-on-introduction-data-engineering-4395021/airflow/dags/third_four_task_dag.py
[2025-04-13T10:32:32.811+0000] {processor.py:836} INFO - DAG(s) dict_keys(['third_four_task_dag']) retrieved from /workspaces/hands-on-introduction-data-engineering-4395021/airflow/dags/third_four_task_dag.py
[2025-04-13T10:32:32.828+0000] {logging_mixin.py:150} INFO - [2025-04-13T10:32:32.827+0000] {dag.py:2742} INFO - Sync 1 DAGs
[2025-04-13T10:32:32.841+0000] {logging_mixin.py:150} INFO - [2025-04-13T10:32:32.841+0000] {dag.py:3504} INFO - Setting next_dagrun for third_four_task_dag to 2025-04-13T00:00:00+00:00, run_after=2025-04-14T00:00:00+00:00
[2025-04-13T10:32:32.855+0000] {processor.py:179} INFO - Processing /workspaces/hands-on-introduction-data-engineering-4395021/airflow/dags/third_four_task_dag.py took 0.055 seconds
[2025-04-13T10:33:02.966+0000] {processor.py:157} INFO - Started process (PID=27111) to work on /workspaces/hands-on-introduction-data-engineering-4395021/airflow/dags/third_four_task_dag.py
[2025-04-13T10:33:02.966+0000] {processor.py:826} INFO - Processing file /workspaces/hands-on-introduction-data-engineering-4395021/airflow/dags/third_four_task_dag.py for tasks to queue
[2025-04-13T10:33:02.967+0000] {logging_mixin.py:150} INFO - [2025-04-13T10:33:02.967+0000] {dagbag.py:541} INFO - Filling up the DagBag from /workspaces/hands-on-introduction-data-engineering-4395021/airflow/dags/third_four_task_dag.py
[2025-04-13T10:33:02.974+0000] {processor.py:836} INFO - DAG(s) dict_keys(['third_four_task_dag']) retrieved from /workspaces/hands-on-introduction-data-engineering-4395021/airflow/dags/third_four_task_dag.py
[2025-04-13T10:33:02.990+0000] {logging_mixin.py:150} INFO - [2025-04-13T10:33:02.990+0000] {dag.py:2742} INFO - Sync 1 DAGs
[2025-04-13T10:33:03.005+0000] {logging_mixin.py:150} INFO - [2025-04-13T10:33:03.004+0000] {dag.py:3504} INFO - Setting next_dagrun for third_four_task_dag to 2025-04-13T00:00:00+00:00, run_after=2025-04-14T00:00:00+00:00
[2025-04-13T10:33:03.018+0000] {processor.py:179} INFO - Processing /workspaces/hands-on-introduction-data-engineering-4395021/airflow/dags/third_four_task_dag.py took 0.056 seconds
[2025-04-13T10:33:33.152+0000] {processor.py:157} INFO - Started process (PID=27317) to work on /workspaces/hands-on-introduction-data-engineering-4395021/airflow/dags/third_four_task_dag.py
[2025-04-13T10:33:33.156+0000] {processor.py:826} INFO - Processing file /workspaces/hands-on-introduction-data-engineering-4395021/airflow/dags/third_four_task_dag.py for tasks to queue
[2025-04-13T10:33:33.157+0000] {logging_mixin.py:150} INFO - [2025-04-13T10:33:33.156+0000] {dagbag.py:541} INFO - Filling up the DagBag from /workspaces/hands-on-introduction-data-engineering-4395021/airflow/dags/third_four_task_dag.py
[2025-04-13T10:33:33.186+0000] {processor.py:836} INFO - DAG(s) dict_keys(['third_four_task_dag']) retrieved from /workspaces/hands-on-introduction-data-engineering-4395021/airflow/dags/third_four_task_dag.py
[2025-04-13T10:33:33.231+0000] {logging_mixin.py:150} INFO - [2025-04-13T10:33:33.231+0000] {dag.py:2742} INFO - Sync 1 DAGs
[2025-04-13T10:33:33.260+0000] {logging_mixin.py:150} INFO - [2025-04-13T10:33:33.259+0000] {dag.py:3504} INFO - Setting next_dagrun for third_four_task_dag to 2025-04-13T00:00:00+00:00, run_after=2025-04-14T00:00:00+00:00
[2025-04-13T10:33:33.285+0000] {processor.py:179} INFO - Processing /workspaces/hands-on-introduction-data-engineering-4395021/airflow/dags/third_four_task_dag.py took 0.138 seconds
[2025-04-13T10:34:03.395+0000] {processor.py:157} INFO - Started process (PID=27522) to work on /workspaces/hands-on-introduction-data-engineering-4395021/airflow/dags/third_four_task_dag.py
[2025-04-13T10:34:03.397+0000] {processor.py:826} INFO - Processing file /workspaces/hands-on-introduction-data-engineering-4395021/airflow/dags/third_four_task_dag.py for tasks to queue
[2025-04-13T10:34:03.399+0000] {logging_mixin.py:150} INFO - [2025-04-13T10:34:03.398+0000] {dagbag.py:541} INFO - Filling up the DagBag from /workspaces/hands-on-introduction-data-engineering-4395021/airflow/dags/third_four_task_dag.py
[2025-04-13T10:34:03.424+0000] {processor.py:836} INFO - DAG(s) dict_keys(['third_four_task_dag']) retrieved from /workspaces/hands-on-introduction-data-engineering-4395021/airflow/dags/third_four_task_dag.py
[2025-04-13T10:34:03.462+0000] {logging_mixin.py:150} INFO - [2025-04-13T10:34:03.462+0000] {dag.py:2742} INFO - Sync 1 DAGs
[2025-04-13T10:34:03.495+0000] {logging_mixin.py:150} INFO - [2025-04-13T10:34:03.495+0000] {dag.py:3504} INFO - Setting next_dagrun for third_four_task_dag to 2025-04-13T00:00:00+00:00, run_after=2025-04-14T00:00:00+00:00
[2025-04-13T10:34:03.552+0000] {processor.py:179} INFO - Processing /workspaces/hands-on-introduction-data-engineering-4395021/airflow/dags/third_four_task_dag.py took 0.162 seconds
[2025-04-13T10:34:33.913+0000] {processor.py:157} INFO - Started process (PID=27732) to work on /workspaces/hands-on-introduction-data-engineering-4395021/airflow/dags/third_four_task_dag.py
[2025-04-13T10:34:33.914+0000] {processor.py:826} INFO - Processing file /workspaces/hands-on-introduction-data-engineering-4395021/airflow/dags/third_four_task_dag.py for tasks to queue
[2025-04-13T10:34:33.915+0000] {logging_mixin.py:150} INFO - [2025-04-13T10:34:33.915+0000] {dagbag.py:541} INFO - Filling up the DagBag from /workspaces/hands-on-introduction-data-engineering-4395021/airflow/dags/third_four_task_dag.py
[2025-04-13T10:34:33.965+0000] {processor.py:836} INFO - DAG(s) dict_keys(['third_four_task_dag']) retrieved from /workspaces/hands-on-introduction-data-engineering-4395021/airflow/dags/third_four_task_dag.py
[2025-04-13T10:34:34.015+0000] {logging_mixin.py:150} INFO - [2025-04-13T10:34:34.014+0000] {dag.py:2742} INFO - Sync 1 DAGs
[2025-04-13T10:34:34.037+0000] {logging_mixin.py:150} INFO - [2025-04-13T10:34:34.037+0000] {dag.py:3504} INFO - Setting next_dagrun for third_four_task_dag to 2025-04-13T00:00:00+00:00, run_after=2025-04-14T00:00:00+00:00
[2025-04-13T10:34:34.057+0000] {processor.py:179} INFO - Processing /workspaces/hands-on-introduction-data-engineering-4395021/airflow/dags/third_four_task_dag.py took 0.149 seconds
[2025-04-13T10:35:04.251+0000] {processor.py:157} INFO - Started process (PID=27937) to work on /workspaces/hands-on-introduction-data-engineering-4395021/airflow/dags/third_four_task_dag.py
[2025-04-13T10:35:04.251+0000] {processor.py:826} INFO - Processing file /workspaces/hands-on-introduction-data-engineering-4395021/airflow/dags/third_four_task_dag.py for tasks to queue
[2025-04-13T10:35:04.252+0000] {logging_mixin.py:150} INFO - [2025-04-13T10:35:04.252+0000] {dagbag.py:541} INFO - Filling up the DagBag from /workspaces/hands-on-introduction-data-engineering-4395021/airflow/dags/third_four_task_dag.py
[2025-04-13T10:35:04.259+0000] {processor.py:836} INFO - DAG(s) dict_keys(['third_four_task_dag']) retrieved from /workspaces/hands-on-introduction-data-engineering-4395021/airflow/dags/third_four_task_dag.py
[2025-04-13T10:35:04.277+0000] {logging_mixin.py:150} INFO - [2025-04-13T10:35:04.277+0000] {dag.py:2742} INFO - Sync 1 DAGs
[2025-04-13T10:35:04.294+0000] {logging_mixin.py:150} INFO - [2025-04-13T10:35:04.294+0000] {dag.py:3504} INFO - Setting next_dagrun for third_four_task_dag to 2025-04-13T00:00:00+00:00, run_after=2025-04-14T00:00:00+00:00
[2025-04-13T10:35:04.321+0000] {processor.py:179} INFO - Processing /workspaces/hands-on-introduction-data-engineering-4395021/airflow/dags/third_four_task_dag.py took 0.073 seconds
[2025-04-13T10:35:34.527+0000] {processor.py:157} INFO - Started process (PID=28215) to work on /workspaces/hands-on-introduction-data-engineering-4395021/airflow/dags/third_four_task_dag.py
[2025-04-13T10:35:34.528+0000] {processor.py:826} INFO - Processing file /workspaces/hands-on-introduction-data-engineering-4395021/airflow/dags/third_four_task_dag.py for tasks to queue
[2025-04-13T10:35:34.529+0000] {logging_mixin.py:150} INFO - [2025-04-13T10:35:34.528+0000] {dagbag.py:541} INFO - Filling up the DagBag from /workspaces/hands-on-introduction-data-engineering-4395021/airflow/dags/third_four_task_dag.py
[2025-04-13T10:35:34.540+0000] {processor.py:836} INFO - DAG(s) dict_keys(['third_four_task_dag']) retrieved from /workspaces/hands-on-introduction-data-engineering-4395021/airflow/dags/third_four_task_dag.py
[2025-04-13T10:35:34.569+0000] {logging_mixin.py:150} INFO - [2025-04-13T10:35:34.569+0000] {dag.py:2742} INFO - Sync 1 DAGs
[2025-04-13T10:35:34.584+0000] {logging_mixin.py:150} INFO - [2025-04-13T10:35:34.583+0000] {dag.py:3504} INFO - Setting next_dagrun for third_four_task_dag to 2025-04-13T00:00:00+00:00, run_after=2025-04-14T00:00:00+00:00
[2025-04-13T10:35:34.602+0000] {processor.py:179} INFO - Processing /workspaces/hands-on-introduction-data-engineering-4395021/airflow/dags/third_four_task_dag.py took 0.078 seconds
[2025-04-13T10:36:05.320+0000] {processor.py:157} INFO - Started process (PID=28448) to work on /workspaces/hands-on-introduction-data-engineering-4395021/airflow/dags/third_four_task_dag.py
[2025-04-13T10:36:05.321+0000] {processor.py:826} INFO - Processing file /workspaces/hands-on-introduction-data-engineering-4395021/airflow/dags/third_four_task_dag.py for tasks to queue
[2025-04-13T10:36:05.322+0000] {logging_mixin.py:150} INFO - [2025-04-13T10:36:05.321+0000] {dagbag.py:541} INFO - Filling up the DagBag from /workspaces/hands-on-introduction-data-engineering-4395021/airflow/dags/third_four_task_dag.py
[2025-04-13T10:36:05.330+0000] {processor.py:836} INFO - DAG(s) dict_keys(['third_four_task_dag']) retrieved from /workspaces/hands-on-introduction-data-engineering-4395021/airflow/dags/third_four_task_dag.py
[2025-04-13T10:36:05.346+0000] {logging_mixin.py:150} INFO - [2025-04-13T10:36:05.345+0000] {dag.py:2742} INFO - Sync 1 DAGs
[2025-04-13T10:36:05.358+0000] {logging_mixin.py:150} INFO - [2025-04-13T10:36:05.358+0000] {dag.py:3504} INFO - Setting next_dagrun for third_four_task_dag to 2025-04-13T00:00:00+00:00, run_after=2025-04-14T00:00:00+00:00
[2025-04-13T10:36:05.372+0000] {processor.py:179} INFO - Processing /workspaces/hands-on-introduction-data-engineering-4395021/airflow/dags/third_four_task_dag.py took 0.054 seconds
[2025-04-13T10:36:35.887+0000] {processor.py:157} INFO - Started process (PID=28664) to work on /workspaces/hands-on-introduction-data-engineering-4395021/airflow/dags/third_four_task_dag.py
[2025-04-13T10:36:35.887+0000] {processor.py:826} INFO - Processing file /workspaces/hands-on-introduction-data-engineering-4395021/airflow/dags/third_four_task_dag.py for tasks to queue
[2025-04-13T10:36:35.888+0000] {logging_mixin.py:150} INFO - [2025-04-13T10:36:35.888+0000] {dagbag.py:541} INFO - Filling up the DagBag from /workspaces/hands-on-introduction-data-engineering-4395021/airflow/dags/third_four_task_dag.py
[2025-04-13T10:36:35.896+0000] {processor.py:836} INFO - DAG(s) dict_keys(['third_four_task_dag']) retrieved from /workspaces/hands-on-introduction-data-engineering-4395021/airflow/dags/third_four_task_dag.py
[2025-04-13T10:36:35.912+0000] {logging_mixin.py:150} INFO - [2025-04-13T10:36:35.911+0000] {dag.py:2742} INFO - Sync 1 DAGs
[2025-04-13T10:36:35.925+0000] {logging_mixin.py:150} INFO - [2025-04-13T10:36:35.925+0000] {dag.py:3504} INFO - Setting next_dagrun for third_four_task_dag to 2025-04-13T00:00:00+00:00, run_after=2025-04-14T00:00:00+00:00
[2025-04-13T10:36:35.939+0000] {processor.py:179} INFO - Processing /workspaces/hands-on-introduction-data-engineering-4395021/airflow/dags/third_four_task_dag.py took 0.054 seconds
[2025-04-13T10:37:07.298+0000] {processor.py:157} INFO - Started process (PID=28886) to work on /workspaces/hands-on-introduction-data-engineering-4395021/airflow/dags/third_four_task_dag.py
[2025-04-13T10:37:07.299+0000] {processor.py:826} INFO - Processing file /workspaces/hands-on-introduction-data-engineering-4395021/airflow/dags/third_four_task_dag.py for tasks to queue
[2025-04-13T10:37:07.299+0000] {logging_mixin.py:150} INFO - [2025-04-13T10:37:07.299+0000] {dagbag.py:541} INFO - Filling up the DagBag from /workspaces/hands-on-introduction-data-engineering-4395021/airflow/dags/third_four_task_dag.py
[2025-04-13T10:37:07.307+0000] {processor.py:836} INFO - DAG(s) dict_keys(['third_four_task_dag']) retrieved from /workspaces/hands-on-introduction-data-engineering-4395021/airflow/dags/third_four_task_dag.py
[2025-04-13T10:37:07.323+0000] {logging_mixin.py:150} INFO - [2025-04-13T10:37:07.323+0000] {dag.py:2742} INFO - Sync 1 DAGs
[2025-04-13T10:37:07.337+0000] {logging_mixin.py:150} INFO - [2025-04-13T10:37:07.337+0000] {dag.py:3504} INFO - Setting next_dagrun for third_four_task_dag to 2025-04-13T00:00:00+00:00, run_after=2025-04-14T00:00:00+00:00
[2025-04-13T10:37:07.352+0000] {processor.py:179} INFO - Processing /workspaces/hands-on-introduction-data-engineering-4395021/airflow/dags/third_four_task_dag.py took 0.056 seconds
[2025-04-13T10:37:38.586+0000] {processor.py:157} INFO - Started process (PID=29125) to work on /workspaces/hands-on-introduction-data-engineering-4395021/airflow/dags/third_four_task_dag.py
[2025-04-13T10:37:38.586+0000] {processor.py:826} INFO - Processing file /workspaces/hands-on-introduction-data-engineering-4395021/airflow/dags/third_four_task_dag.py for tasks to queue
[2025-04-13T10:37:38.587+0000] {logging_mixin.py:150} INFO - [2025-04-13T10:37:38.587+0000] {dagbag.py:541} INFO - Filling up the DagBag from /workspaces/hands-on-introduction-data-engineering-4395021/airflow/dags/third_four_task_dag.py
[2025-04-13T10:37:38.595+0000] {processor.py:836} INFO - DAG(s) dict_keys(['third_four_task_dag']) retrieved from /workspaces/hands-on-introduction-data-engineering-4395021/airflow/dags/third_four_task_dag.py
[2025-04-13T10:37:38.611+0000] {logging_mixin.py:150} INFO - [2025-04-13T10:37:38.611+0000] {dag.py:2742} INFO - Sync 1 DAGs
[2025-04-13T10:37:38.624+0000] {logging_mixin.py:150} INFO - [2025-04-13T10:37:38.624+0000] {dag.py:3504} INFO - Setting next_dagrun for third_four_task_dag to 2025-04-13T00:00:00+00:00, run_after=2025-04-14T00:00:00+00:00
[2025-04-13T10:37:38.637+0000] {processor.py:179} INFO - Processing /workspaces/hands-on-introduction-data-engineering-4395021/airflow/dags/third_four_task_dag.py took 0.053 seconds
[2025-04-13T10:38:09.300+0000] {processor.py:157} INFO - Started process (PID=29307) to work on /workspaces/hands-on-introduction-data-engineering-4395021/airflow/dags/third_four_task_dag.py
[2025-04-13T10:38:09.300+0000] {processor.py:826} INFO - Processing file /workspaces/hands-on-introduction-data-engineering-4395021/airflow/dags/third_four_task_dag.py for tasks to queue
[2025-04-13T10:38:09.301+0000] {logging_mixin.py:150} INFO - [2025-04-13T10:38:09.301+0000] {dagbag.py:541} INFO - Filling up the DagBag from /workspaces/hands-on-introduction-data-engineering-4395021/airflow/dags/third_four_task_dag.py
[2025-04-13T10:38:09.309+0000] {processor.py:836} INFO - DAG(s) dict_keys(['third_four_task_dag']) retrieved from /workspaces/hands-on-introduction-data-engineering-4395021/airflow/dags/third_four_task_dag.py
[2025-04-13T10:38:09.325+0000] {logging_mixin.py:150} INFO - [2025-04-13T10:38:09.325+0000] {dag.py:2742} INFO - Sync 1 DAGs
[2025-04-13T10:38:09.338+0000] {logging_mixin.py:150} INFO - [2025-04-13T10:38:09.338+0000] {dag.py:3504} INFO - Setting next_dagrun for third_four_task_dag to 2025-04-13T00:00:00+00:00, run_after=2025-04-14T00:00:00+00:00
[2025-04-13T10:38:09.351+0000] {processor.py:179} INFO - Processing /workspaces/hands-on-introduction-data-engineering-4395021/airflow/dags/third_four_task_dag.py took 0.054 seconds
[2025-04-13T10:38:39.939+0000] {processor.py:157} INFO - Started process (PID=29501) to work on /workspaces/hands-on-introduction-data-engineering-4395021/airflow/dags/third_four_task_dag.py
[2025-04-13T10:38:39.945+0000] {processor.py:826} INFO - Processing file /workspaces/hands-on-introduction-data-engineering-4395021/airflow/dags/third_four_task_dag.py for tasks to queue
[2025-04-13T10:38:39.945+0000] {logging_mixin.py:150} INFO - [2025-04-13T10:38:39.945+0000] {dagbag.py:541} INFO - Filling up the DagBag from /workspaces/hands-on-introduction-data-engineering-4395021/airflow/dags/third_four_task_dag.py
[2025-04-13T10:38:39.972+0000] {processor.py:836} INFO - DAG(s) dict_keys(['third_four_task_dag']) retrieved from /workspaces/hands-on-introduction-data-engineering-4395021/airflow/dags/third_four_task_dag.py
[2025-04-13T10:38:40.054+0000] {logging_mixin.py:150} INFO - [2025-04-13T10:38:40.054+0000] {dag.py:2742} INFO - Sync 1 DAGs
[2025-04-13T10:38:40.136+0000] {logging_mixin.py:150} INFO - [2025-04-13T10:38:40.136+0000] {dag.py:3504} INFO - Setting next_dagrun for third_four_task_dag to 2025-04-13T00:00:00+00:00, run_after=2025-04-14T00:00:00+00:00
[2025-04-13T10:38:40.194+0000] {processor.py:179} INFO - Processing /workspaces/hands-on-introduction-data-engineering-4395021/airflow/dags/third_four_task_dag.py took 0.269 seconds
[2025-04-13T10:39:10.567+0000] {processor.py:157} INFO - Started process (PID=29715) to work on /workspaces/hands-on-introduction-data-engineering-4395021/airflow/dags/third_four_task_dag.py
[2025-04-13T10:39:10.568+0000] {processor.py:826} INFO - Processing file /workspaces/hands-on-introduction-data-engineering-4395021/airflow/dags/third_four_task_dag.py for tasks to queue
[2025-04-13T10:39:10.568+0000] {logging_mixin.py:150} INFO - [2025-04-13T10:39:10.568+0000] {dagbag.py:541} INFO - Filling up the DagBag from /workspaces/hands-on-introduction-data-engineering-4395021/airflow/dags/third_four_task_dag.py
[2025-04-13T10:39:10.576+0000] {processor.py:836} INFO - DAG(s) dict_keys(['third_four_task_dag']) retrieved from /workspaces/hands-on-introduction-data-engineering-4395021/airflow/dags/third_four_task_dag.py
[2025-04-13T10:39:10.592+0000] {logging_mixin.py:150} INFO - [2025-04-13T10:39:10.592+0000] {dag.py:2742} INFO - Sync 1 DAGs
[2025-04-13T10:39:10.607+0000] {logging_mixin.py:150} INFO - [2025-04-13T10:39:10.606+0000] {dag.py:3504} INFO - Setting next_dagrun for third_four_task_dag to 2025-04-13T00:00:00+00:00, run_after=2025-04-14T00:00:00+00:00
[2025-04-13T10:39:10.619+0000] {processor.py:179} INFO - Processing /workspaces/hands-on-introduction-data-engineering-4395021/airflow/dags/third_four_task_dag.py took 0.055 seconds
[2025-04-13T10:39:41.093+0000] {processor.py:157} INFO - Started process (PID=29919) to work on /workspaces/hands-on-introduction-data-engineering-4395021/airflow/dags/third_four_task_dag.py
[2025-04-13T10:39:41.094+0000] {processor.py:826} INFO - Processing file /workspaces/hands-on-introduction-data-engineering-4395021/airflow/dags/third_four_task_dag.py for tasks to queue
[2025-04-13T10:39:41.095+0000] {logging_mixin.py:150} INFO - [2025-04-13T10:39:41.094+0000] {dagbag.py:541} INFO - Filling up the DagBag from /workspaces/hands-on-introduction-data-engineering-4395021/airflow/dags/third_four_task_dag.py
[2025-04-13T10:39:41.103+0000] {processor.py:836} INFO - DAG(s) dict_keys(['third_four_task_dag']) retrieved from /workspaces/hands-on-introduction-data-engineering-4395021/airflow/dags/third_four_task_dag.py
[2025-04-13T10:39:41.119+0000] {logging_mixin.py:150} INFO - [2025-04-13T10:39:41.119+0000] {dag.py:2742} INFO - Sync 1 DAGs
[2025-04-13T10:39:41.132+0000] {logging_mixin.py:150} INFO - [2025-04-13T10:39:41.132+0000] {dag.py:3504} INFO - Setting next_dagrun for third_four_task_dag to 2025-04-13T00:00:00+00:00, run_after=2025-04-14T00:00:00+00:00
[2025-04-13T10:39:41.148+0000] {processor.py:179} INFO - Processing /workspaces/hands-on-introduction-data-engineering-4395021/airflow/dags/third_four_task_dag.py took 0.057 seconds
[2025-04-13T10:40:11.738+0000] {processor.py:157} INFO - Started process (PID=30107) to work on /workspaces/hands-on-introduction-data-engineering-4395021/airflow/dags/third_four_task_dag.py
[2025-04-13T10:40:11.738+0000] {processor.py:826} INFO - Processing file /workspaces/hands-on-introduction-data-engineering-4395021/airflow/dags/third_four_task_dag.py for tasks to queue
[2025-04-13T10:40:11.739+0000] {logging_mixin.py:150} INFO - [2025-04-13T10:40:11.739+0000] {dagbag.py:541} INFO - Filling up the DagBag from /workspaces/hands-on-introduction-data-engineering-4395021/airflow/dags/third_four_task_dag.py
[2025-04-13T10:40:11.747+0000] {processor.py:836} INFO - DAG(s) dict_keys(['third_four_task_dag']) retrieved from /workspaces/hands-on-introduction-data-engineering-4395021/airflow/dags/third_four_task_dag.py
[2025-04-13T10:40:11.763+0000] {logging_mixin.py:150} INFO - [2025-04-13T10:40:11.763+0000] {dag.py:2742} INFO - Sync 1 DAGs
[2025-04-13T10:40:11.777+0000] {logging_mixin.py:150} INFO - [2025-04-13T10:40:11.777+0000] {dag.py:3504} INFO - Setting next_dagrun for third_four_task_dag to 2025-04-13T00:00:00+00:00, run_after=2025-04-14T00:00:00+00:00
[2025-04-13T10:40:11.791+0000] {processor.py:179} INFO - Processing /workspaces/hands-on-introduction-data-engineering-4395021/airflow/dags/third_four_task_dag.py took 0.055 seconds
[2025-04-13T10:40:42.108+0000] {processor.py:157} INFO - Started process (PID=30290) to work on /workspaces/hands-on-introduction-data-engineering-4395021/airflow/dags/third_four_task_dag.py
[2025-04-13T10:40:42.109+0000] {processor.py:826} INFO - Processing file /workspaces/hands-on-introduction-data-engineering-4395021/airflow/dags/third_four_task_dag.py for tasks to queue
[2025-04-13T10:40:42.110+0000] {logging_mixin.py:150} INFO - [2025-04-13T10:40:42.110+0000] {dagbag.py:541} INFO - Filling up the DagBag from /workspaces/hands-on-introduction-data-engineering-4395021/airflow/dags/third_four_task_dag.py
[2025-04-13T10:40:42.118+0000] {processor.py:836} INFO - DAG(s) dict_keys(['third_four_task_dag']) retrieved from /workspaces/hands-on-introduction-data-engineering-4395021/airflow/dags/third_four_task_dag.py
[2025-04-13T10:40:42.135+0000] {logging_mixin.py:150} INFO - [2025-04-13T10:40:42.134+0000] {dag.py:2742} INFO - Sync 1 DAGs
[2025-04-13T10:40:42.148+0000] {logging_mixin.py:150} INFO - [2025-04-13T10:40:42.148+0000] {dag.py:3504} INFO - Setting next_dagrun for third_four_task_dag to 2025-04-13T00:00:00+00:00, run_after=2025-04-14T00:00:00+00:00
[2025-04-13T10:40:42.161+0000] {processor.py:179} INFO - Processing /workspaces/hands-on-introduction-data-engineering-4395021/airflow/dags/third_four_task_dag.py took 0.055 seconds
[2025-04-13T10:41:12.787+0000] {processor.py:157} INFO - Started process (PID=30478) to work on /workspaces/hands-on-introduction-data-engineering-4395021/airflow/dags/third_four_task_dag.py
[2025-04-13T10:41:12.788+0000] {processor.py:826} INFO - Processing file /workspaces/hands-on-introduction-data-engineering-4395021/airflow/dags/third_four_task_dag.py for tasks to queue
[2025-04-13T10:41:12.789+0000] {logging_mixin.py:150} INFO - [2025-04-13T10:41:12.788+0000] {dagbag.py:541} INFO - Filling up the DagBag from /workspaces/hands-on-introduction-data-engineering-4395021/airflow/dags/third_four_task_dag.py
[2025-04-13T10:41:12.796+0000] {processor.py:836} INFO - DAG(s) dict_keys(['third_four_task_dag']) retrieved from /workspaces/hands-on-introduction-data-engineering-4395021/airflow/dags/third_four_task_dag.py
[2025-04-13T10:41:12.813+0000] {logging_mixin.py:150} INFO - [2025-04-13T10:41:12.813+0000] {dag.py:2742} INFO - Sync 1 DAGs
[2025-04-13T10:41:12.825+0000] {logging_mixin.py:150} INFO - [2025-04-13T10:41:12.825+0000] {dag.py:3504} INFO - Setting next_dagrun for third_four_task_dag to 2025-04-13T00:00:00+00:00, run_after=2025-04-14T00:00:00+00:00
[2025-04-13T10:41:12.838+0000] {processor.py:179} INFO - Processing /workspaces/hands-on-introduction-data-engineering-4395021/airflow/dags/third_four_task_dag.py took 0.053 seconds
[2025-04-13T10:41:43.097+0000] {processor.py:157} INFO - Started process (PID=30666) to work on /workspaces/hands-on-introduction-data-engineering-4395021/airflow/dags/third_four_task_dag.py
[2025-04-13T10:41:43.097+0000] {processor.py:826} INFO - Processing file /workspaces/hands-on-introduction-data-engineering-4395021/airflow/dags/third_four_task_dag.py for tasks to queue
[2025-04-13T10:41:43.098+0000] {logging_mixin.py:150} INFO - [2025-04-13T10:41:43.098+0000] {dagbag.py:541} INFO - Filling up the DagBag from /workspaces/hands-on-introduction-data-engineering-4395021/airflow/dags/third_four_task_dag.py
[2025-04-13T10:41:43.105+0000] {processor.py:836} INFO - DAG(s) dict_keys(['third_four_task_dag']) retrieved from /workspaces/hands-on-introduction-data-engineering-4395021/airflow/dags/third_four_task_dag.py
[2025-04-13T10:41:43.126+0000] {logging_mixin.py:150} INFO - [2025-04-13T10:41:43.125+0000] {dag.py:2742} INFO - Sync 1 DAGs
[2025-04-13T10:41:43.139+0000] {logging_mixin.py:150} INFO - [2025-04-13T10:41:43.139+0000] {dag.py:3504} INFO - Setting next_dagrun for third_four_task_dag to 2025-04-13T00:00:00+00:00, run_after=2025-04-14T00:00:00+00:00
[2025-04-13T10:41:43.152+0000] {processor.py:179} INFO - Processing /workspaces/hands-on-introduction-data-engineering-4395021/airflow/dags/third_four_task_dag.py took 0.058 seconds
[2025-04-13T10:42:14.723+0000] {processor.py:157} INFO - Started process (PID=30865) to work on /workspaces/hands-on-introduction-data-engineering-4395021/airflow/dags/third_four_task_dag.py
[2025-04-13T10:42:14.724+0000] {processor.py:826} INFO - Processing file /workspaces/hands-on-introduction-data-engineering-4395021/airflow/dags/third_four_task_dag.py for tasks to queue
[2025-04-13T10:42:14.724+0000] {logging_mixin.py:150} INFO - [2025-04-13T10:42:14.724+0000] {dagbag.py:541} INFO - Filling up the DagBag from /workspaces/hands-on-introduction-data-engineering-4395021/airflow/dags/third_four_task_dag.py
[2025-04-13T10:42:14.734+0000] {processor.py:836} INFO - DAG(s) dict_keys(['third_four_task_dag']) retrieved from /workspaces/hands-on-introduction-data-engineering-4395021/airflow/dags/third_four_task_dag.py
[2025-04-13T10:42:14.750+0000] {logging_mixin.py:150} INFO - [2025-04-13T10:42:14.749+0000] {dag.py:2742} INFO - Sync 1 DAGs
[2025-04-13T10:42:14.762+0000] {logging_mixin.py:150} INFO - [2025-04-13T10:42:14.762+0000] {dag.py:3504} INFO - Setting next_dagrun for third_four_task_dag to 2025-04-13T00:00:00+00:00, run_after=2025-04-14T00:00:00+00:00
[2025-04-13T10:42:14.775+0000] {processor.py:179} INFO - Processing /workspaces/hands-on-introduction-data-engineering-4395021/airflow/dags/third_four_task_dag.py took 0.055 seconds
[2025-04-13T10:42:45.867+0000] {processor.py:157} INFO - Started process (PID=31068) to work on /workspaces/hands-on-introduction-data-engineering-4395021/airflow/dags/third_four_task_dag.py
[2025-04-13T10:42:45.869+0000] {processor.py:826} INFO - Processing file /workspaces/hands-on-introduction-data-engineering-4395021/airflow/dags/third_four_task_dag.py for tasks to queue
[2025-04-13T10:42:45.872+0000] {logging_mixin.py:150} INFO - [2025-04-13T10:42:45.872+0000] {dagbag.py:541} INFO - Filling up the DagBag from /workspaces/hands-on-introduction-data-engineering-4395021/airflow/dags/third_four_task_dag.py
[2025-04-13T10:42:45.907+0000] {processor.py:836} INFO - DAG(s) dict_keys(['third_four_task_dag']) retrieved from /workspaces/hands-on-introduction-data-engineering-4395021/airflow/dags/third_four_task_dag.py
[2025-04-13T10:42:45.953+0000] {logging_mixin.py:150} INFO - [2025-04-13T10:42:45.952+0000] {dag.py:2742} INFO - Sync 1 DAGs
[2025-04-13T10:42:45.997+0000] {logging_mixin.py:150} INFO - [2025-04-13T10:42:45.997+0000] {dag.py:3504} INFO - Setting next_dagrun for third_four_task_dag to 2025-04-13T00:00:00+00:00, run_after=2025-04-14T00:00:00+00:00
[2025-04-13T10:42:46.017+0000] {processor.py:179} INFO - Processing /workspaces/hands-on-introduction-data-engineering-4395021/airflow/dags/third_four_task_dag.py took 0.158 seconds
[2025-04-13T10:43:16.345+0000] {processor.py:157} INFO - Started process (PID=31270) to work on /workspaces/hands-on-introduction-data-engineering-4395021/airflow/dags/third_four_task_dag.py
[2025-04-13T10:43:16.346+0000] {processor.py:826} INFO - Processing file /workspaces/hands-on-introduction-data-engineering-4395021/airflow/dags/third_four_task_dag.py for tasks to queue
[2025-04-13T10:43:16.347+0000] {logging_mixin.py:150} INFO - [2025-04-13T10:43:16.346+0000] {dagbag.py:541} INFO - Filling up the DagBag from /workspaces/hands-on-introduction-data-engineering-4395021/airflow/dags/third_four_task_dag.py
[2025-04-13T10:43:16.358+0000] {processor.py:836} INFO - DAG(s) dict_keys(['third_four_task_dag']) retrieved from /workspaces/hands-on-introduction-data-engineering-4395021/airflow/dags/third_four_task_dag.py
[2025-04-13T10:43:16.380+0000] {logging_mixin.py:150} INFO - [2025-04-13T10:43:16.380+0000] {dag.py:2742} INFO - Sync 1 DAGs
[2025-04-13T10:43:16.392+0000] {logging_mixin.py:150} INFO - [2025-04-13T10:43:16.392+0000] {dag.py:3504} INFO - Setting next_dagrun for third_four_task_dag to 2025-04-13T00:00:00+00:00, run_after=2025-04-14T00:00:00+00:00
[2025-04-13T10:43:16.406+0000] {processor.py:179} INFO - Processing /workspaces/hands-on-introduction-data-engineering-4395021/airflow/dags/third_four_task_dag.py took 0.065 seconds
[2025-04-13T10:43:54.551+0000] {processor.py:157} INFO - Started process (PID=31507) to work on /workspaces/hands-on-introduction-data-engineering-4395021/airflow/dags/third_four_task_dag.py
[2025-04-13T10:43:54.551+0000] {processor.py:826} INFO - Processing file /workspaces/hands-on-introduction-data-engineering-4395021/airflow/dags/third_four_task_dag.py for tasks to queue
[2025-04-13T10:43:54.552+0000] {logging_mixin.py:150} INFO - [2025-04-13T10:43:54.552+0000] {dagbag.py:541} INFO - Filling up the DagBag from /workspaces/hands-on-introduction-data-engineering-4395021/airflow/dags/third_four_task_dag.py
[2025-04-13T10:43:54.560+0000] {processor.py:836} INFO - DAG(s) dict_keys(['third_four_task_dag']) retrieved from /workspaces/hands-on-introduction-data-engineering-4395021/airflow/dags/third_four_task_dag.py
[2025-04-13T10:43:54.576+0000] {logging_mixin.py:150} INFO - [2025-04-13T10:43:54.576+0000] {dag.py:2742} INFO - Sync 1 DAGs
[2025-04-13T10:43:54.589+0000] {logging_mixin.py:150} INFO - [2025-04-13T10:43:54.589+0000] {dag.py:3504} INFO - Setting next_dagrun for third_four_task_dag to 2025-04-13T00:00:00+00:00, run_after=2025-04-14T00:00:00+00:00
[2025-04-13T10:43:54.603+0000] {processor.py:179} INFO - Processing /workspaces/hands-on-introduction-data-engineering-4395021/airflow/dags/third_four_task_dag.py took 0.054 seconds
[2025-04-13T10:44:24.680+0000] {processor.py:157} INFO - Started process (PID=31754) to work on /workspaces/hands-on-introduction-data-engineering-4395021/airflow/dags/third_four_task_dag.py
[2025-04-13T10:44:24.681+0000] {processor.py:826} INFO - Processing file /workspaces/hands-on-introduction-data-engineering-4395021/airflow/dags/third_four_task_dag.py for tasks to queue
[2025-04-13T10:44:24.682+0000] {logging_mixin.py:150} INFO - [2025-04-13T10:44:24.682+0000] {dagbag.py:541} INFO - Filling up the DagBag from /workspaces/hands-on-introduction-data-engineering-4395021/airflow/dags/third_four_task_dag.py
[2025-04-13T10:44:24.693+0000] {processor.py:836} INFO - DAG(s) dict_keys(['third_four_task_dag']) retrieved from /workspaces/hands-on-introduction-data-engineering-4395021/airflow/dags/third_four_task_dag.py
[2025-04-13T10:44:24.713+0000] {logging_mixin.py:150} INFO - [2025-04-13T10:44:24.713+0000] {dag.py:2742} INFO - Sync 1 DAGs
[2025-04-13T10:44:24.727+0000] {logging_mixin.py:150} INFO - [2025-04-13T10:44:24.727+0000] {dag.py:3504} INFO - Setting next_dagrun for third_four_task_dag to 2025-04-13T00:00:00+00:00, run_after=2025-04-14T00:00:00+00:00
[2025-04-13T10:44:24.739+0000] {processor.py:179} INFO - Processing /workspaces/hands-on-introduction-data-engineering-4395021/airflow/dags/third_four_task_dag.py took 0.062 seconds
[2025-04-13T10:44:55.071+0000] {processor.py:157} INFO - Started process (PID=32060) to work on /workspaces/hands-on-introduction-data-engineering-4395021/airflow/dags/third_four_task_dag.py
[2025-04-13T10:44:55.072+0000] {processor.py:826} INFO - Processing file /workspaces/hands-on-introduction-data-engineering-4395021/airflow/dags/third_four_task_dag.py for tasks to queue
[2025-04-13T10:44:55.073+0000] {logging_mixin.py:150} INFO - [2025-04-13T10:44:55.073+0000] {dagbag.py:541} INFO - Filling up the DagBag from /workspaces/hands-on-introduction-data-engineering-4395021/airflow/dags/third_four_task_dag.py
[2025-04-13T10:44:55.081+0000] {processor.py:836} INFO - DAG(s) dict_keys(['third_four_task_dag']) retrieved from /workspaces/hands-on-introduction-data-engineering-4395021/airflow/dags/third_four_task_dag.py
[2025-04-13T10:44:55.097+0000] {logging_mixin.py:150} INFO - [2025-04-13T10:44:55.097+0000] {dag.py:2742} INFO - Sync 1 DAGs
[2025-04-13T10:44:55.110+0000] {logging_mixin.py:150} INFO - [2025-04-13T10:44:55.110+0000] {dag.py:3504} INFO - Setting next_dagrun for third_four_task_dag to 2025-04-13T00:00:00+00:00, run_after=2025-04-14T00:00:00+00:00
[2025-04-13T10:44:55.124+0000] {processor.py:179} INFO - Processing /workspaces/hands-on-introduction-data-engineering-4395021/airflow/dags/third_four_task_dag.py took 0.054 seconds
