[2025-04-08T17:37:46.649+0000] {processor.py:157} INFO - Started process (PID=23042) to work on /workspaces/hands-on-introduction-data-engineering-4395021/airflow/dags/two_task_dag.py
[2025-04-08T17:37:46.650+0000] {processor.py:826} INFO - Processing file /workspaces/hands-on-introduction-data-engineering-4395021/airflow/dags/two_task_dag.py for tasks to queue
[2025-04-08T17:37:46.650+0000] {logging_mixin.py:150} INFO - [2025-04-08T17:37:46.650+0000] {dagbag.py:541} INFO - Filling up the DagBag from /workspaces/hands-on-introduction-data-engineering-4395021/airflow/dags/two_task_dag.py
[2025-04-08T17:37:46.653+0000] {logging_mixin.py:150} INFO - [2025-04-08T17:37:46.652+0000] {dagbag.py:350} ERROR - Failed to import: /workspaces/hands-on-introduction-data-engineering-4395021/airflow/dags/two_task_dag.py
Traceback (most recent call last):
  File "/home/vscode/.local/lib/python3.10/site-packages/airflow/models/dagbag.py", line 346, in parse
    loader.exec_module(new_module)
  File "<frozen importlib._bootstrap_external>", line 879, in exec_module
  File "<frozen importlib._bootstrap_external>", line 1017, in get_code
  File "<frozen importlib._bootstrap_external>", line 947, in source_to_code
  File "<frozen importlib._bootstrap>", line 241, in _call_with_frames_removed
  File "/workspaces/hands-on-introduction-data-engineering-4395021/airflow/dags/two_task_dag.py", line 20
    )
     ^
SyntaxError: expected ':'
[2025-04-08T17:37:46.653+0000] {processor.py:838} WARNING - No viable dags retrieved from /workspaces/hands-on-introduction-data-engineering-4395021/airflow/dags/two_task_dag.py
[2025-04-08T17:37:46.666+0000] {processor.py:179} INFO - Processing /workspaces/hands-on-introduction-data-engineering-4395021/airflow/dags/two_task_dag.py took 0.019 seconds
[2025-04-08T17:37:48.898+0000] {processor.py:157} INFO - Started process (PID=23063) to work on /workspaces/hands-on-introduction-data-engineering-4395021/airflow/dags/two_task_dag.py
[2025-04-08T17:37:48.900+0000] {processor.py:826} INFO - Processing file /workspaces/hands-on-introduction-data-engineering-4395021/airflow/dags/two_task_dag.py for tasks to queue
[2025-04-08T17:37:48.901+0000] {logging_mixin.py:150} INFO - [2025-04-08T17:37:48.901+0000] {dagbag.py:541} INFO - Filling up the DagBag from /workspaces/hands-on-introduction-data-engineering-4395021/airflow/dags/two_task_dag.py
[2025-04-08T17:37:48.905+0000] {logging_mixin.py:150} INFO - [2025-04-08T17:37:48.904+0000] {dagbag.py:350} ERROR - Failed to import: /workspaces/hands-on-introduction-data-engineering-4395021/airflow/dags/two_task_dag.py
Traceback (most recent call last):
  File "/home/vscode/.local/lib/python3.10/site-packages/airflow/models/dagbag.py", line 346, in parse
    loader.exec_module(new_module)
  File "<frozen importlib._bootstrap_external>", line 879, in exec_module
  File "<frozen importlib._bootstrap_external>", line 1017, in get_code
  File "<frozen importlib._bootstrap_external>", line 947, in source_to_code
  File "<frozen importlib._bootstrap>", line 241, in _call_with_frames_removed
  File "/workspaces/hands-on-introduction-data-engineering-4395021/airflow/dags/two_task_dag.py", line 19
    default_args=default_view=
                             ^
SyntaxError: invalid syntax
[2025-04-08T17:37:48.905+0000] {processor.py:838} WARNING - No viable dags retrieved from /workspaces/hands-on-introduction-data-engineering-4395021/airflow/dags/two_task_dag.py
[2025-04-08T17:37:48.922+0000] {processor.py:179} INFO - Processing /workspaces/hands-on-introduction-data-engineering-4395021/airflow/dags/two_task_dag.py took 0.028 seconds
[2025-04-08T17:37:51.080+0000] {processor.py:157} INFO - Started process (PID=23078) to work on /workspaces/hands-on-introduction-data-engineering-4395021/airflow/dags/two_task_dag.py
[2025-04-08T17:37:51.080+0000] {processor.py:826} INFO - Processing file /workspaces/hands-on-introduction-data-engineering-4395021/airflow/dags/two_task_dag.py for tasks to queue
[2025-04-08T17:37:51.081+0000] {logging_mixin.py:150} INFO - [2025-04-08T17:37:51.081+0000] {dagbag.py:541} INFO - Filling up the DagBag from /workspaces/hands-on-introduction-data-engineering-4395021/airflow/dags/two_task_dag.py
[2025-04-08T17:37:51.084+0000] {logging_mixin.py:150} INFO - [2025-04-08T17:37:51.083+0000] {dagbag.py:350} ERROR - Failed to import: /workspaces/hands-on-introduction-data-engineering-4395021/airflow/dags/two_task_dag.py
Traceback (most recent call last):
  File "/home/vscode/.local/lib/python3.10/site-packages/airflow/models/dagbag.py", line 346, in parse
    loader.exec_module(new_module)
  File "<frozen importlib._bootstrap_external>", line 879, in exec_module
  File "<frozen importlib._bootstrap_external>", line 1017, in get_code
  File "<frozen importlib._bootstrap_external>", line 947, in source_to_code
  File "<frozen importlib._bootstrap>", line 241, in _call_with_frames_removed
  File "/workspaces/hands-on-introduction-data-engineering-4395021/airflow/dags/two_task_dag.py", line 20
    )
     ^
SyntaxError: expected ':'
[2025-04-08T17:37:51.084+0000] {processor.py:838} WARNING - No viable dags retrieved from /workspaces/hands-on-introduction-data-engineering-4395021/airflow/dags/two_task_dag.py
[2025-04-08T17:37:51.097+0000] {processor.py:179} INFO - Processing /workspaces/hands-on-introduction-data-engineering-4395021/airflow/dags/two_task_dag.py took 0.020 seconds
[2025-04-08T17:37:54.108+0000] {processor.py:157} INFO - Started process (PID=23095) to work on /workspaces/hands-on-introduction-data-engineering-4395021/airflow/dags/two_task_dag.py
[2025-04-08T17:37:54.109+0000] {processor.py:826} INFO - Processing file /workspaces/hands-on-introduction-data-engineering-4395021/airflow/dags/two_task_dag.py for tasks to queue
[2025-04-08T17:37:54.109+0000] {logging_mixin.py:150} INFO - [2025-04-08T17:37:54.109+0000] {dagbag.py:541} INFO - Filling up the DagBag from /workspaces/hands-on-introduction-data-engineering-4395021/airflow/dags/two_task_dag.py
[2025-04-08T17:37:54.112+0000] {logging_mixin.py:150} INFO - [2025-04-08T17:37:54.111+0000] {dagbag.py:350} ERROR - Failed to import: /workspaces/hands-on-introduction-data-engineering-4395021/airflow/dags/two_task_dag.py
Traceback (most recent call last):
  File "/home/vscode/.local/lib/python3.10/site-packages/airflow/models/dagbag.py", line 346, in parse
    loader.exec_module(new_module)
  File "<frozen importlib._bootstrap_external>", line 879, in exec_module
  File "<frozen importlib._bootstrap_external>", line 1017, in get_code
  File "<frozen importlib._bootstrap_external>", line 947, in source_to_code
  File "<frozen importlib._bootstrap>", line 241, in _call_with_frames_removed
  File "/workspaces/hands-on-introduction-data-engineering-4395021/airflow/dags/two_task_dag.py", line 20
    )
     ^
SyntaxError: expected ':'
[2025-04-08T17:37:54.112+0000] {processor.py:838} WARNING - No viable dags retrieved from /workspaces/hands-on-introduction-data-engineering-4395021/airflow/dags/two_task_dag.py
[2025-04-08T17:37:54.125+0000] {processor.py:179} INFO - Processing /workspaces/hands-on-introduction-data-engineering-4395021/airflow/dags/two_task_dag.py took 0.020 seconds
[2025-04-08T17:37:58.874+0000] {processor.py:157} INFO - Started process (PID=23135) to work on /workspaces/hands-on-introduction-data-engineering-4395021/airflow/dags/two_task_dag.py
[2025-04-08T17:37:58.874+0000] {processor.py:826} INFO - Processing file /workspaces/hands-on-introduction-data-engineering-4395021/airflow/dags/two_task_dag.py for tasks to queue
[2025-04-08T17:37:58.875+0000] {logging_mixin.py:150} INFO - [2025-04-08T17:37:58.875+0000] {dagbag.py:541} INFO - Filling up the DagBag from /workspaces/hands-on-introduction-data-engineering-4395021/airflow/dags/two_task_dag.py
[2025-04-08T17:37:58.878+0000] {logging_mixin.py:150} INFO - [2025-04-08T17:37:58.877+0000] {dagbag.py:350} ERROR - Failed to import: /workspaces/hands-on-introduction-data-engineering-4395021/airflow/dags/two_task_dag.py
Traceback (most recent call last):
  File "/home/vscode/.local/lib/python3.10/site-packages/airflow/models/dagbag.py", line 346, in parse
    loader.exec_module(new_module)
  File "<frozen importlib._bootstrap_external>", line 879, in exec_module
  File "<frozen importlib._bootstrap_external>", line 1017, in get_code
  File "<frozen importlib._bootstrap_external>", line 947, in source_to_code
  File "<frozen importlib._bootstrap>", line 241, in _call_with_frames_removed
  File "/workspaces/hands-on-introduction-data-engineering-4395021/airflow/dags/two_task_dag.py", line 21
    
    ^
IndentationError: expected an indented block after 'with' statement on line 15
[2025-04-08T17:37:58.878+0000] {processor.py:838} WARNING - No viable dags retrieved from /workspaces/hands-on-introduction-data-engineering-4395021/airflow/dags/two_task_dag.py
[2025-04-08T17:37:58.892+0000] {processor.py:179} INFO - Processing /workspaces/hands-on-introduction-data-engineering-4395021/airflow/dags/two_task_dag.py took 0.021 seconds
[2025-04-08T17:38:02.919+0000] {processor.py:157} INFO - Started process (PID=23159) to work on /workspaces/hands-on-introduction-data-engineering-4395021/airflow/dags/two_task_dag.py
[2025-04-08T17:38:02.923+0000] {processor.py:826} INFO - Processing file /workspaces/hands-on-introduction-data-engineering-4395021/airflow/dags/two_task_dag.py for tasks to queue
[2025-04-08T17:38:02.927+0000] {logging_mixin.py:150} INFO - [2025-04-08T17:38:02.926+0000] {dagbag.py:541} INFO - Filling up the DagBag from /workspaces/hands-on-introduction-data-engineering-4395021/airflow/dags/two_task_dag.py
[2025-04-08T17:38:02.940+0000] {logging_mixin.py:150} INFO - [2025-04-08T17:38:02.936+0000] {dagbag.py:350} ERROR - Failed to import: /workspaces/hands-on-introduction-data-engineering-4395021/airflow/dags/two_task_dag.py
Traceback (most recent call last):
  File "/home/vscode/.local/lib/python3.10/site-packages/airflow/models/dagbag.py", line 346, in parse
    loader.exec_module(new_module)
  File "<frozen importlib._bootstrap_external>", line 883, in exec_module
  File "<frozen importlib._bootstrap>", line 241, in _call_with_frames_removed
  File "/workspaces/hands-on-introduction-data-engineering-4395021/airflow/dags/two_task_dag.py", line 21, in <module>
    task = B
NameError: name 'B' is not defined
[2025-04-08T17:38:02.943+0000] {processor.py:838} WARNING - No viable dags retrieved from /workspaces/hands-on-introduction-data-engineering-4395021/airflow/dags/two_task_dag.py
[2025-04-08T17:38:02.992+0000] {processor.py:179} INFO - Processing /workspaces/hands-on-introduction-data-engineering-4395021/airflow/dags/two_task_dag.py took 0.085 seconds
[2025-04-08T17:38:04.126+0000] {processor.py:157} INFO - Started process (PID=23168) to work on /workspaces/hands-on-introduction-data-engineering-4395021/airflow/dags/two_task_dag.py
[2025-04-08T17:38:04.128+0000] {processor.py:826} INFO - Processing file /workspaces/hands-on-introduction-data-engineering-4395021/airflow/dags/two_task_dag.py for tasks to queue
[2025-04-08T17:38:04.131+0000] {logging_mixin.py:150} INFO - [2025-04-08T17:38:04.130+0000] {dagbag.py:541} INFO - Filling up the DagBag from /workspaces/hands-on-introduction-data-engineering-4395021/airflow/dags/two_task_dag.py
[2025-04-08T17:38:04.139+0000] {logging_mixin.py:150} INFO - [2025-04-08T17:38:04.137+0000] {dagbag.py:350} ERROR - Failed to import: /workspaces/hands-on-introduction-data-engineering-4395021/airflow/dags/two_task_dag.py
Traceback (most recent call last):
  File "/home/vscode/.local/lib/python3.10/site-packages/airflow/models/dagbag.py", line 346, in parse
    loader.exec_module(new_module)
  File "<frozen importlib._bootstrap_external>", line 883, in exec_module
  File "<frozen importlib._bootstrap>", line 241, in _call_with_frames_removed
  File "/workspaces/hands-on-introduction-data-engineering-4395021/airflow/dags/two_task_dag.py", line 21, in <module>
    task = Ba
NameError: name 'Ba' is not defined
[2025-04-08T17:38:04.140+0000] {processor.py:838} WARNING - No viable dags retrieved from /workspaces/hands-on-introduction-data-engineering-4395021/airflow/dags/two_task_dag.py
[2025-04-08T17:38:04.163+0000] {processor.py:179} INFO - Processing /workspaces/hands-on-introduction-data-engineering-4395021/airflow/dags/two_task_dag.py took 0.060 seconds
[2025-04-08T17:38:05.270+0000] {processor.py:157} INFO - Started process (PID=23178) to work on /workspaces/hands-on-introduction-data-engineering-4395021/airflow/dags/two_task_dag.py
[2025-04-08T17:38:05.273+0000] {processor.py:826} INFO - Processing file /workspaces/hands-on-introduction-data-engineering-4395021/airflow/dags/two_task_dag.py for tasks to queue
[2025-04-08T17:38:05.278+0000] {logging_mixin.py:150} INFO - [2025-04-08T17:38:05.277+0000] {dagbag.py:541} INFO - Filling up the DagBag from /workspaces/hands-on-introduction-data-engineering-4395021/airflow/dags/two_task_dag.py
[2025-04-08T17:38:05.300+0000] {processor.py:836} INFO - DAG(s) dict_keys(['two_task_dag']) retrieved from /workspaces/hands-on-introduction-data-engineering-4395021/airflow/dags/two_task_dag.py
[2025-04-08T17:38:05.477+0000] {logging_mixin.py:150} INFO - [2025-04-08T17:38:05.477+0000] {manager.py:504} INFO - Created Permission View: can read on DAG:two_task_dag
[2025-04-08T17:38:05.488+0000] {logging_mixin.py:150} INFO - [2025-04-08T17:38:05.488+0000] {manager.py:504} INFO - Created Permission View: can delete on DAG:two_task_dag
[2025-04-08T17:38:05.493+0000] {logging_mixin.py:150} INFO - [2025-04-08T17:38:05.493+0000] {manager.py:504} INFO - Created Permission View: can edit on DAG:two_task_dag
[2025-04-08T17:38:05.500+0000] {logging_mixin.py:150} INFO - [2025-04-08T17:38:05.500+0000] {dag.py:2742} INFO - Sync 1 DAGs
[2025-04-08T17:38:05.508+0000] {logging_mixin.py:150} INFO - [2025-04-08T17:38:05.508+0000] {dag.py:2763} INFO - Creating ORM DAG for two_task_dag
[2025-04-08T17:38:05.515+0000] {logging_mixin.py:150} INFO - [2025-04-08T17:38:05.515+0000] {dag.py:3504} INFO - Setting next_dagrun for two_task_dag to None, run_after=None
[2025-04-08T17:38:05.529+0000] {processor.py:179} INFO - Processing /workspaces/hands-on-introduction-data-engineering-4395021/airflow/dags/two_task_dag.py took 0.264 seconds
[2025-04-08T17:38:10.173+0000] {processor.py:157} INFO - Started process (PID=23211) to work on /workspaces/hands-on-introduction-data-engineering-4395021/airflow/dags/two_task_dag.py
[2025-04-08T17:38:10.173+0000] {processor.py:826} INFO - Processing file /workspaces/hands-on-introduction-data-engineering-4395021/airflow/dags/two_task_dag.py for tasks to queue
[2025-04-08T17:38:10.174+0000] {logging_mixin.py:150} INFO - [2025-04-08T17:38:10.174+0000] {dagbag.py:541} INFO - Filling up the DagBag from /workspaces/hands-on-introduction-data-engineering-4395021/airflow/dags/two_task_dag.py
[2025-04-08T17:38:10.178+0000] {logging_mixin.py:150} INFO - [2025-04-08T17:38:10.177+0000] {dagbag.py:350} ERROR - Failed to import: /workspaces/hands-on-introduction-data-engineering-4395021/airflow/dags/two_task_dag.py
Traceback (most recent call last):
  File "/home/vscode/.local/lib/python3.10/site-packages/airflow/models/dagbag.py", line 346, in parse
    loader.exec_module(new_module)
  File "<frozen importlib._bootstrap_external>", line 883, in exec_module
  File "<frozen importlib._bootstrap>", line 241, in _call_with_frames_removed
  File "/workspaces/hands-on-introduction-data-engineering-4395021/airflow/dags/two_task_dag.py", line 21, in <module>
    task = BashOperator()
  File "/home/vscode/.local/lib/python3.10/site-packages/airflow/models/baseoperator.py", line 412, in apply_defaults
    raise AirflowException(f"missing keyword argument {missing_args.pop()!r}")
airflow.exceptions.AirflowException: missing keyword argument 'bash_command'
[2025-04-08T17:38:10.179+0000] {processor.py:838} WARNING - No viable dags retrieved from /workspaces/hands-on-introduction-data-engineering-4395021/airflow/dags/two_task_dag.py
[2025-04-08T17:38:10.192+0000] {processor.py:179} INFO - Processing /workspaces/hands-on-introduction-data-engineering-4395021/airflow/dags/two_task_dag.py took 0.022 seconds
[2025-04-08T17:38:14.987+0000] {processor.py:157} INFO - Started process (PID=23246) to work on /workspaces/hands-on-introduction-data-engineering-4395021/airflow/dags/two_task_dag.py
[2025-04-08T17:38:14.988+0000] {processor.py:826} INFO - Processing file /workspaces/hands-on-introduction-data-engineering-4395021/airflow/dags/two_task_dag.py for tasks to queue
[2025-04-08T17:38:14.989+0000] {logging_mixin.py:150} INFO - [2025-04-08T17:38:14.988+0000] {dagbag.py:541} INFO - Filling up the DagBag from /workspaces/hands-on-introduction-data-engineering-4395021/airflow/dags/two_task_dag.py
[2025-04-08T17:38:14.993+0000] {logging_mixin.py:150} INFO - [2025-04-08T17:38:14.992+0000] {dagbag.py:350} ERROR - Failed to import: /workspaces/hands-on-introduction-data-engineering-4395021/airflow/dags/two_task_dag.py
Traceback (most recent call last):
  File "/home/vscode/.local/lib/python3.10/site-packages/airflow/models/dagbag.py", line 346, in parse
    loader.exec_module(new_module)
  File "<frozen importlib._bootstrap_external>", line 883, in exec_module
  File "<frozen importlib._bootstrap>", line 241, in _call_with_frames_removed
  File "/workspaces/hands-on-introduction-data-engineering-4395021/airflow/dags/two_task_dag.py", line 21, in <module>
    task = BashOperator(
  File "/home/vscode/.local/lib/python3.10/site-packages/airflow/models/baseoperator.py", line 387, in apply_defaults
    raise AirflowException("Use keyword arguments when initializing operators")
airflow.exceptions.AirflowException: Use keyword arguments when initializing operators
[2025-04-08T17:38:14.993+0000] {processor.py:838} WARNING - No viable dags retrieved from /workspaces/hands-on-introduction-data-engineering-4395021/airflow/dags/two_task_dag.py
[2025-04-08T17:38:15.006+0000] {processor.py:179} INFO - Processing /workspaces/hands-on-introduction-data-engineering-4395021/airflow/dags/two_task_dag.py took 0.022 seconds
[2025-04-08T17:38:16.754+0000] {processor.py:157} INFO - Started process (PID=23253) to work on /workspaces/hands-on-introduction-data-engineering-4395021/airflow/dags/two_task_dag.py
[2025-04-08T17:38:16.754+0000] {processor.py:826} INFO - Processing file /workspaces/hands-on-introduction-data-engineering-4395021/airflow/dags/two_task_dag.py for tasks to queue
[2025-04-08T17:38:16.755+0000] {logging_mixin.py:150} INFO - [2025-04-08T17:38:16.755+0000] {dagbag.py:541} INFO - Filling up the DagBag from /workspaces/hands-on-introduction-data-engineering-4395021/airflow/dags/two_task_dag.py
[2025-04-08T17:38:16.759+0000] {logging_mixin.py:150} INFO - [2025-04-08T17:38:16.758+0000] {dagbag.py:350} ERROR - Failed to import: /workspaces/hands-on-introduction-data-engineering-4395021/airflow/dags/two_task_dag.py
Traceback (most recent call last):
  File "/home/vscode/.local/lib/python3.10/site-packages/airflow/models/dagbag.py", line 346, in parse
    loader.exec_module(new_module)
  File "<frozen importlib._bootstrap_external>", line 883, in exec_module
  File "<frozen importlib._bootstrap>", line 241, in _call_with_frames_removed
  File "/workspaces/hands-on-introduction-data-engineering-4395021/airflow/dags/two_task_dag.py", line 21, in <module>
    task = BashOperator(
  File "/home/vscode/.local/lib/python3.10/site-packages/airflow/models/baseoperator.py", line 412, in apply_defaults
    raise AirflowException(f"missing keyword argument {missing_args.pop()!r}")
airflow.exceptions.AirflowException: missing keyword argument 'bash_command'
[2025-04-08T17:38:16.760+0000] {processor.py:838} WARNING - No viable dags retrieved from /workspaces/hands-on-introduction-data-engineering-4395021/airflow/dags/two_task_dag.py
[2025-04-08T17:38:16.773+0000] {processor.py:179} INFO - Processing /workspaces/hands-on-introduction-data-engineering-4395021/airflow/dags/two_task_dag.py took 0.022 seconds
[2025-04-08T17:38:24.174+0000] {processor.py:157} INFO - Started process (PID=23302) to work on /workspaces/hands-on-introduction-data-engineering-4395021/airflow/dags/two_task_dag.py
[2025-04-08T17:38:24.175+0000] {processor.py:826} INFO - Processing file /workspaces/hands-on-introduction-data-engineering-4395021/airflow/dags/two_task_dag.py for tasks to queue
[2025-04-08T17:38:24.176+0000] {logging_mixin.py:150} INFO - [2025-04-08T17:38:24.176+0000] {dagbag.py:541} INFO - Filling up the DagBag from /workspaces/hands-on-introduction-data-engineering-4395021/airflow/dags/two_task_dag.py
[2025-04-08T17:38:24.180+0000] {logging_mixin.py:150} INFO - [2025-04-08T17:38:24.179+0000] {dagbag.py:350} ERROR - Failed to import: /workspaces/hands-on-introduction-data-engineering-4395021/airflow/dags/two_task_dag.py
Traceback (most recent call last):
  File "/home/vscode/.local/lib/python3.10/site-packages/airflow/models/dagbag.py", line 346, in parse
    loader.exec_module(new_module)
  File "<frozen importlib._bootstrap_external>", line 879, in exec_module
  File "<frozen importlib._bootstrap_external>", line 1017, in get_code
  File "<frozen importlib._bootstrap_external>", line 947, in source_to_code
  File "<frozen importlib._bootstrap>", line 241, in _call_with_frames_removed
  File "/workspaces/hands-on-introduction-data-engineering-4395021/airflow/dags/two_task_dag.py", line 22
    task_oi
    ^^^
SyntaxError: invalid syntax. Perhaps you forgot a comma?
[2025-04-08T17:38:24.181+0000] {processor.py:838} WARNING - No viable dags retrieved from /workspaces/hands-on-introduction-data-engineering-4395021/airflow/dags/two_task_dag.py
[2025-04-08T17:38:24.201+0000] {processor.py:179} INFO - Processing /workspaces/hands-on-introduction-data-engineering-4395021/airflow/dags/two_task_dag.py took 0.030 seconds
[2025-04-08T17:38:25.318+0000] {processor.py:157} INFO - Started process (PID=23316) to work on /workspaces/hands-on-introduction-data-engineering-4395021/airflow/dags/two_task_dag.py
[2025-04-08T17:38:25.319+0000] {processor.py:826} INFO - Processing file /workspaces/hands-on-introduction-data-engineering-4395021/airflow/dags/two_task_dag.py for tasks to queue
[2025-04-08T17:38:25.320+0000] {logging_mixin.py:150} INFO - [2025-04-08T17:38:25.319+0000] {dagbag.py:541} INFO - Filling up the DagBag from /workspaces/hands-on-introduction-data-engineering-4395021/airflow/dags/two_task_dag.py
[2025-04-08T17:38:25.322+0000] {logging_mixin.py:150} INFO - [2025-04-08T17:38:25.321+0000] {dagbag.py:350} ERROR - Failed to import: /workspaces/hands-on-introduction-data-engineering-4395021/airflow/dags/two_task_dag.py
Traceback (most recent call last):
  File "/home/vscode/.local/lib/python3.10/site-packages/airflow/models/dagbag.py", line 346, in parse
    loader.exec_module(new_module)
  File "<frozen importlib._bootstrap_external>", line 879, in exec_module
  File "<frozen importlib._bootstrap_external>", line 1017, in get_code
  File "<frozen importlib._bootstrap_external>", line 947, in source_to_code
  File "<frozen importlib._bootstrap>", line 241, in _call_with_frames_removed
  File "/workspaces/hands-on-introduction-data-engineering-4395021/airflow/dags/two_task_dag.py", line 23
    dag=dag
       ^
SyntaxError: invalid syntax
[2025-04-08T17:38:25.322+0000] {processor.py:838} WARNING - No viable dags retrieved from /workspaces/hands-on-introduction-data-engineering-4395021/airflow/dags/two_task_dag.py
[2025-04-08T17:38:25.335+0000] {processor.py:179} INFO - Processing /workspaces/hands-on-introduction-data-engineering-4395021/airflow/dags/two_task_dag.py took 0.020 seconds
[2025-04-08T17:38:30.087+0000] {processor.py:157} INFO - Started process (PID=23345) to work on /workspaces/hands-on-introduction-data-engineering-4395021/airflow/dags/two_task_dag.py
[2025-04-08T17:38:30.087+0000] {processor.py:826} INFO - Processing file /workspaces/hands-on-introduction-data-engineering-4395021/airflow/dags/two_task_dag.py for tasks to queue
[2025-04-08T17:38:30.088+0000] {logging_mixin.py:150} INFO - [2025-04-08T17:38:30.088+0000] {dagbag.py:541} INFO - Filling up the DagBag from /workspaces/hands-on-introduction-data-engineering-4395021/airflow/dags/two_task_dag.py
[2025-04-08T17:38:30.091+0000] {logging_mixin.py:150} INFO - [2025-04-08T17:38:30.090+0000] {dagbag.py:350} ERROR - Failed to import: /workspaces/hands-on-introduction-data-engineering-4395021/airflow/dags/two_task_dag.py
Traceback (most recent call last):
  File "/home/vscode/.local/lib/python3.10/site-packages/airflow/models/dagbag.py", line 346, in parse
    loader.exec_module(new_module)
  File "<frozen importlib._bootstrap_external>", line 879, in exec_module
  File "<frozen importlib._bootstrap_external>", line 1017, in get_code
  File "<frozen importlib._bootstrap_external>", line 947, in source_to_code
  File "<frozen importlib._bootstrap>", line 241, in _call_with_frames_removed
  File "/workspaces/hands-on-introduction-data-engineering-4395021/airflow/dags/two_task_dag.py", line 22
    task_id='tas'
            
SyntaxError: invalid syntax. Perhaps you forgot a comma?
[2025-04-08T17:38:30.091+0000] {processor.py:838} WARNING - No viable dags retrieved from /workspaces/hands-on-introduction-data-engineering-4395021/airflow/dags/two_task_dag.py
[2025-04-08T17:38:30.104+0000] {processor.py:179} INFO - Processing /workspaces/hands-on-introduction-data-engineering-4395021/airflow/dags/two_task_dag.py took 0.020 seconds
[2025-04-08T17:38:33.064+0000] {processor.py:157} INFO - Started process (PID=23367) to work on /workspaces/hands-on-introduction-data-engineering-4395021/airflow/dags/two_task_dag.py
[2025-04-08T17:38:33.065+0000] {processor.py:826} INFO - Processing file /workspaces/hands-on-introduction-data-engineering-4395021/airflow/dags/two_task_dag.py for tasks to queue
[2025-04-08T17:38:33.066+0000] {logging_mixin.py:150} INFO - [2025-04-08T17:38:33.066+0000] {dagbag.py:541} INFO - Filling up the DagBag from /workspaces/hands-on-introduction-data-engineering-4395021/airflow/dags/two_task_dag.py
[2025-04-08T17:38:33.069+0000] {logging_mixin.py:150} INFO - [2025-04-08T17:38:33.068+0000] {dagbag.py:350} ERROR - Failed to import: /workspaces/hands-on-introduction-data-engineering-4395021/airflow/dags/two_task_dag.py
Traceback (most recent call last):
  File "/home/vscode/.local/lib/python3.10/site-packages/airflow/models/dagbag.py", line 346, in parse
    loader.exec_module(new_module)
  File "<frozen importlib._bootstrap_external>", line 879, in exec_module
  File "<frozen importlib._bootstrap_external>", line 1017, in get_code
  File "<frozen importlib._bootstrap_external>", line 947, in source_to_code
  File "<frozen importlib._bootstrap>", line 241, in _call_with_frames_removed
  File "/workspaces/hands-on-introduction-data-engineering-4395021/airflow/dags/two_task_dag.py", line 22
    task_id='task 1'
            
SyntaxError: invalid syntax. Perhaps you forgot a comma?
[2025-04-08T17:38:33.069+0000] {processor.py:838} WARNING - No viable dags retrieved from /workspaces/hands-on-introduction-data-engineering-4395021/airflow/dags/two_task_dag.py
[2025-04-08T17:38:33.084+0000] {processor.py:179} INFO - Processing /workspaces/hands-on-introduction-data-engineering-4395021/airflow/dags/two_task_dag.py took 0.023 seconds
[2025-04-08T17:38:35.242+0000] {processor.py:157} INFO - Started process (PID=23382) to work on /workspaces/hands-on-introduction-data-engineering-4395021/airflow/dags/two_task_dag.py
[2025-04-08T17:38:35.243+0000] {processor.py:826} INFO - Processing file /workspaces/hands-on-introduction-data-engineering-4395021/airflow/dags/two_task_dag.py for tasks to queue
[2025-04-08T17:38:35.244+0000] {logging_mixin.py:150} INFO - [2025-04-08T17:38:35.243+0000] {dagbag.py:541} INFO - Filling up the DagBag from /workspaces/hands-on-introduction-data-engineering-4395021/airflow/dags/two_task_dag.py
[2025-04-08T17:38:35.248+0000] {logging_mixin.py:150} INFO - [2025-04-08T17:38:35.247+0000] {dagbag.py:350} ERROR - Failed to import: /workspaces/hands-on-introduction-data-engineering-4395021/airflow/dags/two_task_dag.py
Traceback (most recent call last):
  File "/home/vscode/.local/lib/python3.10/site-packages/airflow/models/dagbag.py", line 346, in parse
    loader.exec_module(new_module)
  File "<frozen importlib._bootstrap_external>", line 879, in exec_module
  File "<frozen importlib._bootstrap_external>", line 1017, in get_code
  File "<frozen importlib._bootstrap_external>", line 947, in source_to_code
  File "<frozen importlib._bootstrap>", line 241, in _call_with_frames_removed
  File "/workspaces/hands-on-introduction-data-engineering-4395021/airflow/dags/two_task_dag.py", line 22
    task_id='task one'
            
SyntaxError: invalid syntax. Perhaps you forgot a comma?
[2025-04-08T17:38:35.249+0000] {processor.py:838} WARNING - No viable dags retrieved from /workspaces/hands-on-introduction-data-engineering-4395021/airflow/dags/two_task_dag.py
[2025-04-08T17:38:35.274+0000] {processor.py:179} INFO - Processing /workspaces/hands-on-introduction-data-engineering-4395021/airflow/dags/two_task_dag.py took 0.036 seconds
[2025-04-08T17:38:49.188+0000] {processor.py:157} INFO - Started process (PID=23473) to work on /workspaces/hands-on-introduction-data-engineering-4395021/airflow/dags/two_task_dag.py
[2025-04-08T17:38:49.189+0000] {processor.py:826} INFO - Processing file /workspaces/hands-on-introduction-data-engineering-4395021/airflow/dags/two_task_dag.py for tasks to queue
[2025-04-08T17:38:49.190+0000] {logging_mixin.py:150} INFO - [2025-04-08T17:38:49.189+0000] {dagbag.py:541} INFO - Filling up the DagBag from /workspaces/hands-on-introduction-data-engineering-4395021/airflow/dags/two_task_dag.py
[2025-04-08T17:38:49.194+0000] {logging_mixin.py:150} INFO - [2025-04-08T17:38:49.193+0000] {dagbag.py:350} ERROR - Failed to import: /workspaces/hands-on-introduction-data-engineering-4395021/airflow/dags/two_task_dag.py
Traceback (most recent call last):
  File "/home/vscode/.local/lib/python3.10/site-packages/airflow/models/dagbag.py", line 346, in parse
    loader.exec_module(new_module)
  File "<frozen importlib._bootstrap_external>", line 883, in exec_module
  File "<frozen importlib._bootstrap>", line 241, in _call_with_frames_removed
  File "/workspaces/hands-on-introduction-data-engineering-4395021/airflow/dags/two_task_dag.py", line 21, in <module>
    task = BashOperator(
  File "/home/vscode/.local/lib/python3.10/site-packages/airflow/models/baseoperator.py", line 429, in apply_defaults
    result = func(self, **kwargs, default_args=default_args)
  File "/home/vscode/.local/lib/python3.10/site-packages/airflow/operators/bash.py", line 150, in __init__
    super().__init__(**kwargs)
  File "/home/vscode/.local/lib/python3.10/site-packages/airflow/models/baseoperator.py", line 429, in apply_defaults
    result = func(self, **kwargs, default_args=default_args)
  File "/home/vscode/.local/lib/python3.10/site-packages/airflow/models/baseoperator.py", line 799, in __init__
    validate_key(task_id)
  File "/home/vscode/.local/lib/python3.10/site-packages/airflow/utils/helpers.py", line 55, in validate_key
    raise AirflowException(
airflow.exceptions.AirflowException: The key 'task one' has to be made of alphanumeric characters, dashes, dots and underscores exclusively
[2025-04-08T17:38:49.195+0000] {processor.py:838} WARNING - No viable dags retrieved from /workspaces/hands-on-introduction-data-engineering-4395021/airflow/dags/two_task_dag.py
[2025-04-08T17:38:49.208+0000] {processor.py:179} INFO - Processing /workspaces/hands-on-introduction-data-engineering-4395021/airflow/dags/two_task_dag.py took 0.023 seconds
[2025-04-08T17:39:19.489+0000] {processor.py:157} INFO - Started process (PID=23659) to work on /workspaces/hands-on-introduction-data-engineering-4395021/airflow/dags/two_task_dag.py
[2025-04-08T17:39:19.490+0000] {processor.py:826} INFO - Processing file /workspaces/hands-on-introduction-data-engineering-4395021/airflow/dags/two_task_dag.py for tasks to queue
[2025-04-08T17:39:19.491+0000] {logging_mixin.py:150} INFO - [2025-04-08T17:39:19.491+0000] {dagbag.py:541} INFO - Filling up the DagBag from /workspaces/hands-on-introduction-data-engineering-4395021/airflow/dags/two_task_dag.py
[2025-04-08T17:39:19.495+0000] {logging_mixin.py:150} INFO - [2025-04-08T17:39:19.494+0000] {dagbag.py:350} ERROR - Failed to import: /workspaces/hands-on-introduction-data-engineering-4395021/airflow/dags/two_task_dag.py
Traceback (most recent call last):
  File "/home/vscode/.local/lib/python3.10/site-packages/airflow/models/dagbag.py", line 346, in parse
    loader.exec_module(new_module)
  File "<frozen importlib._bootstrap_external>", line 883, in exec_module
  File "<frozen importlib._bootstrap>", line 241, in _call_with_frames_removed
  File "/workspaces/hands-on-introduction-data-engineering-4395021/airflow/dags/two_task_dag.py", line 21, in <module>
    task = BashOperator(
  File "/home/vscode/.local/lib/python3.10/site-packages/airflow/models/baseoperator.py", line 429, in apply_defaults
    result = func(self, **kwargs, default_args=default_args)
  File "/home/vscode/.local/lib/python3.10/site-packages/airflow/operators/bash.py", line 150, in __init__
    super().__init__(**kwargs)
  File "/home/vscode/.local/lib/python3.10/site-packages/airflow/models/baseoperator.py", line 429, in apply_defaults
    result = func(self, **kwargs, default_args=default_args)
  File "/home/vscode/.local/lib/python3.10/site-packages/airflow/models/baseoperator.py", line 799, in __init__
    validate_key(task_id)
  File "/home/vscode/.local/lib/python3.10/site-packages/airflow/utils/helpers.py", line 55, in validate_key
    raise AirflowException(
airflow.exceptions.AirflowException: The key 'task one' has to be made of alphanumeric characters, dashes, dots and underscores exclusively
[2025-04-08T17:39:19.495+0000] {processor.py:838} WARNING - No viable dags retrieved from /workspaces/hands-on-introduction-data-engineering-4395021/airflow/dags/two_task_dag.py
[2025-04-08T17:39:19.508+0000] {processor.py:179} INFO - Processing /workspaces/hands-on-introduction-data-engineering-4395021/airflow/dags/two_task_dag.py took 0.021 seconds
[2025-04-08T17:39:49.779+0000] {processor.py:157} INFO - Started process (PID=23829) to work on /workspaces/hands-on-introduction-data-engineering-4395021/airflow/dags/two_task_dag.py
[2025-04-08T17:39:49.780+0000] {processor.py:826} INFO - Processing file /workspaces/hands-on-introduction-data-engineering-4395021/airflow/dags/two_task_dag.py for tasks to queue
[2025-04-08T17:39:49.780+0000] {logging_mixin.py:150} INFO - [2025-04-08T17:39:49.780+0000] {dagbag.py:541} INFO - Filling up the DagBag from /workspaces/hands-on-introduction-data-engineering-4395021/airflow/dags/two_task_dag.py
[2025-04-08T17:39:49.784+0000] {logging_mixin.py:150} INFO - [2025-04-08T17:39:49.783+0000] {dagbag.py:350} ERROR - Failed to import: /workspaces/hands-on-introduction-data-engineering-4395021/airflow/dags/two_task_dag.py
Traceback (most recent call last):
  File "/home/vscode/.local/lib/python3.10/site-packages/airflow/models/dagbag.py", line 346, in parse
    loader.exec_module(new_module)
  File "<frozen importlib._bootstrap_external>", line 883, in exec_module
  File "<frozen importlib._bootstrap>", line 241, in _call_with_frames_removed
  File "/workspaces/hands-on-introduction-data-engineering-4395021/airflow/dags/two_task_dag.py", line 21, in <module>
    task = BashOperator(
  File "/home/vscode/.local/lib/python3.10/site-packages/airflow/models/baseoperator.py", line 429, in apply_defaults
    result = func(self, **kwargs, default_args=default_args)
  File "/home/vscode/.local/lib/python3.10/site-packages/airflow/operators/bash.py", line 150, in __init__
    super().__init__(**kwargs)
  File "/home/vscode/.local/lib/python3.10/site-packages/airflow/models/baseoperator.py", line 429, in apply_defaults
    result = func(self, **kwargs, default_args=default_args)
  File "/home/vscode/.local/lib/python3.10/site-packages/airflow/models/baseoperator.py", line 799, in __init__
    validate_key(task_id)
  File "/home/vscode/.local/lib/python3.10/site-packages/airflow/utils/helpers.py", line 55, in validate_key
    raise AirflowException(
airflow.exceptions.AirflowException: The key 'task one' has to be made of alphanumeric characters, dashes, dots and underscores exclusively
[2025-04-08T17:39:49.784+0000] {processor.py:838} WARNING - No viable dags retrieved from /workspaces/hands-on-introduction-data-engineering-4395021/airflow/dags/two_task_dag.py
[2025-04-08T17:39:49.798+0000] {processor.py:179} INFO - Processing /workspaces/hands-on-introduction-data-engineering-4395021/airflow/dags/two_task_dag.py took 0.022 seconds
[2025-04-08T17:40:20.112+0000] {processor.py:157} INFO - Started process (PID=24020) to work on /workspaces/hands-on-introduction-data-engineering-4395021/airflow/dags/two_task_dag.py
[2025-04-08T17:40:20.113+0000] {processor.py:826} INFO - Processing file /workspaces/hands-on-introduction-data-engineering-4395021/airflow/dags/two_task_dag.py for tasks to queue
[2025-04-08T17:40:20.114+0000] {logging_mixin.py:150} INFO - [2025-04-08T17:40:20.113+0000] {dagbag.py:541} INFO - Filling up the DagBag from /workspaces/hands-on-introduction-data-engineering-4395021/airflow/dags/two_task_dag.py
[2025-04-08T17:40:20.119+0000] {logging_mixin.py:150} INFO - [2025-04-08T17:40:20.117+0000] {dagbag.py:350} ERROR - Failed to import: /workspaces/hands-on-introduction-data-engineering-4395021/airflow/dags/two_task_dag.py
Traceback (most recent call last):
  File "/home/vscode/.local/lib/python3.10/site-packages/airflow/models/dagbag.py", line 346, in parse
    loader.exec_module(new_module)
  File "<frozen importlib._bootstrap_external>", line 883, in exec_module
  File "<frozen importlib._bootstrap>", line 241, in _call_with_frames_removed
  File "/workspaces/hands-on-introduction-data-engineering-4395021/airflow/dags/two_task_dag.py", line 21, in <module>
    task = BashOperator(
  File "/home/vscode/.local/lib/python3.10/site-packages/airflow/models/baseoperator.py", line 429, in apply_defaults
    result = func(self, **kwargs, default_args=default_args)
  File "/home/vscode/.local/lib/python3.10/site-packages/airflow/operators/bash.py", line 150, in __init__
    super().__init__(**kwargs)
  File "/home/vscode/.local/lib/python3.10/site-packages/airflow/models/baseoperator.py", line 429, in apply_defaults
    result = func(self, **kwargs, default_args=default_args)
  File "/home/vscode/.local/lib/python3.10/site-packages/airflow/models/baseoperator.py", line 799, in __init__
    validate_key(task_id)
  File "/home/vscode/.local/lib/python3.10/site-packages/airflow/utils/helpers.py", line 55, in validate_key
    raise AirflowException(
airflow.exceptions.AirflowException: The key 'task one' has to be made of alphanumeric characters, dashes, dots and underscores exclusively
[2025-04-08T17:40:20.120+0000] {processor.py:838} WARNING - No viable dags retrieved from /workspaces/hands-on-introduction-data-engineering-4395021/airflow/dags/two_task_dag.py
[2025-04-08T17:40:20.142+0000] {processor.py:179} INFO - Processing /workspaces/hands-on-introduction-data-engineering-4395021/airflow/dags/two_task_dag.py took 0.035 seconds
[2025-04-08T17:40:21.238+0000] {processor.py:157} INFO - Started process (PID=24029) to work on /workspaces/hands-on-introduction-data-engineering-4395021/airflow/dags/two_task_dag.py
[2025-04-08T17:40:21.239+0000] {processor.py:826} INFO - Processing file /workspaces/hands-on-introduction-data-engineering-4395021/airflow/dags/two_task_dag.py for tasks to queue
[2025-04-08T17:40:21.239+0000] {logging_mixin.py:150} INFO - [2025-04-08T17:40:21.239+0000] {dagbag.py:541} INFO - Filling up the DagBag from /workspaces/hands-on-introduction-data-engineering-4395021/airflow/dags/two_task_dag.py
[2025-04-08T17:40:21.244+0000] {logging_mixin.py:150} INFO - [2025-04-08T17:40:21.243+0000] {dagbag.py:350} ERROR - Failed to import: /workspaces/hands-on-introduction-data-engineering-4395021/airflow/dags/two_task_dag.py
Traceback (most recent call last):
  File "/home/vscode/.local/lib/python3.10/site-packages/airflow/models/dagbag.py", line 346, in parse
    loader.exec_module(new_module)
  File "<frozen importlib._bootstrap_external>", line 883, in exec_module
  File "<frozen importlib._bootstrap>", line 241, in _call_with_frames_removed
  File "/workspaces/hands-on-introduction-data-engineering-4395021/airflow/dags/two_task_dag.py", line 21, in <module>
    task_one = BashOperator(
  File "/home/vscode/.local/lib/python3.10/site-packages/airflow/models/baseoperator.py", line 429, in apply_defaults
    result = func(self, **kwargs, default_args=default_args)
  File "/home/vscode/.local/lib/python3.10/site-packages/airflow/operators/bash.py", line 150, in __init__
    super().__init__(**kwargs)
  File "/home/vscode/.local/lib/python3.10/site-packages/airflow/models/baseoperator.py", line 429, in apply_defaults
    result = func(self, **kwargs, default_args=default_args)
  File "/home/vscode/.local/lib/python3.10/site-packages/airflow/models/baseoperator.py", line 799, in __init__
    validate_key(task_id)
  File "/home/vscode/.local/lib/python3.10/site-packages/airflow/utils/helpers.py", line 55, in validate_key
    raise AirflowException(
airflow.exceptions.AirflowException: The key 'task one' has to be made of alphanumeric characters, dashes, dots and underscores exclusively
[2025-04-08T17:40:21.244+0000] {processor.py:838} WARNING - No viable dags retrieved from /workspaces/hands-on-introduction-data-engineering-4395021/airflow/dags/two_task_dag.py
[2025-04-08T17:40:21.257+0000] {processor.py:179} INFO - Processing /workspaces/hands-on-introduction-data-engineering-4395021/airflow/dags/two_task_dag.py took 0.022 seconds
[2025-04-08T17:40:40.339+0000] {processor.py:157} INFO - Started process (PID=24160) to work on /workspaces/hands-on-introduction-data-engineering-4395021/airflow/dags/two_task_dag.py
[2025-04-08T17:40:40.339+0000] {processor.py:826} INFO - Processing file /workspaces/hands-on-introduction-data-engineering-4395021/airflow/dags/two_task_dag.py for tasks to queue
[2025-04-08T17:40:40.340+0000] {logging_mixin.py:150} INFO - [2025-04-08T17:40:40.340+0000] {dagbag.py:541} INFO - Filling up the DagBag from /workspaces/hands-on-introduction-data-engineering-4395021/airflow/dags/two_task_dag.py
[2025-04-08T17:40:40.348+0000] {processor.py:836} INFO - DAG(s) dict_keys(['two_task_dag']) retrieved from /workspaces/hands-on-introduction-data-engineering-4395021/airflow/dags/two_task_dag.py
[2025-04-08T17:40:40.423+0000] {logging_mixin.py:150} INFO - [2025-04-08T17:40:40.422+0000] {dag.py:2742} INFO - Sync 1 DAGs
[2025-04-08T17:40:40.436+0000] {logging_mixin.py:150} INFO - [2025-04-08T17:40:40.435+0000] {dag.py:3504} INFO - Setting next_dagrun for two_task_dag to None, run_after=None
[2025-04-08T17:40:40.453+0000] {processor.py:179} INFO - Processing /workspaces/hands-on-introduction-data-engineering-4395021/airflow/dags/two_task_dag.py took 0.117 seconds
[2025-04-08T17:40:45.330+0000] {processor.py:157} INFO - Started process (PID=24183) to work on /workspaces/hands-on-introduction-data-engineering-4395021/airflow/dags/two_task_dag.py
[2025-04-08T17:40:45.331+0000] {processor.py:826} INFO - Processing file /workspaces/hands-on-introduction-data-engineering-4395021/airflow/dags/two_task_dag.py for tasks to queue
[2025-04-08T17:40:45.332+0000] {logging_mixin.py:150} INFO - [2025-04-08T17:40:45.331+0000] {dagbag.py:541} INFO - Filling up the DagBag from /workspaces/hands-on-introduction-data-engineering-4395021/airflow/dags/two_task_dag.py
[2025-04-08T17:40:45.340+0000] {processor.py:836} INFO - DAG(s) dict_keys(['two_task_dag']) retrieved from /workspaces/hands-on-introduction-data-engineering-4395021/airflow/dags/two_task_dag.py
[2025-04-08T17:40:45.347+0000] {logging_mixin.py:150} INFO - [2025-04-08T17:40:45.346+0000] {dag.py:2742} INFO - Sync 1 DAGs
[2025-04-08T17:40:45.361+0000] {logging_mixin.py:150} INFO - [2025-04-08T17:40:45.361+0000] {dag.py:3504} INFO - Setting next_dagrun for two_task_dag to None, run_after=None
[2025-04-08T17:40:45.376+0000] {processor.py:179} INFO - Processing /workspaces/hands-on-introduction-data-engineering-4395021/airflow/dags/two_task_dag.py took 0.049 seconds
[2025-04-08T17:40:47.943+0000] {processor.py:157} INFO - Started process (PID=24204) to work on /workspaces/hands-on-introduction-data-engineering-4395021/airflow/dags/two_task_dag.py
[2025-04-08T17:40:47.944+0000] {processor.py:826} INFO - Processing file /workspaces/hands-on-introduction-data-engineering-4395021/airflow/dags/two_task_dag.py for tasks to queue
[2025-04-08T17:40:47.945+0000] {logging_mixin.py:150} INFO - [2025-04-08T17:40:47.944+0000] {dagbag.py:541} INFO - Filling up the DagBag from /workspaces/hands-on-introduction-data-engineering-4395021/airflow/dags/two_task_dag.py
[2025-04-08T17:40:47.953+0000] {processor.py:836} INFO - DAG(s) dict_keys(['two_task_dag']) retrieved from /workspaces/hands-on-introduction-data-engineering-4395021/airflow/dags/two_task_dag.py
[2025-04-08T17:40:47.959+0000] {logging_mixin.py:150} INFO - [2025-04-08T17:40:47.959+0000] {dag.py:2742} INFO - Sync 1 DAGs
[2025-04-08T17:40:47.973+0000] {logging_mixin.py:150} INFO - [2025-04-08T17:40:47.973+0000] {dag.py:3504} INFO - Setting next_dagrun for two_task_dag to None, run_after=None
[2025-04-08T17:40:47.988+0000] {processor.py:179} INFO - Processing /workspaces/hands-on-introduction-data-engineering-4395021/airflow/dags/two_task_dag.py took 0.048 seconds
[2025-04-08T17:40:53.351+0000] {processor.py:157} INFO - Started process (PID=24240) to work on /workspaces/hands-on-introduction-data-engineering-4395021/airflow/dags/two_task_dag.py
[2025-04-08T17:40:53.351+0000] {processor.py:826} INFO - Processing file /workspaces/hands-on-introduction-data-engineering-4395021/airflow/dags/two_task_dag.py for tasks to queue
[2025-04-08T17:40:53.352+0000] {logging_mixin.py:150} INFO - [2025-04-08T17:40:53.352+0000] {dagbag.py:541} INFO - Filling up the DagBag from /workspaces/hands-on-introduction-data-engineering-4395021/airflow/dags/two_task_dag.py
[2025-04-08T17:40:53.360+0000] {processor.py:836} INFO - DAG(s) dict_keys(['two_task_dag']) retrieved from /workspaces/hands-on-introduction-data-engineering-4395021/airflow/dags/two_task_dag.py
[2025-04-08T17:40:53.366+0000] {logging_mixin.py:150} INFO - [2025-04-08T17:40:53.366+0000] {dag.py:2742} INFO - Sync 1 DAGs
[2025-04-08T17:40:53.383+0000] {logging_mixin.py:150} INFO - [2025-04-08T17:40:53.383+0000] {dag.py:3504} INFO - Setting next_dagrun for two_task_dag to None, run_after=None
[2025-04-08T17:40:53.399+0000] {processor.py:179} INFO - Processing /workspaces/hands-on-introduction-data-engineering-4395021/airflow/dags/two_task_dag.py took 0.051 seconds
[2025-04-08T17:41:05.719+0000] {processor.py:157} INFO - Started process (PID=24323) to work on /workspaces/hands-on-introduction-data-engineering-4395021/airflow/dags/two_task_dag.py
[2025-04-08T17:41:05.720+0000] {processor.py:826} INFO - Processing file /workspaces/hands-on-introduction-data-engineering-4395021/airflow/dags/two_task_dag.py for tasks to queue
[2025-04-08T17:41:05.721+0000] {logging_mixin.py:150} INFO - [2025-04-08T17:41:05.721+0000] {dagbag.py:541} INFO - Filling up the DagBag from /workspaces/hands-on-introduction-data-engineering-4395021/airflow/dags/two_task_dag.py
[2025-04-08T17:41:05.727+0000] {logging_mixin.py:150} INFO - [2025-04-08T17:41:05.726+0000] {dagbag.py:350} ERROR - Failed to import: /workspaces/hands-on-introduction-data-engineering-4395021/airflow/dags/two_task_dag.py
Traceback (most recent call last):
  File "/home/vscode/.local/lib/python3.10/site-packages/airflow/models/dagbag.py", line 346, in parse
    loader.exec_module(new_module)
  File "<frozen importlib._bootstrap_external>", line 883, in exec_module
  File "<frozen importlib._bootstrap>", line 241, in _call_with_frames_removed
  File "/workspaces/hands-on-introduction-data-engineering-4395021/airflow/dags/two_task_dag.py", line 26, in <module>
    task_two = BashOperator()
  File "/home/vscode/.local/lib/python3.10/site-packages/airflow/models/baseoperator.py", line 412, in apply_defaults
    raise AirflowException(f"missing keyword argument {missing_args.pop()!r}")
airflow.exceptions.AirflowException: missing keyword argument 'bash_command'
[2025-04-08T17:41:05.728+0000] {processor.py:838} WARNING - No viable dags retrieved from /workspaces/hands-on-introduction-data-engineering-4395021/airflow/dags/two_task_dag.py
[2025-04-08T17:41:05.744+0000] {processor.py:179} INFO - Processing /workspaces/hands-on-introduction-data-engineering-4395021/airflow/dags/two_task_dag.py took 0.027 seconds
[2025-04-08T17:41:12.817+0000] {processor.py:157} INFO - Started process (PID=24378) to work on /workspaces/hands-on-introduction-data-engineering-4395021/airflow/dags/two_task_dag.py
[2025-04-08T17:41:12.818+0000] {processor.py:826} INFO - Processing file /workspaces/hands-on-introduction-data-engineering-4395021/airflow/dags/two_task_dag.py for tasks to queue
[2025-04-08T17:41:12.819+0000] {logging_mixin.py:150} INFO - [2025-04-08T17:41:12.819+0000] {dagbag.py:541} INFO - Filling up the DagBag from /workspaces/hands-on-introduction-data-engineering-4395021/airflow/dags/two_task_dag.py
[2025-04-08T17:41:12.827+0000] {logging_mixin.py:150} INFO - [2025-04-08T17:41:12.825+0000] {dagbag.py:350} ERROR - Failed to import: /workspaces/hands-on-introduction-data-engineering-4395021/airflow/dags/two_task_dag.py
Traceback (most recent call last):
  File "/home/vscode/.local/lib/python3.10/site-packages/airflow/models/dagbag.py", line 346, in parse
    loader.exec_module(new_module)
  File "<frozen importlib._bootstrap_external>", line 883, in exec_module
  File "<frozen importlib._bootstrap>", line 241, in _call_with_frames_removed
  File "/workspaces/hands-on-introduction-data-engineering-4395021/airflow/dags/two_task_dag.py", line 26, in <module>
    task_two = BashOperator(
  File "/home/vscode/.local/lib/python3.10/site-packages/airflow/models/baseoperator.py", line 429, in apply_defaults
    result = func(self, **kwargs, default_args=default_args)
  File "/home/vscode/.local/lib/python3.10/site-packages/airflow/operators/bash.py", line 150, in __init__
    super().__init__(**kwargs)
  File "/home/vscode/.local/lib/python3.10/site-packages/airflow/models/baseoperator.py", line 429, in apply_defaults
    result = func(self, **kwargs, default_args=default_args)
TypeError: BaseOperator.__init__() missing 1 required positional argument: 'task_id'
[2025-04-08T17:41:12.827+0000] {processor.py:838} WARNING - No viable dags retrieved from /workspaces/hands-on-introduction-data-engineering-4395021/airflow/dags/two_task_dag.py
[2025-04-08T17:41:12.841+0000] {processor.py:179} INFO - Processing /workspaces/hands-on-introduction-data-engineering-4395021/airflow/dags/two_task_dag.py took 0.027 seconds
[2025-04-08T17:41:23.510+0000] {processor.py:157} INFO - Started process (PID=24442) to work on /workspaces/hands-on-introduction-data-engineering-4395021/airflow/dags/two_task_dag.py
[2025-04-08T17:41:23.513+0000] {processor.py:826} INFO - Processing file /workspaces/hands-on-introduction-data-engineering-4395021/airflow/dags/two_task_dag.py for tasks to queue
[2025-04-08T17:41:23.515+0000] {logging_mixin.py:150} INFO - [2025-04-08T17:41:23.514+0000] {dagbag.py:541} INFO - Filling up the DagBag from /workspaces/hands-on-introduction-data-engineering-4395021/airflow/dags/two_task_dag.py
[2025-04-08T17:41:23.521+0000] {logging_mixin.py:150} INFO - [2025-04-08T17:41:23.520+0000] {dagbag.py:350} ERROR - Failed to import: /workspaces/hands-on-introduction-data-engineering-4395021/airflow/dags/two_task_dag.py
Traceback (most recent call last):
  File "/home/vscode/.local/lib/python3.10/site-packages/airflow/models/dagbag.py", line 346, in parse
    loader.exec_module(new_module)
  File "<frozen importlib._bootstrap_external>", line 883, in exec_module
  File "<frozen importlib._bootstrap>", line 241, in _call_with_frames_removed
  File "/workspaces/hands-on-introduction-data-engineering-4395021/airflow/dags/two_task_dag.py", line 26, in <module>
    task_two = BashOperator(
  File "/home/vscode/.local/lib/python3.10/site-packages/airflow/models/baseoperator.py", line 429, in apply_defaults
    result = func(self, **kwargs, default_args=default_args)
  File "/home/vscode/.local/lib/python3.10/site-packages/airflow/operators/bash.py", line 150, in __init__
    super().__init__(**kwargs)
  File "/home/vscode/.local/lib/python3.10/site-packages/airflow/models/baseoperator.py", line 429, in apply_defaults
    result = func(self, **kwargs, default_args=default_args)
TypeError: BaseOperator.__init__() missing 1 required positional argument: 'task_id'
[2025-04-08T17:41:23.521+0000] {processor.py:838} WARNING - No viable dags retrieved from /workspaces/hands-on-introduction-data-engineering-4395021/airflow/dags/two_task_dag.py
[2025-04-08T17:41:23.534+0000] {processor.py:179} INFO - Processing /workspaces/hands-on-introduction-data-engineering-4395021/airflow/dags/two_task_dag.py took 0.029 seconds
[2025-04-08T17:41:25.861+0000] {processor.py:157} INFO - Started process (PID=24462) to work on /workspaces/hands-on-introduction-data-engineering-4395021/airflow/dags/two_task_dag.py
[2025-04-08T17:41:25.862+0000] {processor.py:826} INFO - Processing file /workspaces/hands-on-introduction-data-engineering-4395021/airflow/dags/two_task_dag.py for tasks to queue
[2025-04-08T17:41:25.863+0000] {logging_mixin.py:150} INFO - [2025-04-08T17:41:25.862+0000] {dagbag.py:541} INFO - Filling up the DagBag from /workspaces/hands-on-introduction-data-engineering-4395021/airflow/dags/two_task_dag.py
[2025-04-08T17:41:25.868+0000] {logging_mixin.py:150} INFO - [2025-04-08T17:41:25.867+0000] {dagbag.py:350} ERROR - Failed to import: /workspaces/hands-on-introduction-data-engineering-4395021/airflow/dags/two_task_dag.py
Traceback (most recent call last):
  File "/home/vscode/.local/lib/python3.10/site-packages/airflow/models/dagbag.py", line 346, in parse
    loader.exec_module(new_module)
  File "<frozen importlib._bootstrap_external>", line 883, in exec_module
  File "<frozen importlib._bootstrap>", line 241, in _call_with_frames_removed
  File "/workspaces/hands-on-introduction-data-engineering-4395021/airflow/dags/two_task_dag.py", line 26, in <module>
    task_two = BashOperator(
  File "/home/vscode/.local/lib/python3.10/site-packages/airflow/models/baseoperator.py", line 429, in apply_defaults
    result = func(self, **kwargs, default_args=default_args)
  File "/home/vscode/.local/lib/python3.10/site-packages/airflow/operators/bash.py", line 150, in __init__
    super().__init__(**kwargs)
  File "/home/vscode/.local/lib/python3.10/site-packages/airflow/models/baseoperator.py", line 429, in apply_defaults
    result = func(self, **kwargs, default_args=default_args)
TypeError: BaseOperator.__init__() missing 1 required positional argument: 'task_id'
[2025-04-08T17:41:25.869+0000] {processor.py:838} WARNING - No viable dags retrieved from /workspaces/hands-on-introduction-data-engineering-4395021/airflow/dags/two_task_dag.py
[2025-04-08T17:41:25.881+0000] {processor.py:179} INFO - Processing /workspaces/hands-on-introduction-data-engineering-4395021/airflow/dags/two_task_dag.py took 0.023 seconds
[2025-04-08T17:41:31.930+0000] {processor.py:157} INFO - Started process (PID=24504) to work on /workspaces/hands-on-introduction-data-engineering-4395021/airflow/dags/two_task_dag.py
[2025-04-08T17:41:31.930+0000] {processor.py:826} INFO - Processing file /workspaces/hands-on-introduction-data-engineering-4395021/airflow/dags/two_task_dag.py for tasks to queue
[2025-04-08T17:41:31.931+0000] {logging_mixin.py:150} INFO - [2025-04-08T17:41:31.931+0000] {dagbag.py:541} INFO - Filling up the DagBag from /workspaces/hands-on-introduction-data-engineering-4395021/airflow/dags/two_task_dag.py
[2025-04-08T17:41:31.937+0000] {logging_mixin.py:150} INFO - [2025-04-08T17:41:31.936+0000] {dagbag.py:350} ERROR - Failed to import: /workspaces/hands-on-introduction-data-engineering-4395021/airflow/dags/two_task_dag.py
Traceback (most recent call last):
  File "/home/vscode/.local/lib/python3.10/site-packages/airflow/models/dagbag.py", line 346, in parse
    loader.exec_module(new_module)
  File "<frozen importlib._bootstrap_external>", line 883, in exec_module
  File "<frozen importlib._bootstrap>", line 241, in _call_with_frames_removed
  File "/workspaces/hands-on-introduction-data-engineering-4395021/airflow/dags/two_task_dag.py", line 26, in <module>
    task_two = BashOperator(
  File "/home/vscode/.local/lib/python3.10/site-packages/airflow/models/baseoperator.py", line 429, in apply_defaults
    result = func(self, **kwargs, default_args=default_args)
  File "/home/vscode/.local/lib/python3.10/site-packages/airflow/operators/bash.py", line 150, in __init__
    super().__init__(**kwargs)
  File "/home/vscode/.local/lib/python3.10/site-packages/airflow/models/baseoperator.py", line 429, in apply_defaults
    result = func(self, **kwargs, default_args=default_args)
TypeError: BaseOperator.__init__() missing 1 required positional argument: 'task_id'
[2025-04-08T17:41:31.937+0000] {processor.py:838} WARNING - No viable dags retrieved from /workspaces/hands-on-introduction-data-engineering-4395021/airflow/dags/two_task_dag.py
[2025-04-08T17:41:31.949+0000] {processor.py:179} INFO - Processing /workspaces/hands-on-introduction-data-engineering-4395021/airflow/dags/two_task_dag.py took 0.022 seconds
[2025-04-08T17:41:54.092+0000] {processor.py:157} INFO - Started process (PID=24640) to work on /workspaces/hands-on-introduction-data-engineering-4395021/airflow/dags/two_task_dag.py
[2025-04-08T17:41:54.092+0000] {processor.py:826} INFO - Processing file /workspaces/hands-on-introduction-data-engineering-4395021/airflow/dags/two_task_dag.py for tasks to queue
[2025-04-08T17:41:54.093+0000] {logging_mixin.py:150} INFO - [2025-04-08T17:41:54.093+0000] {dagbag.py:541} INFO - Filling up the DagBag from /workspaces/hands-on-introduction-data-engineering-4395021/airflow/dags/two_task_dag.py
[2025-04-08T17:41:54.098+0000] {logging_mixin.py:150} INFO - [2025-04-08T17:41:54.097+0000] {dagbag.py:350} ERROR - Failed to import: /workspaces/hands-on-introduction-data-engineering-4395021/airflow/dags/two_task_dag.py
Traceback (most recent call last):
  File "/home/vscode/.local/lib/python3.10/site-packages/airflow/models/dagbag.py", line 346, in parse
    loader.exec_module(new_module)
  File "<frozen importlib._bootstrap_external>", line 883, in exec_module
  File "<frozen importlib._bootstrap>", line 241, in _call_with_frames_removed
  File "/workspaces/hands-on-introduction-data-engineering-4395021/airflow/dags/two_task_dag.py", line 26, in <module>
    task_two = BashOperator(
  File "/home/vscode/.local/lib/python3.10/site-packages/airflow/models/baseoperator.py", line 429, in apply_defaults
    result = func(self, **kwargs, default_args=default_args)
  File "/home/vscode/.local/lib/python3.10/site-packages/airflow/operators/bash.py", line 150, in __init__
    super().__init__(**kwargs)
  File "/home/vscode/.local/lib/python3.10/site-packages/airflow/models/baseoperator.py", line 429, in apply_defaults
    result = func(self, **kwargs, default_args=default_args)
TypeError: BaseOperator.__init__() missing 1 required positional argument: 'task_id'
[2025-04-08T17:41:54.099+0000] {processor.py:838} WARNING - No viable dags retrieved from /workspaces/hands-on-introduction-data-engineering-4395021/airflow/dags/two_task_dag.py
[2025-04-08T17:41:54.111+0000] {processor.py:179} INFO - Processing /workspaces/hands-on-introduction-data-engineering-4395021/airflow/dags/two_task_dag.py took 0.022 seconds
[2025-04-08T17:42:07.406+0000] {processor.py:157} INFO - Started process (PID=24733) to work on /workspaces/hands-on-introduction-data-engineering-4395021/airflow/dags/two_task_dag.py
[2025-04-08T17:42:07.407+0000] {processor.py:826} INFO - Processing file /workspaces/hands-on-introduction-data-engineering-4395021/airflow/dags/two_task_dag.py for tasks to queue
[2025-04-08T17:42:07.409+0000] {logging_mixin.py:150} INFO - [2025-04-08T17:42:07.408+0000] {dagbag.py:541} INFO - Filling up the DagBag from /workspaces/hands-on-introduction-data-engineering-4395021/airflow/dags/two_task_dag.py
[2025-04-08T17:42:07.417+0000] {logging_mixin.py:150} INFO - [2025-04-08T17:42:07.416+0000] {dagbag.py:350} ERROR - Failed to import: /workspaces/hands-on-introduction-data-engineering-4395021/airflow/dags/two_task_dag.py
Traceback (most recent call last):
  File "/home/vscode/.local/lib/python3.10/site-packages/airflow/models/dagbag.py", line 346, in parse
    loader.exec_module(new_module)
  File "<frozen importlib._bootstrap_external>", line 883, in exec_module
  File "<frozen importlib._bootstrap>", line 241, in _call_with_frames_removed
  File "/workspaces/hands-on-introduction-data-engineering-4395021/airflow/dags/two_task_dag.py", line 26, in <module>
    task_two = BashOperator(
  File "/home/vscode/.local/lib/python3.10/site-packages/airflow/models/baseoperator.py", line 429, in apply_defaults
    result = func(self, **kwargs, default_args=default_args)
  File "/home/vscode/.local/lib/python3.10/site-packages/airflow/operators/bash.py", line 150, in __init__
    super().__init__(**kwargs)
  File "/home/vscode/.local/lib/python3.10/site-packages/airflow/models/baseoperator.py", line 429, in apply_defaults
    result = func(self, **kwargs, default_args=default_args)
TypeError: BaseOperator.__init__() missing 1 required positional argument: 'task_id'
[2025-04-08T17:42:07.417+0000] {processor.py:838} WARNING - No viable dags retrieved from /workspaces/hands-on-introduction-data-engineering-4395021/airflow/dags/two_task_dag.py
[2025-04-08T17:42:07.433+0000] {processor.py:179} INFO - Processing /workspaces/hands-on-introduction-data-engineering-4395021/airflow/dags/two_task_dag.py took 0.030 seconds
[2025-04-08T17:42:09.397+0000] {processor.py:157} INFO - Started process (PID=24753) to work on /workspaces/hands-on-introduction-data-engineering-4395021/airflow/dags/two_task_dag.py
[2025-04-08T17:42:09.398+0000] {processor.py:826} INFO - Processing file /workspaces/hands-on-introduction-data-engineering-4395021/airflow/dags/two_task_dag.py for tasks to queue
[2025-04-08T17:42:09.399+0000] {logging_mixin.py:150} INFO - [2025-04-08T17:42:09.399+0000] {dagbag.py:541} INFO - Filling up the DagBag from /workspaces/hands-on-introduction-data-engineering-4395021/airflow/dags/two_task_dag.py
[2025-04-08T17:42:09.404+0000] {logging_mixin.py:150} INFO - [2025-04-08T17:42:09.403+0000] {dagbag.py:350} ERROR - Failed to import: /workspaces/hands-on-introduction-data-engineering-4395021/airflow/dags/two_task_dag.py
Traceback (most recent call last):
  File "/home/vscode/.local/lib/python3.10/site-packages/airflow/models/dagbag.py", line 346, in parse
    loader.exec_module(new_module)
  File "<frozen importlib._bootstrap_external>", line 883, in exec_module
  File "<frozen importlib._bootstrap>", line 241, in _call_with_frames_removed
  File "/workspaces/hands-on-introduction-data-engineering-4395021/airflow/dags/two_task_dag.py", line 26, in <module>
    task_two = BashOperator(
  File "/home/vscode/.local/lib/python3.10/site-packages/airflow/models/baseoperator.py", line 429, in apply_defaults
    result = func(self, **kwargs, default_args=default_args)
  File "/home/vscode/.local/lib/python3.10/site-packages/airflow/operators/bash.py", line 150, in __init__
    super().__init__(**kwargs)
  File "/home/vscode/.local/lib/python3.10/site-packages/airflow/models/baseoperator.py", line 429, in apply_defaults
    result = func(self, **kwargs, default_args=default_args)
TypeError: BaseOperator.__init__() missing 1 required positional argument: 'task_id'
[2025-04-08T17:42:09.405+0000] {processor.py:838} WARNING - No viable dags retrieved from /workspaces/hands-on-introduction-data-engineering-4395021/airflow/dags/two_task_dag.py
[2025-04-08T17:42:09.417+0000] {processor.py:179} INFO - Processing /workspaces/hands-on-introduction-data-engineering-4395021/airflow/dags/two_task_dag.py took 0.022 seconds
[2025-04-08T17:42:11.558+0000] {processor.py:157} INFO - Started process (PID=24762) to work on /workspaces/hands-on-introduction-data-engineering-4395021/airflow/dags/two_task_dag.py
[2025-04-08T17:42:11.559+0000] {processor.py:826} INFO - Processing file /workspaces/hands-on-introduction-data-engineering-4395021/airflow/dags/two_task_dag.py for tasks to queue
[2025-04-08T17:42:11.559+0000] {logging_mixin.py:150} INFO - [2025-04-08T17:42:11.559+0000] {dagbag.py:541} INFO - Filling up the DagBag from /workspaces/hands-on-introduction-data-engineering-4395021/airflow/dags/two_task_dag.py
[2025-04-08T17:42:11.565+0000] {logging_mixin.py:150} INFO - [2025-04-08T17:42:11.564+0000] {dagbag.py:350} ERROR - Failed to import: /workspaces/hands-on-introduction-data-engineering-4395021/airflow/dags/two_task_dag.py
Traceback (most recent call last):
  File "/home/vscode/.local/lib/python3.10/site-packages/airflow/models/dagbag.py", line 346, in parse
    loader.exec_module(new_module)
  File "<frozen importlib._bootstrap_external>", line 883, in exec_module
  File "<frozen importlib._bootstrap>", line 241, in _call_with_frames_removed
  File "/workspaces/hands-on-introduction-data-engineering-4395021/airflow/dags/two_task_dag.py", line 26, in <module>
    task_two = BashOperator(
  File "/home/vscode/.local/lib/python3.10/site-packages/airflow/models/baseoperator.py", line 429, in apply_defaults
    result = func(self, **kwargs, default_args=default_args)
  File "/home/vscode/.local/lib/python3.10/site-packages/airflow/operators/bash.py", line 150, in __init__
    super().__init__(**kwargs)
  File "/home/vscode/.local/lib/python3.10/site-packages/airflow/models/baseoperator.py", line 429, in apply_defaults
    result = func(self, **kwargs, default_args=default_args)
TypeError: BaseOperator.__init__() missing 1 required positional argument: 'task_id'
[2025-04-08T17:42:11.565+0000] {processor.py:838} WARNING - No viable dags retrieved from /workspaces/hands-on-introduction-data-engineering-4395021/airflow/dags/two_task_dag.py
[2025-04-08T17:42:11.578+0000] {processor.py:179} INFO - Processing /workspaces/hands-on-introduction-data-engineering-4395021/airflow/dags/two_task_dag.py took 0.022 seconds
[2025-04-08T17:42:17.421+0000] {processor.py:157} INFO - Started process (PID=24798) to work on /workspaces/hands-on-introduction-data-engineering-4395021/airflow/dags/two_task_dag.py
[2025-04-08T17:42:17.422+0000] {processor.py:826} INFO - Processing file /workspaces/hands-on-introduction-data-engineering-4395021/airflow/dags/two_task_dag.py for tasks to queue
[2025-04-08T17:42:17.423+0000] {logging_mixin.py:150} INFO - [2025-04-08T17:42:17.422+0000] {dagbag.py:541} INFO - Filling up the DagBag from /workspaces/hands-on-introduction-data-engineering-4395021/airflow/dags/two_task_dag.py
[2025-04-08T17:42:17.428+0000] {logging_mixin.py:150} INFO - [2025-04-08T17:42:17.427+0000] {dagbag.py:350} ERROR - Failed to import: /workspaces/hands-on-introduction-data-engineering-4395021/airflow/dags/two_task_dag.py
Traceback (most recent call last):
  File "/home/vscode/.local/lib/python3.10/site-packages/airflow/models/dagbag.py", line 346, in parse
    loader.exec_module(new_module)
  File "<frozen importlib._bootstrap_external>", line 883, in exec_module
  File "<frozen importlib._bootstrap>", line 241, in _call_with_frames_removed
  File "/workspaces/hands-on-introduction-data-engineering-4395021/airflow/dags/two_task_dag.py", line 26, in <module>
    task_two = BashOperator(
  File "/home/vscode/.local/lib/python3.10/site-packages/airflow/models/baseoperator.py", line 429, in apply_defaults
    result = func(self, **kwargs, default_args=default_args)
  File "/home/vscode/.local/lib/python3.10/site-packages/airflow/operators/bash.py", line 150, in __init__
    super().__init__(**kwargs)
  File "/home/vscode/.local/lib/python3.10/site-packages/airflow/models/baseoperator.py", line 429, in apply_defaults
    result = func(self, **kwargs, default_args=default_args)
TypeError: BaseOperator.__init__() missing 1 required positional argument: 'task_id'
[2025-04-08T17:42:17.428+0000] {processor.py:838} WARNING - No viable dags retrieved from /workspaces/hands-on-introduction-data-engineering-4395021/airflow/dags/two_task_dag.py
[2025-04-08T17:42:17.440+0000] {processor.py:179} INFO - Processing /workspaces/hands-on-introduction-data-engineering-4395021/airflow/dags/two_task_dag.py took 0.021 seconds
[2025-04-08T17:42:23.677+0000] {processor.py:157} INFO - Started process (PID=24846) to work on /workspaces/hands-on-introduction-data-engineering-4395021/airflow/dags/two_task_dag.py
[2025-04-08T17:42:23.678+0000] {processor.py:826} INFO - Processing file /workspaces/hands-on-introduction-data-engineering-4395021/airflow/dags/two_task_dag.py for tasks to queue
[2025-04-08T17:42:23.679+0000] {logging_mixin.py:150} INFO - [2025-04-08T17:42:23.678+0000] {dagbag.py:541} INFO - Filling up the DagBag from /workspaces/hands-on-introduction-data-engineering-4395021/airflow/dags/two_task_dag.py
[2025-04-08T17:42:23.684+0000] {logging_mixin.py:150} INFO - [2025-04-08T17:42:23.683+0000] {dagbag.py:350} ERROR - Failed to import: /workspaces/hands-on-introduction-data-engineering-4395021/airflow/dags/two_task_dag.py
Traceback (most recent call last):
  File "/home/vscode/.local/lib/python3.10/site-packages/airflow/models/dagbag.py", line 346, in parse
    loader.exec_module(new_module)
  File "<frozen importlib._bootstrap_external>", line 883, in exec_module
  File "<frozen importlib._bootstrap>", line 241, in _call_with_frames_removed
  File "/workspaces/hands-on-introduction-data-engineering-4395021/airflow/dags/two_task_dag.py", line 26, in <module>
    task_two = BashOperator(
  File "/home/vscode/.local/lib/python3.10/site-packages/airflow/models/baseoperator.py", line 429, in apply_defaults
    result = func(self, **kwargs, default_args=default_args)
  File "/home/vscode/.local/lib/python3.10/site-packages/airflow/operators/bash.py", line 150, in __init__
    super().__init__(**kwargs)
  File "/home/vscode/.local/lib/python3.10/site-packages/airflow/models/baseoperator.py", line 429, in apply_defaults
    result = func(self, **kwargs, default_args=default_args)
TypeError: BaseOperator.__init__() missing 1 required positional argument: 'task_id'
[2025-04-08T17:42:23.685+0000] {processor.py:838} WARNING - No viable dags retrieved from /workspaces/hands-on-introduction-data-engineering-4395021/airflow/dags/two_task_dag.py
[2025-04-08T17:42:23.697+0000] {processor.py:179} INFO - Processing /workspaces/hands-on-introduction-data-engineering-4395021/airflow/dags/two_task_dag.py took 0.023 seconds
[2025-04-08T17:42:30.677+0000] {processor.py:157} INFO - Started process (PID=24894) to work on /workspaces/hands-on-introduction-data-engineering-4395021/airflow/dags/two_task_dag.py
[2025-04-08T17:42:30.677+0000] {processor.py:826} INFO - Processing file /workspaces/hands-on-introduction-data-engineering-4395021/airflow/dags/two_task_dag.py for tasks to queue
[2025-04-08T17:42:30.678+0000] {logging_mixin.py:150} INFO - [2025-04-08T17:42:30.678+0000] {dagbag.py:541} INFO - Filling up the DagBag from /workspaces/hands-on-introduction-data-engineering-4395021/airflow/dags/two_task_dag.py
[2025-04-08T17:42:30.683+0000] {logging_mixin.py:150} INFO - [2025-04-08T17:42:30.682+0000] {dagbag.py:350} ERROR - Failed to import: /workspaces/hands-on-introduction-data-engineering-4395021/airflow/dags/two_task_dag.py
Traceback (most recent call last):
  File "/home/vscode/.local/lib/python3.10/site-packages/airflow/models/dagbag.py", line 346, in parse
    loader.exec_module(new_module)
  File "<frozen importlib._bootstrap_external>", line 883, in exec_module
  File "<frozen importlib._bootstrap>", line 241, in _call_with_frames_removed
  File "/workspaces/hands-on-introduction-data-engineering-4395021/airflow/dags/two_task_dag.py", line 26, in <module>
    task_two = BashOperator(
  File "/home/vscode/.local/lib/python3.10/site-packages/airflow/models/baseoperator.py", line 429, in apply_defaults
    result = func(self, **kwargs, default_args=default_args)
  File "/home/vscode/.local/lib/python3.10/site-packages/airflow/operators/bash.py", line 150, in __init__
    super().__init__(**kwargs)
  File "/home/vscode/.local/lib/python3.10/site-packages/airflow/models/baseoperator.py", line 429, in apply_defaults
    result = func(self, **kwargs, default_args=default_args)
TypeError: BaseOperator.__init__() missing 1 required positional argument: 'task_id'
[2025-04-08T17:42:30.683+0000] {processor.py:838} WARNING - No viable dags retrieved from /workspaces/hands-on-introduction-data-engineering-4395021/airflow/dags/two_task_dag.py
[2025-04-08T17:42:30.696+0000] {processor.py:179} INFO - Processing /workspaces/hands-on-introduction-data-engineering-4395021/airflow/dags/two_task_dag.py took 0.022 seconds
[2025-04-08T17:42:44.852+0000] {processor.py:157} INFO - Started process (PID=24985) to work on /workspaces/hands-on-introduction-data-engineering-4395021/airflow/dags/two_task_dag.py
[2025-04-08T17:42:44.853+0000] {processor.py:826} INFO - Processing file /workspaces/hands-on-introduction-data-engineering-4395021/airflow/dags/two_task_dag.py for tasks to queue
[2025-04-08T17:42:44.854+0000] {logging_mixin.py:150} INFO - [2025-04-08T17:42:44.853+0000] {dagbag.py:541} INFO - Filling up the DagBag from /workspaces/hands-on-introduction-data-engineering-4395021/airflow/dags/two_task_dag.py
[2025-04-08T17:42:44.856+0000] {logging_mixin.py:150} INFO - [2025-04-08T17:42:44.855+0000] {dagbag.py:350} ERROR - Failed to import: /workspaces/hands-on-introduction-data-engineering-4395021/airflow/dags/two_task_dag.py
Traceback (most recent call last):
  File "/home/vscode/.local/lib/python3.10/site-packages/airflow/models/dagbag.py", line 346, in parse
    loader.exec_module(new_module)
  File "<frozen importlib._bootstrap_external>", line 879, in exec_module
  File "<frozen importlib._bootstrap_external>", line 1017, in get_code
  File "<frozen importlib._bootstrap_external>", line 947, in source_to_code
  File "<frozen importlib._bootstrap>", line 241, in _call_with_frames_removed
  File "/workspaces/hands-on-introduction-data-engineering-4395021/airflow/dags/two_task_dag.py", line 27
    task_id=''
            ^^^^
SyntaxError: invalid syntax. Perhaps you forgot a comma?
[2025-04-08T17:42:44.856+0000] {processor.py:838} WARNING - No viable dags retrieved from /workspaces/hands-on-introduction-data-engineering-4395021/airflow/dags/two_task_dag.py
[2025-04-08T17:42:44.870+0000] {processor.py:179} INFO - Processing /workspaces/hands-on-introduction-data-engineering-4395021/airflow/dags/two_task_dag.py took 0.021 seconds
[2025-04-08T17:42:49.061+0000] {processor.py:157} INFO - Started process (PID=25008) to work on /workspaces/hands-on-introduction-data-engineering-4395021/airflow/dags/two_task_dag.py
[2025-04-08T17:42:49.062+0000] {processor.py:826} INFO - Processing file /workspaces/hands-on-introduction-data-engineering-4395021/airflow/dags/two_task_dag.py for tasks to queue
[2025-04-08T17:42:49.063+0000] {logging_mixin.py:150} INFO - [2025-04-08T17:42:49.062+0000] {dagbag.py:541} INFO - Filling up the DagBag from /workspaces/hands-on-introduction-data-engineering-4395021/airflow/dags/two_task_dag.py
[2025-04-08T17:42:49.065+0000] {logging_mixin.py:150} INFO - [2025-04-08T17:42:49.065+0000] {dagbag.py:350} ERROR - Failed to import: /workspaces/hands-on-introduction-data-engineering-4395021/airflow/dags/two_task_dag.py
Traceback (most recent call last):
  File "/home/vscode/.local/lib/python3.10/site-packages/airflow/models/dagbag.py", line 346, in parse
    loader.exec_module(new_module)
  File "<frozen importlib._bootstrap_external>", line 879, in exec_module
  File "<frozen importlib._bootstrap_external>", line 1017, in get_code
  File "<frozen importlib._bootstrap_external>", line 947, in source_to_code
  File "<frozen importlib._bootstrap>", line 241, in _call_with_frames_removed
  File "/workspaces/hands-on-introduction-data-engineering-4395021/airflow/dags/two_task_dag.py", line 27
    task_id='task_two'
            ^^^^
SyntaxError: invalid syntax. Perhaps you forgot a comma?
[2025-04-08T17:42:49.066+0000] {processor.py:838} WARNING - No viable dags retrieved from /workspaces/hands-on-introduction-data-engineering-4395021/airflow/dags/two_task_dag.py
[2025-04-08T17:42:49.079+0000] {processor.py:179} INFO - Processing /workspaces/hands-on-introduction-data-engineering-4395021/airflow/dags/two_task_dag.py took 0.021 seconds
[2025-04-08T17:42:51.022+0000] {processor.py:157} INFO - Started process (PID=25034) to work on /workspaces/hands-on-introduction-data-engineering-4395021/airflow/dags/two_task_dag.py
[2025-04-08T17:42:51.023+0000] {processor.py:826} INFO - Processing file /workspaces/hands-on-introduction-data-engineering-4395021/airflow/dags/two_task_dag.py for tasks to queue
[2025-04-08T17:42:51.023+0000] {logging_mixin.py:150} INFO - [2025-04-08T17:42:51.023+0000] {dagbag.py:541} INFO - Filling up the DagBag from /workspaces/hands-on-introduction-data-engineering-4395021/airflow/dags/two_task_dag.py
[2025-04-08T17:42:51.031+0000] {processor.py:836} INFO - DAG(s) dict_keys(['two_task_dag']) retrieved from /workspaces/hands-on-introduction-data-engineering-4395021/airflow/dags/two_task_dag.py
[2025-04-08T17:42:51.118+0000] {logging_mixin.py:150} INFO - [2025-04-08T17:42:51.117+0000] {dag.py:2742} INFO - Sync 1 DAGs
[2025-04-08T17:42:51.129+0000] {logging_mixin.py:150} INFO - [2025-04-08T17:42:51.129+0000] {dag.py:3504} INFO - Setting next_dagrun for two_task_dag to None, run_after=None
[2025-04-08T17:42:51.148+0000] {processor.py:179} INFO - Processing /workspaces/hands-on-introduction-data-engineering-4395021/airflow/dags/two_task_dag.py took 0.129 seconds
[2025-04-08T17:43:21.311+0000] {processor.py:157} INFO - Started process (PID=25204) to work on /workspaces/hands-on-introduction-data-engineering-4395021/airflow/dags/two_task_dag.py
[2025-04-08T17:43:21.312+0000] {processor.py:826} INFO - Processing file /workspaces/hands-on-introduction-data-engineering-4395021/airflow/dags/two_task_dag.py for tasks to queue
[2025-04-08T17:43:21.313+0000] {logging_mixin.py:150} INFO - [2025-04-08T17:43:21.313+0000] {dagbag.py:541} INFO - Filling up the DagBag from /workspaces/hands-on-introduction-data-engineering-4395021/airflow/dags/two_task_dag.py
[2025-04-08T17:43:21.321+0000] {processor.py:836} INFO - DAG(s) dict_keys(['two_task_dag']) retrieved from /workspaces/hands-on-introduction-data-engineering-4395021/airflow/dags/two_task_dag.py
[2025-04-08T17:43:21.339+0000] {logging_mixin.py:150} INFO - [2025-04-08T17:43:21.339+0000] {dag.py:2742} INFO - Sync 1 DAGs
[2025-04-08T17:43:21.352+0000] {logging_mixin.py:150} INFO - [2025-04-08T17:43:21.352+0000] {dag.py:3504} INFO - Setting next_dagrun for two_task_dag to None, run_after=None
[2025-04-08T17:43:21.366+0000] {processor.py:179} INFO - Processing /workspaces/hands-on-introduction-data-engineering-4395021/airflow/dags/two_task_dag.py took 0.058 seconds
[2025-04-08T17:43:51.601+0000] {processor.py:157} INFO - Started process (PID=25381) to work on /workspaces/hands-on-introduction-data-engineering-4395021/airflow/dags/two_task_dag.py
[2025-04-08T17:43:51.602+0000] {processor.py:826} INFO - Processing file /workspaces/hands-on-introduction-data-engineering-4395021/airflow/dags/two_task_dag.py for tasks to queue
[2025-04-08T17:43:51.602+0000] {logging_mixin.py:150} INFO - [2025-04-08T17:43:51.602+0000] {dagbag.py:541} INFO - Filling up the DagBag from /workspaces/hands-on-introduction-data-engineering-4395021/airflow/dags/two_task_dag.py
[2025-04-08T17:43:51.610+0000] {processor.py:836} INFO - DAG(s) dict_keys(['two_task_dag']) retrieved from /workspaces/hands-on-introduction-data-engineering-4395021/airflow/dags/two_task_dag.py
[2025-04-08T17:43:51.627+0000] {logging_mixin.py:150} INFO - [2025-04-08T17:43:51.627+0000] {dag.py:2742} INFO - Sync 1 DAGs
[2025-04-08T17:43:51.640+0000] {logging_mixin.py:150} INFO - [2025-04-08T17:43:51.640+0000] {dag.py:3504} INFO - Setting next_dagrun for two_task_dag to None, run_after=None
[2025-04-08T17:43:51.654+0000] {processor.py:179} INFO - Processing /workspaces/hands-on-introduction-data-engineering-4395021/airflow/dags/two_task_dag.py took 0.056 seconds
[2025-04-08T17:43:58.728+0000] {processor.py:157} INFO - Started process (PID=25418) to work on /workspaces/hands-on-introduction-data-engineering-4395021/airflow/dags/two_task_dag.py
[2025-04-08T17:43:58.729+0000] {processor.py:826} INFO - Processing file /workspaces/hands-on-introduction-data-engineering-4395021/airflow/dags/two_task_dag.py for tasks to queue
[2025-04-08T17:43:58.731+0000] {logging_mixin.py:150} INFO - [2025-04-08T17:43:58.730+0000] {dagbag.py:541} INFO - Filling up the DagBag from /workspaces/hands-on-introduction-data-engineering-4395021/airflow/dags/two_task_dag.py
[2025-04-08T17:43:58.738+0000] {processor.py:836} INFO - DAG(s) dict_keys(['two_task_dag']) retrieved from /workspaces/hands-on-introduction-data-engineering-4395021/airflow/dags/two_task_dag.py
[2025-04-08T17:43:58.755+0000] {logging_mixin.py:150} INFO - [2025-04-08T17:43:58.755+0000] {dag.py:2742} INFO - Sync 1 DAGs
[2025-04-08T17:43:58.768+0000] {logging_mixin.py:150} INFO - [2025-04-08T17:43:58.768+0000] {dag.py:3504} INFO - Setting next_dagrun for two_task_dag to None, run_after=None
[2025-04-08T17:43:58.784+0000] {processor.py:179} INFO - Processing /workspaces/hands-on-introduction-data-engineering-4395021/airflow/dags/two_task_dag.py took 0.059 seconds
[2025-04-08T17:44:03.732+0000] {processor.py:157} INFO - Started process (PID=25459) to work on /workspaces/hands-on-introduction-data-engineering-4395021/airflow/dags/two_task_dag.py
[2025-04-08T17:44:03.733+0000] {processor.py:826} INFO - Processing file /workspaces/hands-on-introduction-data-engineering-4395021/airflow/dags/two_task_dag.py for tasks to queue
[2025-04-08T17:44:03.734+0000] {logging_mixin.py:150} INFO - [2025-04-08T17:44:03.734+0000] {dagbag.py:541} INFO - Filling up the DagBag from /workspaces/hands-on-introduction-data-engineering-4395021/airflow/dags/two_task_dag.py
[2025-04-08T17:44:03.740+0000] {logging_mixin.py:150} INFO - [2025-04-08T17:44:03.739+0000] {dagbag.py:350} ERROR - Failed to import: /workspaces/hands-on-introduction-data-engineering-4395021/airflow/dags/two_task_dag.py
Traceback (most recent call last):
  File "/home/vscode/.local/lib/python3.10/site-packages/airflow/models/dagbag.py", line 346, in parse
    loader.exec_module(new_module)
  File "<frozen importlib._bootstrap_external>", line 883, in exec_module
  File "<frozen importlib._bootstrap>", line 241, in _call_with_frames_removed
  File "/workspaces/hands-on-introduction-data-engineering-4395021/airflow/dags/two_task_dag.py", line 31, in <module>
    task
NameError: name 'task' is not defined
[2025-04-08T17:44:03.741+0000] {processor.py:838} WARNING - No viable dags retrieved from /workspaces/hands-on-introduction-data-engineering-4395021/airflow/dags/two_task_dag.py
[2025-04-08T17:44:03.754+0000] {processor.py:179} INFO - Processing /workspaces/hands-on-introduction-data-engineering-4395021/airflow/dags/two_task_dag.py took 0.024 seconds
[2025-04-08T17:44:04.867+0000] {processor.py:157} INFO - Started process (PID=25461) to work on /workspaces/hands-on-introduction-data-engineering-4395021/airflow/dags/two_task_dag.py
[2025-04-08T17:44:04.868+0000] {processor.py:826} INFO - Processing file /workspaces/hands-on-introduction-data-engineering-4395021/airflow/dags/two_task_dag.py for tasks to queue
[2025-04-08T17:44:04.870+0000] {logging_mixin.py:150} INFO - [2025-04-08T17:44:04.869+0000] {dagbag.py:541} INFO - Filling up the DagBag from /workspaces/hands-on-introduction-data-engineering-4395021/airflow/dags/two_task_dag.py
[2025-04-08T17:44:04.879+0000] {logging_mixin.py:150} INFO - [2025-04-08T17:44:04.876+0000] {dagbag.py:350} ERROR - Failed to import: /workspaces/hands-on-introduction-data-engineering-4395021/airflow/dags/two_task_dag.py
Traceback (most recent call last):
  File "/home/vscode/.local/lib/python3.10/site-packages/airflow/models/dagbag.py", line 346, in parse
    loader.exec_module(new_module)
  File "<frozen importlib._bootstrap_external>", line 883, in exec_module
  File "<frozen importlib._bootstrap>", line 241, in _call_with_frames_removed
  File "/workspaces/hands-on-introduction-data-engineering-4395021/airflow/dags/two_task_dag.py", line 31, in <module>
    task_
NameError: name 'task_' is not defined
[2025-04-08T17:44:04.881+0000] {processor.py:838} WARNING - No viable dags retrieved from /workspaces/hands-on-introduction-data-engineering-4395021/airflow/dags/two_task_dag.py
[2025-04-08T17:44:04.900+0000] {processor.py:179} INFO - Processing /workspaces/hands-on-introduction-data-engineering-4395021/airflow/dags/two_task_dag.py took 0.036 seconds
[2025-04-08T17:44:07.746+0000] {processor.py:157} INFO - Started process (PID=25489) to work on /workspaces/hands-on-introduction-data-engineering-4395021/airflow/dags/two_task_dag.py
[2025-04-08T17:44:07.746+0000] {processor.py:826} INFO - Processing file /workspaces/hands-on-introduction-data-engineering-4395021/airflow/dags/two_task_dag.py for tasks to queue
[2025-04-08T17:44:07.747+0000] {logging_mixin.py:150} INFO - [2025-04-08T17:44:07.747+0000] {dagbag.py:541} INFO - Filling up the DagBag from /workspaces/hands-on-introduction-data-engineering-4395021/airflow/dags/two_task_dag.py
[2025-04-08T17:44:07.750+0000] {logging_mixin.py:150} INFO - [2025-04-08T17:44:07.749+0000] {dagbag.py:350} ERROR - Failed to import: /workspaces/hands-on-introduction-data-engineering-4395021/airflow/dags/two_task_dag.py
Traceback (most recent call last):
  File "/home/vscode/.local/lib/python3.10/site-packages/airflow/models/dagbag.py", line 346, in parse
    loader.exec_module(new_module)
  File "<frozen importlib._bootstrap_external>", line 879, in exec_module
  File "<frozen importlib._bootstrap_external>", line 1017, in get_code
  File "<frozen importlib._bootstrap_external>", line 947, in source_to_code
  File "<frozen importlib._bootstrap>", line 241, in _call_with_frames_removed
  File "/workspaces/hands-on-introduction-data-engineering-4395021/airflow/dags/two_task_dag.py", line 31
    task_one >> 
                ^
SyntaxError: invalid syntax
[2025-04-08T17:44:07.750+0000] {processor.py:838} WARNING - No viable dags retrieved from /workspaces/hands-on-introduction-data-engineering-4395021/airflow/dags/two_task_dag.py
[2025-04-08T17:44:07.762+0000] {processor.py:179} INFO - Processing /workspaces/hands-on-introduction-data-engineering-4395021/airflow/dags/two_task_dag.py took 0.019 seconds
[2025-04-08T17:44:08.882+0000] {processor.py:157} INFO - Started process (PID=25491) to work on /workspaces/hands-on-introduction-data-engineering-4395021/airflow/dags/two_task_dag.py
[2025-04-08T17:44:08.882+0000] {processor.py:826} INFO - Processing file /workspaces/hands-on-introduction-data-engineering-4395021/airflow/dags/two_task_dag.py for tasks to queue
[2025-04-08T17:44:08.883+0000] {logging_mixin.py:150} INFO - [2025-04-08T17:44:08.883+0000] {dagbag.py:541} INFO - Filling up the DagBag from /workspaces/hands-on-introduction-data-engineering-4395021/airflow/dags/two_task_dag.py
[2025-04-08T17:44:08.889+0000] {logging_mixin.py:150} INFO - [2025-04-08T17:44:08.887+0000] {dagbag.py:350} ERROR - Failed to import: /workspaces/hands-on-introduction-data-engineering-4395021/airflow/dags/two_task_dag.py
Traceback (most recent call last):
  File "/home/vscode/.local/lib/python3.10/site-packages/airflow/models/dagbag.py", line 346, in parse
    loader.exec_module(new_module)
  File "<frozen importlib._bootstrap_external>", line 883, in exec_module
  File "<frozen importlib._bootstrap>", line 241, in _call_with_frames_removed
  File "/workspaces/hands-on-introduction-data-engineering-4395021/airflow/dags/two_task_dag.py", line 31, in <module>
    task_one >> task
NameError: name 'task' is not defined
[2025-04-08T17:44:08.890+0000] {processor.py:838} WARNING - No viable dags retrieved from /workspaces/hands-on-introduction-data-engineering-4395021/airflow/dags/two_task_dag.py
[2025-04-08T17:44:08.907+0000] {processor.py:179} INFO - Processing /workspaces/hands-on-introduction-data-engineering-4395021/airflow/dags/two_task_dag.py took 0.028 seconds
[2025-04-08T17:44:10.021+0000] {processor.py:157} INFO - Started process (PID=25505) to work on /workspaces/hands-on-introduction-data-engineering-4395021/airflow/dags/two_task_dag.py
[2025-04-08T17:44:10.022+0000] {processor.py:826} INFO - Processing file /workspaces/hands-on-introduction-data-engineering-4395021/airflow/dags/two_task_dag.py for tasks to queue
[2025-04-08T17:44:10.022+0000] {logging_mixin.py:150} INFO - [2025-04-08T17:44:10.022+0000] {dagbag.py:541} INFO - Filling up the DagBag from /workspaces/hands-on-introduction-data-engineering-4395021/airflow/dags/two_task_dag.py
[2025-04-08T17:44:10.028+0000] {logging_mixin.py:150} INFO - [2025-04-08T17:44:10.028+0000] {dagbag.py:447} ERROR - Failed to bag_dag: /workspaces/hands-on-introduction-data-engineering-4395021/airflow/dags/two_task_dag.py
Traceback (most recent call last):
  File "/home/vscode/.local/lib/python3.10/site-packages/airflow/models/dagbag.py", line 445, in _process_modules
    self.bag_dag(dag=dag, root_dag=dag)
  File "/home/vscode/.local/lib/python3.10/site-packages/airflow/models/dagbag.py", line 462, in bag_dag
    self._bag_dag(dag=dag, root_dag=root_dag, recursive=True)
  File "/home/vscode/.local/lib/python3.10/site-packages/airflow/models/dagbag.py", line 470, in _bag_dag
    check_cycle(dag)  # throws if a task cycle is found
  File "/home/vscode/.local/lib/python3.10/site-packages/airflow/utils/dag_cycle_tester.py", line 78, in check_cycle
    child_to_check = _check_adjacent_tasks(current_task_id, task)
  File "/home/vscode/.local/lib/python3.10/site-packages/airflow/utils/dag_cycle_tester.py", line 64, in _check_adjacent_tasks
    raise AirflowDagCycleException(msg)
airflow.exceptions.AirflowDagCycleException: Cycle detected in DAG: two_task_dag. Faulty task: task_one
[2025-04-08T17:44:10.029+0000] {processor.py:838} WARNING - No viable dags retrieved from /workspaces/hands-on-introduction-data-engineering-4395021/airflow/dags/two_task_dag.py
[2025-04-08T17:44:10.041+0000] {processor.py:179} INFO - Processing /workspaces/hands-on-introduction-data-engineering-4395021/airflow/dags/two_task_dag.py took 0.022 seconds
[2025-04-08T17:44:14.923+0000] {processor.py:157} INFO - Started process (PID=25534) to work on /workspaces/hands-on-introduction-data-engineering-4395021/airflow/dags/two_task_dag.py
[2025-04-08T17:44:14.924+0000] {processor.py:826} INFO - Processing file /workspaces/hands-on-introduction-data-engineering-4395021/airflow/dags/two_task_dag.py for tasks to queue
[2025-04-08T17:44:14.925+0000] {logging_mixin.py:150} INFO - [2025-04-08T17:44:14.925+0000] {dagbag.py:541} INFO - Filling up the DagBag from /workspaces/hands-on-introduction-data-engineering-4395021/airflow/dags/two_task_dag.py
[2025-04-08T17:44:14.931+0000] {logging_mixin.py:150} INFO - [2025-04-08T17:44:14.930+0000] {dagbag.py:447} ERROR - Failed to bag_dag: /workspaces/hands-on-introduction-data-engineering-4395021/airflow/dags/two_task_dag.py
Traceback (most recent call last):
  File "/home/vscode/.local/lib/python3.10/site-packages/airflow/models/dagbag.py", line 445, in _process_modules
    self.bag_dag(dag=dag, root_dag=dag)
  File "/home/vscode/.local/lib/python3.10/site-packages/airflow/models/dagbag.py", line 462, in bag_dag
    self._bag_dag(dag=dag, root_dag=root_dag, recursive=True)
  File "/home/vscode/.local/lib/python3.10/site-packages/airflow/models/dagbag.py", line 470, in _bag_dag
    check_cycle(dag)  # throws if a task cycle is found
  File "/home/vscode/.local/lib/python3.10/site-packages/airflow/utils/dag_cycle_tester.py", line 78, in check_cycle
    child_to_check = _check_adjacent_tasks(current_task_id, task)
  File "/home/vscode/.local/lib/python3.10/site-packages/airflow/utils/dag_cycle_tester.py", line 64, in _check_adjacent_tasks
    raise AirflowDagCycleException(msg)
airflow.exceptions.AirflowDagCycleException: Cycle detected in DAG: two_task_dag. Faulty task: task_one
[2025-04-08T17:44:14.931+0000] {processor.py:838} WARNING - No viable dags retrieved from /workspaces/hands-on-introduction-data-engineering-4395021/airflow/dags/two_task_dag.py
[2025-04-08T17:44:14.943+0000] {processor.py:179} INFO - Processing /workspaces/hands-on-introduction-data-engineering-4395021/airflow/dags/two_task_dag.py took 0.023 seconds
[2025-04-08T17:44:45.211+0000] {processor.py:157} INFO - Started process (PID=25715) to work on /workspaces/hands-on-introduction-data-engineering-4395021/airflow/dags/two_task_dag.py
[2025-04-08T17:44:45.212+0000] {processor.py:826} INFO - Processing file /workspaces/hands-on-introduction-data-engineering-4395021/airflow/dags/two_task_dag.py for tasks to queue
[2025-04-08T17:44:45.213+0000] {logging_mixin.py:150} INFO - [2025-04-08T17:44:45.212+0000] {dagbag.py:541} INFO - Filling up the DagBag from /workspaces/hands-on-introduction-data-engineering-4395021/airflow/dags/two_task_dag.py
[2025-04-08T17:44:45.217+0000] {logging_mixin.py:150} INFO - [2025-04-08T17:44:45.217+0000] {dagbag.py:447} ERROR - Failed to bag_dag: /workspaces/hands-on-introduction-data-engineering-4395021/airflow/dags/two_task_dag.py
Traceback (most recent call last):
  File "/home/vscode/.local/lib/python3.10/site-packages/airflow/models/dagbag.py", line 445, in _process_modules
    self.bag_dag(dag=dag, root_dag=dag)
  File "/home/vscode/.local/lib/python3.10/site-packages/airflow/models/dagbag.py", line 462, in bag_dag
    self._bag_dag(dag=dag, root_dag=root_dag, recursive=True)
  File "/home/vscode/.local/lib/python3.10/site-packages/airflow/models/dagbag.py", line 470, in _bag_dag
    check_cycle(dag)  # throws if a task cycle is found
  File "/home/vscode/.local/lib/python3.10/site-packages/airflow/utils/dag_cycle_tester.py", line 78, in check_cycle
    child_to_check = _check_adjacent_tasks(current_task_id, task)
  File "/home/vscode/.local/lib/python3.10/site-packages/airflow/utils/dag_cycle_tester.py", line 64, in _check_adjacent_tasks
    raise AirflowDagCycleException(msg)
airflow.exceptions.AirflowDagCycleException: Cycle detected in DAG: two_task_dag. Faulty task: task_one
[2025-04-08T17:44:45.217+0000] {processor.py:838} WARNING - No viable dags retrieved from /workspaces/hands-on-introduction-data-engineering-4395021/airflow/dags/two_task_dag.py
[2025-04-08T17:44:45.230+0000] {processor.py:179} INFO - Processing /workspaces/hands-on-introduction-data-engineering-4395021/airflow/dags/two_task_dag.py took 0.021 seconds
[2025-04-08T17:45:15.499+0000] {processor.py:157} INFO - Started process (PID=25936) to work on /workspaces/hands-on-introduction-data-engineering-4395021/airflow/dags/two_task_dag.py
[2025-04-08T17:45:15.500+0000] {processor.py:826} INFO - Processing file /workspaces/hands-on-introduction-data-engineering-4395021/airflow/dags/two_task_dag.py for tasks to queue
[2025-04-08T17:45:15.501+0000] {logging_mixin.py:150} INFO - [2025-04-08T17:45:15.500+0000] {dagbag.py:541} INFO - Filling up the DagBag from /workspaces/hands-on-introduction-data-engineering-4395021/airflow/dags/two_task_dag.py
[2025-04-08T17:45:15.506+0000] {logging_mixin.py:150} INFO - [2025-04-08T17:45:15.505+0000] {dagbag.py:447} ERROR - Failed to bag_dag: /workspaces/hands-on-introduction-data-engineering-4395021/airflow/dags/two_task_dag.py
Traceback (most recent call last):
  File "/home/vscode/.local/lib/python3.10/site-packages/airflow/models/dagbag.py", line 445, in _process_modules
    self.bag_dag(dag=dag, root_dag=dag)
  File "/home/vscode/.local/lib/python3.10/site-packages/airflow/models/dagbag.py", line 462, in bag_dag
    self._bag_dag(dag=dag, root_dag=root_dag, recursive=True)
  File "/home/vscode/.local/lib/python3.10/site-packages/airflow/models/dagbag.py", line 470, in _bag_dag
    check_cycle(dag)  # throws if a task cycle is found
  File "/home/vscode/.local/lib/python3.10/site-packages/airflow/utils/dag_cycle_tester.py", line 78, in check_cycle
    child_to_check = _check_adjacent_tasks(current_task_id, task)
  File "/home/vscode/.local/lib/python3.10/site-packages/airflow/utils/dag_cycle_tester.py", line 64, in _check_adjacent_tasks
    raise AirflowDagCycleException(msg)
airflow.exceptions.AirflowDagCycleException: Cycle detected in DAG: two_task_dag. Faulty task: task_one
[2025-04-08T17:45:15.506+0000] {processor.py:838} WARNING - No viable dags retrieved from /workspaces/hands-on-introduction-data-engineering-4395021/airflow/dags/two_task_dag.py
[2025-04-08T17:45:15.518+0000] {processor.py:179} INFO - Processing /workspaces/hands-on-introduction-data-engineering-4395021/airflow/dags/two_task_dag.py took 0.022 seconds
[2025-04-08T17:45:45.788+0000] {processor.py:157} INFO - Started process (PID=26206) to work on /workspaces/hands-on-introduction-data-engineering-4395021/airflow/dags/two_task_dag.py
[2025-04-08T17:45:45.789+0000] {processor.py:826} INFO - Processing file /workspaces/hands-on-introduction-data-engineering-4395021/airflow/dags/two_task_dag.py for tasks to queue
[2025-04-08T17:45:45.790+0000] {logging_mixin.py:150} INFO - [2025-04-08T17:45:45.790+0000] {dagbag.py:541} INFO - Filling up the DagBag from /workspaces/hands-on-introduction-data-engineering-4395021/airflow/dags/two_task_dag.py
[2025-04-08T17:45:45.795+0000] {logging_mixin.py:150} INFO - [2025-04-08T17:45:45.794+0000] {dagbag.py:447} ERROR - Failed to bag_dag: /workspaces/hands-on-introduction-data-engineering-4395021/airflow/dags/two_task_dag.py
Traceback (most recent call last):
  File "/home/vscode/.local/lib/python3.10/site-packages/airflow/models/dagbag.py", line 445, in _process_modules
    self.bag_dag(dag=dag, root_dag=dag)
  File "/home/vscode/.local/lib/python3.10/site-packages/airflow/models/dagbag.py", line 462, in bag_dag
    self._bag_dag(dag=dag, root_dag=root_dag, recursive=True)
  File "/home/vscode/.local/lib/python3.10/site-packages/airflow/models/dagbag.py", line 470, in _bag_dag
    check_cycle(dag)  # throws if a task cycle is found
  File "/home/vscode/.local/lib/python3.10/site-packages/airflow/utils/dag_cycle_tester.py", line 78, in check_cycle
    child_to_check = _check_adjacent_tasks(current_task_id, task)
  File "/home/vscode/.local/lib/python3.10/site-packages/airflow/utils/dag_cycle_tester.py", line 64, in _check_adjacent_tasks
    raise AirflowDagCycleException(msg)
airflow.exceptions.AirflowDagCycleException: Cycle detected in DAG: two_task_dag. Faulty task: task_one
[2025-04-08T17:45:45.795+0000] {processor.py:838} WARNING - No viable dags retrieved from /workspaces/hands-on-introduction-data-engineering-4395021/airflow/dags/two_task_dag.py
[2025-04-08T17:45:45.807+0000] {processor.py:179} INFO - Processing /workspaces/hands-on-introduction-data-engineering-4395021/airflow/dags/two_task_dag.py took 0.022 seconds
[2025-04-08T17:46:16.080+0000] {processor.py:157} INFO - Started process (PID=26382) to work on /workspaces/hands-on-introduction-data-engineering-4395021/airflow/dags/two_task_dag.py
[2025-04-08T17:46:16.081+0000] {processor.py:826} INFO - Processing file /workspaces/hands-on-introduction-data-engineering-4395021/airflow/dags/two_task_dag.py for tasks to queue
[2025-04-08T17:46:16.082+0000] {logging_mixin.py:150} INFO - [2025-04-08T17:46:16.081+0000] {dagbag.py:541} INFO - Filling up the DagBag from /workspaces/hands-on-introduction-data-engineering-4395021/airflow/dags/two_task_dag.py
[2025-04-08T17:46:16.086+0000] {logging_mixin.py:150} INFO - [2025-04-08T17:46:16.086+0000] {dagbag.py:447} ERROR - Failed to bag_dag: /workspaces/hands-on-introduction-data-engineering-4395021/airflow/dags/two_task_dag.py
Traceback (most recent call last):
  File "/home/vscode/.local/lib/python3.10/site-packages/airflow/models/dagbag.py", line 445, in _process_modules
    self.bag_dag(dag=dag, root_dag=dag)
  File "/home/vscode/.local/lib/python3.10/site-packages/airflow/models/dagbag.py", line 462, in bag_dag
    self._bag_dag(dag=dag, root_dag=root_dag, recursive=True)
  File "/home/vscode/.local/lib/python3.10/site-packages/airflow/models/dagbag.py", line 470, in _bag_dag
    check_cycle(dag)  # throws if a task cycle is found
  File "/home/vscode/.local/lib/python3.10/site-packages/airflow/utils/dag_cycle_tester.py", line 78, in check_cycle
    child_to_check = _check_adjacent_tasks(current_task_id, task)
  File "/home/vscode/.local/lib/python3.10/site-packages/airflow/utils/dag_cycle_tester.py", line 64, in _check_adjacent_tasks
    raise AirflowDagCycleException(msg)
airflow.exceptions.AirflowDagCycleException: Cycle detected in DAG: two_task_dag. Faulty task: task_one
[2025-04-08T17:46:16.086+0000] {processor.py:838} WARNING - No viable dags retrieved from /workspaces/hands-on-introduction-data-engineering-4395021/airflow/dags/two_task_dag.py
[2025-04-08T17:46:16.099+0000] {processor.py:179} INFO - Processing /workspaces/hands-on-introduction-data-engineering-4395021/airflow/dags/two_task_dag.py took 0.021 seconds
[2025-04-08T17:46:47.107+0000] {processor.py:157} INFO - Started process (PID=26553) to work on /workspaces/hands-on-introduction-data-engineering-4395021/airflow/dags/two_task_dag.py
[2025-04-08T17:46:47.108+0000] {processor.py:826} INFO - Processing file /workspaces/hands-on-introduction-data-engineering-4395021/airflow/dags/two_task_dag.py for tasks to queue
[2025-04-08T17:46:47.109+0000] {logging_mixin.py:150} INFO - [2025-04-08T17:46:47.108+0000] {dagbag.py:541} INFO - Filling up the DagBag from /workspaces/hands-on-introduction-data-engineering-4395021/airflow/dags/two_task_dag.py
[2025-04-08T17:46:47.114+0000] {logging_mixin.py:150} INFO - [2025-04-08T17:46:47.113+0000] {dagbag.py:447} ERROR - Failed to bag_dag: /workspaces/hands-on-introduction-data-engineering-4395021/airflow/dags/two_task_dag.py
Traceback (most recent call last):
  File "/home/vscode/.local/lib/python3.10/site-packages/airflow/models/dagbag.py", line 445, in _process_modules
    self.bag_dag(dag=dag, root_dag=dag)
  File "/home/vscode/.local/lib/python3.10/site-packages/airflow/models/dagbag.py", line 462, in bag_dag
    self._bag_dag(dag=dag, root_dag=root_dag, recursive=True)
  File "/home/vscode/.local/lib/python3.10/site-packages/airflow/models/dagbag.py", line 470, in _bag_dag
    check_cycle(dag)  # throws if a task cycle is found
  File "/home/vscode/.local/lib/python3.10/site-packages/airflow/utils/dag_cycle_tester.py", line 78, in check_cycle
    child_to_check = _check_adjacent_tasks(current_task_id, task)
  File "/home/vscode/.local/lib/python3.10/site-packages/airflow/utils/dag_cycle_tester.py", line 64, in _check_adjacent_tasks
    raise AirflowDagCycleException(msg)
airflow.exceptions.AirflowDagCycleException: Cycle detected in DAG: two_task_dag. Faulty task: task_one
[2025-04-08T17:46:47.114+0000] {processor.py:838} WARNING - No viable dags retrieved from /workspaces/hands-on-introduction-data-engineering-4395021/airflow/dags/two_task_dag.py
[2025-04-08T17:46:47.126+0000] {processor.py:179} INFO - Processing /workspaces/hands-on-introduction-data-engineering-4395021/airflow/dags/two_task_dag.py took 0.021 seconds
[2025-04-08T17:47:17.465+0000] {processor.py:157} INFO - Started process (PID=26729) to work on /workspaces/hands-on-introduction-data-engineering-4395021/airflow/dags/two_task_dag.py
[2025-04-08T17:47:17.466+0000] {processor.py:826} INFO - Processing file /workspaces/hands-on-introduction-data-engineering-4395021/airflow/dags/two_task_dag.py for tasks to queue
[2025-04-08T17:47:17.467+0000] {logging_mixin.py:150} INFO - [2025-04-08T17:47:17.466+0000] {dagbag.py:541} INFO - Filling up the DagBag from /workspaces/hands-on-introduction-data-engineering-4395021/airflow/dags/two_task_dag.py
[2025-04-08T17:47:17.471+0000] {logging_mixin.py:150} INFO - [2025-04-08T17:47:17.470+0000] {dagbag.py:447} ERROR - Failed to bag_dag: /workspaces/hands-on-introduction-data-engineering-4395021/airflow/dags/two_task_dag.py
Traceback (most recent call last):
  File "/home/vscode/.local/lib/python3.10/site-packages/airflow/models/dagbag.py", line 445, in _process_modules
    self.bag_dag(dag=dag, root_dag=dag)
  File "/home/vscode/.local/lib/python3.10/site-packages/airflow/models/dagbag.py", line 462, in bag_dag
    self._bag_dag(dag=dag, root_dag=root_dag, recursive=True)
  File "/home/vscode/.local/lib/python3.10/site-packages/airflow/models/dagbag.py", line 470, in _bag_dag
    check_cycle(dag)  # throws if a task cycle is found
  File "/home/vscode/.local/lib/python3.10/site-packages/airflow/utils/dag_cycle_tester.py", line 78, in check_cycle
    child_to_check = _check_adjacent_tasks(current_task_id, task)
  File "/home/vscode/.local/lib/python3.10/site-packages/airflow/utils/dag_cycle_tester.py", line 64, in _check_adjacent_tasks
    raise AirflowDagCycleException(msg)
airflow.exceptions.AirflowDagCycleException: Cycle detected in DAG: two_task_dag. Faulty task: task_one
[2025-04-08T17:47:17.471+0000] {processor.py:838} WARNING - No viable dags retrieved from /workspaces/hands-on-introduction-data-engineering-4395021/airflow/dags/two_task_dag.py
[2025-04-08T17:47:17.483+0000] {processor.py:179} INFO - Processing /workspaces/hands-on-introduction-data-engineering-4395021/airflow/dags/two_task_dag.py took 0.021 seconds
[2025-04-08T17:47:47.761+0000] {processor.py:157} INFO - Started process (PID=26906) to work on /workspaces/hands-on-introduction-data-engineering-4395021/airflow/dags/two_task_dag.py
[2025-04-08T17:47:47.762+0000] {processor.py:826} INFO - Processing file /workspaces/hands-on-introduction-data-engineering-4395021/airflow/dags/two_task_dag.py for tasks to queue
[2025-04-08T17:47:47.763+0000] {logging_mixin.py:150} INFO - [2025-04-08T17:47:47.763+0000] {dagbag.py:541} INFO - Filling up the DagBag from /workspaces/hands-on-introduction-data-engineering-4395021/airflow/dags/two_task_dag.py
[2025-04-08T17:47:47.767+0000] {logging_mixin.py:150} INFO - [2025-04-08T17:47:47.767+0000] {dagbag.py:447} ERROR - Failed to bag_dag: /workspaces/hands-on-introduction-data-engineering-4395021/airflow/dags/two_task_dag.py
Traceback (most recent call last):
  File "/home/vscode/.local/lib/python3.10/site-packages/airflow/models/dagbag.py", line 445, in _process_modules
    self.bag_dag(dag=dag, root_dag=dag)
  File "/home/vscode/.local/lib/python3.10/site-packages/airflow/models/dagbag.py", line 462, in bag_dag
    self._bag_dag(dag=dag, root_dag=root_dag, recursive=True)
  File "/home/vscode/.local/lib/python3.10/site-packages/airflow/models/dagbag.py", line 470, in _bag_dag
    check_cycle(dag)  # throws if a task cycle is found
  File "/home/vscode/.local/lib/python3.10/site-packages/airflow/utils/dag_cycle_tester.py", line 78, in check_cycle
    child_to_check = _check_adjacent_tasks(current_task_id, task)
  File "/home/vscode/.local/lib/python3.10/site-packages/airflow/utils/dag_cycle_tester.py", line 64, in _check_adjacent_tasks
    raise AirflowDagCycleException(msg)
airflow.exceptions.AirflowDagCycleException: Cycle detected in DAG: two_task_dag. Faulty task: task_one
[2025-04-08T17:47:47.768+0000] {processor.py:838} WARNING - No viable dags retrieved from /workspaces/hands-on-introduction-data-engineering-4395021/airflow/dags/two_task_dag.py
[2025-04-08T17:47:47.781+0000] {processor.py:179} INFO - Processing /workspaces/hands-on-introduction-data-engineering-4395021/airflow/dags/two_task_dag.py took 0.022 seconds
[2025-04-08T17:48:18.066+0000] {processor.py:157} INFO - Started process (PID=27076) to work on /workspaces/hands-on-introduction-data-engineering-4395021/airflow/dags/two_task_dag.py
[2025-04-08T17:48:18.067+0000] {processor.py:826} INFO - Processing file /workspaces/hands-on-introduction-data-engineering-4395021/airflow/dags/two_task_dag.py for tasks to queue
[2025-04-08T17:48:18.068+0000] {logging_mixin.py:150} INFO - [2025-04-08T17:48:18.067+0000] {dagbag.py:541} INFO - Filling up the DagBag from /workspaces/hands-on-introduction-data-engineering-4395021/airflow/dags/two_task_dag.py
[2025-04-08T17:48:18.072+0000] {logging_mixin.py:150} INFO - [2025-04-08T17:48:18.072+0000] {dagbag.py:447} ERROR - Failed to bag_dag: /workspaces/hands-on-introduction-data-engineering-4395021/airflow/dags/two_task_dag.py
Traceback (most recent call last):
  File "/home/vscode/.local/lib/python3.10/site-packages/airflow/models/dagbag.py", line 445, in _process_modules
    self.bag_dag(dag=dag, root_dag=dag)
  File "/home/vscode/.local/lib/python3.10/site-packages/airflow/models/dagbag.py", line 462, in bag_dag
    self._bag_dag(dag=dag, root_dag=root_dag, recursive=True)
  File "/home/vscode/.local/lib/python3.10/site-packages/airflow/models/dagbag.py", line 470, in _bag_dag
    check_cycle(dag)  # throws if a task cycle is found
  File "/home/vscode/.local/lib/python3.10/site-packages/airflow/utils/dag_cycle_tester.py", line 78, in check_cycle
    child_to_check = _check_adjacent_tasks(current_task_id, task)
  File "/home/vscode/.local/lib/python3.10/site-packages/airflow/utils/dag_cycle_tester.py", line 64, in _check_adjacent_tasks
    raise AirflowDagCycleException(msg)
airflow.exceptions.AirflowDagCycleException: Cycle detected in DAG: two_task_dag. Faulty task: task_one
[2025-04-08T17:48:18.073+0000] {processor.py:838} WARNING - No viable dags retrieved from /workspaces/hands-on-introduction-data-engineering-4395021/airflow/dags/two_task_dag.py
[2025-04-08T17:48:18.084+0000] {processor.py:179} INFO - Processing /workspaces/hands-on-introduction-data-engineering-4395021/airflow/dags/two_task_dag.py took 0.021 seconds
[2025-04-08T17:48:48.306+0000] {processor.py:157} INFO - Started process (PID=27252) to work on /workspaces/hands-on-introduction-data-engineering-4395021/airflow/dags/two_task_dag.py
[2025-04-08T17:48:48.306+0000] {processor.py:826} INFO - Processing file /workspaces/hands-on-introduction-data-engineering-4395021/airflow/dags/two_task_dag.py for tasks to queue
[2025-04-08T17:48:48.307+0000] {logging_mixin.py:150} INFO - [2025-04-08T17:48:48.307+0000] {dagbag.py:541} INFO - Filling up the DagBag from /workspaces/hands-on-introduction-data-engineering-4395021/airflow/dags/two_task_dag.py
[2025-04-08T17:48:48.312+0000] {logging_mixin.py:150} INFO - [2025-04-08T17:48:48.311+0000] {dagbag.py:447} ERROR - Failed to bag_dag: /workspaces/hands-on-introduction-data-engineering-4395021/airflow/dags/two_task_dag.py
Traceback (most recent call last):
  File "/home/vscode/.local/lib/python3.10/site-packages/airflow/models/dagbag.py", line 445, in _process_modules
    self.bag_dag(dag=dag, root_dag=dag)
  File "/home/vscode/.local/lib/python3.10/site-packages/airflow/models/dagbag.py", line 462, in bag_dag
    self._bag_dag(dag=dag, root_dag=root_dag, recursive=True)
  File "/home/vscode/.local/lib/python3.10/site-packages/airflow/models/dagbag.py", line 470, in _bag_dag
    check_cycle(dag)  # throws if a task cycle is found
  File "/home/vscode/.local/lib/python3.10/site-packages/airflow/utils/dag_cycle_tester.py", line 78, in check_cycle
    child_to_check = _check_adjacent_tasks(current_task_id, task)
  File "/home/vscode/.local/lib/python3.10/site-packages/airflow/utils/dag_cycle_tester.py", line 64, in _check_adjacent_tasks
    raise AirflowDagCycleException(msg)
airflow.exceptions.AirflowDagCycleException: Cycle detected in DAG: two_task_dag. Faulty task: task_one
[2025-04-08T17:48:48.312+0000] {processor.py:838} WARNING - No viable dags retrieved from /workspaces/hands-on-introduction-data-engineering-4395021/airflow/dags/two_task_dag.py
[2025-04-08T17:48:48.325+0000] {processor.py:179} INFO - Processing /workspaces/hands-on-introduction-data-engineering-4395021/airflow/dags/two_task_dag.py took 0.022 seconds
[2025-04-08T17:49:18.528+0000] {processor.py:157} INFO - Started process (PID=27422) to work on /workspaces/hands-on-introduction-data-engineering-4395021/airflow/dags/two_task_dag.py
[2025-04-08T17:49:18.528+0000] {processor.py:826} INFO - Processing file /workspaces/hands-on-introduction-data-engineering-4395021/airflow/dags/two_task_dag.py for tasks to queue
[2025-04-08T17:49:18.529+0000] {logging_mixin.py:150} INFO - [2025-04-08T17:49:18.529+0000] {dagbag.py:541} INFO - Filling up the DagBag from /workspaces/hands-on-introduction-data-engineering-4395021/airflow/dags/two_task_dag.py
[2025-04-08T17:49:18.534+0000] {logging_mixin.py:150} INFO - [2025-04-08T17:49:18.534+0000] {dagbag.py:447} ERROR - Failed to bag_dag: /workspaces/hands-on-introduction-data-engineering-4395021/airflow/dags/two_task_dag.py
Traceback (most recent call last):
  File "/home/vscode/.local/lib/python3.10/site-packages/airflow/models/dagbag.py", line 445, in _process_modules
    self.bag_dag(dag=dag, root_dag=dag)
  File "/home/vscode/.local/lib/python3.10/site-packages/airflow/models/dagbag.py", line 462, in bag_dag
    self._bag_dag(dag=dag, root_dag=root_dag, recursive=True)
  File "/home/vscode/.local/lib/python3.10/site-packages/airflow/models/dagbag.py", line 470, in _bag_dag
    check_cycle(dag)  # throws if a task cycle is found
  File "/home/vscode/.local/lib/python3.10/site-packages/airflow/utils/dag_cycle_tester.py", line 78, in check_cycle
    child_to_check = _check_adjacent_tasks(current_task_id, task)
  File "/home/vscode/.local/lib/python3.10/site-packages/airflow/utils/dag_cycle_tester.py", line 64, in _check_adjacent_tasks
    raise AirflowDagCycleException(msg)
airflow.exceptions.AirflowDagCycleException: Cycle detected in DAG: two_task_dag. Faulty task: task_one
[2025-04-08T17:49:18.535+0000] {processor.py:838} WARNING - No viable dags retrieved from /workspaces/hands-on-introduction-data-engineering-4395021/airflow/dags/two_task_dag.py
[2025-04-08T17:49:18.547+0000] {processor.py:179} INFO - Processing /workspaces/hands-on-introduction-data-engineering-4395021/airflow/dags/two_task_dag.py took 0.022 seconds
[2025-04-08T17:49:48.715+0000] {processor.py:157} INFO - Started process (PID=27592) to work on /workspaces/hands-on-introduction-data-engineering-4395021/airflow/dags/two_task_dag.py
[2025-04-08T17:49:48.716+0000] {processor.py:826} INFO - Processing file /workspaces/hands-on-introduction-data-engineering-4395021/airflow/dags/two_task_dag.py for tasks to queue
[2025-04-08T17:49:48.717+0000] {logging_mixin.py:150} INFO - [2025-04-08T17:49:48.716+0000] {dagbag.py:541} INFO - Filling up the DagBag from /workspaces/hands-on-introduction-data-engineering-4395021/airflow/dags/two_task_dag.py
[2025-04-08T17:49:48.721+0000] {logging_mixin.py:150} INFO - [2025-04-08T17:49:48.720+0000] {dagbag.py:447} ERROR - Failed to bag_dag: /workspaces/hands-on-introduction-data-engineering-4395021/airflow/dags/two_task_dag.py
Traceback (most recent call last):
  File "/home/vscode/.local/lib/python3.10/site-packages/airflow/models/dagbag.py", line 445, in _process_modules
    self.bag_dag(dag=dag, root_dag=dag)
  File "/home/vscode/.local/lib/python3.10/site-packages/airflow/models/dagbag.py", line 462, in bag_dag
    self._bag_dag(dag=dag, root_dag=root_dag, recursive=True)
  File "/home/vscode/.local/lib/python3.10/site-packages/airflow/models/dagbag.py", line 470, in _bag_dag
    check_cycle(dag)  # throws if a task cycle is found
  File "/home/vscode/.local/lib/python3.10/site-packages/airflow/utils/dag_cycle_tester.py", line 78, in check_cycle
    child_to_check = _check_adjacent_tasks(current_task_id, task)
  File "/home/vscode/.local/lib/python3.10/site-packages/airflow/utils/dag_cycle_tester.py", line 64, in _check_adjacent_tasks
    raise AirflowDagCycleException(msg)
airflow.exceptions.AirflowDagCycleException: Cycle detected in DAG: two_task_dag. Faulty task: task_one
[2025-04-08T17:49:48.721+0000] {processor.py:838} WARNING - No viable dags retrieved from /workspaces/hands-on-introduction-data-engineering-4395021/airflow/dags/two_task_dag.py
[2025-04-08T17:49:48.734+0000] {processor.py:179} INFO - Processing /workspaces/hands-on-introduction-data-engineering-4395021/airflow/dags/two_task_dag.py took 0.021 seconds
[2025-04-08T17:50:18.902+0000] {processor.py:157} INFO - Started process (PID=27768) to work on /workspaces/hands-on-introduction-data-engineering-4395021/airflow/dags/two_task_dag.py
[2025-04-08T17:50:18.902+0000] {processor.py:826} INFO - Processing file /workspaces/hands-on-introduction-data-engineering-4395021/airflow/dags/two_task_dag.py for tasks to queue
[2025-04-08T17:50:18.903+0000] {logging_mixin.py:150} INFO - [2025-04-08T17:50:18.903+0000] {dagbag.py:541} INFO - Filling up the DagBag from /workspaces/hands-on-introduction-data-engineering-4395021/airflow/dags/two_task_dag.py
[2025-04-08T17:50:18.908+0000] {logging_mixin.py:150} INFO - [2025-04-08T17:50:18.907+0000] {dagbag.py:447} ERROR - Failed to bag_dag: /workspaces/hands-on-introduction-data-engineering-4395021/airflow/dags/two_task_dag.py
Traceback (most recent call last):
  File "/home/vscode/.local/lib/python3.10/site-packages/airflow/models/dagbag.py", line 445, in _process_modules
    self.bag_dag(dag=dag, root_dag=dag)
  File "/home/vscode/.local/lib/python3.10/site-packages/airflow/models/dagbag.py", line 462, in bag_dag
    self._bag_dag(dag=dag, root_dag=root_dag, recursive=True)
  File "/home/vscode/.local/lib/python3.10/site-packages/airflow/models/dagbag.py", line 470, in _bag_dag
    check_cycle(dag)  # throws if a task cycle is found
  File "/home/vscode/.local/lib/python3.10/site-packages/airflow/utils/dag_cycle_tester.py", line 78, in check_cycle
    child_to_check = _check_adjacent_tasks(current_task_id, task)
  File "/home/vscode/.local/lib/python3.10/site-packages/airflow/utils/dag_cycle_tester.py", line 64, in _check_adjacent_tasks
    raise AirflowDagCycleException(msg)
airflow.exceptions.AirflowDagCycleException: Cycle detected in DAG: two_task_dag. Faulty task: task_one
[2025-04-08T17:50:18.908+0000] {processor.py:838} WARNING - No viable dags retrieved from /workspaces/hands-on-introduction-data-engineering-4395021/airflow/dags/two_task_dag.py
[2025-04-08T17:50:18.920+0000] {processor.py:179} INFO - Processing /workspaces/hands-on-introduction-data-engineering-4395021/airflow/dags/two_task_dag.py took 0.021 seconds
[2025-04-08T17:50:49.093+0000] {processor.py:157} INFO - Started process (PID=27939) to work on /workspaces/hands-on-introduction-data-engineering-4395021/airflow/dags/two_task_dag.py
[2025-04-08T17:50:49.094+0000] {processor.py:826} INFO - Processing file /workspaces/hands-on-introduction-data-engineering-4395021/airflow/dags/two_task_dag.py for tasks to queue
[2025-04-08T17:50:49.095+0000] {logging_mixin.py:150} INFO - [2025-04-08T17:50:49.095+0000] {dagbag.py:541} INFO - Filling up the DagBag from /workspaces/hands-on-introduction-data-engineering-4395021/airflow/dags/two_task_dag.py
[2025-04-08T17:50:49.100+0000] {logging_mixin.py:150} INFO - [2025-04-08T17:50:49.099+0000] {dagbag.py:447} ERROR - Failed to bag_dag: /workspaces/hands-on-introduction-data-engineering-4395021/airflow/dags/two_task_dag.py
Traceback (most recent call last):
  File "/home/vscode/.local/lib/python3.10/site-packages/airflow/models/dagbag.py", line 445, in _process_modules
    self.bag_dag(dag=dag, root_dag=dag)
  File "/home/vscode/.local/lib/python3.10/site-packages/airflow/models/dagbag.py", line 462, in bag_dag
    self._bag_dag(dag=dag, root_dag=root_dag, recursive=True)
  File "/home/vscode/.local/lib/python3.10/site-packages/airflow/models/dagbag.py", line 470, in _bag_dag
    check_cycle(dag)  # throws if a task cycle is found
  File "/home/vscode/.local/lib/python3.10/site-packages/airflow/utils/dag_cycle_tester.py", line 78, in check_cycle
    child_to_check = _check_adjacent_tasks(current_task_id, task)
  File "/home/vscode/.local/lib/python3.10/site-packages/airflow/utils/dag_cycle_tester.py", line 64, in _check_adjacent_tasks
    raise AirflowDagCycleException(msg)
airflow.exceptions.AirflowDagCycleException: Cycle detected in DAG: two_task_dag. Faulty task: task_one
[2025-04-08T17:50:49.100+0000] {processor.py:838} WARNING - No viable dags retrieved from /workspaces/hands-on-introduction-data-engineering-4395021/airflow/dags/two_task_dag.py
[2025-04-08T17:50:49.112+0000] {processor.py:179} INFO - Processing /workspaces/hands-on-introduction-data-engineering-4395021/airflow/dags/two_task_dag.py took 0.021 seconds
[2025-04-08T17:51:19.282+0000] {processor.py:157} INFO - Started process (PID=28115) to work on /workspaces/hands-on-introduction-data-engineering-4395021/airflow/dags/two_task_dag.py
[2025-04-08T17:51:19.283+0000] {processor.py:826} INFO - Processing file /workspaces/hands-on-introduction-data-engineering-4395021/airflow/dags/two_task_dag.py for tasks to queue
[2025-04-08T17:51:19.283+0000] {logging_mixin.py:150} INFO - [2025-04-08T17:51:19.283+0000] {dagbag.py:541} INFO - Filling up the DagBag from /workspaces/hands-on-introduction-data-engineering-4395021/airflow/dags/two_task_dag.py
[2025-04-08T17:51:19.288+0000] {logging_mixin.py:150} INFO - [2025-04-08T17:51:19.288+0000] {dagbag.py:447} ERROR - Failed to bag_dag: /workspaces/hands-on-introduction-data-engineering-4395021/airflow/dags/two_task_dag.py
Traceback (most recent call last):
  File "/home/vscode/.local/lib/python3.10/site-packages/airflow/models/dagbag.py", line 445, in _process_modules
    self.bag_dag(dag=dag, root_dag=dag)
  File "/home/vscode/.local/lib/python3.10/site-packages/airflow/models/dagbag.py", line 462, in bag_dag
    self._bag_dag(dag=dag, root_dag=root_dag, recursive=True)
  File "/home/vscode/.local/lib/python3.10/site-packages/airflow/models/dagbag.py", line 470, in _bag_dag
    check_cycle(dag)  # throws if a task cycle is found
  File "/home/vscode/.local/lib/python3.10/site-packages/airflow/utils/dag_cycle_tester.py", line 78, in check_cycle
    child_to_check = _check_adjacent_tasks(current_task_id, task)
  File "/home/vscode/.local/lib/python3.10/site-packages/airflow/utils/dag_cycle_tester.py", line 64, in _check_adjacent_tasks
    raise AirflowDagCycleException(msg)
airflow.exceptions.AirflowDagCycleException: Cycle detected in DAG: two_task_dag. Faulty task: task_one
[2025-04-08T17:51:19.289+0000] {processor.py:838} WARNING - No viable dags retrieved from /workspaces/hands-on-introduction-data-engineering-4395021/airflow/dags/two_task_dag.py
[2025-04-08T17:51:19.300+0000] {processor.py:179} INFO - Processing /workspaces/hands-on-introduction-data-engineering-4395021/airflow/dags/two_task_dag.py took 0.021 seconds
[2025-04-08T17:51:49.408+0000] {processor.py:157} INFO - Started process (PID=28285) to work on /workspaces/hands-on-introduction-data-engineering-4395021/airflow/dags/two_task_dag.py
[2025-04-08T17:51:49.408+0000] {processor.py:826} INFO - Processing file /workspaces/hands-on-introduction-data-engineering-4395021/airflow/dags/two_task_dag.py for tasks to queue
[2025-04-08T17:51:49.409+0000] {logging_mixin.py:150} INFO - [2025-04-08T17:51:49.409+0000] {dagbag.py:541} INFO - Filling up the DagBag from /workspaces/hands-on-introduction-data-engineering-4395021/airflow/dags/two_task_dag.py
[2025-04-08T17:51:49.414+0000] {logging_mixin.py:150} INFO - [2025-04-08T17:51:49.413+0000] {dagbag.py:447} ERROR - Failed to bag_dag: /workspaces/hands-on-introduction-data-engineering-4395021/airflow/dags/two_task_dag.py
Traceback (most recent call last):
  File "/home/vscode/.local/lib/python3.10/site-packages/airflow/models/dagbag.py", line 445, in _process_modules
    self.bag_dag(dag=dag, root_dag=dag)
  File "/home/vscode/.local/lib/python3.10/site-packages/airflow/models/dagbag.py", line 462, in bag_dag
    self._bag_dag(dag=dag, root_dag=root_dag, recursive=True)
  File "/home/vscode/.local/lib/python3.10/site-packages/airflow/models/dagbag.py", line 470, in _bag_dag
    check_cycle(dag)  # throws if a task cycle is found
  File "/home/vscode/.local/lib/python3.10/site-packages/airflow/utils/dag_cycle_tester.py", line 78, in check_cycle
    child_to_check = _check_adjacent_tasks(current_task_id, task)
  File "/home/vscode/.local/lib/python3.10/site-packages/airflow/utils/dag_cycle_tester.py", line 64, in _check_adjacent_tasks
    raise AirflowDagCycleException(msg)
airflow.exceptions.AirflowDagCycleException: Cycle detected in DAG: two_task_dag. Faulty task: task_one
[2025-04-08T17:51:49.414+0000] {processor.py:838} WARNING - No viable dags retrieved from /workspaces/hands-on-introduction-data-engineering-4395021/airflow/dags/two_task_dag.py
[2025-04-08T17:51:49.426+0000] {processor.py:179} INFO - Processing /workspaces/hands-on-introduction-data-engineering-4395021/airflow/dags/two_task_dag.py took 0.021 seconds
[2025-04-08T17:52:19.592+0000] {processor.py:157} INFO - Started process (PID=28461) to work on /workspaces/hands-on-introduction-data-engineering-4395021/airflow/dags/two_task_dag.py
[2025-04-08T17:52:19.593+0000] {processor.py:826} INFO - Processing file /workspaces/hands-on-introduction-data-engineering-4395021/airflow/dags/two_task_dag.py for tasks to queue
[2025-04-08T17:52:19.594+0000] {logging_mixin.py:150} INFO - [2025-04-08T17:52:19.593+0000] {dagbag.py:541} INFO - Filling up the DagBag from /workspaces/hands-on-introduction-data-engineering-4395021/airflow/dags/two_task_dag.py
[2025-04-08T17:52:19.598+0000] {logging_mixin.py:150} INFO - [2025-04-08T17:52:19.597+0000] {dagbag.py:447} ERROR - Failed to bag_dag: /workspaces/hands-on-introduction-data-engineering-4395021/airflow/dags/two_task_dag.py
Traceback (most recent call last):
  File "/home/vscode/.local/lib/python3.10/site-packages/airflow/models/dagbag.py", line 445, in _process_modules
    self.bag_dag(dag=dag, root_dag=dag)
  File "/home/vscode/.local/lib/python3.10/site-packages/airflow/models/dagbag.py", line 462, in bag_dag
    self._bag_dag(dag=dag, root_dag=root_dag, recursive=True)
  File "/home/vscode/.local/lib/python3.10/site-packages/airflow/models/dagbag.py", line 470, in _bag_dag
    check_cycle(dag)  # throws if a task cycle is found
  File "/home/vscode/.local/lib/python3.10/site-packages/airflow/utils/dag_cycle_tester.py", line 78, in check_cycle
    child_to_check = _check_adjacent_tasks(current_task_id, task)
  File "/home/vscode/.local/lib/python3.10/site-packages/airflow/utils/dag_cycle_tester.py", line 64, in _check_adjacent_tasks
    raise AirflowDagCycleException(msg)
airflow.exceptions.AirflowDagCycleException: Cycle detected in DAG: two_task_dag. Faulty task: task_one
[2025-04-08T17:52:19.598+0000] {processor.py:838} WARNING - No viable dags retrieved from /workspaces/hands-on-introduction-data-engineering-4395021/airflow/dags/two_task_dag.py
[2025-04-08T17:52:19.610+0000] {processor.py:179} INFO - Processing /workspaces/hands-on-introduction-data-engineering-4395021/airflow/dags/two_task_dag.py took 0.021 seconds
[2025-04-08T17:52:49.775+0000] {processor.py:157} INFO - Started process (PID=28630) to work on /workspaces/hands-on-introduction-data-engineering-4395021/airflow/dags/two_task_dag.py
[2025-04-08T17:52:49.775+0000] {processor.py:826} INFO - Processing file /workspaces/hands-on-introduction-data-engineering-4395021/airflow/dags/two_task_dag.py for tasks to queue
[2025-04-08T17:52:49.776+0000] {logging_mixin.py:150} INFO - [2025-04-08T17:52:49.776+0000] {dagbag.py:541} INFO - Filling up the DagBag from /workspaces/hands-on-introduction-data-engineering-4395021/airflow/dags/two_task_dag.py
[2025-04-08T17:52:49.781+0000] {logging_mixin.py:150} INFO - [2025-04-08T17:52:49.780+0000] {dagbag.py:447} ERROR - Failed to bag_dag: /workspaces/hands-on-introduction-data-engineering-4395021/airflow/dags/two_task_dag.py
Traceback (most recent call last):
  File "/home/vscode/.local/lib/python3.10/site-packages/airflow/models/dagbag.py", line 445, in _process_modules
    self.bag_dag(dag=dag, root_dag=dag)
  File "/home/vscode/.local/lib/python3.10/site-packages/airflow/models/dagbag.py", line 462, in bag_dag
    self._bag_dag(dag=dag, root_dag=root_dag, recursive=True)
  File "/home/vscode/.local/lib/python3.10/site-packages/airflow/models/dagbag.py", line 470, in _bag_dag
    check_cycle(dag)  # throws if a task cycle is found
  File "/home/vscode/.local/lib/python3.10/site-packages/airflow/utils/dag_cycle_tester.py", line 78, in check_cycle
    child_to_check = _check_adjacent_tasks(current_task_id, task)
  File "/home/vscode/.local/lib/python3.10/site-packages/airflow/utils/dag_cycle_tester.py", line 64, in _check_adjacent_tasks
    raise AirflowDagCycleException(msg)
airflow.exceptions.AirflowDagCycleException: Cycle detected in DAG: two_task_dag. Faulty task: task_one
[2025-04-08T17:52:49.781+0000] {processor.py:838} WARNING - No viable dags retrieved from /workspaces/hands-on-introduction-data-engineering-4395021/airflow/dags/two_task_dag.py
[2025-04-08T17:52:49.793+0000] {processor.py:179} INFO - Processing /workspaces/hands-on-introduction-data-engineering-4395021/airflow/dags/two_task_dag.py took 0.021 seconds
[2025-04-08T17:53:19.960+0000] {processor.py:157} INFO - Started process (PID=28826) to work on /workspaces/hands-on-introduction-data-engineering-4395021/airflow/dags/two_task_dag.py
[2025-04-08T17:53:19.961+0000] {processor.py:826} INFO - Processing file /workspaces/hands-on-introduction-data-engineering-4395021/airflow/dags/two_task_dag.py for tasks to queue
[2025-04-08T17:53:19.963+0000] {logging_mixin.py:150} INFO - [2025-04-08T17:53:19.962+0000] {dagbag.py:541} INFO - Filling up the DagBag from /workspaces/hands-on-introduction-data-engineering-4395021/airflow/dags/two_task_dag.py
[2025-04-08T17:53:19.968+0000] {logging_mixin.py:150} INFO - [2025-04-08T17:53:19.967+0000] {dagbag.py:447} ERROR - Failed to bag_dag: /workspaces/hands-on-introduction-data-engineering-4395021/airflow/dags/two_task_dag.py
Traceback (most recent call last):
  File "/home/vscode/.local/lib/python3.10/site-packages/airflow/models/dagbag.py", line 445, in _process_modules
    self.bag_dag(dag=dag, root_dag=dag)
  File "/home/vscode/.local/lib/python3.10/site-packages/airflow/models/dagbag.py", line 462, in bag_dag
    self._bag_dag(dag=dag, root_dag=root_dag, recursive=True)
  File "/home/vscode/.local/lib/python3.10/site-packages/airflow/models/dagbag.py", line 470, in _bag_dag
    check_cycle(dag)  # throws if a task cycle is found
  File "/home/vscode/.local/lib/python3.10/site-packages/airflow/utils/dag_cycle_tester.py", line 78, in check_cycle
    child_to_check = _check_adjacent_tasks(current_task_id, task)
  File "/home/vscode/.local/lib/python3.10/site-packages/airflow/utils/dag_cycle_tester.py", line 64, in _check_adjacent_tasks
    raise AirflowDagCycleException(msg)
airflow.exceptions.AirflowDagCycleException: Cycle detected in DAG: two_task_dag. Faulty task: task_one
[2025-04-08T17:53:19.968+0000] {processor.py:838} WARNING - No viable dags retrieved from /workspaces/hands-on-introduction-data-engineering-4395021/airflow/dags/two_task_dag.py
[2025-04-08T17:53:19.980+0000] {processor.py:179} INFO - Processing /workspaces/hands-on-introduction-data-engineering-4395021/airflow/dags/two_task_dag.py took 0.022 seconds
[2025-04-08T17:53:50.145+0000] {processor.py:157} INFO - Started process (PID=29022) to work on /workspaces/hands-on-introduction-data-engineering-4395021/airflow/dags/two_task_dag.py
[2025-04-08T17:53:50.146+0000] {processor.py:826} INFO - Processing file /workspaces/hands-on-introduction-data-engineering-4395021/airflow/dags/two_task_dag.py for tasks to queue
[2025-04-08T17:53:50.146+0000] {logging_mixin.py:150} INFO - [2025-04-08T17:53:50.146+0000] {dagbag.py:541} INFO - Filling up the DagBag from /workspaces/hands-on-introduction-data-engineering-4395021/airflow/dags/two_task_dag.py
[2025-04-08T17:53:50.151+0000] {logging_mixin.py:150} INFO - [2025-04-08T17:53:50.151+0000] {dagbag.py:447} ERROR - Failed to bag_dag: /workspaces/hands-on-introduction-data-engineering-4395021/airflow/dags/two_task_dag.py
Traceback (most recent call last):
  File "/home/vscode/.local/lib/python3.10/site-packages/airflow/models/dagbag.py", line 445, in _process_modules
    self.bag_dag(dag=dag, root_dag=dag)
  File "/home/vscode/.local/lib/python3.10/site-packages/airflow/models/dagbag.py", line 462, in bag_dag
    self._bag_dag(dag=dag, root_dag=root_dag, recursive=True)
  File "/home/vscode/.local/lib/python3.10/site-packages/airflow/models/dagbag.py", line 470, in _bag_dag
    check_cycle(dag)  # throws if a task cycle is found
  File "/home/vscode/.local/lib/python3.10/site-packages/airflow/utils/dag_cycle_tester.py", line 78, in check_cycle
    child_to_check = _check_adjacent_tasks(current_task_id, task)
  File "/home/vscode/.local/lib/python3.10/site-packages/airflow/utils/dag_cycle_tester.py", line 64, in _check_adjacent_tasks
    raise AirflowDagCycleException(msg)
airflow.exceptions.AirflowDagCycleException: Cycle detected in DAG: two_task_dag. Faulty task: task_one
[2025-04-08T17:53:50.151+0000] {processor.py:838} WARNING - No viable dags retrieved from /workspaces/hands-on-introduction-data-engineering-4395021/airflow/dags/two_task_dag.py
[2025-04-08T17:53:50.163+0000] {processor.py:179} INFO - Processing /workspaces/hands-on-introduction-data-engineering-4395021/airflow/dags/two_task_dag.py took 0.021 seconds
[2025-04-08T17:54:20.337+0000] {processor.py:157} INFO - Started process (PID=29217) to work on /workspaces/hands-on-introduction-data-engineering-4395021/airflow/dags/two_task_dag.py
[2025-04-08T17:54:20.338+0000] {processor.py:826} INFO - Processing file /workspaces/hands-on-introduction-data-engineering-4395021/airflow/dags/two_task_dag.py for tasks to queue
[2025-04-08T17:54:20.339+0000] {logging_mixin.py:150} INFO - [2025-04-08T17:54:20.339+0000] {dagbag.py:541} INFO - Filling up the DagBag from /workspaces/hands-on-introduction-data-engineering-4395021/airflow/dags/two_task_dag.py
[2025-04-08T17:54:20.344+0000] {logging_mixin.py:150} INFO - [2025-04-08T17:54:20.343+0000] {dagbag.py:447} ERROR - Failed to bag_dag: /workspaces/hands-on-introduction-data-engineering-4395021/airflow/dags/two_task_dag.py
Traceback (most recent call last):
  File "/home/vscode/.local/lib/python3.10/site-packages/airflow/models/dagbag.py", line 445, in _process_modules
    self.bag_dag(dag=dag, root_dag=dag)
  File "/home/vscode/.local/lib/python3.10/site-packages/airflow/models/dagbag.py", line 462, in bag_dag
    self._bag_dag(dag=dag, root_dag=root_dag, recursive=True)
  File "/home/vscode/.local/lib/python3.10/site-packages/airflow/models/dagbag.py", line 470, in _bag_dag
    check_cycle(dag)  # throws if a task cycle is found
  File "/home/vscode/.local/lib/python3.10/site-packages/airflow/utils/dag_cycle_tester.py", line 78, in check_cycle
    child_to_check = _check_adjacent_tasks(current_task_id, task)
  File "/home/vscode/.local/lib/python3.10/site-packages/airflow/utils/dag_cycle_tester.py", line 64, in _check_adjacent_tasks
    raise AirflowDagCycleException(msg)
airflow.exceptions.AirflowDagCycleException: Cycle detected in DAG: two_task_dag. Faulty task: task_one
[2025-04-08T17:54:20.344+0000] {processor.py:838} WARNING - No viable dags retrieved from /workspaces/hands-on-introduction-data-engineering-4395021/airflow/dags/two_task_dag.py
[2025-04-08T17:54:20.356+0000] {processor.py:179} INFO - Processing /workspaces/hands-on-introduction-data-engineering-4395021/airflow/dags/two_task_dag.py took 0.022 seconds
[2025-04-08T17:54:50.509+0000] {processor.py:157} INFO - Started process (PID=29418) to work on /workspaces/hands-on-introduction-data-engineering-4395021/airflow/dags/two_task_dag.py
[2025-04-08T17:54:50.510+0000] {processor.py:826} INFO - Processing file /workspaces/hands-on-introduction-data-engineering-4395021/airflow/dags/two_task_dag.py for tasks to queue
[2025-04-08T17:54:50.511+0000] {logging_mixin.py:150} INFO - [2025-04-08T17:54:50.510+0000] {dagbag.py:541} INFO - Filling up the DagBag from /workspaces/hands-on-introduction-data-engineering-4395021/airflow/dags/two_task_dag.py
[2025-04-08T17:54:50.515+0000] {logging_mixin.py:150} INFO - [2025-04-08T17:54:50.515+0000] {dagbag.py:447} ERROR - Failed to bag_dag: /workspaces/hands-on-introduction-data-engineering-4395021/airflow/dags/two_task_dag.py
Traceback (most recent call last):
  File "/home/vscode/.local/lib/python3.10/site-packages/airflow/models/dagbag.py", line 445, in _process_modules
    self.bag_dag(dag=dag, root_dag=dag)
  File "/home/vscode/.local/lib/python3.10/site-packages/airflow/models/dagbag.py", line 462, in bag_dag
    self._bag_dag(dag=dag, root_dag=root_dag, recursive=True)
  File "/home/vscode/.local/lib/python3.10/site-packages/airflow/models/dagbag.py", line 470, in _bag_dag
    check_cycle(dag)  # throws if a task cycle is found
  File "/home/vscode/.local/lib/python3.10/site-packages/airflow/utils/dag_cycle_tester.py", line 78, in check_cycle
    child_to_check = _check_adjacent_tasks(current_task_id, task)
  File "/home/vscode/.local/lib/python3.10/site-packages/airflow/utils/dag_cycle_tester.py", line 64, in _check_adjacent_tasks
    raise AirflowDagCycleException(msg)
airflow.exceptions.AirflowDagCycleException: Cycle detected in DAG: two_task_dag. Faulty task: task_one
[2025-04-08T17:54:50.516+0000] {processor.py:838} WARNING - No viable dags retrieved from /workspaces/hands-on-introduction-data-engineering-4395021/airflow/dags/two_task_dag.py
[2025-04-08T17:54:50.528+0000] {processor.py:179} INFO - Processing /workspaces/hands-on-introduction-data-engineering-4395021/airflow/dags/two_task_dag.py took 0.022 seconds
[2025-04-08T17:55:20.693+0000] {processor.py:157} INFO - Started process (PID=29588) to work on /workspaces/hands-on-introduction-data-engineering-4395021/airflow/dags/two_task_dag.py
[2025-04-08T17:55:20.694+0000] {processor.py:826} INFO - Processing file /workspaces/hands-on-introduction-data-engineering-4395021/airflow/dags/two_task_dag.py for tasks to queue
[2025-04-08T17:55:20.694+0000] {logging_mixin.py:150} INFO - [2025-04-08T17:55:20.694+0000] {dagbag.py:541} INFO - Filling up the DagBag from /workspaces/hands-on-introduction-data-engineering-4395021/airflow/dags/two_task_dag.py
[2025-04-08T17:55:20.699+0000] {logging_mixin.py:150} INFO - [2025-04-08T17:55:20.698+0000] {dagbag.py:447} ERROR - Failed to bag_dag: /workspaces/hands-on-introduction-data-engineering-4395021/airflow/dags/two_task_dag.py
Traceback (most recent call last):
  File "/home/vscode/.local/lib/python3.10/site-packages/airflow/models/dagbag.py", line 445, in _process_modules
    self.bag_dag(dag=dag, root_dag=dag)
  File "/home/vscode/.local/lib/python3.10/site-packages/airflow/models/dagbag.py", line 462, in bag_dag
    self._bag_dag(dag=dag, root_dag=root_dag, recursive=True)
  File "/home/vscode/.local/lib/python3.10/site-packages/airflow/models/dagbag.py", line 470, in _bag_dag
    check_cycle(dag)  # throws if a task cycle is found
  File "/home/vscode/.local/lib/python3.10/site-packages/airflow/utils/dag_cycle_tester.py", line 78, in check_cycle
    child_to_check = _check_adjacent_tasks(current_task_id, task)
  File "/home/vscode/.local/lib/python3.10/site-packages/airflow/utils/dag_cycle_tester.py", line 64, in _check_adjacent_tasks
    raise AirflowDagCycleException(msg)
airflow.exceptions.AirflowDagCycleException: Cycle detected in DAG: two_task_dag. Faulty task: task_one
[2025-04-08T17:55:20.699+0000] {processor.py:838} WARNING - No viable dags retrieved from /workspaces/hands-on-introduction-data-engineering-4395021/airflow/dags/two_task_dag.py
[2025-04-08T17:55:20.712+0000] {processor.py:179} INFO - Processing /workspaces/hands-on-introduction-data-engineering-4395021/airflow/dags/two_task_dag.py took 0.021 seconds
[2025-04-08T17:55:35.944+0000] {processor.py:157} INFO - Started process (PID=29686) to work on /workspaces/hands-on-introduction-data-engineering-4395021/airflow/dags/two_task_dag.py
[2025-04-08T17:55:35.946+0000] {processor.py:826} INFO - Processing file /workspaces/hands-on-introduction-data-engineering-4395021/airflow/dags/two_task_dag.py for tasks to queue
[2025-04-08T17:55:35.947+0000] {logging_mixin.py:150} INFO - [2025-04-08T17:55:35.947+0000] {dagbag.py:541} INFO - Filling up the DagBag from /workspaces/hands-on-introduction-data-engineering-4395021/airflow/dags/two_task_dag.py
[2025-04-08T17:55:35.955+0000] {logging_mixin.py:150} INFO - [2025-04-08T17:55:35.953+0000] {dagbag.py:350} ERROR - Failed to import: /workspaces/hands-on-introduction-data-engineering-4395021/airflow/dags/two_task_dag.py
Traceback (most recent call last):
  File "/home/vscode/.local/lib/python3.10/site-packages/airflow/models/dagbag.py", line 346, in parse
    loader.exec_module(new_module)
  File "<frozen importlib._bootstrap_external>", line 883, in exec_module
  File "<frozen importlib._bootstrap>", line 241, in _call_with_frames_removed
  File "/workspaces/hands-on-introduction-data-engineering-4395021/airflow/dags/two_task_dag.py", line 31, in <module>
    task_one >> task_
NameError: name 'task_' is not defined
[2025-04-08T17:55:35.957+0000] {processor.py:838} WARNING - No viable dags retrieved from /workspaces/hands-on-introduction-data-engineering-4395021/airflow/dags/two_task_dag.py
[2025-04-08T17:55:35.978+0000] {processor.py:179} INFO - Processing /workspaces/hands-on-introduction-data-engineering-4395021/airflow/dags/two_task_dag.py took 0.037 seconds
[2025-04-08T17:55:38.164+0000] {processor.py:157} INFO - Started process (PID=29701) to work on /workspaces/hands-on-introduction-data-engineering-4395021/airflow/dags/two_task_dag.py
[2025-04-08T17:55:38.165+0000] {processor.py:826} INFO - Processing file /workspaces/hands-on-introduction-data-engineering-4395021/airflow/dags/two_task_dag.py for tasks to queue
[2025-04-08T17:55:38.165+0000] {logging_mixin.py:150} INFO - [2025-04-08T17:55:38.165+0000] {dagbag.py:541} INFO - Filling up the DagBag from /workspaces/hands-on-introduction-data-engineering-4395021/airflow/dags/two_task_dag.py
[2025-04-08T17:55:38.173+0000] {processor.py:836} INFO - DAG(s) dict_keys(['two_task_dag']) retrieved from /workspaces/hands-on-introduction-data-engineering-4395021/airflow/dags/two_task_dag.py
[2025-04-08T17:55:38.245+0000] {logging_mixin.py:150} INFO - [2025-04-08T17:55:38.245+0000] {dag.py:2742} INFO - Sync 1 DAGs
[2025-04-08T17:55:38.258+0000] {logging_mixin.py:150} INFO - [2025-04-08T17:55:38.257+0000] {dag.py:3504} INFO - Setting next_dagrun for two_task_dag to None, run_after=None
[2025-04-08T17:55:38.286+0000] {processor.py:179} INFO - Processing /workspaces/hands-on-introduction-data-engineering-4395021/airflow/dags/two_task_dag.py took 0.124 seconds
[2025-04-08T17:56:08.486+0000] {processor.py:157} INFO - Started process (PID=29877) to work on /workspaces/hands-on-introduction-data-engineering-4395021/airflow/dags/two_task_dag.py
[2025-04-08T17:56:08.486+0000] {processor.py:826} INFO - Processing file /workspaces/hands-on-introduction-data-engineering-4395021/airflow/dags/two_task_dag.py for tasks to queue
[2025-04-08T17:56:08.487+0000] {logging_mixin.py:150} INFO - [2025-04-08T17:56:08.487+0000] {dagbag.py:541} INFO - Filling up the DagBag from /workspaces/hands-on-introduction-data-engineering-4395021/airflow/dags/two_task_dag.py
[2025-04-08T17:56:08.495+0000] {processor.py:836} INFO - DAG(s) dict_keys(['two_task_dag']) retrieved from /workspaces/hands-on-introduction-data-engineering-4395021/airflow/dags/two_task_dag.py
[2025-04-08T17:56:08.512+0000] {logging_mixin.py:150} INFO - [2025-04-08T17:56:08.512+0000] {dag.py:2742} INFO - Sync 1 DAGs
[2025-04-08T17:56:08.526+0000] {logging_mixin.py:150} INFO - [2025-04-08T17:56:08.526+0000] {dag.py:3504} INFO - Setting next_dagrun for two_task_dag to None, run_after=None
[2025-04-08T17:56:08.540+0000] {processor.py:179} INFO - Processing /workspaces/hands-on-introduction-data-engineering-4395021/airflow/dags/two_task_dag.py took 0.057 seconds
[2025-04-08T17:56:39.223+0000] {processor.py:157} INFO - Started process (PID=30060) to work on /workspaces/hands-on-introduction-data-engineering-4395021/airflow/dags/two_task_dag.py
[2025-04-08T17:56:39.224+0000] {processor.py:826} INFO - Processing file /workspaces/hands-on-introduction-data-engineering-4395021/airflow/dags/two_task_dag.py for tasks to queue
[2025-04-08T17:56:39.225+0000] {logging_mixin.py:150} INFO - [2025-04-08T17:56:39.225+0000] {dagbag.py:541} INFO - Filling up the DagBag from /workspaces/hands-on-introduction-data-engineering-4395021/airflow/dags/two_task_dag.py
[2025-04-08T17:56:39.232+0000] {processor.py:836} INFO - DAG(s) dict_keys(['two_task_dag']) retrieved from /workspaces/hands-on-introduction-data-engineering-4395021/airflow/dags/two_task_dag.py
[2025-04-08T17:56:39.250+0000] {logging_mixin.py:150} INFO - [2025-04-08T17:56:39.250+0000] {dag.py:2742} INFO - Sync 1 DAGs
[2025-04-08T17:56:39.263+0000] {logging_mixin.py:150} INFO - [2025-04-08T17:56:39.263+0000] {dag.py:3504} INFO - Setting next_dagrun for two_task_dag to None, run_after=None
[2025-04-08T17:56:39.277+0000] {processor.py:179} INFO - Processing /workspaces/hands-on-introduction-data-engineering-4395021/airflow/dags/two_task_dag.py took 0.056 seconds
[2025-04-08T17:57:09.496+0000] {processor.py:157} INFO - Started process (PID=30237) to work on /workspaces/hands-on-introduction-data-engineering-4395021/airflow/dags/two_task_dag.py
[2025-04-08T17:57:09.497+0000] {processor.py:826} INFO - Processing file /workspaces/hands-on-introduction-data-engineering-4395021/airflow/dags/two_task_dag.py for tasks to queue
[2025-04-08T17:57:09.498+0000] {logging_mixin.py:150} INFO - [2025-04-08T17:57:09.498+0000] {dagbag.py:541} INFO - Filling up the DagBag from /workspaces/hands-on-introduction-data-engineering-4395021/airflow/dags/two_task_dag.py
[2025-04-08T17:57:09.507+0000] {processor.py:836} INFO - DAG(s) dict_keys(['two_task_dag']) retrieved from /workspaces/hands-on-introduction-data-engineering-4395021/airflow/dags/two_task_dag.py
[2025-04-08T17:57:09.525+0000] {logging_mixin.py:150} INFO - [2025-04-08T17:57:09.525+0000] {dag.py:2742} INFO - Sync 1 DAGs
[2025-04-08T17:57:09.539+0000] {logging_mixin.py:150} INFO - [2025-04-08T17:57:09.538+0000] {dag.py:3504} INFO - Setting next_dagrun for two_task_dag to None, run_after=None
[2025-04-08T17:57:09.552+0000] {processor.py:179} INFO - Processing /workspaces/hands-on-introduction-data-engineering-4395021/airflow/dags/two_task_dag.py took 0.059 seconds
[2025-04-08T17:57:39.685+0000] {processor.py:157} INFO - Started process (PID=30407) to work on /workspaces/hands-on-introduction-data-engineering-4395021/airflow/dags/two_task_dag.py
[2025-04-08T17:57:39.686+0000] {processor.py:826} INFO - Processing file /workspaces/hands-on-introduction-data-engineering-4395021/airflow/dags/two_task_dag.py for tasks to queue
[2025-04-08T17:57:39.686+0000] {logging_mixin.py:150} INFO - [2025-04-08T17:57:39.686+0000] {dagbag.py:541} INFO - Filling up the DagBag from /workspaces/hands-on-introduction-data-engineering-4395021/airflow/dags/two_task_dag.py
[2025-04-08T17:57:39.694+0000] {processor.py:836} INFO - DAG(s) dict_keys(['two_task_dag']) retrieved from /workspaces/hands-on-introduction-data-engineering-4395021/airflow/dags/two_task_dag.py
[2025-04-08T17:57:39.712+0000] {logging_mixin.py:150} INFO - [2025-04-08T17:57:39.712+0000] {dag.py:2742} INFO - Sync 1 DAGs
[2025-04-08T17:57:39.725+0000] {logging_mixin.py:150} INFO - [2025-04-08T17:57:39.725+0000] {dag.py:3504} INFO - Setting next_dagrun for two_task_dag to None, run_after=None
[2025-04-08T17:57:39.738+0000] {processor.py:179} INFO - Processing /workspaces/hands-on-introduction-data-engineering-4395021/airflow/dags/two_task_dag.py took 0.056 seconds
[2025-04-08T17:58:09.875+0000] {processor.py:157} INFO - Started process (PID=30583) to work on /workspaces/hands-on-introduction-data-engineering-4395021/airflow/dags/two_task_dag.py
[2025-04-08T17:58:09.876+0000] {processor.py:826} INFO - Processing file /workspaces/hands-on-introduction-data-engineering-4395021/airflow/dags/two_task_dag.py for tasks to queue
[2025-04-08T17:58:09.877+0000] {logging_mixin.py:150} INFO - [2025-04-08T17:58:09.877+0000] {dagbag.py:541} INFO - Filling up the DagBag from /workspaces/hands-on-introduction-data-engineering-4395021/airflow/dags/two_task_dag.py
[2025-04-08T17:58:09.884+0000] {processor.py:836} INFO - DAG(s) dict_keys(['two_task_dag']) retrieved from /workspaces/hands-on-introduction-data-engineering-4395021/airflow/dags/two_task_dag.py
[2025-04-08T17:58:09.902+0000] {logging_mixin.py:150} INFO - [2025-04-08T17:58:09.902+0000] {dag.py:2742} INFO - Sync 1 DAGs
[2025-04-08T17:58:09.915+0000] {logging_mixin.py:150} INFO - [2025-04-08T17:58:09.915+0000] {dag.py:3504} INFO - Setting next_dagrun for two_task_dag to None, run_after=None
[2025-04-08T17:58:09.928+0000] {processor.py:179} INFO - Processing /workspaces/hands-on-introduction-data-engineering-4395021/airflow/dags/two_task_dag.py took 0.055 seconds
[2025-04-08T17:58:40.062+0000] {processor.py:157} INFO - Started process (PID=30753) to work on /workspaces/hands-on-introduction-data-engineering-4395021/airflow/dags/two_task_dag.py
[2025-04-08T17:58:40.063+0000] {processor.py:826} INFO - Processing file /workspaces/hands-on-introduction-data-engineering-4395021/airflow/dags/two_task_dag.py for tasks to queue
[2025-04-08T17:58:40.064+0000] {logging_mixin.py:150} INFO - [2025-04-08T17:58:40.063+0000] {dagbag.py:541} INFO - Filling up the DagBag from /workspaces/hands-on-introduction-data-engineering-4395021/airflow/dags/two_task_dag.py
[2025-04-08T17:58:40.071+0000] {processor.py:836} INFO - DAG(s) dict_keys(['two_task_dag']) retrieved from /workspaces/hands-on-introduction-data-engineering-4395021/airflow/dags/two_task_dag.py
[2025-04-08T17:58:40.089+0000] {logging_mixin.py:150} INFO - [2025-04-08T17:58:40.089+0000] {dag.py:2742} INFO - Sync 1 DAGs
[2025-04-08T17:58:40.102+0000] {logging_mixin.py:150} INFO - [2025-04-08T17:58:40.102+0000] {dag.py:3504} INFO - Setting next_dagrun for two_task_dag to None, run_after=None
[2025-04-08T17:58:40.115+0000] {processor.py:179} INFO - Processing /workspaces/hands-on-introduction-data-engineering-4395021/airflow/dags/two_task_dag.py took 0.056 seconds
[2025-04-08T17:59:10.250+0000] {processor.py:157} INFO - Started process (PID=30923) to work on /workspaces/hands-on-introduction-data-engineering-4395021/airflow/dags/two_task_dag.py
[2025-04-08T17:59:10.251+0000] {processor.py:826} INFO - Processing file /workspaces/hands-on-introduction-data-engineering-4395021/airflow/dags/two_task_dag.py for tasks to queue
[2025-04-08T17:59:10.253+0000] {logging_mixin.py:150} INFO - [2025-04-08T17:59:10.252+0000] {dagbag.py:541} INFO - Filling up the DagBag from /workspaces/hands-on-introduction-data-engineering-4395021/airflow/dags/two_task_dag.py
[2025-04-08T17:59:10.263+0000] {processor.py:836} INFO - DAG(s) dict_keys(['two_task_dag']) retrieved from /workspaces/hands-on-introduction-data-engineering-4395021/airflow/dags/two_task_dag.py
[2025-04-08T17:59:10.288+0000] {logging_mixin.py:150} INFO - [2025-04-08T17:59:10.288+0000] {dag.py:2742} INFO - Sync 1 DAGs
[2025-04-08T17:59:10.308+0000] {logging_mixin.py:150} INFO - [2025-04-08T17:59:10.308+0000] {dag.py:3504} INFO - Setting next_dagrun for two_task_dag to None, run_after=None
[2025-04-08T17:59:10.327+0000] {processor.py:179} INFO - Processing /workspaces/hands-on-introduction-data-engineering-4395021/airflow/dags/two_task_dag.py took 0.079 seconds
[2025-04-08T17:59:40.436+0000] {processor.py:157} INFO - Started process (PID=31093) to work on /workspaces/hands-on-introduction-data-engineering-4395021/airflow/dags/two_task_dag.py
[2025-04-08T17:59:40.437+0000] {processor.py:826} INFO - Processing file /workspaces/hands-on-introduction-data-engineering-4395021/airflow/dags/two_task_dag.py for tasks to queue
[2025-04-08T17:59:40.437+0000] {logging_mixin.py:150} INFO - [2025-04-08T17:59:40.437+0000] {dagbag.py:541} INFO - Filling up the DagBag from /workspaces/hands-on-introduction-data-engineering-4395021/airflow/dags/two_task_dag.py
[2025-04-08T17:59:40.445+0000] {processor.py:836} INFO - DAG(s) dict_keys(['two_task_dag']) retrieved from /workspaces/hands-on-introduction-data-engineering-4395021/airflow/dags/two_task_dag.py
[2025-04-08T17:59:40.462+0000] {logging_mixin.py:150} INFO - [2025-04-08T17:59:40.462+0000] {dag.py:2742} INFO - Sync 1 DAGs
[2025-04-08T17:59:40.476+0000] {logging_mixin.py:150} INFO - [2025-04-08T17:59:40.475+0000] {dag.py:3504} INFO - Setting next_dagrun for two_task_dag to None, run_after=None
[2025-04-08T17:59:40.489+0000] {processor.py:179} INFO - Processing /workspaces/hands-on-introduction-data-engineering-4395021/airflow/dags/two_task_dag.py took 0.056 seconds
[2025-04-08T18:00:10.621+0000] {processor.py:157} INFO - Started process (PID=31269) to work on /workspaces/hands-on-introduction-data-engineering-4395021/airflow/dags/two_task_dag.py
[2025-04-08T18:00:10.621+0000] {processor.py:826} INFO - Processing file /workspaces/hands-on-introduction-data-engineering-4395021/airflow/dags/two_task_dag.py for tasks to queue
[2025-04-08T18:00:10.622+0000] {logging_mixin.py:150} INFO - [2025-04-08T18:00:10.622+0000] {dagbag.py:541} INFO - Filling up the DagBag from /workspaces/hands-on-introduction-data-engineering-4395021/airflow/dags/two_task_dag.py
[2025-04-08T18:00:10.629+0000] {processor.py:836} INFO - DAG(s) dict_keys(['two_task_dag']) retrieved from /workspaces/hands-on-introduction-data-engineering-4395021/airflow/dags/two_task_dag.py
[2025-04-08T18:00:10.646+0000] {logging_mixin.py:150} INFO - [2025-04-08T18:00:10.646+0000] {dag.py:2742} INFO - Sync 1 DAGs
[2025-04-08T18:00:10.660+0000] {logging_mixin.py:150} INFO - [2025-04-08T18:00:10.660+0000] {dag.py:3504} INFO - Setting next_dagrun for two_task_dag to None, run_after=None
[2025-04-08T18:00:10.673+0000] {processor.py:179} INFO - Processing /workspaces/hands-on-introduction-data-engineering-4395021/airflow/dags/two_task_dag.py took 0.055 seconds
[2025-04-08T18:00:40.797+0000] {processor.py:157} INFO - Started process (PID=31446) to work on /workspaces/hands-on-introduction-data-engineering-4395021/airflow/dags/two_task_dag.py
[2025-04-08T18:00:40.798+0000] {processor.py:826} INFO - Processing file /workspaces/hands-on-introduction-data-engineering-4395021/airflow/dags/two_task_dag.py for tasks to queue
[2025-04-08T18:00:40.798+0000] {logging_mixin.py:150} INFO - [2025-04-08T18:00:40.798+0000] {dagbag.py:541} INFO - Filling up the DagBag from /workspaces/hands-on-introduction-data-engineering-4395021/airflow/dags/two_task_dag.py
[2025-04-08T18:00:40.806+0000] {processor.py:836} INFO - DAG(s) dict_keys(['two_task_dag']) retrieved from /workspaces/hands-on-introduction-data-engineering-4395021/airflow/dags/two_task_dag.py
[2025-04-08T18:00:40.824+0000] {logging_mixin.py:150} INFO - [2025-04-08T18:00:40.823+0000] {dag.py:2742} INFO - Sync 1 DAGs
[2025-04-08T18:00:40.837+0000] {logging_mixin.py:150} INFO - [2025-04-08T18:00:40.837+0000] {dag.py:3504} INFO - Setting next_dagrun for two_task_dag to None, run_after=None
[2025-04-08T18:00:40.851+0000] {processor.py:179} INFO - Processing /workspaces/hands-on-introduction-data-engineering-4395021/airflow/dags/two_task_dag.py took 0.056 seconds
[2025-04-08T18:01:10.981+0000] {processor.py:157} INFO - Started process (PID=31616) to work on /workspaces/hands-on-introduction-data-engineering-4395021/airflow/dags/two_task_dag.py
[2025-04-08T18:01:10.982+0000] {processor.py:826} INFO - Processing file /workspaces/hands-on-introduction-data-engineering-4395021/airflow/dags/two_task_dag.py for tasks to queue
[2025-04-08T18:01:10.983+0000] {logging_mixin.py:150} INFO - [2025-04-08T18:01:10.983+0000] {dagbag.py:541} INFO - Filling up the DagBag from /workspaces/hands-on-introduction-data-engineering-4395021/airflow/dags/two_task_dag.py
[2025-04-08T18:01:10.990+0000] {processor.py:836} INFO - DAG(s) dict_keys(['two_task_dag']) retrieved from /workspaces/hands-on-introduction-data-engineering-4395021/airflow/dags/two_task_dag.py
[2025-04-08T18:01:11.007+0000] {logging_mixin.py:150} INFO - [2025-04-08T18:01:11.007+0000] {dag.py:2742} INFO - Sync 1 DAGs
[2025-04-08T18:01:11.020+0000] {logging_mixin.py:150} INFO - [2025-04-08T18:01:11.020+0000] {dag.py:3504} INFO - Setting next_dagrun for two_task_dag to None, run_after=None
[2025-04-08T18:01:11.034+0000] {processor.py:179} INFO - Processing /workspaces/hands-on-introduction-data-engineering-4395021/airflow/dags/two_task_dag.py took 0.055 seconds
[2025-04-08T18:01:41.165+0000] {processor.py:157} INFO - Started process (PID=31792) to work on /workspaces/hands-on-introduction-data-engineering-4395021/airflow/dags/two_task_dag.py
[2025-04-08T18:01:41.166+0000] {processor.py:826} INFO - Processing file /workspaces/hands-on-introduction-data-engineering-4395021/airflow/dags/two_task_dag.py for tasks to queue
[2025-04-08T18:01:41.166+0000] {logging_mixin.py:150} INFO - [2025-04-08T18:01:41.166+0000] {dagbag.py:541} INFO - Filling up the DagBag from /workspaces/hands-on-introduction-data-engineering-4395021/airflow/dags/two_task_dag.py
[2025-04-08T18:01:41.174+0000] {processor.py:836} INFO - DAG(s) dict_keys(['two_task_dag']) retrieved from /workspaces/hands-on-introduction-data-engineering-4395021/airflow/dags/two_task_dag.py
[2025-04-08T18:01:41.192+0000] {logging_mixin.py:150} INFO - [2025-04-08T18:01:41.192+0000] {dag.py:2742} INFO - Sync 1 DAGs
[2025-04-08T18:01:41.206+0000] {logging_mixin.py:150} INFO - [2025-04-08T18:01:41.206+0000] {dag.py:3504} INFO - Setting next_dagrun for two_task_dag to None, run_after=None
[2025-04-08T18:01:41.220+0000] {processor.py:179} INFO - Processing /workspaces/hands-on-introduction-data-engineering-4395021/airflow/dags/two_task_dag.py took 0.057 seconds
[2025-04-08T18:02:11.350+0000] {processor.py:157} INFO - Started process (PID=31956) to work on /workspaces/hands-on-introduction-data-engineering-4395021/airflow/dags/two_task_dag.py
[2025-04-08T18:02:11.351+0000] {processor.py:826} INFO - Processing file /workspaces/hands-on-introduction-data-engineering-4395021/airflow/dags/two_task_dag.py for tasks to queue
[2025-04-08T18:02:11.351+0000] {logging_mixin.py:150} INFO - [2025-04-08T18:02:11.351+0000] {dagbag.py:541} INFO - Filling up the DagBag from /workspaces/hands-on-introduction-data-engineering-4395021/airflow/dags/two_task_dag.py
[2025-04-08T18:02:11.358+0000] {processor.py:836} INFO - DAG(s) dict_keys(['two_task_dag']) retrieved from /workspaces/hands-on-introduction-data-engineering-4395021/airflow/dags/two_task_dag.py
[2025-04-08T18:02:11.376+0000] {logging_mixin.py:150} INFO - [2025-04-08T18:02:11.376+0000] {dag.py:2742} INFO - Sync 1 DAGs
[2025-04-08T18:02:11.389+0000] {logging_mixin.py:150} INFO - [2025-04-08T18:02:11.389+0000] {dag.py:3504} INFO - Setting next_dagrun for two_task_dag to None, run_after=None
[2025-04-08T18:02:11.406+0000] {processor.py:179} INFO - Processing /workspaces/hands-on-introduction-data-engineering-4395021/airflow/dags/two_task_dag.py took 0.059 seconds
[2025-04-08T18:02:41.535+0000] {processor.py:157} INFO - Started process (PID=32131) to work on /workspaces/hands-on-introduction-data-engineering-4395021/airflow/dags/two_task_dag.py
[2025-04-08T18:02:41.535+0000] {processor.py:826} INFO - Processing file /workspaces/hands-on-introduction-data-engineering-4395021/airflow/dags/two_task_dag.py for tasks to queue
[2025-04-08T18:02:41.536+0000] {logging_mixin.py:150} INFO - [2025-04-08T18:02:41.536+0000] {dagbag.py:541} INFO - Filling up the DagBag from /workspaces/hands-on-introduction-data-engineering-4395021/airflow/dags/two_task_dag.py
[2025-04-08T18:02:41.544+0000] {processor.py:836} INFO - DAG(s) dict_keys(['two_task_dag']) retrieved from /workspaces/hands-on-introduction-data-engineering-4395021/airflow/dags/two_task_dag.py
[2025-04-08T18:02:41.562+0000] {logging_mixin.py:150} INFO - [2025-04-08T18:02:41.562+0000] {dag.py:2742} INFO - Sync 1 DAGs
[2025-04-08T18:02:41.576+0000] {logging_mixin.py:150} INFO - [2025-04-08T18:02:41.575+0000] {dag.py:3504} INFO - Setting next_dagrun for two_task_dag to None, run_after=None
[2025-04-08T18:02:41.589+0000] {processor.py:179} INFO - Processing /workspaces/hands-on-introduction-data-engineering-4395021/airflow/dags/two_task_dag.py took 0.057 seconds
[2025-04-08T18:03:11.724+0000] {processor.py:157} INFO - Started process (PID=32307) to work on /workspaces/hands-on-introduction-data-engineering-4395021/airflow/dags/two_task_dag.py
[2025-04-08T18:03:11.725+0000] {processor.py:826} INFO - Processing file /workspaces/hands-on-introduction-data-engineering-4395021/airflow/dags/two_task_dag.py for tasks to queue
[2025-04-08T18:03:11.726+0000] {logging_mixin.py:150} INFO - [2025-04-08T18:03:11.726+0000] {dagbag.py:541} INFO - Filling up the DagBag from /workspaces/hands-on-introduction-data-engineering-4395021/airflow/dags/two_task_dag.py
[2025-04-08T18:03:11.737+0000] {processor.py:836} INFO - DAG(s) dict_keys(['two_task_dag']) retrieved from /workspaces/hands-on-introduction-data-engineering-4395021/airflow/dags/two_task_dag.py
[2025-04-08T18:03:11.762+0000] {logging_mixin.py:150} INFO - [2025-04-08T18:03:11.762+0000] {dag.py:2742} INFO - Sync 1 DAGs
[2025-04-08T18:03:11.776+0000] {logging_mixin.py:150} INFO - [2025-04-08T18:03:11.776+0000] {dag.py:3504} INFO - Setting next_dagrun for two_task_dag to None, run_after=None
[2025-04-08T18:03:11.790+0000] {processor.py:179} INFO - Processing /workspaces/hands-on-introduction-data-engineering-4395021/airflow/dags/two_task_dag.py took 0.070 seconds
[2025-04-08T18:03:41.912+0000] {processor.py:157} INFO - Started process (PID=32477) to work on /workspaces/hands-on-introduction-data-engineering-4395021/airflow/dags/two_task_dag.py
[2025-04-08T18:03:41.913+0000] {processor.py:826} INFO - Processing file /workspaces/hands-on-introduction-data-engineering-4395021/airflow/dags/two_task_dag.py for tasks to queue
[2025-04-08T18:03:41.913+0000] {logging_mixin.py:150} INFO - [2025-04-08T18:03:41.913+0000] {dagbag.py:541} INFO - Filling up the DagBag from /workspaces/hands-on-introduction-data-engineering-4395021/airflow/dags/two_task_dag.py
[2025-04-08T18:03:41.921+0000] {processor.py:836} INFO - DAG(s) dict_keys(['two_task_dag']) retrieved from /workspaces/hands-on-introduction-data-engineering-4395021/airflow/dags/two_task_dag.py
[2025-04-08T18:03:41.938+0000] {logging_mixin.py:150} INFO - [2025-04-08T18:03:41.938+0000] {dag.py:2742} INFO - Sync 1 DAGs
[2025-04-08T18:03:41.952+0000] {logging_mixin.py:150} INFO - [2025-04-08T18:03:41.952+0000] {dag.py:3504} INFO - Setting next_dagrun for two_task_dag to None, run_after=None
[2025-04-08T18:03:41.965+0000] {processor.py:179} INFO - Processing /workspaces/hands-on-introduction-data-engineering-4395021/airflow/dags/two_task_dag.py took 0.056 seconds
[2025-04-08T18:04:12.108+0000] {processor.py:157} INFO - Started process (PID=32654) to work on /workspaces/hands-on-introduction-data-engineering-4395021/airflow/dags/two_task_dag.py
[2025-04-08T18:04:12.109+0000] {processor.py:826} INFO - Processing file /workspaces/hands-on-introduction-data-engineering-4395021/airflow/dags/two_task_dag.py for tasks to queue
[2025-04-08T18:04:12.109+0000] {logging_mixin.py:150} INFO - [2025-04-08T18:04:12.109+0000] {dagbag.py:541} INFO - Filling up the DagBag from /workspaces/hands-on-introduction-data-engineering-4395021/airflow/dags/two_task_dag.py
[2025-04-08T18:04:12.117+0000] {processor.py:836} INFO - DAG(s) dict_keys(['two_task_dag']) retrieved from /workspaces/hands-on-introduction-data-engineering-4395021/airflow/dags/two_task_dag.py
[2025-04-08T18:04:12.134+0000] {logging_mixin.py:150} INFO - [2025-04-08T18:04:12.134+0000] {dag.py:2742} INFO - Sync 1 DAGs
[2025-04-08T18:04:12.148+0000] {logging_mixin.py:150} INFO - [2025-04-08T18:04:12.148+0000] {dag.py:3504} INFO - Setting next_dagrun for two_task_dag to None, run_after=None
[2025-04-08T18:04:12.162+0000] {processor.py:179} INFO - Processing /workspaces/hands-on-introduction-data-engineering-4395021/airflow/dags/two_task_dag.py took 0.056 seconds
[2025-04-08T18:04:42.297+0000] {processor.py:157} INFO - Started process (PID=32824) to work on /workspaces/hands-on-introduction-data-engineering-4395021/airflow/dags/two_task_dag.py
[2025-04-08T18:04:42.298+0000] {processor.py:826} INFO - Processing file /workspaces/hands-on-introduction-data-engineering-4395021/airflow/dags/two_task_dag.py for tasks to queue
[2025-04-08T18:04:42.298+0000] {logging_mixin.py:150} INFO - [2025-04-08T18:04:42.298+0000] {dagbag.py:541} INFO - Filling up the DagBag from /workspaces/hands-on-introduction-data-engineering-4395021/airflow/dags/two_task_dag.py
[2025-04-08T18:04:42.305+0000] {processor.py:836} INFO - DAG(s) dict_keys(['two_task_dag']) retrieved from /workspaces/hands-on-introduction-data-engineering-4395021/airflow/dags/two_task_dag.py
[2025-04-08T18:04:42.322+0000] {logging_mixin.py:150} INFO - [2025-04-08T18:04:42.322+0000] {dag.py:2742} INFO - Sync 1 DAGs
[2025-04-08T18:04:42.336+0000] {logging_mixin.py:150} INFO - [2025-04-08T18:04:42.336+0000] {dag.py:3504} INFO - Setting next_dagrun for two_task_dag to None, run_after=None
[2025-04-08T18:04:42.349+0000] {processor.py:179} INFO - Processing /workspaces/hands-on-introduction-data-engineering-4395021/airflow/dags/two_task_dag.py took 0.055 seconds
[2025-04-08T18:05:12.489+0000] {processor.py:157} INFO - Started process (PID=33000) to work on /workspaces/hands-on-introduction-data-engineering-4395021/airflow/dags/two_task_dag.py
[2025-04-08T18:05:12.490+0000] {processor.py:826} INFO - Processing file /workspaces/hands-on-introduction-data-engineering-4395021/airflow/dags/two_task_dag.py for tasks to queue
[2025-04-08T18:05:12.491+0000] {logging_mixin.py:150} INFO - [2025-04-08T18:05:12.490+0000] {dagbag.py:541} INFO - Filling up the DagBag from /workspaces/hands-on-introduction-data-engineering-4395021/airflow/dags/two_task_dag.py
[2025-04-08T18:05:12.498+0000] {processor.py:836} INFO - DAG(s) dict_keys(['two_task_dag']) retrieved from /workspaces/hands-on-introduction-data-engineering-4395021/airflow/dags/two_task_dag.py
[2025-04-08T18:05:12.516+0000] {logging_mixin.py:150} INFO - [2025-04-08T18:05:12.515+0000] {dag.py:2742} INFO - Sync 1 DAGs
[2025-04-08T18:05:12.529+0000] {logging_mixin.py:150} INFO - [2025-04-08T18:05:12.529+0000] {dag.py:3504} INFO - Setting next_dagrun for two_task_dag to None, run_after=None
[2025-04-08T18:05:12.545+0000] {processor.py:179} INFO - Processing /workspaces/hands-on-introduction-data-engineering-4395021/airflow/dags/two_task_dag.py took 0.058 seconds
[2025-04-08T18:05:42.680+0000] {processor.py:157} INFO - Started process (PID=33170) to work on /workspaces/hands-on-introduction-data-engineering-4395021/airflow/dags/two_task_dag.py
[2025-04-08T18:05:42.681+0000] {processor.py:826} INFO - Processing file /workspaces/hands-on-introduction-data-engineering-4395021/airflow/dags/two_task_dag.py for tasks to queue
[2025-04-08T18:05:42.683+0000] {logging_mixin.py:150} INFO - [2025-04-08T18:05:42.683+0000] {dagbag.py:541} INFO - Filling up the DagBag from /workspaces/hands-on-introduction-data-engineering-4395021/airflow/dags/two_task_dag.py
[2025-04-08T18:05:42.694+0000] {processor.py:836} INFO - DAG(s) dict_keys(['two_task_dag']) retrieved from /workspaces/hands-on-introduction-data-engineering-4395021/airflow/dags/two_task_dag.py
[2025-04-08T18:05:42.718+0000] {logging_mixin.py:150} INFO - [2025-04-08T18:05:42.718+0000] {dag.py:2742} INFO - Sync 1 DAGs
[2025-04-08T18:05:42.731+0000] {logging_mixin.py:150} INFO - [2025-04-08T18:05:42.731+0000] {dag.py:3504} INFO - Setting next_dagrun for two_task_dag to None, run_after=None
[2025-04-08T18:05:42.744+0000] {processor.py:179} INFO - Processing /workspaces/hands-on-introduction-data-engineering-4395021/airflow/dags/two_task_dag.py took 0.067 seconds
[2025-04-08T18:06:12.864+0000] {processor.py:157} INFO - Started process (PID=33340) to work on /workspaces/hands-on-introduction-data-engineering-4395021/airflow/dags/two_task_dag.py
[2025-04-08T18:06:12.865+0000] {processor.py:826} INFO - Processing file /workspaces/hands-on-introduction-data-engineering-4395021/airflow/dags/two_task_dag.py for tasks to queue
[2025-04-08T18:06:12.866+0000] {logging_mixin.py:150} INFO - [2025-04-08T18:06:12.866+0000] {dagbag.py:541} INFO - Filling up the DagBag from /workspaces/hands-on-introduction-data-engineering-4395021/airflow/dags/two_task_dag.py
[2025-04-08T18:06:12.876+0000] {processor.py:836} INFO - DAG(s) dict_keys(['two_task_dag']) retrieved from /workspaces/hands-on-introduction-data-engineering-4395021/airflow/dags/two_task_dag.py
[2025-04-08T18:06:12.897+0000] {logging_mixin.py:150} INFO - [2025-04-08T18:06:12.897+0000] {dag.py:2742} INFO - Sync 1 DAGs
[2025-04-08T18:06:12.911+0000] {logging_mixin.py:150} INFO - [2025-04-08T18:06:12.910+0000] {dag.py:3504} INFO - Setting next_dagrun for two_task_dag to None, run_after=None
[2025-04-08T18:06:12.925+0000] {processor.py:179} INFO - Processing /workspaces/hands-on-introduction-data-engineering-4395021/airflow/dags/two_task_dag.py took 0.065 seconds
[2025-04-08T18:06:43.063+0000] {processor.py:157} INFO - Started process (PID=33517) to work on /workspaces/hands-on-introduction-data-engineering-4395021/airflow/dags/two_task_dag.py
[2025-04-08T18:06:43.063+0000] {processor.py:826} INFO - Processing file /workspaces/hands-on-introduction-data-engineering-4395021/airflow/dags/two_task_dag.py for tasks to queue
[2025-04-08T18:06:43.064+0000] {logging_mixin.py:150} INFO - [2025-04-08T18:06:43.064+0000] {dagbag.py:541} INFO - Filling up the DagBag from /workspaces/hands-on-introduction-data-engineering-4395021/airflow/dags/two_task_dag.py
[2025-04-08T18:06:43.072+0000] {processor.py:836} INFO - DAG(s) dict_keys(['two_task_dag']) retrieved from /workspaces/hands-on-introduction-data-engineering-4395021/airflow/dags/two_task_dag.py
[2025-04-08T18:06:43.090+0000] {logging_mixin.py:150} INFO - [2025-04-08T18:06:43.090+0000] {dag.py:2742} INFO - Sync 1 DAGs
[2025-04-08T18:06:43.103+0000] {logging_mixin.py:150} INFO - [2025-04-08T18:06:43.103+0000] {dag.py:3504} INFO - Setting next_dagrun for two_task_dag to None, run_after=None
[2025-04-08T18:06:43.117+0000] {processor.py:179} INFO - Processing /workspaces/hands-on-introduction-data-engineering-4395021/airflow/dags/two_task_dag.py took 0.057 seconds
[2025-04-08T18:07:13.273+0000] {processor.py:157} INFO - Started process (PID=33688) to work on /workspaces/hands-on-introduction-data-engineering-4395021/airflow/dags/two_task_dag.py
[2025-04-08T18:07:13.274+0000] {processor.py:826} INFO - Processing file /workspaces/hands-on-introduction-data-engineering-4395021/airflow/dags/two_task_dag.py for tasks to queue
[2025-04-08T18:07:13.275+0000] {logging_mixin.py:150} INFO - [2025-04-08T18:07:13.274+0000] {dagbag.py:541} INFO - Filling up the DagBag from /workspaces/hands-on-introduction-data-engineering-4395021/airflow/dags/two_task_dag.py
[2025-04-08T18:07:13.282+0000] {processor.py:836} INFO - DAG(s) dict_keys(['two_task_dag']) retrieved from /workspaces/hands-on-introduction-data-engineering-4395021/airflow/dags/two_task_dag.py
[2025-04-08T18:07:13.299+0000] {logging_mixin.py:150} INFO - [2025-04-08T18:07:13.299+0000] {dag.py:2742} INFO - Sync 1 DAGs
[2025-04-08T18:07:13.313+0000] {logging_mixin.py:150} INFO - [2025-04-08T18:07:13.313+0000] {dag.py:3504} INFO - Setting next_dagrun for two_task_dag to None, run_after=None
[2025-04-08T18:07:13.326+0000] {processor.py:179} INFO - Processing /workspaces/hands-on-introduction-data-engineering-4395021/airflow/dags/two_task_dag.py took 0.056 seconds
[2025-04-08T18:07:43.474+0000] {processor.py:157} INFO - Started process (PID=33864) to work on /workspaces/hands-on-introduction-data-engineering-4395021/airflow/dags/two_task_dag.py
[2025-04-08T18:07:43.475+0000] {processor.py:826} INFO - Processing file /workspaces/hands-on-introduction-data-engineering-4395021/airflow/dags/two_task_dag.py for tasks to queue
[2025-04-08T18:07:43.475+0000] {logging_mixin.py:150} INFO - [2025-04-08T18:07:43.475+0000] {dagbag.py:541} INFO - Filling up the DagBag from /workspaces/hands-on-introduction-data-engineering-4395021/airflow/dags/two_task_dag.py
[2025-04-08T18:07:43.483+0000] {processor.py:836} INFO - DAG(s) dict_keys(['two_task_dag']) retrieved from /workspaces/hands-on-introduction-data-engineering-4395021/airflow/dags/two_task_dag.py
[2025-04-08T18:07:43.501+0000] {logging_mixin.py:150} INFO - [2025-04-08T18:07:43.500+0000] {dag.py:2742} INFO - Sync 1 DAGs
[2025-04-08T18:07:43.516+0000] {logging_mixin.py:150} INFO - [2025-04-08T18:07:43.516+0000] {dag.py:3504} INFO - Setting next_dagrun for two_task_dag to None, run_after=None
[2025-04-08T18:07:43.530+0000] {processor.py:179} INFO - Processing /workspaces/hands-on-introduction-data-engineering-4395021/airflow/dags/two_task_dag.py took 0.058 seconds
[2025-04-08T18:08:13.660+0000] {processor.py:157} INFO - Started process (PID=34034) to work on /workspaces/hands-on-introduction-data-engineering-4395021/airflow/dags/two_task_dag.py
[2025-04-08T18:08:13.661+0000] {processor.py:826} INFO - Processing file /workspaces/hands-on-introduction-data-engineering-4395021/airflow/dags/two_task_dag.py for tasks to queue
[2025-04-08T18:08:13.661+0000] {logging_mixin.py:150} INFO - [2025-04-08T18:08:13.661+0000] {dagbag.py:541} INFO - Filling up the DagBag from /workspaces/hands-on-introduction-data-engineering-4395021/airflow/dags/two_task_dag.py
[2025-04-08T18:08:13.671+0000] {processor.py:836} INFO - DAG(s) dict_keys(['two_task_dag']) retrieved from /workspaces/hands-on-introduction-data-engineering-4395021/airflow/dags/two_task_dag.py
[2025-04-08T18:08:13.690+0000] {logging_mixin.py:150} INFO - [2025-04-08T18:08:13.689+0000] {dag.py:2742} INFO - Sync 1 DAGs
[2025-04-08T18:08:13.703+0000] {logging_mixin.py:150} INFO - [2025-04-08T18:08:13.703+0000] {dag.py:3504} INFO - Setting next_dagrun for two_task_dag to None, run_after=None
[2025-04-08T18:08:13.717+0000] {processor.py:179} INFO - Processing /workspaces/hands-on-introduction-data-engineering-4395021/airflow/dags/two_task_dag.py took 0.060 seconds
[2025-04-08T18:08:43.852+0000] {processor.py:157} INFO - Started process (PID=34209) to work on /workspaces/hands-on-introduction-data-engineering-4395021/airflow/dags/two_task_dag.py
[2025-04-08T18:08:43.853+0000] {processor.py:826} INFO - Processing file /workspaces/hands-on-introduction-data-engineering-4395021/airflow/dags/two_task_dag.py for tasks to queue
[2025-04-08T18:08:43.854+0000] {logging_mixin.py:150} INFO - [2025-04-08T18:08:43.853+0000] {dagbag.py:541} INFO - Filling up the DagBag from /workspaces/hands-on-introduction-data-engineering-4395021/airflow/dags/two_task_dag.py
[2025-04-08T18:08:43.861+0000] {processor.py:836} INFO - DAG(s) dict_keys(['two_task_dag']) retrieved from /workspaces/hands-on-introduction-data-engineering-4395021/airflow/dags/two_task_dag.py
[2025-04-08T18:08:43.882+0000] {logging_mixin.py:150} INFO - [2025-04-08T18:08:43.881+0000] {dag.py:2742} INFO - Sync 1 DAGs
[2025-04-08T18:08:43.895+0000] {logging_mixin.py:150} INFO - [2025-04-08T18:08:43.895+0000] {dag.py:3504} INFO - Setting next_dagrun for two_task_dag to None, run_after=None
[2025-04-08T18:08:43.908+0000] {processor.py:179} INFO - Processing /workspaces/hands-on-introduction-data-engineering-4395021/airflow/dags/two_task_dag.py took 0.058 seconds
[2025-04-08T18:09:14.036+0000] {processor.py:157} INFO - Started process (PID=34380) to work on /workspaces/hands-on-introduction-data-engineering-4395021/airflow/dags/two_task_dag.py
[2025-04-08T18:09:14.037+0000] {processor.py:826} INFO - Processing file /workspaces/hands-on-introduction-data-engineering-4395021/airflow/dags/two_task_dag.py for tasks to queue
[2025-04-08T18:09:14.038+0000] {logging_mixin.py:150} INFO - [2025-04-08T18:09:14.038+0000] {dagbag.py:541} INFO - Filling up the DagBag from /workspaces/hands-on-introduction-data-engineering-4395021/airflow/dags/two_task_dag.py
[2025-04-08T18:09:14.045+0000] {processor.py:836} INFO - DAG(s) dict_keys(['two_task_dag']) retrieved from /workspaces/hands-on-introduction-data-engineering-4395021/airflow/dags/two_task_dag.py
[2025-04-08T18:09:14.063+0000] {logging_mixin.py:150} INFO - [2025-04-08T18:09:14.063+0000] {dag.py:2742} INFO - Sync 1 DAGs
[2025-04-08T18:09:14.076+0000] {logging_mixin.py:150} INFO - [2025-04-08T18:09:14.076+0000] {dag.py:3504} INFO - Setting next_dagrun for two_task_dag to None, run_after=None
[2025-04-08T18:09:14.092+0000] {processor.py:179} INFO - Processing /workspaces/hands-on-introduction-data-engineering-4395021/airflow/dags/two_task_dag.py took 0.058 seconds
[2025-04-08T18:09:44.216+0000] {processor.py:157} INFO - Started process (PID=34550) to work on /workspaces/hands-on-introduction-data-engineering-4395021/airflow/dags/two_task_dag.py
[2025-04-08T18:09:44.217+0000] {processor.py:826} INFO - Processing file /workspaces/hands-on-introduction-data-engineering-4395021/airflow/dags/two_task_dag.py for tasks to queue
[2025-04-08T18:09:44.218+0000] {logging_mixin.py:150} INFO - [2025-04-08T18:09:44.217+0000] {dagbag.py:541} INFO - Filling up the DagBag from /workspaces/hands-on-introduction-data-engineering-4395021/airflow/dags/two_task_dag.py
[2025-04-08T18:09:44.225+0000] {processor.py:836} INFO - DAG(s) dict_keys(['two_task_dag']) retrieved from /workspaces/hands-on-introduction-data-engineering-4395021/airflow/dags/two_task_dag.py
[2025-04-08T18:09:44.243+0000] {logging_mixin.py:150} INFO - [2025-04-08T18:09:44.243+0000] {dag.py:2742} INFO - Sync 1 DAGs
[2025-04-08T18:09:44.256+0000] {logging_mixin.py:150} INFO - [2025-04-08T18:09:44.256+0000] {dag.py:3504} INFO - Setting next_dagrun for two_task_dag to None, run_after=None
[2025-04-08T18:09:44.269+0000] {processor.py:179} INFO - Processing /workspaces/hands-on-introduction-data-engineering-4395021/airflow/dags/two_task_dag.py took 0.056 seconds
[2025-04-08T18:10:14.400+0000] {processor.py:157} INFO - Started process (PID=34726) to work on /workspaces/hands-on-introduction-data-engineering-4395021/airflow/dags/two_task_dag.py
[2025-04-08T18:10:14.401+0000] {processor.py:826} INFO - Processing file /workspaces/hands-on-introduction-data-engineering-4395021/airflow/dags/two_task_dag.py for tasks to queue
[2025-04-08T18:10:14.402+0000] {logging_mixin.py:150} INFO - [2025-04-08T18:10:14.401+0000] {dagbag.py:541} INFO - Filling up the DagBag from /workspaces/hands-on-introduction-data-engineering-4395021/airflow/dags/two_task_dag.py
[2025-04-08T18:10:14.409+0000] {processor.py:836} INFO - DAG(s) dict_keys(['two_task_dag']) retrieved from /workspaces/hands-on-introduction-data-engineering-4395021/airflow/dags/two_task_dag.py
[2025-04-08T18:10:14.426+0000] {logging_mixin.py:150} INFO - [2025-04-08T18:10:14.426+0000] {dag.py:2742} INFO - Sync 1 DAGs
[2025-04-08T18:10:14.443+0000] {logging_mixin.py:150} INFO - [2025-04-08T18:10:14.442+0000] {dag.py:3504} INFO - Setting next_dagrun for two_task_dag to None, run_after=None
[2025-04-08T18:10:14.460+0000] {processor.py:179} INFO - Processing /workspaces/hands-on-introduction-data-engineering-4395021/airflow/dags/two_task_dag.py took 0.063 seconds
[2025-04-08T18:10:44.588+0000] {processor.py:157} INFO - Started process (PID=34896) to work on /workspaces/hands-on-introduction-data-engineering-4395021/airflow/dags/two_task_dag.py
[2025-04-08T18:10:44.589+0000] {processor.py:826} INFO - Processing file /workspaces/hands-on-introduction-data-engineering-4395021/airflow/dags/two_task_dag.py for tasks to queue
[2025-04-08T18:10:44.589+0000] {logging_mixin.py:150} INFO - [2025-04-08T18:10:44.589+0000] {dagbag.py:541} INFO - Filling up the DagBag from /workspaces/hands-on-introduction-data-engineering-4395021/airflow/dags/two_task_dag.py
[2025-04-08T18:10:44.597+0000] {processor.py:836} INFO - DAG(s) dict_keys(['two_task_dag']) retrieved from /workspaces/hands-on-introduction-data-engineering-4395021/airflow/dags/two_task_dag.py
[2025-04-08T18:10:44.615+0000] {logging_mixin.py:150} INFO - [2025-04-08T18:10:44.615+0000] {dag.py:2742} INFO - Sync 1 DAGs
[2025-04-08T18:10:44.635+0000] {logging_mixin.py:150} INFO - [2025-04-08T18:10:44.635+0000] {dag.py:3504} INFO - Setting next_dagrun for two_task_dag to None, run_after=None
[2025-04-08T18:10:44.649+0000] {processor.py:179} INFO - Processing /workspaces/hands-on-introduction-data-engineering-4395021/airflow/dags/two_task_dag.py took 0.064 seconds
[2025-04-08T18:11:14.813+0000] {processor.py:157} INFO - Started process (PID=35072) to work on /workspaces/hands-on-introduction-data-engineering-4395021/airflow/dags/two_task_dag.py
[2025-04-08T18:11:14.813+0000] {processor.py:826} INFO - Processing file /workspaces/hands-on-introduction-data-engineering-4395021/airflow/dags/two_task_dag.py for tasks to queue
[2025-04-08T18:11:14.814+0000] {logging_mixin.py:150} INFO - [2025-04-08T18:11:14.814+0000] {dagbag.py:541} INFO - Filling up the DagBag from /workspaces/hands-on-introduction-data-engineering-4395021/airflow/dags/two_task_dag.py
[2025-04-08T18:11:14.822+0000] {processor.py:836} INFO - DAG(s) dict_keys(['two_task_dag']) retrieved from /workspaces/hands-on-introduction-data-engineering-4395021/airflow/dags/two_task_dag.py
[2025-04-08T18:11:14.840+0000] {logging_mixin.py:150} INFO - [2025-04-08T18:11:14.840+0000] {dag.py:2742} INFO - Sync 1 DAGs
[2025-04-08T18:11:14.854+0000] {logging_mixin.py:150} INFO - [2025-04-08T18:11:14.854+0000] {dag.py:3504} INFO - Setting next_dagrun for two_task_dag to None, run_after=None
[2025-04-08T18:11:14.867+0000] {processor.py:179} INFO - Processing /workspaces/hands-on-introduction-data-engineering-4395021/airflow/dags/two_task_dag.py took 0.057 seconds
[2025-04-08T18:11:45.103+0000] {processor.py:157} INFO - Started process (PID=35248) to work on /workspaces/hands-on-introduction-data-engineering-4395021/airflow/dags/two_task_dag.py
[2025-04-08T18:11:45.104+0000] {processor.py:826} INFO - Processing file /workspaces/hands-on-introduction-data-engineering-4395021/airflow/dags/two_task_dag.py for tasks to queue
[2025-04-08T18:11:45.105+0000] {logging_mixin.py:150} INFO - [2025-04-08T18:11:45.104+0000] {dagbag.py:541} INFO - Filling up the DagBag from /workspaces/hands-on-introduction-data-engineering-4395021/airflow/dags/two_task_dag.py
[2025-04-08T18:11:45.112+0000] {processor.py:836} INFO - DAG(s) dict_keys(['two_task_dag']) retrieved from /workspaces/hands-on-introduction-data-engineering-4395021/airflow/dags/two_task_dag.py
[2025-04-08T18:11:45.129+0000] {logging_mixin.py:150} INFO - [2025-04-08T18:11:45.129+0000] {dag.py:2742} INFO - Sync 1 DAGs
[2025-04-08T18:11:45.143+0000] {logging_mixin.py:150} INFO - [2025-04-08T18:11:45.143+0000] {dag.py:3504} INFO - Setting next_dagrun for two_task_dag to None, run_after=None
[2025-04-08T18:11:45.156+0000] {processor.py:179} INFO - Processing /workspaces/hands-on-introduction-data-engineering-4395021/airflow/dags/two_task_dag.py took 0.056 seconds
[2025-04-08T18:12:15.282+0000] {processor.py:157} INFO - Started process (PID=35412) to work on /workspaces/hands-on-introduction-data-engineering-4395021/airflow/dags/two_task_dag.py
[2025-04-08T18:12:15.283+0000] {processor.py:826} INFO - Processing file /workspaces/hands-on-introduction-data-engineering-4395021/airflow/dags/two_task_dag.py for tasks to queue
[2025-04-08T18:12:15.284+0000] {logging_mixin.py:150} INFO - [2025-04-08T18:12:15.283+0000] {dagbag.py:541} INFO - Filling up the DagBag from /workspaces/hands-on-introduction-data-engineering-4395021/airflow/dags/two_task_dag.py
[2025-04-08T18:12:15.291+0000] {processor.py:836} INFO - DAG(s) dict_keys(['two_task_dag']) retrieved from /workspaces/hands-on-introduction-data-engineering-4395021/airflow/dags/two_task_dag.py
[2025-04-08T18:12:15.309+0000] {logging_mixin.py:150} INFO - [2025-04-08T18:12:15.309+0000] {dag.py:2742} INFO - Sync 1 DAGs
[2025-04-08T18:12:15.322+0000] {logging_mixin.py:150} INFO - [2025-04-08T18:12:15.322+0000] {dag.py:3504} INFO - Setting next_dagrun for two_task_dag to None, run_after=None
[2025-04-08T18:12:15.336+0000] {processor.py:179} INFO - Processing /workspaces/hands-on-introduction-data-engineering-4395021/airflow/dags/two_task_dag.py took 0.057 seconds
[2025-04-08T18:12:45.574+0000] {processor.py:157} INFO - Started process (PID=35588) to work on /workspaces/hands-on-introduction-data-engineering-4395021/airflow/dags/two_task_dag.py
[2025-04-08T18:12:45.574+0000] {processor.py:826} INFO - Processing file /workspaces/hands-on-introduction-data-engineering-4395021/airflow/dags/two_task_dag.py for tasks to queue
[2025-04-08T18:12:45.575+0000] {logging_mixin.py:150} INFO - [2025-04-08T18:12:45.575+0000] {dagbag.py:541} INFO - Filling up the DagBag from /workspaces/hands-on-introduction-data-engineering-4395021/airflow/dags/two_task_dag.py
[2025-04-08T18:12:45.582+0000] {processor.py:836} INFO - DAG(s) dict_keys(['two_task_dag']) retrieved from /workspaces/hands-on-introduction-data-engineering-4395021/airflow/dags/two_task_dag.py
[2025-04-08T18:12:45.600+0000] {logging_mixin.py:150} INFO - [2025-04-08T18:12:45.600+0000] {dag.py:2742} INFO - Sync 1 DAGs
[2025-04-08T18:12:45.613+0000] {logging_mixin.py:150} INFO - [2025-04-08T18:12:45.613+0000] {dag.py:3504} INFO - Setting next_dagrun for two_task_dag to None, run_after=None
[2025-04-08T18:12:45.627+0000] {processor.py:179} INFO - Processing /workspaces/hands-on-introduction-data-engineering-4395021/airflow/dags/two_task_dag.py took 0.055 seconds
[2025-04-08T18:13:15.847+0000] {processor.py:157} INFO - Started process (PID=35759) to work on /workspaces/hands-on-introduction-data-engineering-4395021/airflow/dags/two_task_dag.py
[2025-04-08T18:13:15.848+0000] {processor.py:826} INFO - Processing file /workspaces/hands-on-introduction-data-engineering-4395021/airflow/dags/two_task_dag.py for tasks to queue
[2025-04-08T18:13:15.849+0000] {logging_mixin.py:150} INFO - [2025-04-08T18:13:15.848+0000] {dagbag.py:541} INFO - Filling up the DagBag from /workspaces/hands-on-introduction-data-engineering-4395021/airflow/dags/two_task_dag.py
[2025-04-08T18:13:15.856+0000] {processor.py:836} INFO - DAG(s) dict_keys(['two_task_dag']) retrieved from /workspaces/hands-on-introduction-data-engineering-4395021/airflow/dags/two_task_dag.py
[2025-04-08T18:13:15.875+0000] {logging_mixin.py:150} INFO - [2025-04-08T18:13:15.875+0000] {dag.py:2742} INFO - Sync 1 DAGs
[2025-04-08T18:13:15.888+0000] {logging_mixin.py:150} INFO - [2025-04-08T18:13:15.888+0000] {dag.py:3504} INFO - Setting next_dagrun for two_task_dag to None, run_after=None
[2025-04-08T18:13:15.902+0000] {processor.py:179} INFO - Processing /workspaces/hands-on-introduction-data-engineering-4395021/airflow/dags/two_task_dag.py took 0.057 seconds
[2025-04-08T18:13:46.135+0000] {processor.py:157} INFO - Started process (PID=35935) to work on /workspaces/hands-on-introduction-data-engineering-4395021/airflow/dags/two_task_dag.py
[2025-04-08T18:13:46.136+0000] {processor.py:826} INFO - Processing file /workspaces/hands-on-introduction-data-engineering-4395021/airflow/dags/two_task_dag.py for tasks to queue
[2025-04-08T18:13:46.137+0000] {logging_mixin.py:150} INFO - [2025-04-08T18:13:46.137+0000] {dagbag.py:541} INFO - Filling up the DagBag from /workspaces/hands-on-introduction-data-engineering-4395021/airflow/dags/two_task_dag.py
[2025-04-08T18:13:46.144+0000] {processor.py:836} INFO - DAG(s) dict_keys(['two_task_dag']) retrieved from /workspaces/hands-on-introduction-data-engineering-4395021/airflow/dags/two_task_dag.py
[2025-04-08T18:13:46.162+0000] {logging_mixin.py:150} INFO - [2025-04-08T18:13:46.162+0000] {dag.py:2742} INFO - Sync 1 DAGs
[2025-04-08T18:13:46.176+0000] {logging_mixin.py:150} INFO - [2025-04-08T18:13:46.176+0000] {dag.py:3504} INFO - Setting next_dagrun for two_task_dag to None, run_after=None
[2025-04-08T18:13:46.189+0000] {processor.py:179} INFO - Processing /workspaces/hands-on-introduction-data-engineering-4395021/airflow/dags/two_task_dag.py took 0.056 seconds
[2025-04-08T18:14:16.299+0000] {processor.py:157} INFO - Started process (PID=36111) to work on /workspaces/hands-on-introduction-data-engineering-4395021/airflow/dags/two_task_dag.py
[2025-04-08T18:14:16.300+0000] {processor.py:826} INFO - Processing file /workspaces/hands-on-introduction-data-engineering-4395021/airflow/dags/two_task_dag.py for tasks to queue
[2025-04-08T18:14:16.301+0000] {logging_mixin.py:150} INFO - [2025-04-08T18:14:16.301+0000] {dagbag.py:541} INFO - Filling up the DagBag from /workspaces/hands-on-introduction-data-engineering-4395021/airflow/dags/two_task_dag.py
[2025-04-08T18:14:16.309+0000] {processor.py:836} INFO - DAG(s) dict_keys(['two_task_dag']) retrieved from /workspaces/hands-on-introduction-data-engineering-4395021/airflow/dags/two_task_dag.py
[2025-04-08T18:14:16.326+0000] {logging_mixin.py:150} INFO - [2025-04-08T18:14:16.326+0000] {dag.py:2742} INFO - Sync 1 DAGs
[2025-04-08T18:14:16.339+0000] {logging_mixin.py:150} INFO - [2025-04-08T18:14:16.339+0000] {dag.py:3504} INFO - Setting next_dagrun for two_task_dag to None, run_after=None
[2025-04-08T18:14:16.353+0000] {processor.py:179} INFO - Processing /workspaces/hands-on-introduction-data-engineering-4395021/airflow/dags/two_task_dag.py took 0.056 seconds
[2025-04-08T18:14:46.461+0000] {processor.py:157} INFO - Started process (PID=36281) to work on /workspaces/hands-on-introduction-data-engineering-4395021/airflow/dags/two_task_dag.py
[2025-04-08T18:14:46.461+0000] {processor.py:826} INFO - Processing file /workspaces/hands-on-introduction-data-engineering-4395021/airflow/dags/two_task_dag.py for tasks to queue
[2025-04-08T18:14:46.462+0000] {logging_mixin.py:150} INFO - [2025-04-08T18:14:46.462+0000] {dagbag.py:541} INFO - Filling up the DagBag from /workspaces/hands-on-introduction-data-engineering-4395021/airflow/dags/two_task_dag.py
[2025-04-08T18:14:46.470+0000] {processor.py:836} INFO - DAG(s) dict_keys(['two_task_dag']) retrieved from /workspaces/hands-on-introduction-data-engineering-4395021/airflow/dags/two_task_dag.py
[2025-04-08T18:14:46.487+0000] {logging_mixin.py:150} INFO - [2025-04-08T18:14:46.487+0000] {dag.py:2742} INFO - Sync 1 DAGs
[2025-04-08T18:14:46.501+0000] {logging_mixin.py:150} INFO - [2025-04-08T18:14:46.501+0000] {dag.py:3504} INFO - Setting next_dagrun for two_task_dag to None, run_after=None
[2025-04-08T18:14:46.515+0000] {processor.py:179} INFO - Processing /workspaces/hands-on-introduction-data-engineering-4395021/airflow/dags/two_task_dag.py took 0.057 seconds
[2025-04-08T18:15:16.625+0000] {processor.py:157} INFO - Started process (PID=36457) to work on /workspaces/hands-on-introduction-data-engineering-4395021/airflow/dags/two_task_dag.py
[2025-04-08T18:15:16.626+0000] {processor.py:826} INFO - Processing file /workspaces/hands-on-introduction-data-engineering-4395021/airflow/dags/two_task_dag.py for tasks to queue
[2025-04-08T18:15:16.627+0000] {logging_mixin.py:150} INFO - [2025-04-08T18:15:16.626+0000] {dagbag.py:541} INFO - Filling up the DagBag from /workspaces/hands-on-introduction-data-engineering-4395021/airflow/dags/two_task_dag.py
[2025-04-08T18:15:16.634+0000] {processor.py:836} INFO - DAG(s) dict_keys(['two_task_dag']) retrieved from /workspaces/hands-on-introduction-data-engineering-4395021/airflow/dags/two_task_dag.py
[2025-04-08T18:15:16.652+0000] {logging_mixin.py:150} INFO - [2025-04-08T18:15:16.652+0000] {dag.py:2742} INFO - Sync 1 DAGs
[2025-04-08T18:15:16.666+0000] {logging_mixin.py:150} INFO - [2025-04-08T18:15:16.666+0000] {dag.py:3504} INFO - Setting next_dagrun for two_task_dag to None, run_after=None
[2025-04-08T18:15:16.680+0000] {processor.py:179} INFO - Processing /workspaces/hands-on-introduction-data-engineering-4395021/airflow/dags/two_task_dag.py took 0.057 seconds
[2025-04-08T18:15:46.794+0000] {processor.py:157} INFO - Started process (PID=36621) to work on /workspaces/hands-on-introduction-data-engineering-4395021/airflow/dags/two_task_dag.py
[2025-04-08T18:15:46.794+0000] {processor.py:826} INFO - Processing file /workspaces/hands-on-introduction-data-engineering-4395021/airflow/dags/two_task_dag.py for tasks to queue
[2025-04-08T18:15:46.795+0000] {logging_mixin.py:150} INFO - [2025-04-08T18:15:46.795+0000] {dagbag.py:541} INFO - Filling up the DagBag from /workspaces/hands-on-introduction-data-engineering-4395021/airflow/dags/two_task_dag.py
[2025-04-08T18:15:46.802+0000] {processor.py:836} INFO - DAG(s) dict_keys(['two_task_dag']) retrieved from /workspaces/hands-on-introduction-data-engineering-4395021/airflow/dags/two_task_dag.py
[2025-04-08T18:15:46.819+0000] {logging_mixin.py:150} INFO - [2025-04-08T18:15:46.819+0000] {dag.py:2742} INFO - Sync 1 DAGs
[2025-04-08T18:15:46.833+0000] {logging_mixin.py:150} INFO - [2025-04-08T18:15:46.833+0000] {dag.py:3504} INFO - Setting next_dagrun for two_task_dag to None, run_after=None
[2025-04-08T18:15:46.846+0000] {processor.py:179} INFO - Processing /workspaces/hands-on-introduction-data-engineering-4395021/airflow/dags/two_task_dag.py took 0.055 seconds
[2025-04-08T18:16:16.975+0000] {processor.py:157} INFO - Started process (PID=36798) to work on /workspaces/hands-on-introduction-data-engineering-4395021/airflow/dags/two_task_dag.py
[2025-04-08T18:16:16.976+0000] {processor.py:826} INFO - Processing file /workspaces/hands-on-introduction-data-engineering-4395021/airflow/dags/two_task_dag.py for tasks to queue
[2025-04-08T18:16:16.977+0000] {logging_mixin.py:150} INFO - [2025-04-08T18:16:16.976+0000] {dagbag.py:541} INFO - Filling up the DagBag from /workspaces/hands-on-introduction-data-engineering-4395021/airflow/dags/two_task_dag.py
[2025-04-08T18:16:16.984+0000] {processor.py:836} INFO - DAG(s) dict_keys(['two_task_dag']) retrieved from /workspaces/hands-on-introduction-data-engineering-4395021/airflow/dags/two_task_dag.py
[2025-04-08T18:16:17.003+0000] {logging_mixin.py:150} INFO - [2025-04-08T18:16:17.003+0000] {dag.py:2742} INFO - Sync 1 DAGs
[2025-04-08T18:16:17.017+0000] {logging_mixin.py:150} INFO - [2025-04-08T18:16:17.017+0000] {dag.py:3504} INFO - Setting next_dagrun for two_task_dag to None, run_after=None
[2025-04-08T18:16:17.031+0000] {processor.py:179} INFO - Processing /workspaces/hands-on-introduction-data-engineering-4395021/airflow/dags/two_task_dag.py took 0.059 seconds
[2025-04-08T18:16:47.617+0000] {processor.py:157} INFO - Started process (PID=36974) to work on /workspaces/hands-on-introduction-data-engineering-4395021/airflow/dags/two_task_dag.py
[2025-04-08T18:16:47.618+0000] {processor.py:826} INFO - Processing file /workspaces/hands-on-introduction-data-engineering-4395021/airflow/dags/two_task_dag.py for tasks to queue
[2025-04-08T18:16:47.618+0000] {logging_mixin.py:150} INFO - [2025-04-08T18:16:47.618+0000] {dagbag.py:541} INFO - Filling up the DagBag from /workspaces/hands-on-introduction-data-engineering-4395021/airflow/dags/two_task_dag.py
[2025-04-08T18:16:47.626+0000] {processor.py:836} INFO - DAG(s) dict_keys(['two_task_dag']) retrieved from /workspaces/hands-on-introduction-data-engineering-4395021/airflow/dags/two_task_dag.py
[2025-04-08T18:16:47.643+0000] {logging_mixin.py:150} INFO - [2025-04-08T18:16:47.643+0000] {dag.py:2742} INFO - Sync 1 DAGs
[2025-04-08T18:16:47.656+0000] {logging_mixin.py:150} INFO - [2025-04-08T18:16:47.656+0000] {dag.py:3504} INFO - Setting next_dagrun for two_task_dag to None, run_after=None
[2025-04-08T18:16:47.669+0000] {processor.py:179} INFO - Processing /workspaces/hands-on-introduction-data-engineering-4395021/airflow/dags/two_task_dag.py took 0.055 seconds
[2025-04-08T18:17:18.381+0000] {processor.py:157} INFO - Started process (PID=37145) to work on /workspaces/hands-on-introduction-data-engineering-4395021/airflow/dags/two_task_dag.py
[2025-04-08T18:17:18.382+0000] {processor.py:826} INFO - Processing file /workspaces/hands-on-introduction-data-engineering-4395021/airflow/dags/two_task_dag.py for tasks to queue
[2025-04-08T18:17:18.383+0000] {logging_mixin.py:150} INFO - [2025-04-08T18:17:18.383+0000] {dagbag.py:541} INFO - Filling up the DagBag from /workspaces/hands-on-introduction-data-engineering-4395021/airflow/dags/two_task_dag.py
[2025-04-08T18:17:18.395+0000] {processor.py:836} INFO - DAG(s) dict_keys(['two_task_dag']) retrieved from /workspaces/hands-on-introduction-data-engineering-4395021/airflow/dags/two_task_dag.py
[2025-04-08T18:17:18.418+0000] {logging_mixin.py:150} INFO - [2025-04-08T18:17:18.418+0000] {dag.py:2742} INFO - Sync 1 DAGs
[2025-04-08T18:17:18.432+0000] {logging_mixin.py:150} INFO - [2025-04-08T18:17:18.431+0000] {dag.py:3504} INFO - Setting next_dagrun for two_task_dag to None, run_after=None
[2025-04-08T18:17:18.445+0000] {processor.py:179} INFO - Processing /workspaces/hands-on-introduction-data-engineering-4395021/airflow/dags/two_task_dag.py took 0.068 seconds
[2025-04-08T18:17:49.272+0000] {processor.py:157} INFO - Started process (PID=37328) to work on /workspaces/hands-on-introduction-data-engineering-4395021/airflow/dags/two_task_dag.py
[2025-04-08T18:17:49.273+0000] {processor.py:826} INFO - Processing file /workspaces/hands-on-introduction-data-engineering-4395021/airflow/dags/two_task_dag.py for tasks to queue
[2025-04-08T18:17:49.274+0000] {logging_mixin.py:150} INFO - [2025-04-08T18:17:49.274+0000] {dagbag.py:541} INFO - Filling up the DagBag from /workspaces/hands-on-introduction-data-engineering-4395021/airflow/dags/two_task_dag.py
[2025-04-08T18:17:49.282+0000] {processor.py:836} INFO - DAG(s) dict_keys(['two_task_dag']) retrieved from /workspaces/hands-on-introduction-data-engineering-4395021/airflow/dags/two_task_dag.py
[2025-04-08T18:17:49.299+0000] {logging_mixin.py:150} INFO - [2025-04-08T18:17:49.299+0000] {dag.py:2742} INFO - Sync 1 DAGs
[2025-04-08T18:17:49.312+0000] {logging_mixin.py:150} INFO - [2025-04-08T18:17:49.312+0000] {dag.py:3504} INFO - Setting next_dagrun for two_task_dag to None, run_after=None
[2025-04-08T18:17:49.327+0000] {processor.py:179} INFO - Processing /workspaces/hands-on-introduction-data-engineering-4395021/airflow/dags/two_task_dag.py took 0.057 seconds
[2025-04-08T18:18:19.752+0000] {processor.py:157} INFO - Started process (PID=37504) to work on /workspaces/hands-on-introduction-data-engineering-4395021/airflow/dags/two_task_dag.py
[2025-04-08T18:18:19.753+0000] {processor.py:826} INFO - Processing file /workspaces/hands-on-introduction-data-engineering-4395021/airflow/dags/two_task_dag.py for tasks to queue
[2025-04-08T18:18:19.754+0000] {logging_mixin.py:150} INFO - [2025-04-08T18:18:19.753+0000] {dagbag.py:541} INFO - Filling up the DagBag from /workspaces/hands-on-introduction-data-engineering-4395021/airflow/dags/two_task_dag.py
[2025-04-08T18:18:19.761+0000] {processor.py:836} INFO - DAG(s) dict_keys(['two_task_dag']) retrieved from /workspaces/hands-on-introduction-data-engineering-4395021/airflow/dags/two_task_dag.py
[2025-04-08T18:18:19.778+0000] {logging_mixin.py:150} INFO - [2025-04-08T18:18:19.778+0000] {dag.py:2742} INFO - Sync 1 DAGs
[2025-04-08T18:18:19.792+0000] {logging_mixin.py:150} INFO - [2025-04-08T18:18:19.791+0000] {dag.py:3504} INFO - Setting next_dagrun for two_task_dag to None, run_after=None
[2025-04-08T18:18:19.806+0000] {processor.py:179} INFO - Processing /workspaces/hands-on-introduction-data-engineering-4395021/airflow/dags/two_task_dag.py took 0.056 seconds
[2025-04-08T18:18:50.322+0000] {processor.py:157} INFO - Started process (PID=37675) to work on /workspaces/hands-on-introduction-data-engineering-4395021/airflow/dags/two_task_dag.py
[2025-04-08T18:18:50.323+0000] {processor.py:826} INFO - Processing file /workspaces/hands-on-introduction-data-engineering-4395021/airflow/dags/two_task_dag.py for tasks to queue
[2025-04-08T18:18:50.324+0000] {logging_mixin.py:150} INFO - [2025-04-08T18:18:50.323+0000] {dagbag.py:541} INFO - Filling up the DagBag from /workspaces/hands-on-introduction-data-engineering-4395021/airflow/dags/two_task_dag.py
[2025-04-08T18:18:50.331+0000] {processor.py:836} INFO - DAG(s) dict_keys(['two_task_dag']) retrieved from /workspaces/hands-on-introduction-data-engineering-4395021/airflow/dags/two_task_dag.py
[2025-04-08T18:18:50.348+0000] {logging_mixin.py:150} INFO - [2025-04-08T18:18:50.348+0000] {dag.py:2742} INFO - Sync 1 DAGs
[2025-04-08T18:18:50.362+0000] {logging_mixin.py:150} INFO - [2025-04-08T18:18:50.362+0000] {dag.py:3504} INFO - Setting next_dagrun for two_task_dag to None, run_after=None
[2025-04-08T18:18:50.374+0000] {processor.py:179} INFO - Processing /workspaces/hands-on-introduction-data-engineering-4395021/airflow/dags/two_task_dag.py took 0.055 seconds
[2025-04-08T18:19:20.745+0000] {processor.py:157} INFO - Started process (PID=37852) to work on /workspaces/hands-on-introduction-data-engineering-4395021/airflow/dags/two_task_dag.py
[2025-04-08T18:19:20.746+0000] {processor.py:826} INFO - Processing file /workspaces/hands-on-introduction-data-engineering-4395021/airflow/dags/two_task_dag.py for tasks to queue
[2025-04-08T18:19:20.747+0000] {logging_mixin.py:150} INFO - [2025-04-08T18:19:20.747+0000] {dagbag.py:541} INFO - Filling up the DagBag from /workspaces/hands-on-introduction-data-engineering-4395021/airflow/dags/two_task_dag.py
[2025-04-08T18:19:20.754+0000] {processor.py:836} INFO - DAG(s) dict_keys(['two_task_dag']) retrieved from /workspaces/hands-on-introduction-data-engineering-4395021/airflow/dags/two_task_dag.py
[2025-04-08T18:19:20.772+0000] {logging_mixin.py:150} INFO - [2025-04-08T18:19:20.772+0000] {dag.py:2742} INFO - Sync 1 DAGs
[2025-04-08T18:19:20.786+0000] {logging_mixin.py:150} INFO - [2025-04-08T18:19:20.786+0000] {dag.py:3504} INFO - Setting next_dagrun for two_task_dag to None, run_after=None
[2025-04-08T18:19:20.800+0000] {processor.py:179} INFO - Processing /workspaces/hands-on-introduction-data-engineering-4395021/airflow/dags/two_task_dag.py took 0.057 seconds
[2025-04-08T18:19:50.908+0000] {processor.py:157} INFO - Started process (PID=38023) to work on /workspaces/hands-on-introduction-data-engineering-4395021/airflow/dags/two_task_dag.py
[2025-04-08T18:19:50.909+0000] {processor.py:826} INFO - Processing file /workspaces/hands-on-introduction-data-engineering-4395021/airflow/dags/two_task_dag.py for tasks to queue
[2025-04-08T18:19:50.910+0000] {logging_mixin.py:150} INFO - [2025-04-08T18:19:50.909+0000] {dagbag.py:541} INFO - Filling up the DagBag from /workspaces/hands-on-introduction-data-engineering-4395021/airflow/dags/two_task_dag.py
[2025-04-08T18:19:50.920+0000] {processor.py:836} INFO - DAG(s) dict_keys(['two_task_dag']) retrieved from /workspaces/hands-on-introduction-data-engineering-4395021/airflow/dags/two_task_dag.py
[2025-04-08T18:19:50.942+0000] {logging_mixin.py:150} INFO - [2025-04-08T18:19:50.941+0000] {dag.py:2742} INFO - Sync 1 DAGs
[2025-04-08T18:19:50.955+0000] {logging_mixin.py:150} INFO - [2025-04-08T18:19:50.954+0000] {dag.py:3504} INFO - Setting next_dagrun for two_task_dag to None, run_after=None
[2025-04-08T18:19:50.967+0000] {processor.py:179} INFO - Processing /workspaces/hands-on-introduction-data-engineering-4395021/airflow/dags/two_task_dag.py took 0.063 seconds
[2025-04-08T18:20:21.062+0000] {processor.py:157} INFO - Started process (PID=38192) to work on /workspaces/hands-on-introduction-data-engineering-4395021/airflow/dags/two_task_dag.py
[2025-04-08T18:20:21.063+0000] {processor.py:826} INFO - Processing file /workspaces/hands-on-introduction-data-engineering-4395021/airflow/dags/two_task_dag.py for tasks to queue
[2025-04-08T18:20:21.063+0000] {logging_mixin.py:150} INFO - [2025-04-08T18:20:21.063+0000] {dagbag.py:541} INFO - Filling up the DagBag from /workspaces/hands-on-introduction-data-engineering-4395021/airflow/dags/two_task_dag.py
[2025-04-08T18:20:21.070+0000] {processor.py:836} INFO - DAG(s) dict_keys(['two_task_dag']) retrieved from /workspaces/hands-on-introduction-data-engineering-4395021/airflow/dags/two_task_dag.py
[2025-04-08T18:20:21.088+0000] {logging_mixin.py:150} INFO - [2025-04-08T18:20:21.088+0000] {dag.py:2742} INFO - Sync 1 DAGs
[2025-04-08T18:20:21.102+0000] {logging_mixin.py:150} INFO - [2025-04-08T18:20:21.102+0000] {dag.py:3504} INFO - Setting next_dagrun for two_task_dag to None, run_after=None
[2025-04-08T18:20:21.115+0000] {processor.py:179} INFO - Processing /workspaces/hands-on-introduction-data-engineering-4395021/airflow/dags/two_task_dag.py took 0.057 seconds
[2025-04-08T18:20:51.219+0000] {processor.py:157} INFO - Started process (PID=38368) to work on /workspaces/hands-on-introduction-data-engineering-4395021/airflow/dags/two_task_dag.py
[2025-04-08T18:20:51.220+0000] {processor.py:826} INFO - Processing file /workspaces/hands-on-introduction-data-engineering-4395021/airflow/dags/two_task_dag.py for tasks to queue
[2025-04-08T18:20:51.221+0000] {logging_mixin.py:150} INFO - [2025-04-08T18:20:51.220+0000] {dagbag.py:541} INFO - Filling up the DagBag from /workspaces/hands-on-introduction-data-engineering-4395021/airflow/dags/two_task_dag.py
[2025-04-08T18:20:51.229+0000] {processor.py:836} INFO - DAG(s) dict_keys(['two_task_dag']) retrieved from /workspaces/hands-on-introduction-data-engineering-4395021/airflow/dags/two_task_dag.py
[2025-04-08T18:20:51.246+0000] {logging_mixin.py:150} INFO - [2025-04-08T18:20:51.246+0000] {dag.py:2742} INFO - Sync 1 DAGs
[2025-04-08T18:20:51.260+0000] {logging_mixin.py:150} INFO - [2025-04-08T18:20:51.260+0000] {dag.py:3504} INFO - Setting next_dagrun for two_task_dag to None, run_after=None
[2025-04-08T18:20:51.273+0000] {processor.py:179} INFO - Processing /workspaces/hands-on-introduction-data-engineering-4395021/airflow/dags/two_task_dag.py took 0.057 seconds
[2025-04-08T18:21:21.375+0000] {processor.py:157} INFO - Started process (PID=38539) to work on /workspaces/hands-on-introduction-data-engineering-4395021/airflow/dags/two_task_dag.py
[2025-04-08T18:21:21.376+0000] {processor.py:826} INFO - Processing file /workspaces/hands-on-introduction-data-engineering-4395021/airflow/dags/two_task_dag.py for tasks to queue
[2025-04-08T18:21:21.377+0000] {logging_mixin.py:150} INFO - [2025-04-08T18:21:21.377+0000] {dagbag.py:541} INFO - Filling up the DagBag from /workspaces/hands-on-introduction-data-engineering-4395021/airflow/dags/two_task_dag.py
[2025-04-08T18:21:21.384+0000] {processor.py:836} INFO - DAG(s) dict_keys(['two_task_dag']) retrieved from /workspaces/hands-on-introduction-data-engineering-4395021/airflow/dags/two_task_dag.py
[2025-04-08T18:21:21.402+0000] {logging_mixin.py:150} INFO - [2025-04-08T18:21:21.401+0000] {dag.py:2742} INFO - Sync 1 DAGs
[2025-04-08T18:21:21.415+0000] {logging_mixin.py:150} INFO - [2025-04-08T18:21:21.415+0000] {dag.py:3504} INFO - Setting next_dagrun for two_task_dag to None, run_after=None
[2025-04-08T18:21:21.428+0000] {processor.py:179} INFO - Processing /workspaces/hands-on-introduction-data-engineering-4395021/airflow/dags/two_task_dag.py took 0.055 seconds
[2025-04-08T18:21:51.533+0000] {processor.py:157} INFO - Started process (PID=38715) to work on /workspaces/hands-on-introduction-data-engineering-4395021/airflow/dags/two_task_dag.py
[2025-04-08T18:21:51.533+0000] {processor.py:826} INFO - Processing file /workspaces/hands-on-introduction-data-engineering-4395021/airflow/dags/two_task_dag.py for tasks to queue
[2025-04-08T18:21:51.534+0000] {logging_mixin.py:150} INFO - [2025-04-08T18:21:51.534+0000] {dagbag.py:541} INFO - Filling up the DagBag from /workspaces/hands-on-introduction-data-engineering-4395021/airflow/dags/two_task_dag.py
[2025-04-08T18:21:51.542+0000] {processor.py:836} INFO - DAG(s) dict_keys(['two_task_dag']) retrieved from /workspaces/hands-on-introduction-data-engineering-4395021/airflow/dags/two_task_dag.py
[2025-04-08T18:21:51.560+0000] {logging_mixin.py:150} INFO - [2025-04-08T18:21:51.559+0000] {dag.py:2742} INFO - Sync 1 DAGs
[2025-04-08T18:21:51.573+0000] {logging_mixin.py:150} INFO - [2025-04-08T18:21:51.573+0000] {dag.py:3504} INFO - Setting next_dagrun for two_task_dag to None, run_after=None
[2025-04-08T18:21:51.587+0000] {processor.py:179} INFO - Processing /workspaces/hands-on-introduction-data-engineering-4395021/airflow/dags/two_task_dag.py took 0.057 seconds
[2025-04-08T18:22:21.691+0000] {processor.py:157} INFO - Started process (PID=38885) to work on /workspaces/hands-on-introduction-data-engineering-4395021/airflow/dags/two_task_dag.py
[2025-04-08T18:22:21.692+0000] {processor.py:826} INFO - Processing file /workspaces/hands-on-introduction-data-engineering-4395021/airflow/dags/two_task_dag.py for tasks to queue
[2025-04-08T18:22:21.692+0000] {logging_mixin.py:150} INFO - [2025-04-08T18:22:21.692+0000] {dagbag.py:541} INFO - Filling up the DagBag from /workspaces/hands-on-introduction-data-engineering-4395021/airflow/dags/two_task_dag.py
[2025-04-08T18:22:21.699+0000] {processor.py:836} INFO - DAG(s) dict_keys(['two_task_dag']) retrieved from /workspaces/hands-on-introduction-data-engineering-4395021/airflow/dags/two_task_dag.py
[2025-04-08T18:22:21.716+0000] {logging_mixin.py:150} INFO - [2025-04-08T18:22:21.716+0000] {dag.py:2742} INFO - Sync 1 DAGs
[2025-04-08T18:22:21.730+0000] {logging_mixin.py:150} INFO - [2025-04-08T18:22:21.730+0000] {dag.py:3504} INFO - Setting next_dagrun for two_task_dag to None, run_after=None
[2025-04-08T18:22:21.743+0000] {processor.py:179} INFO - Processing /workspaces/hands-on-introduction-data-engineering-4395021/airflow/dags/two_task_dag.py took 0.056 seconds
[2025-04-08T18:22:51.847+0000] {processor.py:157} INFO - Started process (PID=39055) to work on /workspaces/hands-on-introduction-data-engineering-4395021/airflow/dags/two_task_dag.py
[2025-04-08T18:22:51.848+0000] {processor.py:826} INFO - Processing file /workspaces/hands-on-introduction-data-engineering-4395021/airflow/dags/two_task_dag.py for tasks to queue
[2025-04-08T18:22:51.849+0000] {logging_mixin.py:150} INFO - [2025-04-08T18:22:51.849+0000] {dagbag.py:541} INFO - Filling up the DagBag from /workspaces/hands-on-introduction-data-engineering-4395021/airflow/dags/two_task_dag.py
[2025-04-08T18:22:51.856+0000] {processor.py:836} INFO - DAG(s) dict_keys(['two_task_dag']) retrieved from /workspaces/hands-on-introduction-data-engineering-4395021/airflow/dags/two_task_dag.py
[2025-04-08T18:22:51.874+0000] {logging_mixin.py:150} INFO - [2025-04-08T18:22:51.874+0000] {dag.py:2742} INFO - Sync 1 DAGs
[2025-04-08T18:22:51.888+0000] {logging_mixin.py:150} INFO - [2025-04-08T18:22:51.888+0000] {dag.py:3504} INFO - Setting next_dagrun for two_task_dag to None, run_after=None
[2025-04-08T18:22:51.904+0000] {processor.py:179} INFO - Processing /workspaces/hands-on-introduction-data-engineering-4395021/airflow/dags/two_task_dag.py took 0.059 seconds
[2025-04-08T18:23:22.006+0000] {processor.py:157} INFO - Started process (PID=39231) to work on /workspaces/hands-on-introduction-data-engineering-4395021/airflow/dags/two_task_dag.py
[2025-04-08T18:23:22.006+0000] {processor.py:826} INFO - Processing file /workspaces/hands-on-introduction-data-engineering-4395021/airflow/dags/two_task_dag.py for tasks to queue
[2025-04-08T18:23:22.007+0000] {logging_mixin.py:150} INFO - [2025-04-08T18:23:22.007+0000] {dagbag.py:541} INFO - Filling up the DagBag from /workspaces/hands-on-introduction-data-engineering-4395021/airflow/dags/two_task_dag.py
[2025-04-08T18:23:22.015+0000] {processor.py:836} INFO - DAG(s) dict_keys(['two_task_dag']) retrieved from /workspaces/hands-on-introduction-data-engineering-4395021/airflow/dags/two_task_dag.py
[2025-04-08T18:23:22.033+0000] {logging_mixin.py:150} INFO - [2025-04-08T18:23:22.033+0000] {dag.py:2742} INFO - Sync 1 DAGs
[2025-04-08T18:23:22.046+0000] {logging_mixin.py:150} INFO - [2025-04-08T18:23:22.046+0000] {dag.py:3504} INFO - Setting next_dagrun for two_task_dag to None, run_after=None
[2025-04-08T18:23:22.060+0000] {processor.py:179} INFO - Processing /workspaces/hands-on-introduction-data-engineering-4395021/airflow/dags/two_task_dag.py took 0.056 seconds
[2025-04-08T18:23:52.163+0000] {processor.py:157} INFO - Started process (PID=39400) to work on /workspaces/hands-on-introduction-data-engineering-4395021/airflow/dags/two_task_dag.py
[2025-04-08T18:23:52.164+0000] {processor.py:826} INFO - Processing file /workspaces/hands-on-introduction-data-engineering-4395021/airflow/dags/two_task_dag.py for tasks to queue
[2025-04-08T18:23:52.165+0000] {logging_mixin.py:150} INFO - [2025-04-08T18:23:52.165+0000] {dagbag.py:541} INFO - Filling up the DagBag from /workspaces/hands-on-introduction-data-engineering-4395021/airflow/dags/two_task_dag.py
[2025-04-08T18:23:52.172+0000] {processor.py:836} INFO - DAG(s) dict_keys(['two_task_dag']) retrieved from /workspaces/hands-on-introduction-data-engineering-4395021/airflow/dags/two_task_dag.py
[2025-04-08T18:23:52.190+0000] {logging_mixin.py:150} INFO - [2025-04-08T18:23:52.190+0000] {dag.py:2742} INFO - Sync 1 DAGs
[2025-04-08T18:23:52.204+0000] {logging_mixin.py:150} INFO - [2025-04-08T18:23:52.204+0000] {dag.py:3504} INFO - Setting next_dagrun for two_task_dag to None, run_after=None
[2025-04-08T18:23:52.217+0000] {processor.py:179} INFO - Processing /workspaces/hands-on-introduction-data-engineering-4395021/airflow/dags/two_task_dag.py took 0.056 seconds
[2025-04-08T18:24:22.321+0000] {processor.py:157} INFO - Started process (PID=39576) to work on /workspaces/hands-on-introduction-data-engineering-4395021/airflow/dags/two_task_dag.py
[2025-04-08T18:24:22.321+0000] {processor.py:826} INFO - Processing file /workspaces/hands-on-introduction-data-engineering-4395021/airflow/dags/two_task_dag.py for tasks to queue
[2025-04-08T18:24:22.322+0000] {logging_mixin.py:150} INFO - [2025-04-08T18:24:22.322+0000] {dagbag.py:541} INFO - Filling up the DagBag from /workspaces/hands-on-introduction-data-engineering-4395021/airflow/dags/two_task_dag.py
[2025-04-08T18:24:22.330+0000] {processor.py:836} INFO - DAG(s) dict_keys(['two_task_dag']) retrieved from /workspaces/hands-on-introduction-data-engineering-4395021/airflow/dags/two_task_dag.py
[2025-04-08T18:24:22.347+0000] {logging_mixin.py:150} INFO - [2025-04-08T18:24:22.347+0000] {dag.py:2742} INFO - Sync 1 DAGs
[2025-04-08T18:24:22.361+0000] {logging_mixin.py:150} INFO - [2025-04-08T18:24:22.360+0000] {dag.py:3504} INFO - Setting next_dagrun for two_task_dag to None, run_after=None
[2025-04-08T18:24:22.374+0000] {processor.py:179} INFO - Processing /workspaces/hands-on-introduction-data-engineering-4395021/airflow/dags/two_task_dag.py took 0.056 seconds
[2025-04-08T18:24:52.478+0000] {processor.py:157} INFO - Started process (PID=39746) to work on /workspaces/hands-on-introduction-data-engineering-4395021/airflow/dags/two_task_dag.py
[2025-04-08T18:24:52.478+0000] {processor.py:826} INFO - Processing file /workspaces/hands-on-introduction-data-engineering-4395021/airflow/dags/two_task_dag.py for tasks to queue
[2025-04-08T18:24:52.479+0000] {logging_mixin.py:150} INFO - [2025-04-08T18:24:52.479+0000] {dagbag.py:541} INFO - Filling up the DagBag from /workspaces/hands-on-introduction-data-engineering-4395021/airflow/dags/two_task_dag.py
[2025-04-08T18:24:52.487+0000] {processor.py:836} INFO - DAG(s) dict_keys(['two_task_dag']) retrieved from /workspaces/hands-on-introduction-data-engineering-4395021/airflow/dags/two_task_dag.py
[2025-04-08T18:24:52.504+0000] {logging_mixin.py:150} INFO - [2025-04-08T18:24:52.504+0000] {dag.py:2742} INFO - Sync 1 DAGs
[2025-04-08T18:24:52.518+0000] {logging_mixin.py:150} INFO - [2025-04-08T18:24:52.518+0000] {dag.py:3504} INFO - Setting next_dagrun for two_task_dag to None, run_after=None
[2025-04-08T18:24:52.532+0000] {processor.py:179} INFO - Processing /workspaces/hands-on-introduction-data-engineering-4395021/airflow/dags/two_task_dag.py took 0.057 seconds
[2025-04-08T18:25:22.634+0000] {processor.py:157} INFO - Started process (PID=39923) to work on /workspaces/hands-on-introduction-data-engineering-4395021/airflow/dags/two_task_dag.py
[2025-04-08T18:25:22.635+0000] {processor.py:826} INFO - Processing file /workspaces/hands-on-introduction-data-engineering-4395021/airflow/dags/two_task_dag.py for tasks to queue
[2025-04-08T18:25:22.637+0000] {logging_mixin.py:150} INFO - [2025-04-08T18:25:22.636+0000] {dagbag.py:541} INFO - Filling up the DagBag from /workspaces/hands-on-introduction-data-engineering-4395021/airflow/dags/two_task_dag.py
[2025-04-08T18:25:22.644+0000] {processor.py:836} INFO - DAG(s) dict_keys(['two_task_dag']) retrieved from /workspaces/hands-on-introduction-data-engineering-4395021/airflow/dags/two_task_dag.py
[2025-04-08T18:25:22.661+0000] {logging_mixin.py:150} INFO - [2025-04-08T18:25:22.661+0000] {dag.py:2742} INFO - Sync 1 DAGs
[2025-04-08T18:25:22.674+0000] {logging_mixin.py:150} INFO - [2025-04-08T18:25:22.674+0000] {dag.py:3504} INFO - Setting next_dagrun for two_task_dag to None, run_after=None
[2025-04-08T18:25:22.688+0000] {processor.py:179} INFO - Processing /workspaces/hands-on-introduction-data-engineering-4395021/airflow/dags/two_task_dag.py took 0.056 seconds
