[2025-04-09T22:00:44.495+0000] {processor.py:157} INFO - Started process (PID=61192) to work on /workspaces/hands-on-introduction-data-engineering-4395021/airflow/dags/etl_dag.py
[2025-04-09T22:00:44.496+0000] {processor.py:826} INFO - Processing file /workspaces/hands-on-introduction-data-engineering-4395021/airflow/dags/etl_dag.py for tasks to queue
[2025-04-09T22:00:44.497+0000] {logging_mixin.py:150} INFO - [2025-04-09T22:00:44.496+0000] {dagbag.py:541} INFO - Filling up the DagBag from /workspaces/hands-on-introduction-data-engineering-4395021/airflow/dags/etl_dag.py
[2025-04-09T22:00:44.499+0000] {logging_mixin.py:150} INFO - [2025-04-09T22:00:44.498+0000] {dagbag.py:350} ERROR - Failed to import: /workspaces/hands-on-introduction-data-engineering-4395021/airflow/dags/etl_dag.py
Traceback (most recent call last):
  File "/home/vscode/.local/lib/python3.10/site-packages/airflow/models/dagbag.py", line 346, in parse
    loader.exec_module(new_module)
  File "<frozen importlib._bootstrap_external>", line 879, in exec_module
  File "<frozen importlib._bootstrap_external>", line 1017, in get_code
  File "<frozen importlib._bootstrap_external>", line 947, in source_to_code
  File "<frozen importlib._bootstrap>", line 241, in _call_with_frames_removed
  File "/workspaces/hands-on-introduction-data-engineering-4395021/airflow/dags/etl_dag.py", line 12
    'catchup': 
             ^
SyntaxError: expression expected after dictionary key and ':'
[2025-04-09T22:00:44.499+0000] {processor.py:838} WARNING - No viable dags retrieved from /workspaces/hands-on-introduction-data-engineering-4395021/airflow/dags/etl_dag.py
[2025-04-09T22:00:44.514+0000] {processor.py:179} INFO - Processing /workspaces/hands-on-introduction-data-engineering-4395021/airflow/dags/etl_dag.py took 0.021 seconds
[2025-04-09T22:00:55.955+0000] {processor.py:157} INFO - Started process (PID=61264) to work on /workspaces/hands-on-introduction-data-engineering-4395021/airflow/dags/etl_dag.py
[2025-04-09T22:00:55.955+0000] {processor.py:826} INFO - Processing file /workspaces/hands-on-introduction-data-engineering-4395021/airflow/dags/etl_dag.py for tasks to queue
[2025-04-09T22:00:55.956+0000] {logging_mixin.py:150} INFO - [2025-04-09T22:00:55.956+0000] {dagbag.py:541} INFO - Filling up the DagBag from /workspaces/hands-on-introduction-data-engineering-4395021/airflow/dags/etl_dag.py
[2025-04-09T22:00:55.959+0000] {logging_mixin.py:150} INFO - [2025-04-09T22:00:55.958+0000] {dagbag.py:350} ERROR - Failed to import: /workspaces/hands-on-introduction-data-engineering-4395021/airflow/dags/etl_dag.py
Traceback (most recent call last):
  File "/home/vscode/.local/lib/python3.10/site-packages/airflow/models/dagbag.py", line 346, in parse
    loader.exec_module(new_module)
  File "<frozen importlib._bootstrap_external>", line 879, in exec_module
  File "<frozen importlib._bootstrap_external>", line 1017, in get_code
  File "<frozen importlib._bootstrap_external>", line 947, in source_to_code
  File "<frozen importlib._bootstrap>", line 241, in _call_with_frames_removed
  File "/workspaces/hands-on-introduction-data-engineering-4395021/airflow/dags/etl_dag.py", line 13
    'start_date': 
                ^
SyntaxError: expression expected after dictionary key and ':'
[2025-04-09T22:00:55.959+0000] {processor.py:838} WARNING - No viable dags retrieved from /workspaces/hands-on-introduction-data-engineering-4395021/airflow/dags/etl_dag.py
[2025-04-09T22:00:55.973+0000] {processor.py:179} INFO - Processing /workspaces/hands-on-introduction-data-engineering-4395021/airflow/dags/etl_dag.py took 0.021 seconds
[2025-04-09T22:00:59.141+0000] {processor.py:157} INFO - Started process (PID=61290) to work on /workspaces/hands-on-introduction-data-engineering-4395021/airflow/dags/etl_dag.py
[2025-04-09T22:00:59.142+0000] {processor.py:826} INFO - Processing file /workspaces/hands-on-introduction-data-engineering-4395021/airflow/dags/etl_dag.py for tasks to queue
[2025-04-09T22:00:59.142+0000] {logging_mixin.py:150} INFO - [2025-04-09T22:00:59.142+0000] {dagbag.py:541} INFO - Filling up the DagBag from /workspaces/hands-on-introduction-data-engineering-4395021/airflow/dags/etl_dag.py
[2025-04-09T22:00:59.146+0000] {logging_mixin.py:150} INFO - [2025-04-09T22:00:59.145+0000] {dagbag.py:350} ERROR - Failed to import: /workspaces/hands-on-introduction-data-engineering-4395021/airflow/dags/etl_dag.py
Traceback (most recent call last):
  File "/home/vscode/.local/lib/python3.10/site-packages/airflow/models/dagbag.py", line 346, in parse
    loader.exec_module(new_module)
  File "<frozen importlib._bootstrap_external>", line 883, in exec_module
  File "<frozen importlib._bootstrap>", line 241, in _call_with_frames_removed
  File "/workspaces/hands-on-introduction-data-engineering-4395021/airflow/dags/etl_dag.py", line 13, in <module>
    'start_date': datetime()
TypeError: function missing required argument 'year' (pos 1)
[2025-04-09T22:00:59.146+0000] {processor.py:838} WARNING - No viable dags retrieved from /workspaces/hands-on-introduction-data-engineering-4395021/airflow/dags/etl_dag.py
[2025-04-09T22:00:59.160+0000] {processor.py:179} INFO - Processing /workspaces/hands-on-introduction-data-engineering-4395021/airflow/dags/etl_dag.py took 0.022 seconds
[2025-04-09T22:01:02.122+0000] {processor.py:157} INFO - Started process (PID=61310) to work on /workspaces/hands-on-introduction-data-engineering-4395021/airflow/dags/etl_dag.py
[2025-04-09T22:01:02.123+0000] {processor.py:826} INFO - Processing file /workspaces/hands-on-introduction-data-engineering-4395021/airflow/dags/etl_dag.py for tasks to queue
[2025-04-09T22:01:02.124+0000] {logging_mixin.py:150} INFO - [2025-04-09T22:01:02.123+0000] {dagbag.py:541} INFO - Filling up the DagBag from /workspaces/hands-on-introduction-data-engineering-4395021/airflow/dags/etl_dag.py
[2025-04-09T22:01:02.126+0000] {logging_mixin.py:150} INFO - [2025-04-09T22:01:02.126+0000] {dagbag.py:350} ERROR - Failed to import: /workspaces/hands-on-introduction-data-engineering-4395021/airflow/dags/etl_dag.py
Traceback (most recent call last):
  File "/home/vscode/.local/lib/python3.10/site-packages/airflow/models/dagbag.py", line 346, in parse
    loader.exec_module(new_module)
  File "<frozen importlib._bootstrap_external>", line 883, in exec_module
  File "<frozen importlib._bootstrap>", line 241, in _call_with_frames_removed
  File "/workspaces/hands-on-introduction-data-engineering-4395021/airflow/dags/etl_dag.py", line 13, in <module>
    'start_date': datetime(2025,)
TypeError: function missing required argument 'month' (pos 2)
[2025-04-09T22:01:02.127+0000] {processor.py:838} WARNING - No viable dags retrieved from /workspaces/hands-on-introduction-data-engineering-4395021/airflow/dags/etl_dag.py
[2025-04-09T22:01:02.140+0000] {processor.py:179} INFO - Processing /workspaces/hands-on-introduction-data-engineering-4395021/airflow/dags/etl_dag.py took 0.021 seconds
[2025-04-09T22:01:05.316+0000] {processor.py:157} INFO - Started process (PID=61326) to work on /workspaces/hands-on-introduction-data-engineering-4395021/airflow/dags/etl_dag.py
[2025-04-09T22:01:05.317+0000] {processor.py:826} INFO - Processing file /workspaces/hands-on-introduction-data-engineering-4395021/airflow/dags/etl_dag.py for tasks to queue
[2025-04-09T22:01:05.318+0000] {logging_mixin.py:150} INFO - [2025-04-09T22:01:05.317+0000] {dagbag.py:541} INFO - Filling up the DagBag from /workspaces/hands-on-introduction-data-engineering-4395021/airflow/dags/etl_dag.py
[2025-04-09T22:01:05.321+0000] {processor.py:838} WARNING - No viable dags retrieved from /workspaces/hands-on-introduction-data-engineering-4395021/airflow/dags/etl_dag.py
[2025-04-09T22:01:05.332+0000] {processor.py:179} INFO - Processing /workspaces/hands-on-introduction-data-engineering-4395021/airflow/dags/etl_dag.py took 0.019 seconds
[2025-04-09T22:01:07.347+0000] {processor.py:157} INFO - Started process (PID=61353) to work on /workspaces/hands-on-introduction-data-engineering-4395021/airflow/dags/etl_dag.py
[2025-04-09T22:01:07.348+0000] {processor.py:826} INFO - Processing file /workspaces/hands-on-introduction-data-engineering-4395021/airflow/dags/etl_dag.py for tasks to queue
[2025-04-09T22:01:07.349+0000] {logging_mixin.py:150} INFO - [2025-04-09T22:01:07.348+0000] {dagbag.py:541} INFO - Filling up the DagBag from /workspaces/hands-on-introduction-data-engineering-4395021/airflow/dags/etl_dag.py
[2025-04-09T22:01:07.351+0000] {processor.py:838} WARNING - No viable dags retrieved from /workspaces/hands-on-introduction-data-engineering-4395021/airflow/dags/etl_dag.py
[2025-04-09T22:01:07.359+0000] {processor.py:179} INFO - Processing /workspaces/hands-on-introduction-data-engineering-4395021/airflow/dags/etl_dag.py took 0.015 seconds
[2025-04-09T22:01:09.519+0000] {processor.py:157} INFO - Started process (PID=61362) to work on /workspaces/hands-on-introduction-data-engineering-4395021/airflow/dags/etl_dag.py
[2025-04-09T22:01:09.519+0000] {processor.py:826} INFO - Processing file /workspaces/hands-on-introduction-data-engineering-4395021/airflow/dags/etl_dag.py for tasks to queue
[2025-04-09T22:01:09.522+0000] {logging_mixin.py:150} INFO - [2025-04-09T22:01:09.522+0000] {dagbag.py:541} INFO - Filling up the DagBag from /workspaces/hands-on-introduction-data-engineering-4395021/airflow/dags/etl_dag.py
[2025-04-09T22:01:09.528+0000] {logging_mixin.py:150} INFO - [2025-04-09T22:01:09.527+0000] {dagbag.py:350} ERROR - Failed to import: /workspaces/hands-on-introduction-data-engineering-4395021/airflow/dags/etl_dag.py
Traceback (most recent call last):
  File "/home/vscode/.local/lib/python3.10/site-packages/airflow/models/dagbag.py", line 346, in parse
    loader.exec_module(new_module)
  File "<frozen importlib._bootstrap_external>", line 879, in exec_module
  File "<frozen importlib._bootstrap_external>", line 1017, in get_code
  File "<frozen importlib._bootstrap_external>", line 947, in source_to_code
  File "<frozen importlib._bootstrap>", line 241, in _call_with_frames_removed
  File "/workspaces/hands-on-introduction-data-engineering-4395021/airflow/dags/etl_dag.py", line 16
    with DAG()
              ^
SyntaxError: expected ':'
[2025-04-09T22:01:09.534+0000] {processor.py:838} WARNING - No viable dags retrieved from /workspaces/hands-on-introduction-data-engineering-4395021/airflow/dags/etl_dag.py
[2025-04-09T22:01:09.597+0000] {processor.py:179} INFO - Processing /workspaces/hands-on-introduction-data-engineering-4395021/airflow/dags/etl_dag.py took 0.082 seconds
[2025-04-09T22:01:10.740+0000] {processor.py:157} INFO - Started process (PID=61368) to work on /workspaces/hands-on-introduction-data-engineering-4395021/airflow/dags/etl_dag.py
[2025-04-09T22:01:10.744+0000] {processor.py:826} INFO - Processing file /workspaces/hands-on-introduction-data-engineering-4395021/airflow/dags/etl_dag.py for tasks to queue
[2025-04-09T22:01:10.745+0000] {logging_mixin.py:150} INFO - [2025-04-09T22:01:10.745+0000] {dagbag.py:541} INFO - Filling up the DagBag from /workspaces/hands-on-introduction-data-engineering-4395021/airflow/dags/etl_dag.py
[2025-04-09T22:01:10.758+0000] {logging_mixin.py:150} INFO - [2025-04-09T22:01:10.755+0000] {dagbag.py:350} ERROR - Failed to import: /workspaces/hands-on-introduction-data-engineering-4395021/airflow/dags/etl_dag.py
Traceback (most recent call last):
  File "/home/vscode/.local/lib/python3.10/site-packages/airflow/models/dagbag.py", line 346, in parse
    loader.exec_module(new_module)
  File "<frozen importlib._bootstrap_external>", line 879, in exec_module
  File "<frozen importlib._bootstrap_external>", line 1017, in get_code
  File "<frozen importlib._bootstrap_external>", line 947, in source_to_code
  File "<frozen importlib._bootstrap>", line 241, in _call_with_frames_removed
  File "/workspaces/hands-on-introduction-data-engineering-4395021/airflow/dags/etl_dag.py", line 18
    )
     ^
SyntaxError: expected ':'
[2025-04-09T22:01:10.760+0000] {processor.py:838} WARNING - No viable dags retrieved from /workspaces/hands-on-introduction-data-engineering-4395021/airflow/dags/etl_dag.py
[2025-04-09T22:01:10.805+0000] {processor.py:179} INFO - Processing /workspaces/hands-on-introduction-data-engineering-4395021/airflow/dags/etl_dag.py took 0.076 seconds
[2025-04-09T22:01:14.452+0000] {processor.py:157} INFO - Started process (PID=61391) to work on /workspaces/hands-on-introduction-data-engineering-4395021/airflow/dags/etl_dag.py
[2025-04-09T22:01:14.453+0000] {processor.py:826} INFO - Processing file /workspaces/hands-on-introduction-data-engineering-4395021/airflow/dags/etl_dag.py for tasks to queue
[2025-04-09T22:01:14.454+0000] {logging_mixin.py:150} INFO - [2025-04-09T22:01:14.453+0000] {dagbag.py:541} INFO - Filling up the DagBag from /workspaces/hands-on-introduction-data-engineering-4395021/airflow/dags/etl_dag.py
[2025-04-09T22:01:14.456+0000] {logging_mixin.py:150} INFO - [2025-04-09T22:01:14.455+0000] {dagbag.py:350} ERROR - Failed to import: /workspaces/hands-on-introduction-data-engineering-4395021/airflow/dags/etl_dag.py
Traceback (most recent call last):
  File "/home/vscode/.local/lib/python3.10/site-packages/airflow/models/dagbag.py", line 346, in parse
    loader.exec_module(new_module)
  File "<frozen importlib._bootstrap_external>", line 879, in exec_module
  File "<frozen importlib._bootstrap_external>", line 1017, in get_code
  File "<frozen importlib._bootstrap_external>", line 947, in source_to_code
  File "<frozen importlib._bootstrap>", line 241, in _call_with_frames_removed
  File "/workspaces/hands-on-introduction-data-engineering-4395021/airflow/dags/etl_dag.py", line 18
    ) as dag:
             ^
IndentationError: expected an indented block after 'with' statement on line 16
[2025-04-09T22:01:14.456+0000] {processor.py:838} WARNING - No viable dags retrieved from /workspaces/hands-on-introduction-data-engineering-4395021/airflow/dags/etl_dag.py
[2025-04-09T22:01:14.470+0000] {processor.py:179} INFO - Processing /workspaces/hands-on-introduction-data-engineering-4395021/airflow/dags/etl_dag.py took 0.021 seconds
[2025-04-09T22:01:18.967+0000] {processor.py:157} INFO - Started process (PID=61426) to work on /workspaces/hands-on-introduction-data-engineering-4395021/airflow/dags/etl_dag.py
[2025-04-09T22:01:18.968+0000] {processor.py:826} INFO - Processing file /workspaces/hands-on-introduction-data-engineering-4395021/airflow/dags/etl_dag.py for tasks to queue
[2025-04-09T22:01:18.968+0000] {logging_mixin.py:150} INFO - [2025-04-09T22:01:18.968+0000] {dagbag.py:541} INFO - Filling up the DagBag from /workspaces/hands-on-introduction-data-engineering-4395021/airflow/dags/etl_dag.py
[2025-04-09T22:01:18.971+0000] {logging_mixin.py:150} INFO - [2025-04-09T22:01:18.970+0000] {dagbag.py:350} ERROR - Failed to import: /workspaces/hands-on-introduction-data-engineering-4395021/airflow/dags/etl_dag.py
Traceback (most recent call last):
  File "/home/vscode/.local/lib/python3.10/site-packages/airflow/models/dagbag.py", line 346, in parse
    loader.exec_module(new_module)
  File "<frozen importlib._bootstrap_external>", line 879, in exec_module
  File "<frozen importlib._bootstrap_external>", line 1017, in get_code
  File "<frozen importlib._bootstrap_external>", line 947, in source_to_code
  File "<frozen importlib._bootstrap>", line 241, in _call_with_frames_removed
  File "/workspaces/hands-on-introduction-data-engineering-4395021/airflow/dags/etl_dag.py", line 18
    ) as dag:
             ^
IndentationError: expected an indented block after 'with' statement on line 16
[2025-04-09T22:01:18.971+0000] {processor.py:838} WARNING - No viable dags retrieved from /workspaces/hands-on-introduction-data-engineering-4395021/airflow/dags/etl_dag.py
[2025-04-09T22:01:18.985+0000] {processor.py:179} INFO - Processing /workspaces/hands-on-introduction-data-engineering-4395021/airflow/dags/etl_dag.py took 0.021 seconds
[2025-04-09T22:01:23.986+0000] {processor.py:157} INFO - Started process (PID=61462) to work on /workspaces/hands-on-introduction-data-engineering-4395021/airflow/dags/etl_dag.py
[2025-04-09T22:01:23.986+0000] {processor.py:826} INFO - Processing file /workspaces/hands-on-introduction-data-engineering-4395021/airflow/dags/etl_dag.py for tasks to queue
[2025-04-09T22:01:23.987+0000] {logging_mixin.py:150} INFO - [2025-04-09T22:01:23.987+0000] {dagbag.py:541} INFO - Filling up the DagBag from /workspaces/hands-on-introduction-data-engineering-4395021/airflow/dags/etl_dag.py
[2025-04-09T22:01:23.990+0000] {logging_mixin.py:150} INFO - [2025-04-09T22:01:23.989+0000] {dagbag.py:350} ERROR - Failed to import: /workspaces/hands-on-introduction-data-engineering-4395021/airflow/dags/etl_dag.py
Traceback (most recent call last):
  File "/home/vscode/.local/lib/python3.10/site-packages/airflow/models/dagbag.py", line 346, in parse
    loader.exec_module(new_module)
  File "<frozen importlib._bootstrap_external>", line 879, in exec_module
  File "<frozen importlib._bootstrap_external>", line 1017, in get_code
  File "<frozen importlib._bootstrap_external>", line 947, in source_to_code
  File "<frozen importlib._bootstrap>", line 241, in _call_with_frames_removed
  File "/workspaces/hands-on-introduction-data-engineering-4395021/airflow/dags/etl_dag.py", line 18
    ) as dag:
             ^
IndentationError: expected an indented block after 'with' statement on line 16
[2025-04-09T22:01:23.990+0000] {processor.py:838} WARNING - No viable dags retrieved from /workspaces/hands-on-introduction-data-engineering-4395021/airflow/dags/etl_dag.py
[2025-04-09T22:01:24.004+0000] {processor.py:179} INFO - Processing /workspaces/hands-on-introduction-data-engineering-4395021/airflow/dags/etl_dag.py took 0.022 seconds
[2025-04-09T22:01:26.160+0000] {processor.py:157} INFO - Started process (PID=61471) to work on /workspaces/hands-on-introduction-data-engineering-4395021/airflow/dags/etl_dag.py
[2025-04-09T22:01:26.162+0000] {processor.py:826} INFO - Processing file /workspaces/hands-on-introduction-data-engineering-4395021/airflow/dags/etl_dag.py for tasks to queue
[2025-04-09T22:01:26.164+0000] {logging_mixin.py:150} INFO - [2025-04-09T22:01:26.164+0000] {dagbag.py:541} INFO - Filling up the DagBag from /workspaces/hands-on-introduction-data-engineering-4395021/airflow/dags/etl_dag.py
[2025-04-09T22:01:26.167+0000] {logging_mixin.py:150} INFO - [2025-04-09T22:01:26.166+0000] {dagbag.py:350} ERROR - Failed to import: /workspaces/hands-on-introduction-data-engineering-4395021/airflow/dags/etl_dag.py
Traceback (most recent call last):
  File "/home/vscode/.local/lib/python3.10/site-packages/airflow/models/dagbag.py", line 346, in parse
    loader.exec_module(new_module)
  File "<frozen importlib._bootstrap_external>", line 879, in exec_module
  File "<frozen importlib._bootstrap_external>", line 1017, in get_code
  File "<frozen importlib._bootstrap_external>", line 947, in source_to_code
  File "<frozen importlib._bootstrap>", line 241, in _call_with_frames_removed
  File "/workspaces/hands-on-introduction-data-engineering-4395021/airflow/dags/etl_dag.py", line 19
    ) as dag:
             ^
IndentationError: expected an indented block after 'with' statement on line 16
[2025-04-09T22:01:26.167+0000] {processor.py:838} WARNING - No viable dags retrieved from /workspaces/hands-on-introduction-data-engineering-4395021/airflow/dags/etl_dag.py
[2025-04-09T22:01:26.185+0000] {processor.py:179} INFO - Processing /workspaces/hands-on-introduction-data-engineering-4395021/airflow/dags/etl_dag.py took 0.028 seconds
[2025-04-09T22:01:29.253+0000] {processor.py:157} INFO - Started process (PID=61497) to work on /workspaces/hands-on-introduction-data-engineering-4395021/airflow/dags/etl_dag.py
[2025-04-09T22:01:29.253+0000] {processor.py:826} INFO - Processing file /workspaces/hands-on-introduction-data-engineering-4395021/airflow/dags/etl_dag.py for tasks to queue
[2025-04-09T22:01:29.254+0000] {logging_mixin.py:150} INFO - [2025-04-09T22:01:29.254+0000] {dagbag.py:541} INFO - Filling up the DagBag from /workspaces/hands-on-introduction-data-engineering-4395021/airflow/dags/etl_dag.py
[2025-04-09T22:01:29.257+0000] {logging_mixin.py:150} INFO - [2025-04-09T22:01:29.256+0000] {dagbag.py:350} ERROR - Failed to import: /workspaces/hands-on-introduction-data-engineering-4395021/airflow/dags/etl_dag.py
Traceback (most recent call last):
  File "/home/vscode/.local/lib/python3.10/site-packages/airflow/models/dagbag.py", line 346, in parse
    loader.exec_module(new_module)
  File "<frozen importlib._bootstrap_external>", line 879, in exec_module
  File "<frozen importlib._bootstrap_external>", line 1017, in get_code
  File "<frozen importlib._bootstrap_external>", line 947, in source_to_code
  File "<frozen importlib._bootstrap>", line 241, in _call_with_frames_removed
  File "/workspaces/hands-on-introduction-data-engineering-4395021/airflow/dags/etl_dag.py", line 19
    ) as dag:
    ^
SyntaxError: positional argument follows keyword argument
[2025-04-09T22:01:29.257+0000] {processor.py:838} WARNING - No viable dags retrieved from /workspaces/hands-on-introduction-data-engineering-4395021/airflow/dags/etl_dag.py
[2025-04-09T22:01:29.271+0000] {processor.py:179} INFO - Processing /workspaces/hands-on-introduction-data-engineering-4395021/airflow/dags/etl_dag.py took 0.021 seconds
[2025-04-09T22:01:31.419+0000] {processor.py:157} INFO - Started process (PID=61506) to work on /workspaces/hands-on-introduction-data-engineering-4395021/airflow/dags/etl_dag.py
[2025-04-09T22:01:31.420+0000] {processor.py:826} INFO - Processing file /workspaces/hands-on-introduction-data-engineering-4395021/airflow/dags/etl_dag.py for tasks to queue
[2025-04-09T22:01:31.421+0000] {logging_mixin.py:150} INFO - [2025-04-09T22:01:31.421+0000] {dagbag.py:541} INFO - Filling up the DagBag from /workspaces/hands-on-introduction-data-engineering-4395021/airflow/dags/etl_dag.py
[2025-04-09T22:01:31.424+0000] {logging_mixin.py:150} INFO - [2025-04-09T22:01:31.423+0000] {dagbag.py:350} ERROR - Failed to import: /workspaces/hands-on-introduction-data-engineering-4395021/airflow/dags/etl_dag.py
Traceback (most recent call last):
  File "/home/vscode/.local/lib/python3.10/site-packages/airflow/models/dagbag.py", line 346, in parse
    loader.exec_module(new_module)
  File "<frozen importlib._bootstrap_external>", line 879, in exec_module
  File "<frozen importlib._bootstrap_external>", line 1017, in get_code
  File "<frozen importlib._bootstrap_external>", line 947, in source_to_code
  File "<frozen importlib._bootstrap>", line 241, in _call_with_frames_removed
  File "/workspaces/hands-on-introduction-data-engineering-4395021/airflow/dags/etl_dag.py", line 19
    ) as dag:
    ^
SyntaxError: invalid syntax
[2025-04-09T22:01:31.424+0000] {processor.py:838} WARNING - No viable dags retrieved from /workspaces/hands-on-introduction-data-engineering-4395021/airflow/dags/etl_dag.py
[2025-04-09T22:01:31.439+0000] {processor.py:179} INFO - Processing /workspaces/hands-on-introduction-data-engineering-4395021/airflow/dags/etl_dag.py took 0.023 seconds
[2025-04-09T22:01:34.301+0000] {processor.py:157} INFO - Started process (PID=61532) to work on /workspaces/hands-on-introduction-data-engineering-4395021/airflow/dags/etl_dag.py
[2025-04-09T22:01:34.302+0000] {processor.py:826} INFO - Processing file /workspaces/hands-on-introduction-data-engineering-4395021/airflow/dags/etl_dag.py for tasks to queue
[2025-04-09T22:01:34.303+0000] {logging_mixin.py:150} INFO - [2025-04-09T22:01:34.303+0000] {dagbag.py:541} INFO - Filling up the DagBag from /workspaces/hands-on-introduction-data-engineering-4395021/airflow/dags/etl_dag.py
[2025-04-09T22:01:34.307+0000] {logging_mixin.py:150} INFO - [2025-04-09T22:01:34.306+0000] {dagbag.py:350} ERROR - Failed to import: /workspaces/hands-on-introduction-data-engineering-4395021/airflow/dags/etl_dag.py
Traceback (most recent call last):
  File "/home/vscode/.local/lib/python3.10/site-packages/airflow/models/dagbag.py", line 346, in parse
    loader.exec_module(new_module)
  File "<frozen importlib._bootstrap_external>", line 879, in exec_module
  File "<frozen importlib._bootstrap_external>", line 1017, in get_code
  File "<frozen importlib._bootstrap_external>", line 947, in source_to_code
  File "<frozen importlib._bootstrap>", line 241, in _call_with_frames_removed
  File "/workspaces/hands-on-introduction-data-engineering-4395021/airflow/dags/etl_dag.py", line 19
    ) as dag:
             ^
IndentationError: expected an indented block after 'with' statement on line 16
[2025-04-09T22:01:34.308+0000] {processor.py:838} WARNING - No viable dags retrieved from /workspaces/hands-on-introduction-data-engineering-4395021/airflow/dags/etl_dag.py
[2025-04-09T22:01:34.328+0000] {processor.py:179} INFO - Processing /workspaces/hands-on-introduction-data-engineering-4395021/airflow/dags/etl_dag.py took 0.031 seconds
[2025-04-09T22:01:36.462+0000] {processor.py:157} INFO - Started process (PID=61541) to work on /workspaces/hands-on-introduction-data-engineering-4395021/airflow/dags/etl_dag.py
[2025-04-09T22:01:36.463+0000] {processor.py:826} INFO - Processing file /workspaces/hands-on-introduction-data-engineering-4395021/airflow/dags/etl_dag.py for tasks to queue
[2025-04-09T22:01:36.464+0000] {logging_mixin.py:150} INFO - [2025-04-09T22:01:36.464+0000] {dagbag.py:541} INFO - Filling up the DagBag from /workspaces/hands-on-introduction-data-engineering-4395021/airflow/dags/etl_dag.py
[2025-04-09T22:01:36.467+0000] {logging_mixin.py:150} INFO - [2025-04-09T22:01:36.466+0000] {dagbag.py:350} ERROR - Failed to import: /workspaces/hands-on-introduction-data-engineering-4395021/airflow/dags/etl_dag.py
Traceback (most recent call last):
  File "/home/vscode/.local/lib/python3.10/site-packages/airflow/models/dagbag.py", line 346, in parse
    loader.exec_module(new_module)
  File "<frozen importlib._bootstrap_external>", line 879, in exec_module
  File "<frozen importlib._bootstrap_external>", line 1017, in get_code
  File "<frozen importlib._bootstrap_external>", line 947, in source_to_code
  File "<frozen importlib._bootstrap>", line 241, in _call_with_frames_removed
  File "/workspaces/hands-on-introduction-data-engineering-4395021/airflow/dags/etl_dag.py", line 19
    ) as dag:
             ^
IndentationError: expected an indented block after 'with' statement on line 16
[2025-04-09T22:01:36.467+0000] {processor.py:838} WARNING - No viable dags retrieved from /workspaces/hands-on-introduction-data-engineering-4395021/airflow/dags/etl_dag.py
[2025-04-09T22:01:36.481+0000] {processor.py:179} INFO - Processing /workspaces/hands-on-introduction-data-engineering-4395021/airflow/dags/etl_dag.py took 0.022 seconds
[2025-04-09T22:01:39.693+0000] {processor.py:157} INFO - Started process (PID=61574) to work on /workspaces/hands-on-introduction-data-engineering-4395021/airflow/dags/etl_dag.py
[2025-04-09T22:01:39.693+0000] {processor.py:826} INFO - Processing file /workspaces/hands-on-introduction-data-engineering-4395021/airflow/dags/etl_dag.py for tasks to queue
[2025-04-09T22:01:39.694+0000] {logging_mixin.py:150} INFO - [2025-04-09T22:01:39.694+0000] {dagbag.py:541} INFO - Filling up the DagBag from /workspaces/hands-on-introduction-data-engineering-4395021/airflow/dags/etl_dag.py
[2025-04-09T22:01:39.697+0000] {logging_mixin.py:150} INFO - [2025-04-09T22:01:39.696+0000] {dagbag.py:350} ERROR - Failed to import: /workspaces/hands-on-introduction-data-engineering-4395021/airflow/dags/etl_dag.py
Traceback (most recent call last):
  File "/home/vscode/.local/lib/python3.10/site-packages/airflow/models/dagbag.py", line 346, in parse
    loader.exec_module(new_module)
  File "<frozen importlib._bootstrap_external>", line 879, in exec_module
  File "<frozen importlib._bootstrap_external>", line 1017, in get_code
  File "<frozen importlib._bootstrap_external>", line 947, in source_to_code
  File "<frozen importlib._bootstrap>", line 241, in _call_with_frames_removed
  File "/workspaces/hands-on-introduction-data-engineering-4395021/airflow/dags/etl_dag.py", line 20
    
    ^
IndentationError: expected an indented block after 'with' statement on line 16
[2025-04-09T22:01:39.697+0000] {processor.py:838} WARNING - No viable dags retrieved from /workspaces/hands-on-introduction-data-engineering-4395021/airflow/dags/etl_dag.py
[2025-04-09T22:01:39.711+0000] {processor.py:179} INFO - Processing /workspaces/hands-on-introduction-data-engineering-4395021/airflow/dags/etl_dag.py took 0.022 seconds
[2025-04-09T22:01:45.600+0000] {processor.py:157} INFO - Started process (PID=61603) to work on /workspaces/hands-on-introduction-data-engineering-4395021/airflow/dags/etl_dag.py
[2025-04-09T22:01:45.600+0000] {processor.py:826} INFO - Processing file /workspaces/hands-on-introduction-data-engineering-4395021/airflow/dags/etl_dag.py for tasks to queue
[2025-04-09T22:01:45.601+0000] {logging_mixin.py:150} INFO - [2025-04-09T22:01:45.601+0000] {dagbag.py:541} INFO - Filling up the DagBag from /workspaces/hands-on-introduction-data-engineering-4395021/airflow/dags/etl_dag.py
[2025-04-09T22:01:45.606+0000] {logging_mixin.py:150} INFO - [2025-04-09T22:01:45.605+0000] {dagbag.py:350} ERROR - Failed to import: /workspaces/hands-on-introduction-data-engineering-4395021/airflow/dags/etl_dag.py
Traceback (most recent call last):
  File "/home/vscode/.local/lib/python3.10/site-packages/airflow/models/dagbag.py", line 346, in parse
    loader.exec_module(new_module)
  File "<frozen importlib._bootstrap_external>", line 883, in exec_module
  File "<frozen importlib._bootstrap>", line 241, in _call_with_frames_removed
  File "/workspaces/hands-on-introduction-data-engineering-4395021/airflow/dags/etl_dag.py", line 20, in <module>
    ta
NameError: name 'ta' is not defined
[2025-04-09T22:01:45.607+0000] {processor.py:838} WARNING - No viable dags retrieved from /workspaces/hands-on-introduction-data-engineering-4395021/airflow/dags/etl_dag.py
[2025-04-09T22:01:45.619+0000] {processor.py:179} INFO - Processing /workspaces/hands-on-introduction-data-engineering-4395021/airflow/dags/etl_dag.py took 0.023 seconds
[2025-04-09T22:01:49.065+0000] {processor.py:157} INFO - Started process (PID=61630) to work on /workspaces/hands-on-introduction-data-engineering-4395021/airflow/dags/etl_dag.py
[2025-04-09T22:01:49.066+0000] {processor.py:826} INFO - Processing file /workspaces/hands-on-introduction-data-engineering-4395021/airflow/dags/etl_dag.py for tasks to queue
[2025-04-09T22:01:49.066+0000] {logging_mixin.py:150} INFO - [2025-04-09T22:01:49.066+0000] {dagbag.py:541} INFO - Filling up the DagBag from /workspaces/hands-on-introduction-data-engineering-4395021/airflow/dags/etl_dag.py
[2025-04-09T22:01:49.069+0000] {logging_mixin.py:150} INFO - [2025-04-09T22:01:49.068+0000] {dagbag.py:350} ERROR - Failed to import: /workspaces/hands-on-introduction-data-engineering-4395021/airflow/dags/etl_dag.py
Traceback (most recent call last):
  File "/home/vscode/.local/lib/python3.10/site-packages/airflow/models/dagbag.py", line 346, in parse
    loader.exec_module(new_module)
  File "<frozen importlib._bootstrap_external>", line 879, in exec_module
  File "<frozen importlib._bootstrap_external>", line 1017, in get_code
  File "<frozen importlib._bootstrap_external>", line 947, in source_to_code
  File "<frozen importlib._bootstrap>", line 241, in _call_with_frames_removed
  File "/workspaces/hands-on-introduction-data-engineering-4395021/airflow/dags/etl_dag.py", line 20
    def transform
                 ^
SyntaxError: invalid syntax
[2025-04-09T22:01:49.070+0000] {processor.py:838} WARNING - No viable dags retrieved from /workspaces/hands-on-introduction-data-engineering-4395021/airflow/dags/etl_dag.py
[2025-04-09T22:01:49.083+0000] {processor.py:179} INFO - Processing /workspaces/hands-on-introduction-data-engineering-4395021/airflow/dags/etl_dag.py took 0.021 seconds
[2025-04-09T22:01:53.873+0000] {processor.py:157} INFO - Started process (PID=61663) to work on /workspaces/hands-on-introduction-data-engineering-4395021/airflow/dags/etl_dag.py
[2025-04-09T22:01:53.876+0000] {processor.py:826} INFO - Processing file /workspaces/hands-on-introduction-data-engineering-4395021/airflow/dags/etl_dag.py for tasks to queue
[2025-04-09T22:01:53.877+0000] {logging_mixin.py:150} INFO - [2025-04-09T22:01:53.877+0000] {dagbag.py:541} INFO - Filling up the DagBag from /workspaces/hands-on-introduction-data-engineering-4395021/airflow/dags/etl_dag.py
[2025-04-09T22:01:53.883+0000] {logging_mixin.py:150} INFO - [2025-04-09T22:01:53.881+0000] {dagbag.py:350} ERROR - Failed to import: /workspaces/hands-on-introduction-data-engineering-4395021/airflow/dags/etl_dag.py
Traceback (most recent call last):
  File "/home/vscode/.local/lib/python3.10/site-packages/airflow/models/dagbag.py", line 346, in parse
    loader.exec_module(new_module)
  File "<frozen importlib._bootstrap_external>", line 879, in exec_module
  File "<frozen importlib._bootstrap_external>", line 1017, in get_code
  File "<frozen importlib._bootstrap_external>", line 947, in source_to_code
  File "<frozen importlib._bootstrap>", line 241, in _call_with_frames_removed
  File "/workspaces/hands-on-introduction-data-engineering-4395021/airflow/dags/etl_dag.py", line 20
    def transform_data
                      ^
SyntaxError: invalid syntax
[2025-04-09T22:01:53.884+0000] {processor.py:838} WARNING - No viable dags retrieved from /workspaces/hands-on-introduction-data-engineering-4395021/airflow/dags/etl_dag.py
[2025-04-09T22:01:53.915+0000] {processor.py:179} INFO - Processing /workspaces/hands-on-introduction-data-engineering-4395021/airflow/dags/etl_dag.py took 0.046 seconds
[2025-04-09T22:01:55.019+0000] {processor.py:157} INFO - Started process (PID=61674) to work on /workspaces/hands-on-introduction-data-engineering-4395021/airflow/dags/etl_dag.py
[2025-04-09T22:01:55.020+0000] {processor.py:826} INFO - Processing file /workspaces/hands-on-introduction-data-engineering-4395021/airflow/dags/etl_dag.py for tasks to queue
[2025-04-09T22:01:55.022+0000] {logging_mixin.py:150} INFO - [2025-04-09T22:01:55.021+0000] {dagbag.py:541} INFO - Filling up the DagBag from /workspaces/hands-on-introduction-data-engineering-4395021/airflow/dags/etl_dag.py
[2025-04-09T22:01:55.025+0000] {logging_mixin.py:150} INFO - [2025-04-09T22:01:55.024+0000] {dagbag.py:350} ERROR - Failed to import: /workspaces/hands-on-introduction-data-engineering-4395021/airflow/dags/etl_dag.py
Traceback (most recent call last):
  File "/home/vscode/.local/lib/python3.10/site-packages/airflow/models/dagbag.py", line 346, in parse
    loader.exec_module(new_module)
  File "<frozen importlib._bootstrap_external>", line 879, in exec_module
  File "<frozen importlib._bootstrap_external>", line 1017, in get_code
  File "<frozen importlib._bootstrap_external>", line 947, in source_to_code
  File "<frozen importlib._bootstrap>", line 241, in _call_with_frames_removed
  File "/workspaces/hands-on-introduction-data-engineering-4395021/airflow/dags/etl_dag.py", line 21
    
    ^
IndentationError: expected an indented block after function definition on line 20
[2025-04-09T22:01:55.025+0000] {processor.py:838} WARNING - No viable dags retrieved from /workspaces/hands-on-introduction-data-engineering-4395021/airflow/dags/etl_dag.py
[2025-04-09T22:01:55.042+0000] {processor.py:179} INFO - Processing /workspaces/hands-on-introduction-data-engineering-4395021/airflow/dags/etl_dag.py took 0.026 seconds
[2025-04-09T22:02:03.941+0000] {processor.py:157} INFO - Started process (PID=61736) to work on /workspaces/hands-on-introduction-data-engineering-4395021/airflow/dags/etl_dag.py
[2025-04-09T22:02:03.942+0000] {processor.py:826} INFO - Processing file /workspaces/hands-on-introduction-data-engineering-4395021/airflow/dags/etl_dag.py for tasks to queue
[2025-04-09T22:02:03.942+0000] {logging_mixin.py:150} INFO - [2025-04-09T22:02:03.942+0000] {dagbag.py:541} INFO - Filling up the DagBag from /workspaces/hands-on-introduction-data-engineering-4395021/airflow/dags/etl_dag.py
[2025-04-09T22:02:03.946+0000] {logging_mixin.py:150} INFO - [2025-04-09T22:02:03.944+0000] {dagbag.py:350} ERROR - Failed to import: /workspaces/hands-on-introduction-data-engineering-4395021/airflow/dags/etl_dag.py
Traceback (most recent call last):
  File "/home/vscode/.local/lib/python3.10/site-packages/airflow/models/dagbag.py", line 346, in parse
    loader.exec_module(new_module)
  File "<frozen importlib._bootstrap_external>", line 879, in exec_module
  File "<frozen importlib._bootstrap_external>", line 1017, in get_code
  File "<frozen importlib._bootstrap_external>", line 947, in source_to_code
  File "<frozen importlib._bootstrap>", line 241, in _call_with_frames_removed
  File "/workspaces/hands-on-introduction-data-engineering-4395021/airflow/dags/etl_dag.py", line 22
    output_file = Path(os.getenv('AIRFLOW_HOME'), '../lab/orchestrated/airflow_transform_data.csv')
                                                                                                   ^
IndentationError: unindent does not match any outer indentation level
[2025-04-09T22:02:03.946+0000] {processor.py:838} WARNING - No viable dags retrieved from /workspaces/hands-on-introduction-data-engineering-4395021/airflow/dags/etl_dag.py
[2025-04-09T22:02:03.959+0000] {processor.py:179} INFO - Processing /workspaces/hands-on-introduction-data-engineering-4395021/airflow/dags/etl_dag.py took 0.021 seconds
[2025-04-09T22:02:06.113+0000] {processor.py:157} INFO - Started process (PID=61757) to work on /workspaces/hands-on-introduction-data-engineering-4395021/airflow/dags/etl_dag.py
[2025-04-09T22:02:06.114+0000] {processor.py:826} INFO - Processing file /workspaces/hands-on-introduction-data-engineering-4395021/airflow/dags/etl_dag.py for tasks to queue
[2025-04-09T22:02:06.114+0000] {logging_mixin.py:150} INFO - [2025-04-09T22:02:06.114+0000] {dagbag.py:541} INFO - Filling up the DagBag from /workspaces/hands-on-introduction-data-engineering-4395021/airflow/dags/etl_dag.py
[2025-04-09T22:02:06.124+0000] {processor.py:836} INFO - DAG(s) dict_keys(['etl_dag']) retrieved from /workspaces/hands-on-introduction-data-engineering-4395021/airflow/dags/etl_dag.py
[2025-04-09T22:02:06.206+0000] {logging_mixin.py:150} INFO - [2025-04-09T22:02:06.206+0000] {manager.py:504} INFO - Created Permission View: can delete on DAG:etl_dag
[2025-04-09T22:02:06.216+0000] {logging_mixin.py:150} INFO - [2025-04-09T22:02:06.216+0000] {manager.py:504} INFO - Created Permission View: can read on DAG:etl_dag
[2025-04-09T22:02:06.222+0000] {logging_mixin.py:150} INFO - [2025-04-09T22:02:06.222+0000] {manager.py:504} INFO - Created Permission View: can edit on DAG:etl_dag
[2025-04-09T22:02:06.229+0000] {logging_mixin.py:150} INFO - [2025-04-09T22:02:06.229+0000] {dag.py:2742} INFO - Sync 1 DAGs
[2025-04-09T22:02:06.236+0000] {logging_mixin.py:150} INFO - [2025-04-09T22:02:06.236+0000] {dag.py:2763} INFO - Creating ORM DAG for etl_dag
[2025-04-09T22:02:06.242+0000] {logging_mixin.py:150} INFO - [2025-04-09T22:02:06.242+0000] {dag.py:3504} INFO - Setting next_dagrun for etl_dag to None, run_after=None
[2025-04-09T22:02:06.257+0000] {processor.py:179} INFO - Processing /workspaces/hands-on-introduction-data-engineering-4395021/airflow/dags/etl_dag.py took 0.148 seconds
[2025-04-09T22:02:14.131+0000] {processor.py:157} INFO - Started process (PID=61806) to work on /workspaces/hands-on-introduction-data-engineering-4395021/airflow/dags/etl_dag.py
[2025-04-09T22:02:14.132+0000] {processor.py:826} INFO - Processing file /workspaces/hands-on-introduction-data-engineering-4395021/airflow/dags/etl_dag.py for tasks to queue
[2025-04-09T22:02:14.133+0000] {logging_mixin.py:150} INFO - [2025-04-09T22:02:14.133+0000] {dagbag.py:541} INFO - Filling up the DagBag from /workspaces/hands-on-introduction-data-engineering-4395021/airflow/dags/etl_dag.py
[2025-04-09T22:02:14.141+0000] {processor.py:836} INFO - DAG(s) dict_keys(['etl_dag']) retrieved from /workspaces/hands-on-introduction-data-engineering-4395021/airflow/dags/etl_dag.py
[2025-04-09T22:02:14.150+0000] {logging_mixin.py:150} INFO - [2025-04-09T22:02:14.149+0000] {dag.py:2742} INFO - Sync 1 DAGs
[2025-04-09T22:02:14.166+0000] {logging_mixin.py:150} INFO - [2025-04-09T22:02:14.166+0000] {dag.py:3504} INFO - Setting next_dagrun for etl_dag to None, run_after=None
[2025-04-09T22:02:14.182+0000] {processor.py:179} INFO - Processing /workspaces/hands-on-introduction-data-engineering-4395021/airflow/dags/etl_dag.py took 0.053 seconds
[2025-04-09T22:02:20.269+0000] {processor.py:157} INFO - Started process (PID=61848) to work on /workspaces/hands-on-introduction-data-engineering-4395021/airflow/dags/etl_dag.py
[2025-04-09T22:02:20.270+0000] {processor.py:826} INFO - Processing file /workspaces/hands-on-introduction-data-engineering-4395021/airflow/dags/etl_dag.py for tasks to queue
[2025-04-09T22:02:20.270+0000] {logging_mixin.py:150} INFO - [2025-04-09T22:02:20.270+0000] {dagbag.py:541} INFO - Filling up the DagBag from /workspaces/hands-on-introduction-data-engineering-4395021/airflow/dags/etl_dag.py
[2025-04-09T22:02:20.279+0000] {processor.py:836} INFO - DAG(s) dict_keys(['etl_dag']) retrieved from /workspaces/hands-on-introduction-data-engineering-4395021/airflow/dags/etl_dag.py
[2025-04-09T22:02:20.286+0000] {logging_mixin.py:150} INFO - [2025-04-09T22:02:20.285+0000] {dag.py:2742} INFO - Sync 1 DAGs
[2025-04-09T22:02:20.302+0000] {logging_mixin.py:150} INFO - [2025-04-09T22:02:20.302+0000] {dag.py:3504} INFO - Setting next_dagrun for etl_dag to None, run_after=None
[2025-04-09T22:02:20.326+0000] {processor.py:179} INFO - Processing /workspaces/hands-on-introduction-data-engineering-4395021/airflow/dags/etl_dag.py took 0.060 seconds
[2025-04-09T22:02:25.437+0000] {processor.py:157} INFO - Started process (PID=61884) to work on /workspaces/hands-on-introduction-data-engineering-4395021/airflow/dags/etl_dag.py
[2025-04-09T22:02:25.438+0000] {processor.py:826} INFO - Processing file /workspaces/hands-on-introduction-data-engineering-4395021/airflow/dags/etl_dag.py for tasks to queue
[2025-04-09T22:02:25.438+0000] {logging_mixin.py:150} INFO - [2025-04-09T22:02:25.438+0000] {dagbag.py:541} INFO - Filling up the DagBag from /workspaces/hands-on-introduction-data-engineering-4395021/airflow/dags/etl_dag.py
[2025-04-09T22:02:25.447+0000] {processor.py:836} INFO - DAG(s) dict_keys(['etl_dag']) retrieved from /workspaces/hands-on-introduction-data-engineering-4395021/airflow/dags/etl_dag.py
[2025-04-09T22:02:25.453+0000] {logging_mixin.py:150} INFO - [2025-04-09T22:02:25.453+0000] {dag.py:2742} INFO - Sync 1 DAGs
[2025-04-09T22:02:25.468+0000] {logging_mixin.py:150} INFO - [2025-04-09T22:02:25.468+0000] {dag.py:3504} INFO - Setting next_dagrun for etl_dag to None, run_after=None
[2025-04-09T22:02:25.486+0000] {processor.py:179} INFO - Processing /workspaces/hands-on-introduction-data-engineering-4395021/airflow/dags/etl_dag.py took 0.052 seconds
[2025-04-09T22:02:34.440+0000] {processor.py:157} INFO - Started process (PID=61945) to work on /workspaces/hands-on-introduction-data-engineering-4395021/airflow/dags/etl_dag.py
[2025-04-09T22:02:34.441+0000] {processor.py:826} INFO - Processing file /workspaces/hands-on-introduction-data-engineering-4395021/airflow/dags/etl_dag.py for tasks to queue
[2025-04-09T22:02:34.442+0000] {logging_mixin.py:150} INFO - [2025-04-09T22:02:34.441+0000] {dagbag.py:541} INFO - Filling up the DagBag from /workspaces/hands-on-introduction-data-engineering-4395021/airflow/dags/etl_dag.py
[2025-04-09T22:02:34.685+0000] {processor.py:836} INFO - DAG(s) dict_keys(['etl_dag']) retrieved from /workspaces/hands-on-introduction-data-engineering-4395021/airflow/dags/etl_dag.py
[2025-04-09T22:02:34.692+0000] {logging_mixin.py:150} INFO - [2025-04-09T22:02:34.691+0000] {dag.py:2742} INFO - Sync 1 DAGs
[2025-04-09T22:02:34.705+0000] {logging_mixin.py:150} INFO - [2025-04-09T22:02:34.705+0000] {dag.py:3504} INFO - Setting next_dagrun for etl_dag to None, run_after=None
[2025-04-09T22:02:34.721+0000] {processor.py:179} INFO - Processing /workspaces/hands-on-introduction-data-engineering-4395021/airflow/dags/etl_dag.py took 0.283 seconds
[2025-04-09T22:02:35.772+0000] {processor.py:157} INFO - Started process (PID=61954) to work on /workspaces/hands-on-introduction-data-engineering-4395021/airflow/dags/etl_dag.py
[2025-04-09T22:02:35.773+0000] {processor.py:826} INFO - Processing file /workspaces/hands-on-introduction-data-engineering-4395021/airflow/dags/etl_dag.py for tasks to queue
[2025-04-09T22:02:35.774+0000] {logging_mixin.py:150} INFO - [2025-04-09T22:02:35.773+0000] {dagbag.py:541} INFO - Filling up the DagBag from /workspaces/hands-on-introduction-data-engineering-4395021/airflow/dags/etl_dag.py
[2025-04-09T22:02:36.011+0000] {processor.py:836} INFO - DAG(s) dict_keys(['etl_dag']) retrieved from /workspaces/hands-on-introduction-data-engineering-4395021/airflow/dags/etl_dag.py
[2025-04-09T22:02:36.018+0000] {logging_mixin.py:150} INFO - [2025-04-09T22:02:36.017+0000] {dag.py:2742} INFO - Sync 1 DAGs
[2025-04-09T22:02:36.032+0000] {logging_mixin.py:150} INFO - [2025-04-09T22:02:36.031+0000] {dag.py:3504} INFO - Setting next_dagrun for etl_dag to None, run_after=None
[2025-04-09T22:02:36.048+0000] {processor.py:179} INFO - Processing /workspaces/hands-on-introduction-data-engineering-4395021/airflow/dags/etl_dag.py took 0.278 seconds
[2025-04-09T22:02:41.771+0000] {processor.py:157} INFO - Started process (PID=61998) to work on /workspaces/hands-on-introduction-data-engineering-4395021/airflow/dags/etl_dag.py
[2025-04-09T22:02:41.772+0000] {processor.py:826} INFO - Processing file /workspaces/hands-on-introduction-data-engineering-4395021/airflow/dags/etl_dag.py for tasks to queue
[2025-04-09T22:02:41.772+0000] {logging_mixin.py:150} INFO - [2025-04-09T22:02:41.772+0000] {dagbag.py:541} INFO - Filling up the DagBag from /workspaces/hands-on-introduction-data-engineering-4395021/airflow/dags/etl_dag.py
[2025-04-09T22:02:42.046+0000] {processor.py:836} INFO - DAG(s) dict_keys(['etl_dag']) retrieved from /workspaces/hands-on-introduction-data-engineering-4395021/airflow/dags/etl_dag.py
[2025-04-09T22:02:42.060+0000] {logging_mixin.py:150} INFO - [2025-04-09T22:02:42.059+0000] {dag.py:2742} INFO - Sync 1 DAGs
[2025-04-09T22:02:42.082+0000] {logging_mixin.py:150} INFO - [2025-04-09T22:02:42.082+0000] {dag.py:3504} INFO - Setting next_dagrun for etl_dag to None, run_after=None
[2025-04-09T22:02:42.123+0000] {processor.py:179} INFO - Processing /workspaces/hands-on-introduction-data-engineering-4395021/airflow/dags/etl_dag.py took 0.355 seconds
[2025-04-09T22:02:46.814+0000] {processor.py:157} INFO - Started process (PID=62026) to work on /workspaces/hands-on-introduction-data-engineering-4395021/airflow/dags/etl_dag.py
[2025-04-09T22:02:46.815+0000] {processor.py:826} INFO - Processing file /workspaces/hands-on-introduction-data-engineering-4395021/airflow/dags/etl_dag.py for tasks to queue
[2025-04-09T22:02:46.816+0000] {logging_mixin.py:150} INFO - [2025-04-09T22:02:46.815+0000] {dagbag.py:541} INFO - Filling up the DagBag from /workspaces/hands-on-introduction-data-engineering-4395021/airflow/dags/etl_dag.py
[2025-04-09T22:02:46.819+0000] {logging_mixin.py:150} INFO - [2025-04-09T22:02:46.818+0000] {dagbag.py:350} ERROR - Failed to import: /workspaces/hands-on-introduction-data-engineering-4395021/airflow/dags/etl_dag.py
Traceback (most recent call last):
  File "/home/vscode/.local/lib/python3.10/site-packages/airflow/models/dagbag.py", line 346, in parse
    loader.exec_module(new_module)
  File "<frozen importlib._bootstrap_external>", line 879, in exec_module
  File "<frozen importlib._bootstrap_external>", line 1017, in get_code
  File "<frozen importlib._bootstrap_external>", line 947, in source_to_code
  File "<frozen importlib._bootstrap>", line 241, in _call_with_frames_removed
  File "/workspaces/hands-on-introduction-data-engineering-4395021/airflow/dags/etl_dag.py", line 33
    extract_task = 
                   ^
SyntaxError: invalid syntax
[2025-04-09T22:02:46.819+0000] {processor.py:838} WARNING - No viable dags retrieved from /workspaces/hands-on-introduction-data-engineering-4395021/airflow/dags/etl_dag.py
[2025-04-09T22:02:46.832+0000] {processor.py:179} INFO - Processing /workspaces/hands-on-introduction-data-engineering-4395021/airflow/dags/etl_dag.py took 0.021 seconds
[2025-04-09T22:02:50.881+0000] {processor.py:157} INFO - Started process (PID=62061) to work on /workspaces/hands-on-introduction-data-engineering-4395021/airflow/dags/etl_dag.py
[2025-04-09T22:02:50.882+0000] {processor.py:826} INFO - Processing file /workspaces/hands-on-introduction-data-engineering-4395021/airflow/dags/etl_dag.py for tasks to queue
[2025-04-09T22:02:50.883+0000] {logging_mixin.py:150} INFO - [2025-04-09T22:02:50.882+0000] {dagbag.py:541} INFO - Filling up the DagBag from /workspaces/hands-on-introduction-data-engineering-4395021/airflow/dags/etl_dag.py
[2025-04-09T22:02:51.458+0000] {processor.py:836} INFO - DAG(s) dict_keys(['etl_dag']) retrieved from /workspaces/hands-on-introduction-data-engineering-4395021/airflow/dags/etl_dag.py
[2025-04-09T22:02:51.516+0000] {logging_mixin.py:150} INFO - [2025-04-09T22:02:51.509+0000] {dag.py:2742} INFO - Sync 1 DAGs
[2025-04-09T22:02:51.599+0000] {logging_mixin.py:150} INFO - [2025-04-09T22:02:51.598+0000] {dag.py:3504} INFO - Setting next_dagrun for etl_dag to None, run_after=None
[2025-04-09T22:02:51.662+0000] {processor.py:179} INFO - Processing /workspaces/hands-on-introduction-data-engineering-4395021/airflow/dags/etl_dag.py took 0.783 seconds
[2025-04-09T22:02:53.077+0000] {processor.py:157} INFO - Started process (PID=62076) to work on /workspaces/hands-on-introduction-data-engineering-4395021/airflow/dags/etl_dag.py
[2025-04-09T22:02:53.078+0000] {processor.py:826} INFO - Processing file /workspaces/hands-on-introduction-data-engineering-4395021/airflow/dags/etl_dag.py for tasks to queue
[2025-04-09T22:02:53.078+0000] {logging_mixin.py:150} INFO - [2025-04-09T22:02:53.078+0000] {dagbag.py:541} INFO - Filling up the DagBag from /workspaces/hands-on-introduction-data-engineering-4395021/airflow/dags/etl_dag.py
[2025-04-09T22:02:53.411+0000] {logging_mixin.py:150} INFO - [2025-04-09T22:02:53.410+0000] {dagbag.py:350} ERROR - Failed to import: /workspaces/hands-on-introduction-data-engineering-4395021/airflow/dags/etl_dag.py
Traceback (most recent call last):
  File "/home/vscode/.local/lib/python3.10/site-packages/airflow/models/dagbag.py", line 346, in parse
    loader.exec_module(new_module)
  File "<frozen importlib._bootstrap_external>", line 883, in exec_module
  File "<frozen importlib._bootstrap>", line 241, in _call_with_frames_removed
  File "/workspaces/hands-on-introduction-data-engineering-4395021/airflow/dags/etl_dag.py", line 33, in <module>
    extract_task = BashOperator(
  File "/home/vscode/.local/lib/python3.10/site-packages/airflow/models/baseoperator.py", line 412, in apply_defaults
    raise AirflowException(f"missing keyword argument {missing_args.pop()!r}")
airflow.exceptions.AirflowException: missing keyword argument 'bash_command'
[2025-04-09T22:02:53.412+0000] {processor.py:838} WARNING - No viable dags retrieved from /workspaces/hands-on-introduction-data-engineering-4395021/airflow/dags/etl_dag.py
[2025-04-09T22:02:53.428+0000] {processor.py:179} INFO - Processing /workspaces/hands-on-introduction-data-engineering-4395021/airflow/dags/etl_dag.py took 0.354 seconds
[2025-04-09T22:02:59.206+0000] {processor.py:157} INFO - Started process (PID=62119) to work on /workspaces/hands-on-introduction-data-engineering-4395021/airflow/dags/etl_dag.py
[2025-04-09T22:02:59.207+0000] {processor.py:826} INFO - Processing file /workspaces/hands-on-introduction-data-engineering-4395021/airflow/dags/etl_dag.py for tasks to queue
[2025-04-09T22:02:59.208+0000] {logging_mixin.py:150} INFO - [2025-04-09T22:02:59.207+0000] {dagbag.py:541} INFO - Filling up the DagBag from /workspaces/hands-on-introduction-data-engineering-4395021/airflow/dags/etl_dag.py
[2025-04-09T22:02:59.439+0000] {logging_mixin.py:150} INFO - [2025-04-09T22:02:59.438+0000] {dagbag.py:350} ERROR - Failed to import: /workspaces/hands-on-introduction-data-engineering-4395021/airflow/dags/etl_dag.py
Traceback (most recent call last):
  File "/home/vscode/.local/lib/python3.10/site-packages/airflow/models/dagbag.py", line 346, in parse
    loader.exec_module(new_module)
  File "<frozen importlib._bootstrap_external>", line 883, in exec_module
  File "<frozen importlib._bootstrap>", line 241, in _call_with_frames_removed
  File "/workspaces/hands-on-introduction-data-engineering-4395021/airflow/dags/etl_dag.py", line 33, in <module>
    extract_task = BashOperator(
  File "/home/vscode/.local/lib/python3.10/site-packages/airflow/models/baseoperator.py", line 412, in apply_defaults
    raise AirflowException(f"missing keyword argument {missing_args.pop()!r}")
airflow.exceptions.AirflowException: missing keyword argument 'bash_command'
[2025-04-09T22:02:59.440+0000] {processor.py:838} WARNING - No viable dags retrieved from /workspaces/hands-on-introduction-data-engineering-4395021/airflow/dags/etl_dag.py
[2025-04-09T22:02:59.452+0000] {processor.py:179} INFO - Processing /workspaces/hands-on-introduction-data-engineering-4395021/airflow/dags/etl_dag.py took 0.248 seconds
[2025-04-09T22:03:03.632+0000] {processor.py:157} INFO - Started process (PID=62147) to work on /workspaces/hands-on-introduction-data-engineering-4395021/airflow/dags/etl_dag.py
[2025-04-09T22:03:03.634+0000] {processor.py:826} INFO - Processing file /workspaces/hands-on-introduction-data-engineering-4395021/airflow/dags/etl_dag.py for tasks to queue
[2025-04-09T22:03:03.635+0000] {logging_mixin.py:150} INFO - [2025-04-09T22:03:03.634+0000] {dagbag.py:541} INFO - Filling up the DagBag from /workspaces/hands-on-introduction-data-engineering-4395021/airflow/dags/etl_dag.py
[2025-04-09T22:03:04.107+0000] {logging_mixin.py:150} INFO - [2025-04-09T22:03:04.106+0000] {dagbag.py:350} ERROR - Failed to import: /workspaces/hands-on-introduction-data-engineering-4395021/airflow/dags/etl_dag.py
Traceback (most recent call last):
  File "/home/vscode/.local/lib/python3.10/site-packages/airflow/models/dagbag.py", line 346, in parse
    loader.exec_module(new_module)
  File "<frozen importlib._bootstrap_external>", line 883, in exec_module
  File "<frozen importlib._bootstrap>", line 241, in _call_with_frames_removed
  File "/workspaces/hands-on-introduction-data-engineering-4395021/airflow/dags/etl_dag.py", line 33, in <module>
    extract_task = BashOperator(
  File "/home/vscode/.local/lib/python3.10/site-packages/airflow/models/baseoperator.py", line 412, in apply_defaults
    raise AirflowException(f"missing keyword argument {missing_args.pop()!r}")
airflow.exceptions.AirflowException: missing keyword argument 'bash_command'
[2025-04-09T22:03:04.108+0000] {processor.py:838} WARNING - No viable dags retrieved from /workspaces/hands-on-introduction-data-engineering-4395021/airflow/dags/etl_dag.py
[2025-04-09T22:03:04.124+0000] {processor.py:179} INFO - Processing /workspaces/hands-on-introduction-data-engineering-4395021/airflow/dags/etl_dag.py took 0.495 seconds
[2025-04-09T22:03:13.732+0000] {processor.py:157} INFO - Started process (PID=62217) to work on /workspaces/hands-on-introduction-data-engineering-4395021/airflow/dags/etl_dag.py
[2025-04-09T22:03:13.733+0000] {processor.py:826} INFO - Processing file /workspaces/hands-on-introduction-data-engineering-4395021/airflow/dags/etl_dag.py for tasks to queue
[2025-04-09T22:03:13.733+0000] {logging_mixin.py:150} INFO - [2025-04-09T22:03:13.733+0000] {dagbag.py:541} INFO - Filling up the DagBag from /workspaces/hands-on-introduction-data-engineering-4395021/airflow/dags/etl_dag.py
[2025-04-09T22:03:13.964+0000] {processor.py:836} INFO - DAG(s) dict_keys(['etl_dag']) retrieved from /workspaces/hands-on-introduction-data-engineering-4395021/airflow/dags/etl_dag.py
[2025-04-09T22:03:14.157+0000] {logging_mixin.py:150} INFO - [2025-04-09T22:03:14.156+0000] {dag.py:2742} INFO - Sync 1 DAGs
[2025-04-09T22:03:14.175+0000] {logging_mixin.py:150} INFO - [2025-04-09T22:03:14.175+0000] {dag.py:3504} INFO - Setting next_dagrun for etl_dag to 2025-04-09T00:00:00+00:00, run_after=2025-04-10T00:00:00+00:00
[2025-04-09T22:03:14.197+0000] {processor.py:179} INFO - Processing /workspaces/hands-on-introduction-data-engineering-4395021/airflow/dags/etl_dag.py took 0.467 seconds
[2025-04-09T22:03:25.731+0000] {processor.py:157} INFO - Started process (PID=62300) to work on /workspaces/hands-on-introduction-data-engineering-4395021/airflow/dags/etl_dag.py
[2025-04-09T22:03:25.731+0000] {processor.py:826} INFO - Processing file /workspaces/hands-on-introduction-data-engineering-4395021/airflow/dags/etl_dag.py for tasks to queue
[2025-04-09T22:03:25.732+0000] {logging_mixin.py:150} INFO - [2025-04-09T22:03:25.732+0000] {dagbag.py:541} INFO - Filling up the DagBag from /workspaces/hands-on-introduction-data-engineering-4395021/airflow/dags/etl_dag.py
[2025-04-09T22:03:25.736+0000] {logging_mixin.py:150} INFO - [2025-04-09T22:03:25.735+0000] {dagbag.py:350} ERROR - Failed to import: /workspaces/hands-on-introduction-data-engineering-4395021/airflow/dags/etl_dag.py
Traceback (most recent call last):
  File "/home/vscode/.local/lib/python3.10/site-packages/airflow/models/dagbag.py", line 346, in parse
    loader.exec_module(new_module)
  File "<frozen importlib._bootstrap_external>", line 879, in exec_module
  File "<frozen importlib._bootstrap_external>", line 1017, in get_code
  File "<frozen importlib._bootstrap_external>", line 947, in source_to_code
  File "<frozen importlib._bootstrap>", line 241, in _call_with_frames_removed
  File "/workspaces/hands-on-introduction-data-engineering-4395021/airflow/dags/etl_dag.py", line 35
    bash_command=''wget -c https://datahub.io/core/top-level-domain-names/r/top-level-domain-names.csv.csv -O $AIRFLOW_HOME/../lab/orchestrated/airflow_extract_data.csv',
                                                                                                                                                                        ^
SyntaxError: unterminated string literal (detected at line 35)
[2025-04-09T22:03:25.736+0000] {processor.py:838} WARNING - No viable dags retrieved from /workspaces/hands-on-introduction-data-engineering-4395021/airflow/dags/etl_dag.py
[2025-04-09T22:03:25.749+0000] {processor.py:179} INFO - Processing /workspaces/hands-on-introduction-data-engineering-4395021/airflow/dags/etl_dag.py took 0.022 seconds
[2025-04-09T22:03:27.939+0000] {processor.py:157} INFO - Started process (PID=62321) to work on /workspaces/hands-on-introduction-data-engineering-4395021/airflow/dags/etl_dag.py
[2025-04-09T22:03:27.939+0000] {processor.py:826} INFO - Processing file /workspaces/hands-on-introduction-data-engineering-4395021/airflow/dags/etl_dag.py for tasks to queue
[2025-04-09T22:03:27.940+0000] {logging_mixin.py:150} INFO - [2025-04-09T22:03:27.940+0000] {dagbag.py:541} INFO - Filling up the DagBag from /workspaces/hands-on-introduction-data-engineering-4395021/airflow/dags/etl_dag.py
[2025-04-09T22:03:27.943+0000] {logging_mixin.py:150} INFO - [2025-04-09T22:03:27.942+0000] {dagbag.py:350} ERROR - Failed to import: /workspaces/hands-on-introduction-data-engineering-4395021/airflow/dags/etl_dag.py
Traceback (most recent call last):
  File "/home/vscode/.local/lib/python3.10/site-packages/airflow/models/dagbag.py", line 346, in parse
    loader.exec_module(new_module)
  File "<frozen importlib._bootstrap_external>", line 879, in exec_module
  File "<frozen importlib._bootstrap_external>", line 1017, in get_code
  File "<frozen importlib._bootstrap_external>", line 947, in source_to_code
  File "<frozen importlib._bootstrap>", line 241, in _call_with_frames_removed
  File "/workspaces/hands-on-introduction-data-engineering-4395021/airflow/dags/etl_dag.py", line 38
    )
    ^
SyntaxError: unmatched ')'
[2025-04-09T22:03:27.943+0000] {processor.py:838} WARNING - No viable dags retrieved from /workspaces/hands-on-introduction-data-engineering-4395021/airflow/dags/etl_dag.py
[2025-04-09T22:03:27.956+0000] {processor.py:179} INFO - Processing /workspaces/hands-on-introduction-data-engineering-4395021/airflow/dags/etl_dag.py took 0.021 seconds
[2025-04-09T22:03:30.760+0000] {processor.py:157} INFO - Started process (PID=62342) to work on /workspaces/hands-on-introduction-data-engineering-4395021/airflow/dags/etl_dag.py
[2025-04-09T22:03:30.760+0000] {processor.py:826} INFO - Processing file /workspaces/hands-on-introduction-data-engineering-4395021/airflow/dags/etl_dag.py for tasks to queue
[2025-04-09T22:03:30.761+0000] {logging_mixin.py:150} INFO - [2025-04-09T22:03:30.761+0000] {dagbag.py:541} INFO - Filling up the DagBag from /workspaces/hands-on-introduction-data-engineering-4395021/airflow/dags/etl_dag.py
[2025-04-09T22:03:30.990+0000] {processor.py:836} INFO - DAG(s) dict_keys(['etl_dag']) retrieved from /workspaces/hands-on-introduction-data-engineering-4395021/airflow/dags/etl_dag.py
[2025-04-09T22:03:30.996+0000] {logging_mixin.py:150} INFO - [2025-04-09T22:03:30.996+0000] {dag.py:2742} INFO - Sync 1 DAGs
[2025-04-09T22:03:31.011+0000] {logging_mixin.py:150} INFO - [2025-04-09T22:03:31.011+0000] {dag.py:3504} INFO - Setting next_dagrun for etl_dag to 2025-04-09T00:00:00+00:00, run_after=2025-04-10T00:00:00+00:00
[2025-04-09T22:03:31.028+0000] {processor.py:179} INFO - Processing /workspaces/hands-on-introduction-data-engineering-4395021/airflow/dags/etl_dag.py took 0.271 seconds
[2025-04-09T22:03:33.124+0000] {processor.py:157} INFO - Started process (PID=62363) to work on /workspaces/hands-on-introduction-data-engineering-4395021/airflow/dags/etl_dag.py
[2025-04-09T22:03:33.125+0000] {processor.py:826} INFO - Processing file /workspaces/hands-on-introduction-data-engineering-4395021/airflow/dags/etl_dag.py for tasks to queue
[2025-04-09T22:03:33.126+0000] {logging_mixin.py:150} INFO - [2025-04-09T22:03:33.125+0000] {dagbag.py:541} INFO - Filling up the DagBag from /workspaces/hands-on-introduction-data-engineering-4395021/airflow/dags/etl_dag.py
[2025-04-09T22:03:33.363+0000] {processor.py:836} INFO - DAG(s) dict_keys(['etl_dag']) retrieved from /workspaces/hands-on-introduction-data-engineering-4395021/airflow/dags/etl_dag.py
[2025-04-09T22:03:33.369+0000] {logging_mixin.py:150} INFO - [2025-04-09T22:03:33.369+0000] {dag.py:2742} INFO - Sync 1 DAGs
[2025-04-09T22:03:33.384+0000] {logging_mixin.py:150} INFO - [2025-04-09T22:03:33.384+0000] {dag.py:3504} INFO - Setting next_dagrun for etl_dag to 2025-04-09T00:00:00+00:00, run_after=2025-04-10T00:00:00+00:00
[2025-04-09T22:03:33.400+0000] {processor.py:179} INFO - Processing /workspaces/hands-on-introduction-data-engineering-4395021/airflow/dags/etl_dag.py took 0.278 seconds
[2025-04-09T22:04:04.188+0000] {processor.py:157} INFO - Started process (PID=62564) to work on /workspaces/hands-on-introduction-data-engineering-4395021/airflow/dags/etl_dag.py
[2025-04-09T22:04:04.188+0000] {processor.py:826} INFO - Processing file /workspaces/hands-on-introduction-data-engineering-4395021/airflow/dags/etl_dag.py for tasks to queue
[2025-04-09T22:04:04.189+0000] {logging_mixin.py:150} INFO - [2025-04-09T22:04:04.189+0000] {dagbag.py:541} INFO - Filling up the DagBag from /workspaces/hands-on-introduction-data-engineering-4395021/airflow/dags/etl_dag.py
[2025-04-09T22:04:04.426+0000] {processor.py:836} INFO - DAG(s) dict_keys(['etl_dag']) retrieved from /workspaces/hands-on-introduction-data-engineering-4395021/airflow/dags/etl_dag.py
[2025-04-09T22:04:04.496+0000] {logging_mixin.py:150} INFO - [2025-04-09T22:04:04.495+0000] {dag.py:2742} INFO - Sync 1 DAGs
[2025-04-09T22:04:04.508+0000] {logging_mixin.py:150} INFO - [2025-04-09T22:04:04.508+0000] {dag.py:3504} INFO - Setting next_dagrun for etl_dag to 2025-04-09T00:00:00+00:00, run_after=2025-04-10T00:00:00+00:00
[2025-04-09T22:04:04.522+0000] {processor.py:179} INFO - Processing /workspaces/hands-on-introduction-data-engineering-4395021/airflow/dags/etl_dag.py took 0.338 seconds
[2025-04-09T22:04:08.464+0000] {processor.py:157} INFO - Started process (PID=62598) to work on /workspaces/hands-on-introduction-data-engineering-4395021/airflow/dags/etl_dag.py
[2025-04-09T22:04:08.465+0000] {processor.py:826} INFO - Processing file /workspaces/hands-on-introduction-data-engineering-4395021/airflow/dags/etl_dag.py for tasks to queue
[2025-04-09T22:04:08.466+0000] {logging_mixin.py:150} INFO - [2025-04-09T22:04:08.465+0000] {dagbag.py:541} INFO - Filling up the DagBag from /workspaces/hands-on-introduction-data-engineering-4395021/airflow/dags/etl_dag.py
[2025-04-09T22:04:08.843+0000] {logging_mixin.py:150} INFO - [2025-04-09T22:04:08.842+0000] {dagbag.py:350} ERROR - Failed to import: /workspaces/hands-on-introduction-data-engineering-4395021/airflow/dags/etl_dag.py
Traceback (most recent call last):
  File "/home/vscode/.local/lib/python3.10/site-packages/airflow/models/dagbag.py", line 346, in parse
    loader.exec_module(new_module)
  File "<frozen importlib._bootstrap_external>", line 883, in exec_module
  File "<frozen importlib._bootstrap>", line 241, in _call_with_frames_removed
  File "/workspaces/hands-on-introduction-data-engineering-4395021/airflow/dags/etl_dag.py", line 38, in <module>
    trans
NameError: name 'trans' is not defined
[2025-04-09T22:04:08.844+0000] {processor.py:838} WARNING - No viable dags retrieved from /workspaces/hands-on-introduction-data-engineering-4395021/airflow/dags/etl_dag.py
[2025-04-09T22:04:08.857+0000] {processor.py:179} INFO - Processing /workspaces/hands-on-introduction-data-engineering-4395021/airflow/dags/etl_dag.py took 0.396 seconds
[2025-04-09T22:04:12.906+0000] {processor.py:157} INFO - Started process (PID=62624) to work on /workspaces/hands-on-introduction-data-engineering-4395021/airflow/dags/etl_dag.py
[2025-04-09T22:04:12.906+0000] {processor.py:826} INFO - Processing file /workspaces/hands-on-introduction-data-engineering-4395021/airflow/dags/etl_dag.py for tasks to queue
[2025-04-09T22:04:12.907+0000] {logging_mixin.py:150} INFO - [2025-04-09T22:04:12.907+0000] {dagbag.py:541} INFO - Filling up the DagBag from /workspaces/hands-on-introduction-data-engineering-4395021/airflow/dags/etl_dag.py
[2025-04-09T22:04:12.910+0000] {logging_mixin.py:150} INFO - [2025-04-09T22:04:12.909+0000] {dagbag.py:350} ERROR - Failed to import: /workspaces/hands-on-introduction-data-engineering-4395021/airflow/dags/etl_dag.py
Traceback (most recent call last):
  File "/home/vscode/.local/lib/python3.10/site-packages/airflow/models/dagbag.py", line 346, in parse
    loader.exec_module(new_module)
  File "<frozen importlib._bootstrap_external>", line 879, in exec_module
  File "<frozen importlib._bootstrap_external>", line 1017, in get_code
  File "<frozen importlib._bootstrap_external>", line 947, in source_to_code
  File "<frozen importlib._bootstrap>", line 241, in _call_with_frames_removed
  File "/workspaces/hands-on-introduction-data-engineering-4395021/airflow/dags/etl_dag.py", line 38
    transform_task = 
                     ^
SyntaxError: invalid syntax
[2025-04-09T22:04:12.910+0000] {processor.py:838} WARNING - No viable dags retrieved from /workspaces/hands-on-introduction-data-engineering-4395021/airflow/dags/etl_dag.py
[2025-04-09T22:04:12.927+0000] {processor.py:179} INFO - Processing /workspaces/hands-on-introduction-data-engineering-4395021/airflow/dags/etl_dag.py took 0.024 seconds
[2025-04-09T22:04:17.935+0000] {processor.py:157} INFO - Started process (PID=62658) to work on /workspaces/hands-on-introduction-data-engineering-4395021/airflow/dags/etl_dag.py
[2025-04-09T22:04:17.936+0000] {processor.py:826} INFO - Processing file /workspaces/hands-on-introduction-data-engineering-4395021/airflow/dags/etl_dag.py for tasks to queue
[2025-04-09T22:04:17.937+0000] {logging_mixin.py:150} INFO - [2025-04-09T22:04:17.937+0000] {dagbag.py:541} INFO - Filling up the DagBag from /workspaces/hands-on-introduction-data-engineering-4395021/airflow/dags/etl_dag.py
[2025-04-09T22:04:18.194+0000] {logging_mixin.py:150} INFO - [2025-04-09T22:04:18.193+0000] {dagbag.py:350} ERROR - Failed to import: /workspaces/hands-on-introduction-data-engineering-4395021/airflow/dags/etl_dag.py
Traceback (most recent call last):
  File "/home/vscode/.local/lib/python3.10/site-packages/airflow/models/dagbag.py", line 346, in parse
    loader.exec_module(new_module)
  File "<frozen importlib._bootstrap_external>", line 883, in exec_module
  File "<frozen importlib._bootstrap>", line 241, in _call_with_frames_removed
  File "/workspaces/hands-on-introduction-data-engineering-4395021/airflow/dags/etl_dag.py", line 38, in <module>
    transform_task = PythonOperator(
  File "/home/vscode/.local/lib/python3.10/site-packages/airflow/models/baseoperator.py", line 412, in apply_defaults
    raise AirflowException(f"missing keyword argument {missing_args.pop()!r}")
airflow.exceptions.AirflowException: missing keyword argument 'python_callable'
[2025-04-09T22:04:18.195+0000] {processor.py:838} WARNING - No viable dags retrieved from /workspaces/hands-on-introduction-data-engineering-4395021/airflow/dags/etl_dag.py
[2025-04-09T22:04:18.209+0000] {processor.py:179} INFO - Processing /workspaces/hands-on-introduction-data-engineering-4395021/airflow/dags/etl_dag.py took 0.277 seconds
[2025-04-09T22:04:21.929+0000] {processor.py:157} INFO - Started process (PID=62694) to work on /workspaces/hands-on-introduction-data-engineering-4395021/airflow/dags/etl_dag.py
[2025-04-09T22:04:21.929+0000] {processor.py:826} INFO - Processing file /workspaces/hands-on-introduction-data-engineering-4395021/airflow/dags/etl_dag.py for tasks to queue
[2025-04-09T22:04:21.930+0000] {logging_mixin.py:150} INFO - [2025-04-09T22:04:21.930+0000] {dagbag.py:541} INFO - Filling up the DagBag from /workspaces/hands-on-introduction-data-engineering-4395021/airflow/dags/etl_dag.py
[2025-04-09T22:04:22.326+0000] {logging_mixin.py:150} INFO - [2025-04-09T22:04:22.325+0000] {dagbag.py:350} ERROR - Failed to import: /workspaces/hands-on-introduction-data-engineering-4395021/airflow/dags/etl_dag.py
Traceback (most recent call last):
  File "/home/vscode/.local/lib/python3.10/site-packages/airflow/models/dagbag.py", line 346, in parse
    loader.exec_module(new_module)
  File "<frozen importlib._bootstrap_external>", line 883, in exec_module
  File "<frozen importlib._bootstrap>", line 241, in _call_with_frames_removed
  File "/workspaces/hands-on-introduction-data-engineering-4395021/airflow/dags/etl_dag.py", line 38, in <module>
    transform_task = PythonOperator(
  File "/home/vscode/.local/lib/python3.10/site-packages/airflow/models/baseoperator.py", line 412, in apply_defaults
    raise AirflowException(f"missing keyword argument {missing_args.pop()!r}")
airflow.exceptions.AirflowException: missing keyword argument 'python_callable'
[2025-04-09T22:04:22.327+0000] {processor.py:838} WARNING - No viable dags retrieved from /workspaces/hands-on-introduction-data-engineering-4395021/airflow/dags/etl_dag.py
[2025-04-09T22:04:22.346+0000] {processor.py:179} INFO - Processing /workspaces/hands-on-introduction-data-engineering-4395021/airflow/dags/etl_dag.py took 0.420 seconds
[2025-04-09T22:04:33.036+0000] {processor.py:157} INFO - Started process (PID=62766) to work on /workspaces/hands-on-introduction-data-engineering-4395021/airflow/dags/etl_dag.py
[2025-04-09T22:04:33.037+0000] {processor.py:826} INFO - Processing file /workspaces/hands-on-introduction-data-engineering-4395021/airflow/dags/etl_dag.py for tasks to queue
[2025-04-09T22:04:33.038+0000] {logging_mixin.py:150} INFO - [2025-04-09T22:04:33.038+0000] {dagbag.py:541} INFO - Filling up the DagBag from /workspaces/hands-on-introduction-data-engineering-4395021/airflow/dags/etl_dag.py
[2025-04-09T22:04:33.041+0000] {logging_mixin.py:150} INFO - [2025-04-09T22:04:33.040+0000] {dagbag.py:350} ERROR - Failed to import: /workspaces/hands-on-introduction-data-engineering-4395021/airflow/dags/etl_dag.py
Traceback (most recent call last):
  File "/home/vscode/.local/lib/python3.10/site-packages/airflow/models/dagbag.py", line 346, in parse
    loader.exec_module(new_module)
  File "<frozen importlib._bootstrap_external>", line 879, in exec_module
  File "<frozen importlib._bootstrap_external>", line 1017, in get_code
  File "<frozen importlib._bootstrap_external>", line 947, in source_to_code
  File "<frozen importlib._bootstrap>", line 241, in _call_with_frames_removed
  File "/workspaces/hands-on-introduction-data-engineering-4395021/airflow/dags/etl_dag.py", line 41
    )
    ^
SyntaxError: invalid syntax
[2025-04-09T22:04:33.041+0000] {processor.py:838} WARNING - No viable dags retrieved from /workspaces/hands-on-introduction-data-engineering-4395021/airflow/dags/etl_dag.py
[2025-04-09T22:04:33.055+0000] {processor.py:179} INFO - Processing /workspaces/hands-on-introduction-data-engineering-4395021/airflow/dags/etl_dag.py took 0.022 seconds
[2025-04-09T22:04:34.168+0000] {processor.py:157} INFO - Started process (PID=62779) to work on /workspaces/hands-on-introduction-data-engineering-4395021/airflow/dags/etl_dag.py
[2025-04-09T22:04:34.169+0000] {processor.py:826} INFO - Processing file /workspaces/hands-on-introduction-data-engineering-4395021/airflow/dags/etl_dag.py for tasks to queue
[2025-04-09T22:04:34.169+0000] {logging_mixin.py:150} INFO - [2025-04-09T22:04:34.169+0000] {dagbag.py:541} INFO - Filling up the DagBag from /workspaces/hands-on-introduction-data-engineering-4395021/airflow/dags/etl_dag.py
[2025-04-09T22:04:34.416+0000] {logging_mixin.py:150} INFO - [2025-04-09T22:04:34.413+0000] {dagbag.py:350} ERROR - Failed to import: /workspaces/hands-on-introduction-data-engineering-4395021/airflow/dags/etl_dag.py
Traceback (most recent call last):
  File "/home/vscode/.local/lib/python3.10/site-packages/airflow/models/dagbag.py", line 346, in parse
    loader.exec_module(new_module)
  File "<frozen importlib._bootstrap_external>", line 883, in exec_module
  File "<frozen importlib._bootstrap>", line 241, in _call_with_frames_removed
  File "/workspaces/hands-on-introduction-data-engineering-4395021/airflow/dags/etl_dag.py", line 40, in <module>
    python_callable=tra
NameError: name 'tra' is not defined
[2025-04-09T22:04:34.418+0000] {processor.py:838} WARNING - No viable dags retrieved from /workspaces/hands-on-introduction-data-engineering-4395021/airflow/dags/etl_dag.py
[2025-04-09T22:04:34.433+0000] {processor.py:179} INFO - Processing /workspaces/hands-on-introduction-data-engineering-4395021/airflow/dags/etl_dag.py took 0.267 seconds
[2025-04-09T22:04:36.010+0000] {processor.py:157} INFO - Started process (PID=62788) to work on /workspaces/hands-on-introduction-data-engineering-4395021/airflow/dags/etl_dag.py
[2025-04-09T22:04:36.010+0000] {processor.py:826} INFO - Processing file /workspaces/hands-on-introduction-data-engineering-4395021/airflow/dags/etl_dag.py for tasks to queue
[2025-04-09T22:04:36.011+0000] {logging_mixin.py:150} INFO - [2025-04-09T22:04:36.011+0000] {dagbag.py:541} INFO - Filling up the DagBag from /workspaces/hands-on-introduction-data-engineering-4395021/airflow/dags/etl_dag.py
[2025-04-09T22:04:36.260+0000] {processor.py:836} INFO - DAG(s) dict_keys(['etl_dag']) retrieved from /workspaces/hands-on-introduction-data-engineering-4395021/airflow/dags/etl_dag.py
[2025-04-09T22:04:36.329+0000] {logging_mixin.py:150} INFO - [2025-04-09T22:04:36.329+0000] {dag.py:2742} INFO - Sync 1 DAGs
[2025-04-09T22:04:36.341+0000] {logging_mixin.py:150} INFO - [2025-04-09T22:04:36.341+0000] {dag.py:3504} INFO - Setting next_dagrun for etl_dag to 2025-04-09T00:00:00+00:00, run_after=2025-04-10T00:00:00+00:00
[2025-04-09T22:04:36.360+0000] {processor.py:179} INFO - Processing /workspaces/hands-on-introduction-data-engineering-4395021/airflow/dags/etl_dag.py took 0.353 seconds
[2025-04-09T22:04:39.548+0000] {processor.py:157} INFO - Started process (PID=62815) to work on /workspaces/hands-on-introduction-data-engineering-4395021/airflow/dags/etl_dag.py
[2025-04-09T22:04:39.549+0000] {processor.py:826} INFO - Processing file /workspaces/hands-on-introduction-data-engineering-4395021/airflow/dags/etl_dag.py for tasks to queue
[2025-04-09T22:04:39.549+0000] {logging_mixin.py:150} INFO - [2025-04-09T22:04:39.549+0000] {dagbag.py:541} INFO - Filling up the DagBag from /workspaces/hands-on-introduction-data-engineering-4395021/airflow/dags/etl_dag.py
[2025-04-09T22:04:39.793+0000] {processor.py:836} INFO - DAG(s) dict_keys(['etl_dag']) retrieved from /workspaces/hands-on-introduction-data-engineering-4395021/airflow/dags/etl_dag.py
[2025-04-09T22:04:39.798+0000] {logging_mixin.py:150} INFO - [2025-04-09T22:04:39.798+0000] {dag.py:2742} INFO - Sync 1 DAGs
[2025-04-09T22:04:39.812+0000] {logging_mixin.py:150} INFO - [2025-04-09T22:04:39.812+0000] {dag.py:3504} INFO - Setting next_dagrun for etl_dag to 2025-04-09T00:00:00+00:00, run_after=2025-04-10T00:00:00+00:00
[2025-04-09T22:04:39.827+0000] {processor.py:179} INFO - Processing /workspaces/hands-on-introduction-data-engineering-4395021/airflow/dags/etl_dag.py took 0.282 seconds
[2025-04-09T22:04:45.570+0000] {processor.py:157} INFO - Started process (PID=62852) to work on /workspaces/hands-on-introduction-data-engineering-4395021/airflow/dags/etl_dag.py
[2025-04-09T22:04:45.571+0000] {processor.py:826} INFO - Processing file /workspaces/hands-on-introduction-data-engineering-4395021/airflow/dags/etl_dag.py for tasks to queue
[2025-04-09T22:04:45.572+0000] {logging_mixin.py:150} INFO - [2025-04-09T22:04:45.571+0000] {dagbag.py:541} INFO - Filling up the DagBag from /workspaces/hands-on-introduction-data-engineering-4395021/airflow/dags/etl_dag.py
[2025-04-09T22:04:45.575+0000] {logging_mixin.py:150} INFO - [2025-04-09T22:04:45.575+0000] {dagbag.py:350} ERROR - Failed to import: /workspaces/hands-on-introduction-data-engineering-4395021/airflow/dags/etl_dag.py
Traceback (most recent call last):
  File "/home/vscode/.local/lib/python3.10/site-packages/airflow/models/dagbag.py", line 346, in parse
    loader.exec_module(new_module)
  File "<frozen importlib._bootstrap_external>", line 879, in exec_module
  File "<frozen importlib._bootstrap_external>", line 1017, in get_code
  File "<frozen importlib._bootstrap_external>", line 947, in source_to_code
  File "<frozen importlib._bootstrap>", line 241, in _call_with_frames_removed
  File "/workspaces/hands-on-introduction-data-engineering-4395021/airflow/dags/etl_dag.py", line 43
    load_task = 
                ^
SyntaxError: invalid syntax
[2025-04-09T22:04:45.576+0000] {processor.py:838} WARNING - No viable dags retrieved from /workspaces/hands-on-introduction-data-engineering-4395021/airflow/dags/etl_dag.py
[2025-04-09T22:04:45.589+0000] {processor.py:179} INFO - Processing /workspaces/hands-on-introduction-data-engineering-4395021/airflow/dags/etl_dag.py took 0.022 seconds
[2025-04-09T22:05:02.608+0000] {processor.py:157} INFO - Started process (PID=62971) to work on /workspaces/hands-on-introduction-data-engineering-4395021/airflow/dags/etl_dag.py
[2025-04-09T22:05:02.608+0000] {processor.py:826} INFO - Processing file /workspaces/hands-on-introduction-data-engineering-4395021/airflow/dags/etl_dag.py for tasks to queue
[2025-04-09T22:05:02.609+0000] {logging_mixin.py:150} INFO - [2025-04-09T22:05:02.609+0000] {dagbag.py:541} INFO - Filling up the DagBag from /workspaces/hands-on-introduction-data-engineering-4395021/airflow/dags/etl_dag.py
[2025-04-09T22:05:02.612+0000] {logging_mixin.py:150} INFO - [2025-04-09T22:05:02.611+0000] {dagbag.py:350} ERROR - Failed to import: /workspaces/hands-on-introduction-data-engineering-4395021/airflow/dags/etl_dag.py
Traceback (most recent call last):
  File "/home/vscode/.local/lib/python3.10/site-packages/airflow/models/dagbag.py", line 346, in parse
    loader.exec_module(new_module)
  File "<frozen importlib._bootstrap_external>", line 879, in exec_module
  File "<frozen importlib._bootstrap_external>", line 1017, in get_code
  File "<frozen importlib._bootstrap_external>", line 947, in source_to_code
  File "<frozen importlib._bootstrap>", line 241, in _call_with_frames_removed
  File "/workspaces/hands-on-introduction-data-engineering-4395021/airflow/dags/etl_dag.py", line 46
    )
    ^
SyntaxError: invalid syntax
[2025-04-09T22:05:02.612+0000] {processor.py:838} WARNING - No viable dags retrieved from /workspaces/hands-on-introduction-data-engineering-4395021/airflow/dags/etl_dag.py
[2025-04-09T22:05:02.626+0000] {processor.py:179} INFO - Processing /workspaces/hands-on-introduction-data-engineering-4395021/airflow/dags/etl_dag.py took 0.021 seconds
[2025-04-09T22:05:11.519+0000] {processor.py:157} INFO - Started process (PID=63034) to work on /workspaces/hands-on-introduction-data-engineering-4395021/airflow/dags/etl_dag.py
[2025-04-09T22:05:11.520+0000] {processor.py:826} INFO - Processing file /workspaces/hands-on-introduction-data-engineering-4395021/airflow/dags/etl_dag.py for tasks to queue
[2025-04-09T22:05:11.521+0000] {logging_mixin.py:150} INFO - [2025-04-09T22:05:11.521+0000] {dagbag.py:541} INFO - Filling up the DagBag from /workspaces/hands-on-introduction-data-engineering-4395021/airflow/dags/etl_dag.py
[2025-04-09T22:05:11.759+0000] {processor.py:836} INFO - DAG(s) dict_keys(['etl_dag']) retrieved from /workspaces/hands-on-introduction-data-engineering-4395021/airflow/dags/etl_dag.py
[2025-04-09T22:05:11.827+0000] {logging_mixin.py:150} INFO - [2025-04-09T22:05:11.827+0000] {dag.py:2742} INFO - Sync 1 DAGs
[2025-04-09T22:05:11.840+0000] {logging_mixin.py:150} INFO - [2025-04-09T22:05:11.840+0000] {dag.py:3504} INFO - Setting next_dagrun for etl_dag to 2025-04-09T00:00:00+00:00, run_after=2025-04-10T00:00:00+00:00
[2025-04-09T22:05:11.949+0000] {processor.py:179} INFO - Processing /workspaces/hands-on-introduction-data-engineering-4395021/airflow/dags/etl_dag.py took 0.432 seconds
[2025-04-09T22:05:14.498+0000] {processor.py:157} INFO - Started process (PID=63053) to work on /workspaces/hands-on-introduction-data-engineering-4395021/airflow/dags/etl_dag.py
[2025-04-09T22:05:14.499+0000] {processor.py:826} INFO - Processing file /workspaces/hands-on-introduction-data-engineering-4395021/airflow/dags/etl_dag.py for tasks to queue
[2025-04-09T22:05:14.500+0000] {logging_mixin.py:150} INFO - [2025-04-09T22:05:14.500+0000] {dagbag.py:541} INFO - Filling up the DagBag from /workspaces/hands-on-introduction-data-engineering-4395021/airflow/dags/etl_dag.py
[2025-04-09T22:05:14.738+0000] {processor.py:836} INFO - DAG(s) dict_keys(['etl_dag']) retrieved from /workspaces/hands-on-introduction-data-engineering-4395021/airflow/dags/etl_dag.py
[2025-04-09T22:05:14.744+0000] {logging_mixin.py:150} INFO - [2025-04-09T22:05:14.744+0000] {dag.py:2742} INFO - Sync 1 DAGs
[2025-04-09T22:05:14.758+0000] {logging_mixin.py:150} INFO - [2025-04-09T22:05:14.758+0000] {dag.py:3504} INFO - Setting next_dagrun for etl_dag to 2025-04-09T00:00:00+00:00, run_after=2025-04-10T00:00:00+00:00
[2025-04-09T22:05:14.773+0000] {processor.py:179} INFO - Processing /workspaces/hands-on-introduction-data-engineering-4395021/airflow/dags/etl_dag.py took 0.277 seconds
[2025-04-09T22:05:16.889+0000] {processor.py:157} INFO - Started process (PID=63073) to work on /workspaces/hands-on-introduction-data-engineering-4395021/airflow/dags/etl_dag.py
[2025-04-09T22:05:16.892+0000] {processor.py:826} INFO - Processing file /workspaces/hands-on-introduction-data-engineering-4395021/airflow/dags/etl_dag.py for tasks to queue
[2025-04-09T22:05:16.893+0000] {logging_mixin.py:150} INFO - [2025-04-09T22:05:16.893+0000] {dagbag.py:541} INFO - Filling up the DagBag from /workspaces/hands-on-introduction-data-engineering-4395021/airflow/dags/etl_dag.py
[2025-04-09T22:05:17.217+0000] {processor.py:836} INFO - DAG(s) dict_keys(['etl_dag']) retrieved from /workspaces/hands-on-introduction-data-engineering-4395021/airflow/dags/etl_dag.py
[2025-04-09T22:05:17.223+0000] {logging_mixin.py:150} INFO - [2025-04-09T22:05:17.223+0000] {dag.py:2742} INFO - Sync 1 DAGs
[2025-04-09T22:05:17.237+0000] {logging_mixin.py:150} INFO - [2025-04-09T22:05:17.236+0000] {dag.py:3504} INFO - Setting next_dagrun for etl_dag to 2025-04-09T00:00:00+00:00, run_after=2025-04-10T00:00:00+00:00
[2025-04-09T22:05:17.252+0000] {processor.py:179} INFO - Processing /workspaces/hands-on-introduction-data-engineering-4395021/airflow/dags/etl_dag.py took 0.371 seconds
[2025-04-09T22:05:22.065+0000] {processor.py:157} INFO - Started process (PID=63109) to work on /workspaces/hands-on-introduction-data-engineering-4395021/airflow/dags/etl_dag.py
[2025-04-09T22:05:22.066+0000] {processor.py:826} INFO - Processing file /workspaces/hands-on-introduction-data-engineering-4395021/airflow/dags/etl_dag.py for tasks to queue
[2025-04-09T22:05:22.067+0000] {logging_mixin.py:150} INFO - [2025-04-09T22:05:22.067+0000] {dagbag.py:541} INFO - Filling up the DagBag from /workspaces/hands-on-introduction-data-engineering-4395021/airflow/dags/etl_dag.py
[2025-04-09T22:05:22.072+0000] {logging_mixin.py:150} INFO - [2025-04-09T22:05:22.071+0000] {dagbag.py:350} ERROR - Failed to import: /workspaces/hands-on-introduction-data-engineering-4395021/airflow/dags/etl_dag.py
Traceback (most recent call last):
  File "/home/vscode/.local/lib/python3.10/site-packages/airflow/models/dagbag.py", line 346, in parse
    loader.exec_module(new_module)
  File "<frozen importlib._bootstrap_external>", line 879, in exec_module
  File "<frozen importlib._bootstrap_external>", line 1017, in get_code
  File "<frozen importlib._bootstrap_external>", line 947, in source_to_code
  File "<frozen importlib._bootstrap>", line 241, in _call_with_frames_removed
  File "/workspaces/hands-on-introduction-data-engineering-4395021/airflow/dags/etl_dag.py", line 50
    extract_task >> 
                    ^
SyntaxError: invalid syntax
[2025-04-09T22:05:22.072+0000] {processor.py:838} WARNING - No viable dags retrieved from /workspaces/hands-on-introduction-data-engineering-4395021/airflow/dags/etl_dag.py
[2025-04-09T22:05:22.085+0000] {processor.py:179} INFO - Processing /workspaces/hands-on-introduction-data-engineering-4395021/airflow/dags/etl_dag.py took 0.023 seconds
[2025-04-09T22:05:27.362+0000] {processor.py:157} INFO - Started process (PID=63146) to work on /workspaces/hands-on-introduction-data-engineering-4395021/airflow/dags/etl_dag.py
[2025-04-09T22:05:27.363+0000] {processor.py:826} INFO - Processing file /workspaces/hands-on-introduction-data-engineering-4395021/airflow/dags/etl_dag.py for tasks to queue
[2025-04-09T22:05:27.364+0000] {logging_mixin.py:150} INFO - [2025-04-09T22:05:27.363+0000] {dagbag.py:541} INFO - Filling up the DagBag from /workspaces/hands-on-introduction-data-engineering-4395021/airflow/dags/etl_dag.py
[2025-04-09T22:05:27.611+0000] {processor.py:836} INFO - DAG(s) dict_keys(['etl_dag']) retrieved from /workspaces/hands-on-introduction-data-engineering-4395021/airflow/dags/etl_dag.py
[2025-04-09T22:05:27.617+0000] {logging_mixin.py:150} INFO - [2025-04-09T22:05:27.617+0000] {dag.py:2742} INFO - Sync 1 DAGs
[2025-04-09T22:05:27.631+0000] {logging_mixin.py:150} INFO - [2025-04-09T22:05:27.630+0000] {dag.py:3504} INFO - Setting next_dagrun for etl_dag to 2025-04-09T00:00:00+00:00, run_after=2025-04-10T00:00:00+00:00
[2025-04-09T22:05:27.647+0000] {processor.py:179} INFO - Processing /workspaces/hands-on-introduction-data-engineering-4395021/airflow/dags/etl_dag.py took 0.288 seconds
[2025-04-09T22:05:29.733+0000] {processor.py:157} INFO - Started process (PID=63162) to work on /workspaces/hands-on-introduction-data-engineering-4395021/airflow/dags/etl_dag.py
[2025-04-09T22:05:29.733+0000] {processor.py:826} INFO - Processing file /workspaces/hands-on-introduction-data-engineering-4395021/airflow/dags/etl_dag.py for tasks to queue
[2025-04-09T22:05:29.734+0000] {logging_mixin.py:150} INFO - [2025-04-09T22:05:29.734+0000] {dagbag.py:541} INFO - Filling up the DagBag from /workspaces/hands-on-introduction-data-engineering-4395021/airflow/dags/etl_dag.py
[2025-04-09T22:05:29.964+0000] {processor.py:836} INFO - DAG(s) dict_keys(['etl_dag']) retrieved from /workspaces/hands-on-introduction-data-engineering-4395021/airflow/dags/etl_dag.py
[2025-04-09T22:05:29.970+0000] {logging_mixin.py:150} INFO - [2025-04-09T22:05:29.969+0000] {dag.py:2742} INFO - Sync 1 DAGs
[2025-04-09T22:05:29.984+0000] {logging_mixin.py:150} INFO - [2025-04-09T22:05:29.984+0000] {dag.py:3504} INFO - Setting next_dagrun for etl_dag to 2025-04-09T00:00:00+00:00, run_after=2025-04-10T00:00:00+00:00
[2025-04-09T22:05:30.004+0000] {processor.py:179} INFO - Processing /workspaces/hands-on-introduction-data-engineering-4395021/airflow/dags/etl_dag.py took 0.274 seconds
[2025-04-09T22:06:01.060+0000] {processor.py:157} INFO - Started process (PID=63349) to work on /workspaces/hands-on-introduction-data-engineering-4395021/airflow/dags/etl_dag.py
[2025-04-09T22:06:01.061+0000] {processor.py:826} INFO - Processing file /workspaces/hands-on-introduction-data-engineering-4395021/airflow/dags/etl_dag.py for tasks to queue
[2025-04-09T22:06:01.062+0000] {logging_mixin.py:150} INFO - [2025-04-09T22:06:01.061+0000] {dagbag.py:541} INFO - Filling up the DagBag from /workspaces/hands-on-introduction-data-engineering-4395021/airflow/dags/etl_dag.py
[2025-04-09T22:06:01.297+0000] {processor.py:836} INFO - DAG(s) dict_keys(['etl_dag']) retrieved from /workspaces/hands-on-introduction-data-engineering-4395021/airflow/dags/etl_dag.py
[2025-04-09T22:06:01.365+0000] {logging_mixin.py:150} INFO - [2025-04-09T22:06:01.365+0000] {dag.py:2742} INFO - Sync 1 DAGs
[2025-04-09T22:06:01.472+0000] {logging_mixin.py:150} INFO - [2025-04-09T22:06:01.472+0000] {dag.py:3504} INFO - Setting next_dagrun for etl_dag to 2025-04-09T00:00:00+00:00, run_after=2025-04-10T00:00:00+00:00
[2025-04-09T22:06:01.485+0000] {processor.py:179} INFO - Processing /workspaces/hands-on-introduction-data-engineering-4395021/airflow/dags/etl_dag.py took 0.429 seconds
[2025-04-09T22:06:31.574+0000] {processor.py:157} INFO - Started process (PID=63538) to work on /workspaces/hands-on-introduction-data-engineering-4395021/airflow/dags/etl_dag.py
[2025-04-09T22:06:31.575+0000] {processor.py:826} INFO - Processing file /workspaces/hands-on-introduction-data-engineering-4395021/airflow/dags/etl_dag.py for tasks to queue
[2025-04-09T22:06:31.576+0000] {logging_mixin.py:150} INFO - [2025-04-09T22:06:31.576+0000] {dagbag.py:541} INFO - Filling up the DagBag from /workspaces/hands-on-introduction-data-engineering-4395021/airflow/dags/etl_dag.py
[2025-04-09T22:06:31.852+0000] {processor.py:836} INFO - DAG(s) dict_keys(['etl_dag']) retrieved from /workspaces/hands-on-introduction-data-engineering-4395021/airflow/dags/etl_dag.py
[2025-04-09T22:06:31.875+0000] {logging_mixin.py:150} INFO - [2025-04-09T22:06:31.875+0000] {dag.py:2742} INFO - Sync 1 DAGs
[2025-04-09T22:06:31.892+0000] {logging_mixin.py:150} INFO - [2025-04-09T22:06:31.892+0000] {dag.py:3504} INFO - Setting next_dagrun for etl_dag to 2025-04-09T00:00:00+00:00, run_after=2025-04-10T00:00:00+00:00
[2025-04-09T22:06:31.906+0000] {processor.py:179} INFO - Processing /workspaces/hands-on-introduction-data-engineering-4395021/airflow/dags/etl_dag.py took 0.334 seconds
[2025-04-09T22:07:02.879+0000] {processor.py:157} INFO - Started process (PID=63740) to work on /workspaces/hands-on-introduction-data-engineering-4395021/airflow/dags/etl_dag.py
[2025-04-09T22:07:02.880+0000] {processor.py:826} INFO - Processing file /workspaces/hands-on-introduction-data-engineering-4395021/airflow/dags/etl_dag.py for tasks to queue
[2025-04-09T22:07:02.880+0000] {logging_mixin.py:150} INFO - [2025-04-09T22:07:02.880+0000] {dagbag.py:541} INFO - Filling up the DagBag from /workspaces/hands-on-introduction-data-engineering-4395021/airflow/dags/etl_dag.py
[2025-04-09T22:07:03.118+0000] {processor.py:836} INFO - DAG(s) dict_keys(['etl_dag']) retrieved from /workspaces/hands-on-introduction-data-engineering-4395021/airflow/dags/etl_dag.py
[2025-04-09T22:07:03.134+0000] {logging_mixin.py:150} INFO - [2025-04-09T22:07:03.133+0000] {dag.py:2742} INFO - Sync 1 DAGs
[2025-04-09T22:07:03.148+0000] {logging_mixin.py:150} INFO - [2025-04-09T22:07:03.148+0000] {dag.py:3504} INFO - Setting next_dagrun for etl_dag to 2025-04-09T00:00:00+00:00, run_after=2025-04-10T00:00:00+00:00
[2025-04-09T22:07:03.161+0000] {processor.py:179} INFO - Processing /workspaces/hands-on-introduction-data-engineering-4395021/airflow/dags/etl_dag.py took 0.285 seconds
[2025-04-09T22:07:33.263+0000] {processor.py:157} INFO - Started process (PID=63946) to work on /workspaces/hands-on-introduction-data-engineering-4395021/airflow/dags/etl_dag.py
[2025-04-09T22:07:33.264+0000] {processor.py:826} INFO - Processing file /workspaces/hands-on-introduction-data-engineering-4395021/airflow/dags/etl_dag.py for tasks to queue
[2025-04-09T22:07:33.264+0000] {logging_mixin.py:150} INFO - [2025-04-09T22:07:33.264+0000] {dagbag.py:541} INFO - Filling up the DagBag from /workspaces/hands-on-introduction-data-engineering-4395021/airflow/dags/etl_dag.py
[2025-04-09T22:07:33.495+0000] {processor.py:836} INFO - DAG(s) dict_keys(['etl_dag']) retrieved from /workspaces/hands-on-introduction-data-engineering-4395021/airflow/dags/etl_dag.py
[2025-04-09T22:07:33.510+0000] {logging_mixin.py:150} INFO - [2025-04-09T22:07:33.510+0000] {dag.py:2742} INFO - Sync 1 DAGs
[2025-04-09T22:07:33.524+0000] {logging_mixin.py:150} INFO - [2025-04-09T22:07:33.524+0000] {dag.py:3504} INFO - Setting next_dagrun for etl_dag to 2025-04-09T00:00:00+00:00, run_after=2025-04-10T00:00:00+00:00
[2025-04-09T22:07:33.538+0000] {processor.py:179} INFO - Processing /workspaces/hands-on-introduction-data-engineering-4395021/airflow/dags/etl_dag.py took 0.277 seconds
[2025-04-09T22:08:03.648+0000] {processor.py:157} INFO - Started process (PID=64147) to work on /workspaces/hands-on-introduction-data-engineering-4395021/airflow/dags/etl_dag.py
[2025-04-09T22:08:03.649+0000] {processor.py:826} INFO - Processing file /workspaces/hands-on-introduction-data-engineering-4395021/airflow/dags/etl_dag.py for tasks to queue
[2025-04-09T22:08:03.650+0000] {logging_mixin.py:150} INFO - [2025-04-09T22:08:03.650+0000] {dagbag.py:541} INFO - Filling up the DagBag from /workspaces/hands-on-introduction-data-engineering-4395021/airflow/dags/etl_dag.py
[2025-04-09T22:08:03.918+0000] {processor.py:836} INFO - DAG(s) dict_keys(['etl_dag']) retrieved from /workspaces/hands-on-introduction-data-engineering-4395021/airflow/dags/etl_dag.py
[2025-04-09T22:08:03.939+0000] {logging_mixin.py:150} INFO - [2025-04-09T22:08:03.939+0000] {dag.py:2742} INFO - Sync 1 DAGs
[2025-04-09T22:08:03.962+0000] {logging_mixin.py:150} INFO - [2025-04-09T22:08:03.962+0000] {dag.py:3504} INFO - Setting next_dagrun for etl_dag to 2025-04-09T00:00:00+00:00, run_after=2025-04-10T00:00:00+00:00
[2025-04-09T22:08:03.978+0000] {processor.py:179} INFO - Processing /workspaces/hands-on-introduction-data-engineering-4395021/airflow/dags/etl_dag.py took 0.333 seconds
[2025-04-09T22:08:34.139+0000] {processor.py:157} INFO - Started process (PID=64347) to work on /workspaces/hands-on-introduction-data-engineering-4395021/airflow/dags/etl_dag.py
[2025-04-09T22:08:34.140+0000] {processor.py:826} INFO - Processing file /workspaces/hands-on-introduction-data-engineering-4395021/airflow/dags/etl_dag.py for tasks to queue
[2025-04-09T22:08:34.140+0000] {logging_mixin.py:150} INFO - [2025-04-09T22:08:34.140+0000] {dagbag.py:541} INFO - Filling up the DagBag from /workspaces/hands-on-introduction-data-engineering-4395021/airflow/dags/etl_dag.py
[2025-04-09T22:08:34.384+0000] {processor.py:836} INFO - DAG(s) dict_keys(['etl_dag']) retrieved from /workspaces/hands-on-introduction-data-engineering-4395021/airflow/dags/etl_dag.py
[2025-04-09T22:08:34.400+0000] {logging_mixin.py:150} INFO - [2025-04-09T22:08:34.400+0000] {dag.py:2742} INFO - Sync 1 DAGs
[2025-04-09T22:08:34.413+0000] {logging_mixin.py:150} INFO - [2025-04-09T22:08:34.413+0000] {dag.py:3504} INFO - Setting next_dagrun for etl_dag to 2025-04-09T00:00:00+00:00, run_after=2025-04-10T00:00:00+00:00
[2025-04-09T22:08:34.426+0000] {processor.py:179} INFO - Processing /workspaces/hands-on-introduction-data-engineering-4395021/airflow/dags/etl_dag.py took 0.291 seconds
[2025-04-09T22:09:04.522+0000] {processor.py:157} INFO - Started process (PID=64554) to work on /workspaces/hands-on-introduction-data-engineering-4395021/airflow/dags/etl_dag.py
[2025-04-09T22:09:04.522+0000] {processor.py:826} INFO - Processing file /workspaces/hands-on-introduction-data-engineering-4395021/airflow/dags/etl_dag.py for tasks to queue
[2025-04-09T22:09:04.523+0000] {logging_mixin.py:150} INFO - [2025-04-09T22:09:04.523+0000] {dagbag.py:541} INFO - Filling up the DagBag from /workspaces/hands-on-introduction-data-engineering-4395021/airflow/dags/etl_dag.py
[2025-04-09T22:09:04.765+0000] {processor.py:836} INFO - DAG(s) dict_keys(['etl_dag']) retrieved from /workspaces/hands-on-introduction-data-engineering-4395021/airflow/dags/etl_dag.py
[2025-04-09T22:09:04.783+0000] {logging_mixin.py:150} INFO - [2025-04-09T22:09:04.782+0000] {dag.py:2742} INFO - Sync 1 DAGs
[2025-04-09T22:09:04.797+0000] {logging_mixin.py:150} INFO - [2025-04-09T22:09:04.797+0000] {dag.py:3504} INFO - Setting next_dagrun for etl_dag to 2025-04-09T00:00:00+00:00, run_after=2025-04-10T00:00:00+00:00
[2025-04-09T22:09:04.812+0000] {processor.py:179} INFO - Processing /workspaces/hands-on-introduction-data-engineering-4395021/airflow/dags/etl_dag.py took 0.293 seconds
[2025-04-09T22:09:34.906+0000] {processor.py:157} INFO - Started process (PID=64754) to work on /workspaces/hands-on-introduction-data-engineering-4395021/airflow/dags/etl_dag.py
[2025-04-09T22:09:34.907+0000] {processor.py:826} INFO - Processing file /workspaces/hands-on-introduction-data-engineering-4395021/airflow/dags/etl_dag.py for tasks to queue
[2025-04-09T22:09:34.908+0000] {logging_mixin.py:150} INFO - [2025-04-09T22:09:34.908+0000] {dagbag.py:541} INFO - Filling up the DagBag from /workspaces/hands-on-introduction-data-engineering-4395021/airflow/dags/etl_dag.py
[2025-04-09T22:09:35.140+0000] {processor.py:836} INFO - DAG(s) dict_keys(['etl_dag']) retrieved from /workspaces/hands-on-introduction-data-engineering-4395021/airflow/dags/etl_dag.py
[2025-04-09T22:09:35.155+0000] {logging_mixin.py:150} INFO - [2025-04-09T22:09:35.155+0000] {dag.py:2742} INFO - Sync 1 DAGs
[2025-04-09T22:09:35.168+0000] {logging_mixin.py:150} INFO - [2025-04-09T22:09:35.168+0000] {dag.py:3504} INFO - Setting next_dagrun for etl_dag to 2025-04-09T00:00:00+00:00, run_after=2025-04-10T00:00:00+00:00
[2025-04-09T22:09:35.182+0000] {processor.py:179} INFO - Processing /workspaces/hands-on-introduction-data-engineering-4395021/airflow/dags/etl_dag.py took 0.279 seconds
[2025-04-09T22:10:05.291+0000] {processor.py:157} INFO - Started process (PID=64960) to work on /workspaces/hands-on-introduction-data-engineering-4395021/airflow/dags/etl_dag.py
[2025-04-09T22:10:05.292+0000] {processor.py:826} INFO - Processing file /workspaces/hands-on-introduction-data-engineering-4395021/airflow/dags/etl_dag.py for tasks to queue
[2025-04-09T22:10:05.293+0000] {logging_mixin.py:150} INFO - [2025-04-09T22:10:05.292+0000] {dagbag.py:541} INFO - Filling up the DagBag from /workspaces/hands-on-introduction-data-engineering-4395021/airflow/dags/etl_dag.py
[2025-04-09T22:10:05.523+0000] {processor.py:836} INFO - DAG(s) dict_keys(['etl_dag']) retrieved from /workspaces/hands-on-introduction-data-engineering-4395021/airflow/dags/etl_dag.py
[2025-04-09T22:10:05.538+0000] {logging_mixin.py:150} INFO - [2025-04-09T22:10:05.538+0000] {dag.py:2742} INFO - Sync 1 DAGs
[2025-04-09T22:10:05.552+0000] {logging_mixin.py:150} INFO - [2025-04-09T22:10:05.552+0000] {dag.py:3504} INFO - Setting next_dagrun for etl_dag to 2025-04-09T00:00:00+00:00, run_after=2025-04-10T00:00:00+00:00
[2025-04-09T22:10:05.566+0000] {processor.py:179} INFO - Processing /workspaces/hands-on-introduction-data-engineering-4395021/airflow/dags/etl_dag.py took 0.277 seconds
[2025-04-09T22:10:35.675+0000] {processor.py:157} INFO - Started process (PID=65167) to work on /workspaces/hands-on-introduction-data-engineering-4395021/airflow/dags/etl_dag.py
[2025-04-09T22:10:35.675+0000] {processor.py:826} INFO - Processing file /workspaces/hands-on-introduction-data-engineering-4395021/airflow/dags/etl_dag.py for tasks to queue
[2025-04-09T22:10:35.676+0000] {logging_mixin.py:150} INFO - [2025-04-09T22:10:35.676+0000] {dagbag.py:541} INFO - Filling up the DagBag from /workspaces/hands-on-introduction-data-engineering-4395021/airflow/dags/etl_dag.py
[2025-04-09T22:10:35.908+0000] {processor.py:836} INFO - DAG(s) dict_keys(['etl_dag']) retrieved from /workspaces/hands-on-introduction-data-engineering-4395021/airflow/dags/etl_dag.py
[2025-04-09T22:10:35.924+0000] {logging_mixin.py:150} INFO - [2025-04-09T22:10:35.924+0000] {dag.py:2742} INFO - Sync 1 DAGs
[2025-04-09T22:10:35.939+0000] {logging_mixin.py:150} INFO - [2025-04-09T22:10:35.939+0000] {dag.py:3504} INFO - Setting next_dagrun for etl_dag to 2025-04-09T00:00:00+00:00, run_after=2025-04-10T00:00:00+00:00
[2025-04-09T22:10:35.953+0000] {processor.py:179} INFO - Processing /workspaces/hands-on-introduction-data-engineering-4395021/airflow/dags/etl_dag.py took 0.281 seconds
[2025-04-09T22:11:06.060+0000] {processor.py:157} INFO - Started process (PID=65367) to work on /workspaces/hands-on-introduction-data-engineering-4395021/airflow/dags/etl_dag.py
[2025-04-09T22:11:06.060+0000] {processor.py:826} INFO - Processing file /workspaces/hands-on-introduction-data-engineering-4395021/airflow/dags/etl_dag.py for tasks to queue
[2025-04-09T22:11:06.061+0000] {logging_mixin.py:150} INFO - [2025-04-09T22:11:06.061+0000] {dagbag.py:541} INFO - Filling up the DagBag from /workspaces/hands-on-introduction-data-engineering-4395021/airflow/dags/etl_dag.py
[2025-04-09T22:11:06.290+0000] {processor.py:836} INFO - DAG(s) dict_keys(['etl_dag']) retrieved from /workspaces/hands-on-introduction-data-engineering-4395021/airflow/dags/etl_dag.py
[2025-04-09T22:11:06.306+0000] {logging_mixin.py:150} INFO - [2025-04-09T22:11:06.306+0000] {dag.py:2742} INFO - Sync 1 DAGs
[2025-04-09T22:11:06.319+0000] {logging_mixin.py:150} INFO - [2025-04-09T22:11:06.319+0000] {dag.py:3504} INFO - Setting next_dagrun for etl_dag to 2025-04-09T00:00:00+00:00, run_after=2025-04-10T00:00:00+00:00
[2025-04-09T22:11:06.332+0000] {processor.py:179} INFO - Processing /workspaces/hands-on-introduction-data-engineering-4395021/airflow/dags/etl_dag.py took 0.275 seconds
[2025-04-09T22:11:36.442+0000] {processor.py:157} INFO - Started process (PID=65573) to work on /workspaces/hands-on-introduction-data-engineering-4395021/airflow/dags/etl_dag.py
[2025-04-09T22:11:36.443+0000] {processor.py:826} INFO - Processing file /workspaces/hands-on-introduction-data-engineering-4395021/airflow/dags/etl_dag.py for tasks to queue
[2025-04-09T22:11:36.444+0000] {logging_mixin.py:150} INFO - [2025-04-09T22:11:36.444+0000] {dagbag.py:541} INFO - Filling up the DagBag from /workspaces/hands-on-introduction-data-engineering-4395021/airflow/dags/etl_dag.py
[2025-04-09T22:11:36.674+0000] {processor.py:836} INFO - DAG(s) dict_keys(['etl_dag']) retrieved from /workspaces/hands-on-introduction-data-engineering-4395021/airflow/dags/etl_dag.py
[2025-04-09T22:11:36.690+0000] {logging_mixin.py:150} INFO - [2025-04-09T22:11:36.690+0000] {dag.py:2742} INFO - Sync 1 DAGs
[2025-04-09T22:11:36.704+0000] {logging_mixin.py:150} INFO - [2025-04-09T22:11:36.704+0000] {dag.py:3504} INFO - Setting next_dagrun for etl_dag to 2025-04-09T00:00:00+00:00, run_after=2025-04-10T00:00:00+00:00
[2025-04-09T22:11:36.718+0000] {processor.py:179} INFO - Processing /workspaces/hands-on-introduction-data-engineering-4395021/airflow/dags/etl_dag.py took 0.278 seconds
[2025-04-09T22:12:06.827+0000] {processor.py:157} INFO - Started process (PID=65780) to work on /workspaces/hands-on-introduction-data-engineering-4395021/airflow/dags/etl_dag.py
[2025-04-09T22:12:06.827+0000] {processor.py:826} INFO - Processing file /workspaces/hands-on-introduction-data-engineering-4395021/airflow/dags/etl_dag.py for tasks to queue
[2025-04-09T22:12:06.828+0000] {logging_mixin.py:150} INFO - [2025-04-09T22:12:06.828+0000] {dagbag.py:541} INFO - Filling up the DagBag from /workspaces/hands-on-introduction-data-engineering-4395021/airflow/dags/etl_dag.py
[2025-04-09T22:12:07.077+0000] {processor.py:836} INFO - DAG(s) dict_keys(['etl_dag']) retrieved from /workspaces/hands-on-introduction-data-engineering-4395021/airflow/dags/etl_dag.py
[2025-04-09T22:12:07.100+0000] {logging_mixin.py:150} INFO - [2025-04-09T22:12:07.100+0000] {dag.py:2742} INFO - Sync 1 DAGs
[2025-04-09T22:12:07.116+0000] {logging_mixin.py:150} INFO - [2025-04-09T22:12:07.116+0000] {dag.py:3504} INFO - Setting next_dagrun for etl_dag to 2025-04-09T00:00:00+00:00, run_after=2025-04-10T00:00:00+00:00
[2025-04-09T22:12:07.129+0000] {processor.py:179} INFO - Processing /workspaces/hands-on-introduction-data-engineering-4395021/airflow/dags/etl_dag.py took 0.305 seconds
[2025-04-09T22:12:37.316+0000] {processor.py:157} INFO - Started process (PID=65980) to work on /workspaces/hands-on-introduction-data-engineering-4395021/airflow/dags/etl_dag.py
[2025-04-09T22:12:37.316+0000] {processor.py:826} INFO - Processing file /workspaces/hands-on-introduction-data-engineering-4395021/airflow/dags/etl_dag.py for tasks to queue
[2025-04-09T22:12:37.317+0000] {logging_mixin.py:150} INFO - [2025-04-09T22:12:37.317+0000] {dagbag.py:541} INFO - Filling up the DagBag from /workspaces/hands-on-introduction-data-engineering-4395021/airflow/dags/etl_dag.py
[2025-04-09T22:12:37.548+0000] {processor.py:836} INFO - DAG(s) dict_keys(['etl_dag']) retrieved from /workspaces/hands-on-introduction-data-engineering-4395021/airflow/dags/etl_dag.py
[2025-04-09T22:12:37.563+0000] {logging_mixin.py:150} INFO - [2025-04-09T22:12:37.563+0000] {dag.py:2742} INFO - Sync 1 DAGs
[2025-04-09T22:12:37.577+0000] {logging_mixin.py:150} INFO - [2025-04-09T22:12:37.577+0000] {dag.py:3504} INFO - Setting next_dagrun for etl_dag to 2025-04-09T00:00:00+00:00, run_after=2025-04-10T00:00:00+00:00
[2025-04-09T22:12:37.592+0000] {processor.py:179} INFO - Processing /workspaces/hands-on-introduction-data-engineering-4395021/airflow/dags/etl_dag.py took 0.279 seconds
[2025-04-09T22:13:07.687+0000] {processor.py:157} INFO - Started process (PID=66185) to work on /workspaces/hands-on-introduction-data-engineering-4395021/airflow/dags/etl_dag.py
[2025-04-09T22:13:07.688+0000] {processor.py:826} INFO - Processing file /workspaces/hands-on-introduction-data-engineering-4395021/airflow/dags/etl_dag.py for tasks to queue
[2025-04-09T22:13:07.688+0000] {logging_mixin.py:150} INFO - [2025-04-09T22:13:07.688+0000] {dagbag.py:541} INFO - Filling up the DagBag from /workspaces/hands-on-introduction-data-engineering-4395021/airflow/dags/etl_dag.py
[2025-04-09T22:13:07.917+0000] {processor.py:836} INFO - DAG(s) dict_keys(['etl_dag']) retrieved from /workspaces/hands-on-introduction-data-engineering-4395021/airflow/dags/etl_dag.py
[2025-04-09T22:13:07.932+0000] {logging_mixin.py:150} INFO - [2025-04-09T22:13:07.932+0000] {dag.py:2742} INFO - Sync 1 DAGs
[2025-04-09T22:13:07.946+0000] {logging_mixin.py:150} INFO - [2025-04-09T22:13:07.946+0000] {dag.py:3504} INFO - Setting next_dagrun for etl_dag to 2025-04-09T00:00:00+00:00, run_after=2025-04-10T00:00:00+00:00
[2025-04-09T22:13:07.961+0000] {processor.py:179} INFO - Processing /workspaces/hands-on-introduction-data-engineering-4395021/airflow/dags/etl_dag.py took 0.276 seconds
[2025-04-09T22:13:38.074+0000] {processor.py:157} INFO - Started process (PID=66386) to work on /workspaces/hands-on-introduction-data-engineering-4395021/airflow/dags/etl_dag.py
[2025-04-09T22:13:38.074+0000] {processor.py:826} INFO - Processing file /workspaces/hands-on-introduction-data-engineering-4395021/airflow/dags/etl_dag.py for tasks to queue
[2025-04-09T22:13:38.075+0000] {logging_mixin.py:150} INFO - [2025-04-09T22:13:38.075+0000] {dagbag.py:541} INFO - Filling up the DagBag from /workspaces/hands-on-introduction-data-engineering-4395021/airflow/dags/etl_dag.py
[2025-04-09T22:13:38.309+0000] {processor.py:836} INFO - DAG(s) dict_keys(['etl_dag']) retrieved from /workspaces/hands-on-introduction-data-engineering-4395021/airflow/dags/etl_dag.py
[2025-04-09T22:13:38.324+0000] {logging_mixin.py:150} INFO - [2025-04-09T22:13:38.324+0000] {dag.py:2742} INFO - Sync 1 DAGs
[2025-04-09T22:13:38.339+0000] {logging_mixin.py:150} INFO - [2025-04-09T22:13:38.338+0000] {dag.py:3504} INFO - Setting next_dagrun for etl_dag to 2025-04-09T00:00:00+00:00, run_after=2025-04-10T00:00:00+00:00
[2025-04-09T22:13:38.352+0000] {processor.py:179} INFO - Processing /workspaces/hands-on-introduction-data-engineering-4395021/airflow/dags/etl_dag.py took 0.281 seconds
[2025-04-09T22:14:08.457+0000] {processor.py:157} INFO - Started process (PID=66592) to work on /workspaces/hands-on-introduction-data-engineering-4395021/airflow/dags/etl_dag.py
[2025-04-09T22:14:08.458+0000] {processor.py:826} INFO - Processing file /workspaces/hands-on-introduction-data-engineering-4395021/airflow/dags/etl_dag.py for tasks to queue
[2025-04-09T22:14:08.458+0000] {logging_mixin.py:150} INFO - [2025-04-09T22:14:08.458+0000] {dagbag.py:541} INFO - Filling up the DagBag from /workspaces/hands-on-introduction-data-engineering-4395021/airflow/dags/etl_dag.py
[2025-04-09T22:14:08.687+0000] {processor.py:836} INFO - DAG(s) dict_keys(['etl_dag']) retrieved from /workspaces/hands-on-introduction-data-engineering-4395021/airflow/dags/etl_dag.py
[2025-04-09T22:14:08.703+0000] {logging_mixin.py:150} INFO - [2025-04-09T22:14:08.702+0000] {dag.py:2742} INFO - Sync 1 DAGs
[2025-04-09T22:14:08.717+0000] {logging_mixin.py:150} INFO - [2025-04-09T22:14:08.717+0000] {dag.py:3504} INFO - Setting next_dagrun for etl_dag to 2025-04-09T00:00:00+00:00, run_after=2025-04-10T00:00:00+00:00
[2025-04-09T22:14:08.731+0000] {processor.py:179} INFO - Processing /workspaces/hands-on-introduction-data-engineering-4395021/airflow/dags/etl_dag.py took 0.276 seconds
[2025-04-09T22:14:38.841+0000] {processor.py:157} INFO - Started process (PID=66798) to work on /workspaces/hands-on-introduction-data-engineering-4395021/airflow/dags/etl_dag.py
[2025-04-09T22:14:38.842+0000] {processor.py:826} INFO - Processing file /workspaces/hands-on-introduction-data-engineering-4395021/airflow/dags/etl_dag.py for tasks to queue
[2025-04-09T22:14:38.842+0000] {logging_mixin.py:150} INFO - [2025-04-09T22:14:38.842+0000] {dagbag.py:541} INFO - Filling up the DagBag from /workspaces/hands-on-introduction-data-engineering-4395021/airflow/dags/etl_dag.py
[2025-04-09T22:14:39.071+0000] {processor.py:836} INFO - DAG(s) dict_keys(['etl_dag']) retrieved from /workspaces/hands-on-introduction-data-engineering-4395021/airflow/dags/etl_dag.py
[2025-04-09T22:14:39.087+0000] {logging_mixin.py:150} INFO - [2025-04-09T22:14:39.086+0000] {dag.py:2742} INFO - Sync 1 DAGs
[2025-04-09T22:14:39.101+0000] {logging_mixin.py:150} INFO - [2025-04-09T22:14:39.101+0000] {dag.py:3504} INFO - Setting next_dagrun for etl_dag to 2025-04-09T00:00:00+00:00, run_after=2025-04-10T00:00:00+00:00
[2025-04-09T22:14:39.115+0000] {processor.py:179} INFO - Processing /workspaces/hands-on-introduction-data-engineering-4395021/airflow/dags/etl_dag.py took 0.277 seconds
[2025-04-09T22:15:09.242+0000] {processor.py:157} INFO - Started process (PID=67000) to work on /workspaces/hands-on-introduction-data-engineering-4395021/airflow/dags/etl_dag.py
[2025-04-09T22:15:09.243+0000] {processor.py:826} INFO - Processing file /workspaces/hands-on-introduction-data-engineering-4395021/airflow/dags/etl_dag.py for tasks to queue
[2025-04-09T22:15:09.243+0000] {logging_mixin.py:150} INFO - [2025-04-09T22:15:09.243+0000] {dagbag.py:541} INFO - Filling up the DagBag from /workspaces/hands-on-introduction-data-engineering-4395021/airflow/dags/etl_dag.py
[2025-04-09T22:15:09.476+0000] {processor.py:836} INFO - DAG(s) dict_keys(['etl_dag']) retrieved from /workspaces/hands-on-introduction-data-engineering-4395021/airflow/dags/etl_dag.py
[2025-04-09T22:15:09.492+0000] {logging_mixin.py:150} INFO - [2025-04-09T22:15:09.492+0000] {dag.py:2742} INFO - Sync 1 DAGs
[2025-04-09T22:15:09.505+0000] {logging_mixin.py:150} INFO - [2025-04-09T22:15:09.505+0000] {dag.py:3504} INFO - Setting next_dagrun for etl_dag to 2025-04-09T00:00:00+00:00, run_after=2025-04-10T00:00:00+00:00
[2025-04-09T22:15:09.518+0000] {processor.py:179} INFO - Processing /workspaces/hands-on-introduction-data-engineering-4395021/airflow/dags/etl_dag.py took 0.279 seconds
[2025-04-09T22:15:39.627+0000] {processor.py:157} INFO - Started process (PID=67205) to work on /workspaces/hands-on-introduction-data-engineering-4395021/airflow/dags/etl_dag.py
[2025-04-09T22:15:39.628+0000] {processor.py:826} INFO - Processing file /workspaces/hands-on-introduction-data-engineering-4395021/airflow/dags/etl_dag.py for tasks to queue
[2025-04-09T22:15:39.629+0000] {logging_mixin.py:150} INFO - [2025-04-09T22:15:39.628+0000] {dagbag.py:541} INFO - Filling up the DagBag from /workspaces/hands-on-introduction-data-engineering-4395021/airflow/dags/etl_dag.py
[2025-04-09T22:15:39.887+0000] {processor.py:836} INFO - DAG(s) dict_keys(['etl_dag']) retrieved from /workspaces/hands-on-introduction-data-engineering-4395021/airflow/dags/etl_dag.py
[2025-04-09T22:15:39.903+0000] {logging_mixin.py:150} INFO - [2025-04-09T22:15:39.903+0000] {dag.py:2742} INFO - Sync 1 DAGs
[2025-04-09T22:15:39.917+0000] {logging_mixin.py:150} INFO - [2025-04-09T22:15:39.917+0000] {dag.py:3504} INFO - Setting next_dagrun for etl_dag to 2025-04-09T00:00:00+00:00, run_after=2025-04-10T00:00:00+00:00
[2025-04-09T22:15:39.932+0000] {processor.py:179} INFO - Processing /workspaces/hands-on-introduction-data-engineering-4395021/airflow/dags/etl_dag.py took 0.307 seconds
[2025-04-09T22:16:10.119+0000] {processor.py:157} INFO - Started process (PID=67404) to work on /workspaces/hands-on-introduction-data-engineering-4395021/airflow/dags/etl_dag.py
[2025-04-09T22:16:10.120+0000] {processor.py:826} INFO - Processing file /workspaces/hands-on-introduction-data-engineering-4395021/airflow/dags/etl_dag.py for tasks to queue
[2025-04-09T22:16:10.121+0000] {logging_mixin.py:150} INFO - [2025-04-09T22:16:10.120+0000] {dagbag.py:541} INFO - Filling up the DagBag from /workspaces/hands-on-introduction-data-engineering-4395021/airflow/dags/etl_dag.py
[2025-04-09T22:16:10.387+0000] {processor.py:836} INFO - DAG(s) dict_keys(['etl_dag']) retrieved from /workspaces/hands-on-introduction-data-engineering-4395021/airflow/dags/etl_dag.py
[2025-04-09T22:16:10.402+0000] {logging_mixin.py:150} INFO - [2025-04-09T22:16:10.402+0000] {dag.py:2742} INFO - Sync 1 DAGs
[2025-04-09T22:16:10.416+0000] {logging_mixin.py:150} INFO - [2025-04-09T22:16:10.415+0000] {dag.py:3504} INFO - Setting next_dagrun for etl_dag to 2025-04-09T00:00:00+00:00, run_after=2025-04-10T00:00:00+00:00
[2025-04-09T22:16:10.429+0000] {processor.py:179} INFO - Processing /workspaces/hands-on-introduction-data-engineering-4395021/airflow/dags/etl_dag.py took 0.313 seconds
[2025-04-09T22:16:40.604+0000] {processor.py:157} INFO - Started process (PID=67599) to work on /workspaces/hands-on-introduction-data-engineering-4395021/airflow/dags/etl_dag.py
[2025-04-09T22:16:40.605+0000] {processor.py:826} INFO - Processing file /workspaces/hands-on-introduction-data-engineering-4395021/airflow/dags/etl_dag.py for tasks to queue
[2025-04-09T22:16:40.605+0000] {logging_mixin.py:150} INFO - [2025-04-09T22:16:40.605+0000] {dagbag.py:541} INFO - Filling up the DagBag from /workspaces/hands-on-introduction-data-engineering-4395021/airflow/dags/etl_dag.py
[2025-04-09T22:16:40.834+0000] {processor.py:836} INFO - DAG(s) dict_keys(['etl_dag']) retrieved from /workspaces/hands-on-introduction-data-engineering-4395021/airflow/dags/etl_dag.py
[2025-04-09T22:16:40.849+0000] {logging_mixin.py:150} INFO - [2025-04-09T22:16:40.849+0000] {dag.py:2742} INFO - Sync 1 DAGs
[2025-04-09T22:16:40.862+0000] {logging_mixin.py:150} INFO - [2025-04-09T22:16:40.862+0000] {dag.py:3504} INFO - Setting next_dagrun for etl_dag to 2025-04-09T00:00:00+00:00, run_after=2025-04-10T00:00:00+00:00
[2025-04-09T22:16:40.878+0000] {processor.py:179} INFO - Processing /workspaces/hands-on-introduction-data-engineering-4395021/airflow/dags/etl_dag.py took 0.277 seconds
[2025-04-09T22:17:10.989+0000] {processor.py:157} INFO - Started process (PID=67781) to work on /workspaces/hands-on-introduction-data-engineering-4395021/airflow/dags/etl_dag.py
[2025-04-09T22:17:10.990+0000] {processor.py:826} INFO - Processing file /workspaces/hands-on-introduction-data-engineering-4395021/airflow/dags/etl_dag.py for tasks to queue
[2025-04-09T22:17:10.990+0000] {logging_mixin.py:150} INFO - [2025-04-09T22:17:10.990+0000] {dagbag.py:541} INFO - Filling up the DagBag from /workspaces/hands-on-introduction-data-engineering-4395021/airflow/dags/etl_dag.py
[2025-04-09T22:17:11.227+0000] {processor.py:836} INFO - DAG(s) dict_keys(['etl_dag']) retrieved from /workspaces/hands-on-introduction-data-engineering-4395021/airflow/dags/etl_dag.py
[2025-04-09T22:17:11.243+0000] {logging_mixin.py:150} INFO - [2025-04-09T22:17:11.243+0000] {dag.py:2742} INFO - Sync 1 DAGs
[2025-04-09T22:17:11.258+0000] {logging_mixin.py:150} INFO - [2025-04-09T22:17:11.258+0000] {dag.py:3504} INFO - Setting next_dagrun for etl_dag to 2025-04-09T00:00:00+00:00, run_after=2025-04-10T00:00:00+00:00
[2025-04-09T22:17:11.273+0000] {processor.py:179} INFO - Processing /workspaces/hands-on-introduction-data-engineering-4395021/airflow/dags/etl_dag.py took 0.287 seconds
[2025-04-09T22:17:41.380+0000] {processor.py:157} INFO - Started process (PID=67966) to work on /workspaces/hands-on-introduction-data-engineering-4395021/airflow/dags/etl_dag.py
[2025-04-09T22:17:41.381+0000] {processor.py:826} INFO - Processing file /workspaces/hands-on-introduction-data-engineering-4395021/airflow/dags/etl_dag.py for tasks to queue
[2025-04-09T22:17:41.382+0000] {logging_mixin.py:150} INFO - [2025-04-09T22:17:41.381+0000] {dagbag.py:541} INFO - Filling up the DagBag from /workspaces/hands-on-introduction-data-engineering-4395021/airflow/dags/etl_dag.py
[2025-04-09T22:17:41.612+0000] {processor.py:836} INFO - DAG(s) dict_keys(['etl_dag']) retrieved from /workspaces/hands-on-introduction-data-engineering-4395021/airflow/dags/etl_dag.py
[2025-04-09T22:17:41.636+0000] {logging_mixin.py:150} INFO - [2025-04-09T22:17:41.635+0000] {dag.py:2742} INFO - Sync 1 DAGs
[2025-04-09T22:17:41.656+0000] {logging_mixin.py:150} INFO - [2025-04-09T22:17:41.656+0000] {dag.py:3504} INFO - Setting next_dagrun for etl_dag to 2025-04-09T00:00:00+00:00, run_after=2025-04-10T00:00:00+00:00
[2025-04-09T22:17:41.675+0000] {processor.py:179} INFO - Processing /workspaces/hands-on-introduction-data-engineering-4395021/airflow/dags/etl_dag.py took 0.297 seconds
[2025-04-09T22:18:11.769+0000] {processor.py:157} INFO - Started process (PID=68179) to work on /workspaces/hands-on-introduction-data-engineering-4395021/airflow/dags/etl_dag.py
[2025-04-09T22:18:11.770+0000] {processor.py:826} INFO - Processing file /workspaces/hands-on-introduction-data-engineering-4395021/airflow/dags/etl_dag.py for tasks to queue
[2025-04-09T22:18:11.771+0000] {logging_mixin.py:150} INFO - [2025-04-09T22:18:11.770+0000] {dagbag.py:541} INFO - Filling up the DagBag from /workspaces/hands-on-introduction-data-engineering-4395021/airflow/dags/etl_dag.py
[2025-04-09T22:18:11.998+0000] {processor.py:836} INFO - DAG(s) dict_keys(['etl_dag']) retrieved from /workspaces/hands-on-introduction-data-engineering-4395021/airflow/dags/etl_dag.py
[2025-04-09T22:18:12.013+0000] {logging_mixin.py:150} INFO - [2025-04-09T22:18:12.013+0000] {dag.py:2742} INFO - Sync 1 DAGs
[2025-04-09T22:18:12.028+0000] {logging_mixin.py:150} INFO - [2025-04-09T22:18:12.027+0000] {dag.py:3504} INFO - Setting next_dagrun for etl_dag to 2025-04-09T00:00:00+00:00, run_after=2025-04-10T00:00:00+00:00
[2025-04-09T22:18:12.041+0000] {processor.py:179} INFO - Processing /workspaces/hands-on-introduction-data-engineering-4395021/airflow/dags/etl_dag.py took 0.275 seconds
[2025-04-09T22:18:42.155+0000] {processor.py:157} INFO - Started process (PID=68386) to work on /workspaces/hands-on-introduction-data-engineering-4395021/airflow/dags/etl_dag.py
[2025-04-09T22:18:42.156+0000] {processor.py:826} INFO - Processing file /workspaces/hands-on-introduction-data-engineering-4395021/airflow/dags/etl_dag.py for tasks to queue
[2025-04-09T22:18:42.157+0000] {logging_mixin.py:150} INFO - [2025-04-09T22:18:42.156+0000] {dagbag.py:541} INFO - Filling up the DagBag from /workspaces/hands-on-introduction-data-engineering-4395021/airflow/dags/etl_dag.py
[2025-04-09T22:18:42.400+0000] {processor.py:836} INFO - DAG(s) dict_keys(['etl_dag']) retrieved from /workspaces/hands-on-introduction-data-engineering-4395021/airflow/dags/etl_dag.py
[2025-04-09T22:18:42.416+0000] {logging_mixin.py:150} INFO - [2025-04-09T22:18:42.416+0000] {dag.py:2742} INFO - Sync 1 DAGs
[2025-04-09T22:18:42.429+0000] {logging_mixin.py:150} INFO - [2025-04-09T22:18:42.429+0000] {dag.py:3504} INFO - Setting next_dagrun for etl_dag to 2025-04-09T00:00:00+00:00, run_after=2025-04-10T00:00:00+00:00
[2025-04-09T22:18:42.444+0000] {processor.py:179} INFO - Processing /workspaces/hands-on-introduction-data-engineering-4395021/airflow/dags/etl_dag.py took 0.291 seconds
[2025-04-09T22:19:12.541+0000] {processor.py:157} INFO - Started process (PID=68587) to work on /workspaces/hands-on-introduction-data-engineering-4395021/airflow/dags/etl_dag.py
[2025-04-09T22:19:12.542+0000] {processor.py:826} INFO - Processing file /workspaces/hands-on-introduction-data-engineering-4395021/airflow/dags/etl_dag.py for tasks to queue
[2025-04-09T22:19:12.543+0000] {logging_mixin.py:150} INFO - [2025-04-09T22:19:12.543+0000] {dagbag.py:541} INFO - Filling up the DagBag from /workspaces/hands-on-introduction-data-engineering-4395021/airflow/dags/etl_dag.py
[2025-04-09T22:19:12.769+0000] {processor.py:836} INFO - DAG(s) dict_keys(['etl_dag']) retrieved from /workspaces/hands-on-introduction-data-engineering-4395021/airflow/dags/etl_dag.py
[2025-04-09T22:19:12.785+0000] {logging_mixin.py:150} INFO - [2025-04-09T22:19:12.785+0000] {dag.py:2742} INFO - Sync 1 DAGs
[2025-04-09T22:19:12.798+0000] {logging_mixin.py:150} INFO - [2025-04-09T22:19:12.798+0000] {dag.py:3504} INFO - Setting next_dagrun for etl_dag to 2025-04-09T00:00:00+00:00, run_after=2025-04-10T00:00:00+00:00
[2025-04-09T22:19:12.811+0000] {processor.py:179} INFO - Processing /workspaces/hands-on-introduction-data-engineering-4395021/airflow/dags/etl_dag.py took 0.273 seconds
[2025-04-09T22:19:42.949+0000] {processor.py:157} INFO - Started process (PID=68794) to work on /workspaces/hands-on-introduction-data-engineering-4395021/airflow/dags/etl_dag.py
[2025-04-09T22:19:42.950+0000] {processor.py:826} INFO - Processing file /workspaces/hands-on-introduction-data-engineering-4395021/airflow/dags/etl_dag.py for tasks to queue
[2025-04-09T22:19:42.950+0000] {logging_mixin.py:150} INFO - [2025-04-09T22:19:42.950+0000] {dagbag.py:541} INFO - Filling up the DagBag from /workspaces/hands-on-introduction-data-engineering-4395021/airflow/dags/etl_dag.py
[2025-04-09T22:19:43.243+0000] {processor.py:836} INFO - DAG(s) dict_keys(['etl_dag']) retrieved from /workspaces/hands-on-introduction-data-engineering-4395021/airflow/dags/etl_dag.py
[2025-04-09T22:19:43.260+0000] {logging_mixin.py:150} INFO - [2025-04-09T22:19:43.260+0000] {dag.py:2742} INFO - Sync 1 DAGs
[2025-04-09T22:19:43.274+0000] {logging_mixin.py:150} INFO - [2025-04-09T22:19:43.274+0000] {dag.py:3504} INFO - Setting next_dagrun for etl_dag to 2025-04-09T00:00:00+00:00, run_after=2025-04-10T00:00:00+00:00
[2025-04-09T22:19:43.287+0000] {processor.py:179} INFO - Processing /workspaces/hands-on-introduction-data-engineering-4395021/airflow/dags/etl_dag.py took 0.341 seconds
[2025-04-09T22:20:13.440+0000] {processor.py:157} INFO - Started process (PID=69001) to work on /workspaces/hands-on-introduction-data-engineering-4395021/airflow/dags/etl_dag.py
[2025-04-09T22:20:13.441+0000] {processor.py:826} INFO - Processing file /workspaces/hands-on-introduction-data-engineering-4395021/airflow/dags/etl_dag.py for tasks to queue
[2025-04-09T22:20:13.441+0000] {logging_mixin.py:150} INFO - [2025-04-09T22:20:13.441+0000] {dagbag.py:541} INFO - Filling up the DagBag from /workspaces/hands-on-introduction-data-engineering-4395021/airflow/dags/etl_dag.py
[2025-04-09T22:20:13.717+0000] {processor.py:836} INFO - DAG(s) dict_keys(['etl_dag']) retrieved from /workspaces/hands-on-introduction-data-engineering-4395021/airflow/dags/etl_dag.py
[2025-04-09T22:20:13.732+0000] {logging_mixin.py:150} INFO - [2025-04-09T22:20:13.732+0000] {dag.py:2742} INFO - Sync 1 DAGs
[2025-04-09T22:20:13.750+0000] {logging_mixin.py:150} INFO - [2025-04-09T22:20:13.749+0000] {dag.py:3504} INFO - Setting next_dagrun for etl_dag to 2025-04-09T00:00:00+00:00, run_after=2025-04-10T00:00:00+00:00
[2025-04-09T22:20:13.801+0000] {processor.py:179} INFO - Processing /workspaces/hands-on-introduction-data-engineering-4395021/airflow/dags/etl_dag.py took 0.364 seconds
[2025-04-09T22:20:43.947+0000] {processor.py:157} INFO - Started process (PID=69201) to work on /workspaces/hands-on-introduction-data-engineering-4395021/airflow/dags/etl_dag.py
[2025-04-09T22:20:43.948+0000] {processor.py:826} INFO - Processing file /workspaces/hands-on-introduction-data-engineering-4395021/airflow/dags/etl_dag.py for tasks to queue
[2025-04-09T22:20:43.949+0000] {logging_mixin.py:150} INFO - [2025-04-09T22:20:43.949+0000] {dagbag.py:541} INFO - Filling up the DagBag from /workspaces/hands-on-introduction-data-engineering-4395021/airflow/dags/etl_dag.py
[2025-04-09T22:20:44.254+0000] {processor.py:836} INFO - DAG(s) dict_keys(['etl_dag']) retrieved from /workspaces/hands-on-introduction-data-engineering-4395021/airflow/dags/etl_dag.py
[2025-04-09T22:20:44.270+0000] {logging_mixin.py:150} INFO - [2025-04-09T22:20:44.270+0000] {dag.py:2742} INFO - Sync 1 DAGs
[2025-04-09T22:20:44.292+0000] {logging_mixin.py:150} INFO - [2025-04-09T22:20:44.292+0000] {dag.py:3504} INFO - Setting next_dagrun for etl_dag to 2025-04-09T00:00:00+00:00, run_after=2025-04-10T00:00:00+00:00
[2025-04-09T22:20:44.308+0000] {processor.py:179} INFO - Processing /workspaces/hands-on-introduction-data-engineering-4395021/airflow/dags/etl_dag.py took 0.363 seconds
[2025-04-09T22:21:14.434+0000] {processor.py:157} INFO - Started process (PID=69414) to work on /workspaces/hands-on-introduction-data-engineering-4395021/airflow/dags/etl_dag.py
[2025-04-09T22:21:14.435+0000] {processor.py:826} INFO - Processing file /workspaces/hands-on-introduction-data-engineering-4395021/airflow/dags/etl_dag.py for tasks to queue
[2025-04-09T22:21:14.435+0000] {logging_mixin.py:150} INFO - [2025-04-09T22:21:14.435+0000] {dagbag.py:541} INFO - Filling up the DagBag from /workspaces/hands-on-introduction-data-engineering-4395021/airflow/dags/etl_dag.py
[2025-04-09T22:21:14.693+0000] {processor.py:836} INFO - DAG(s) dict_keys(['etl_dag']) retrieved from /workspaces/hands-on-introduction-data-engineering-4395021/airflow/dags/etl_dag.py
[2025-04-09T22:21:14.709+0000] {logging_mixin.py:150} INFO - [2025-04-09T22:21:14.709+0000] {dag.py:2742} INFO - Sync 1 DAGs
[2025-04-09T22:21:14.724+0000] {logging_mixin.py:150} INFO - [2025-04-09T22:21:14.724+0000] {dag.py:3504} INFO - Setting next_dagrun for etl_dag to 2025-04-09T00:00:00+00:00, run_after=2025-04-10T00:00:00+00:00
[2025-04-09T22:21:14.739+0000] {processor.py:179} INFO - Processing /workspaces/hands-on-introduction-data-engineering-4395021/airflow/dags/etl_dag.py took 0.307 seconds
[2025-04-09T22:21:45.042+0000] {processor.py:157} INFO - Started process (PID=69613) to work on /workspaces/hands-on-introduction-data-engineering-4395021/airflow/dags/etl_dag.py
[2025-04-09T22:21:45.043+0000] {processor.py:826} INFO - Processing file /workspaces/hands-on-introduction-data-engineering-4395021/airflow/dags/etl_dag.py for tasks to queue
[2025-04-09T22:21:45.044+0000] {logging_mixin.py:150} INFO - [2025-04-09T22:21:45.043+0000] {dagbag.py:541} INFO - Filling up the DagBag from /workspaces/hands-on-introduction-data-engineering-4395021/airflow/dags/etl_dag.py
[2025-04-09T22:21:45.283+0000] {processor.py:836} INFO - DAG(s) dict_keys(['etl_dag']) retrieved from /workspaces/hands-on-introduction-data-engineering-4395021/airflow/dags/etl_dag.py
[2025-04-09T22:21:45.299+0000] {logging_mixin.py:150} INFO - [2025-04-09T22:21:45.299+0000] {dag.py:2742} INFO - Sync 1 DAGs
[2025-04-09T22:21:45.315+0000] {logging_mixin.py:150} INFO - [2025-04-09T22:21:45.315+0000] {dag.py:3504} INFO - Setting next_dagrun for etl_dag to 2025-04-09T00:00:00+00:00, run_after=2025-04-10T00:00:00+00:00
[2025-04-09T22:21:45.328+0000] {processor.py:179} INFO - Processing /workspaces/hands-on-introduction-data-engineering-4395021/airflow/dags/etl_dag.py took 0.289 seconds
[2025-04-09T22:22:15.442+0000] {processor.py:157} INFO - Started process (PID=69818) to work on /workspaces/hands-on-introduction-data-engineering-4395021/airflow/dags/etl_dag.py
[2025-04-09T22:22:15.443+0000] {processor.py:826} INFO - Processing file /workspaces/hands-on-introduction-data-engineering-4395021/airflow/dags/etl_dag.py for tasks to queue
[2025-04-09T22:22:15.444+0000] {logging_mixin.py:150} INFO - [2025-04-09T22:22:15.443+0000] {dagbag.py:541} INFO - Filling up the DagBag from /workspaces/hands-on-introduction-data-engineering-4395021/airflow/dags/etl_dag.py
[2025-04-09T22:22:15.982+0000] {processor.py:836} INFO - DAG(s) dict_keys(['etl_dag']) retrieved from /workspaces/hands-on-introduction-data-engineering-4395021/airflow/dags/etl_dag.py
[2025-04-09T22:22:16.006+0000] {logging_mixin.py:150} INFO - [2025-04-09T22:22:16.006+0000] {dag.py:2742} INFO - Sync 1 DAGs
[2025-04-09T22:22:16.031+0000] {logging_mixin.py:150} INFO - [2025-04-09T22:22:16.030+0000] {dag.py:3504} INFO - Setting next_dagrun for etl_dag to 2025-04-09T00:00:00+00:00, run_after=2025-04-10T00:00:00+00:00
[2025-04-09T22:22:16.061+0000] {processor.py:179} INFO - Processing /workspaces/hands-on-introduction-data-engineering-4395021/airflow/dags/etl_dag.py took 0.627 seconds
[2025-04-09T22:22:46.233+0000] {processor.py:157} INFO - Started process (PID=70019) to work on /workspaces/hands-on-introduction-data-engineering-4395021/airflow/dags/etl_dag.py
[2025-04-09T22:22:46.234+0000] {processor.py:826} INFO - Processing file /workspaces/hands-on-introduction-data-engineering-4395021/airflow/dags/etl_dag.py for tasks to queue
[2025-04-09T22:22:46.235+0000] {logging_mixin.py:150} INFO - [2025-04-09T22:22:46.234+0000] {dagbag.py:541} INFO - Filling up the DagBag from /workspaces/hands-on-introduction-data-engineering-4395021/airflow/dags/etl_dag.py
[2025-04-09T22:22:46.484+0000] {processor.py:836} INFO - DAG(s) dict_keys(['etl_dag']) retrieved from /workspaces/hands-on-introduction-data-engineering-4395021/airflow/dags/etl_dag.py
[2025-04-09T22:22:46.501+0000] {logging_mixin.py:150} INFO - [2025-04-09T22:22:46.500+0000] {dag.py:2742} INFO - Sync 1 DAGs
[2025-04-09T22:22:46.514+0000] {logging_mixin.py:150} INFO - [2025-04-09T22:22:46.514+0000] {dag.py:3504} INFO - Setting next_dagrun for etl_dag to 2025-04-09T00:00:00+00:00, run_after=2025-04-10T00:00:00+00:00
[2025-04-09T22:22:46.529+0000] {processor.py:179} INFO - Processing /workspaces/hands-on-introduction-data-engineering-4395021/airflow/dags/etl_dag.py took 0.298 seconds
[2025-04-09T22:23:16.688+0000] {processor.py:157} INFO - Started process (PID=70220) to work on /workspaces/hands-on-introduction-data-engineering-4395021/airflow/dags/etl_dag.py
[2025-04-09T22:23:16.689+0000] {processor.py:826} INFO - Processing file /workspaces/hands-on-introduction-data-engineering-4395021/airflow/dags/etl_dag.py for tasks to queue
[2025-04-09T22:23:16.690+0000] {logging_mixin.py:150} INFO - [2025-04-09T22:23:16.690+0000] {dagbag.py:541} INFO - Filling up the DagBag from /workspaces/hands-on-introduction-data-engineering-4395021/airflow/dags/etl_dag.py
[2025-04-09T22:23:16.919+0000] {processor.py:836} INFO - DAG(s) dict_keys(['etl_dag']) retrieved from /workspaces/hands-on-introduction-data-engineering-4395021/airflow/dags/etl_dag.py
[2025-04-09T22:23:16.941+0000] {logging_mixin.py:150} INFO - [2025-04-09T22:23:16.941+0000] {dag.py:2742} INFO - Sync 1 DAGs
[2025-04-09T22:23:16.961+0000] {logging_mixin.py:150} INFO - [2025-04-09T22:23:16.960+0000] {dag.py:3504} INFO - Setting next_dagrun for etl_dag to 2025-04-09T00:00:00+00:00, run_after=2025-04-10T00:00:00+00:00
[2025-04-09T22:23:16.974+0000] {processor.py:179} INFO - Processing /workspaces/hands-on-introduction-data-engineering-4395021/airflow/dags/etl_dag.py took 0.288 seconds
[2025-04-09T22:23:47.049+0000] {processor.py:157} INFO - Started process (PID=70442) to work on /workspaces/hands-on-introduction-data-engineering-4395021/airflow/dags/etl_dag.py
[2025-04-09T22:23:47.049+0000] {processor.py:826} INFO - Processing file /workspaces/hands-on-introduction-data-engineering-4395021/airflow/dags/etl_dag.py for tasks to queue
[2025-04-09T22:23:47.050+0000] {logging_mixin.py:150} INFO - [2025-04-09T22:23:47.050+0000] {dagbag.py:541} INFO - Filling up the DagBag from /workspaces/hands-on-introduction-data-engineering-4395021/airflow/dags/etl_dag.py
[2025-04-09T22:23:47.300+0000] {processor.py:836} INFO - DAG(s) dict_keys(['etl_dag']) retrieved from /workspaces/hands-on-introduction-data-engineering-4395021/airflow/dags/etl_dag.py
[2025-04-09T22:23:47.315+0000] {logging_mixin.py:150} INFO - [2025-04-09T22:23:47.315+0000] {dag.py:2742} INFO - Sync 1 DAGs
[2025-04-09T22:23:47.329+0000] {logging_mixin.py:150} INFO - [2025-04-09T22:23:47.329+0000] {dag.py:3504} INFO - Setting next_dagrun for etl_dag to 2025-04-09T00:00:00+00:00, run_after=2025-04-10T00:00:00+00:00
[2025-04-09T22:23:47.343+0000] {processor.py:179} INFO - Processing /workspaces/hands-on-introduction-data-engineering-4395021/airflow/dags/etl_dag.py took 0.297 seconds
[2025-04-09T22:24:17.431+0000] {processor.py:157} INFO - Started process (PID=70749) to work on /workspaces/hands-on-introduction-data-engineering-4395021/airflow/dags/etl_dag.py
[2025-04-09T22:24:17.431+0000] {processor.py:826} INFO - Processing file /workspaces/hands-on-introduction-data-engineering-4395021/airflow/dags/etl_dag.py for tasks to queue
[2025-04-09T22:24:17.432+0000] {logging_mixin.py:150} INFO - [2025-04-09T22:24:17.432+0000] {dagbag.py:541} INFO - Filling up the DagBag from /workspaces/hands-on-introduction-data-engineering-4395021/airflow/dags/etl_dag.py
[2025-04-09T22:24:17.672+0000] {processor.py:836} INFO - DAG(s) dict_keys(['etl_dag']) retrieved from /workspaces/hands-on-introduction-data-engineering-4395021/airflow/dags/etl_dag.py
[2025-04-09T22:24:17.687+0000] {logging_mixin.py:150} INFO - [2025-04-09T22:24:17.687+0000] {dag.py:2742} INFO - Sync 1 DAGs
[2025-04-09T22:24:17.701+0000] {logging_mixin.py:150} INFO - [2025-04-09T22:24:17.701+0000] {dag.py:3504} INFO - Setting next_dagrun for etl_dag to 2025-04-09T00:00:00+00:00, run_after=2025-04-10T00:00:00+00:00
[2025-04-09T22:24:17.716+0000] {processor.py:179} INFO - Processing /workspaces/hands-on-introduction-data-engineering-4395021/airflow/dags/etl_dag.py took 0.288 seconds
[2025-04-09T22:24:47.818+0000] {processor.py:157} INFO - Started process (PID=71083) to work on /workspaces/hands-on-introduction-data-engineering-4395021/airflow/dags/etl_dag.py
[2025-04-09T22:24:47.819+0000] {processor.py:826} INFO - Processing file /workspaces/hands-on-introduction-data-engineering-4395021/airflow/dags/etl_dag.py for tasks to queue
[2025-04-09T22:24:47.820+0000] {logging_mixin.py:150} INFO - [2025-04-09T22:24:47.819+0000] {dagbag.py:541} INFO - Filling up the DagBag from /workspaces/hands-on-introduction-data-engineering-4395021/airflow/dags/etl_dag.py
[2025-04-09T22:24:48.056+0000] {processor.py:836} INFO - DAG(s) dict_keys(['etl_dag']) retrieved from /workspaces/hands-on-introduction-data-engineering-4395021/airflow/dags/etl_dag.py
[2025-04-09T22:24:48.071+0000] {logging_mixin.py:150} INFO - [2025-04-09T22:24:48.071+0000] {dag.py:2742} INFO - Sync 1 DAGs
[2025-04-09T22:24:48.086+0000] {logging_mixin.py:150} INFO - [2025-04-09T22:24:48.085+0000] {dag.py:3504} INFO - Setting next_dagrun for etl_dag to 2025-04-09T00:00:00+00:00, run_after=2025-04-10T00:00:00+00:00
[2025-04-09T22:24:48.100+0000] {processor.py:179} INFO - Processing /workspaces/hands-on-introduction-data-engineering-4395021/airflow/dags/etl_dag.py took 0.284 seconds
[2025-04-09T22:25:18.203+0000] {processor.py:157} INFO - Started process (PID=71339) to work on /workspaces/hands-on-introduction-data-engineering-4395021/airflow/dags/etl_dag.py
[2025-04-09T22:25:18.204+0000] {processor.py:826} INFO - Processing file /workspaces/hands-on-introduction-data-engineering-4395021/airflow/dags/etl_dag.py for tasks to queue
[2025-04-09T22:25:18.204+0000] {logging_mixin.py:150} INFO - [2025-04-09T22:25:18.204+0000] {dagbag.py:541} INFO - Filling up the DagBag from /workspaces/hands-on-introduction-data-engineering-4395021/airflow/dags/etl_dag.py
[2025-04-09T22:25:18.432+0000] {processor.py:836} INFO - DAG(s) dict_keys(['etl_dag']) retrieved from /workspaces/hands-on-introduction-data-engineering-4395021/airflow/dags/etl_dag.py
[2025-04-09T22:25:18.447+0000] {logging_mixin.py:150} INFO - [2025-04-09T22:25:18.447+0000] {dag.py:2742} INFO - Sync 1 DAGs
[2025-04-09T22:25:18.461+0000] {logging_mixin.py:150} INFO - [2025-04-09T22:25:18.461+0000] {dag.py:3504} INFO - Setting next_dagrun for etl_dag to 2025-04-09T00:00:00+00:00, run_after=2025-04-10T00:00:00+00:00
[2025-04-09T22:25:18.474+0000] {processor.py:179} INFO - Processing /workspaces/hands-on-introduction-data-engineering-4395021/airflow/dags/etl_dag.py took 0.274 seconds
[2025-04-09T22:25:48.587+0000] {processor.py:157} INFO - Started process (PID=71578) to work on /workspaces/hands-on-introduction-data-engineering-4395021/airflow/dags/etl_dag.py
[2025-04-09T22:25:48.588+0000] {processor.py:826} INFO - Processing file /workspaces/hands-on-introduction-data-engineering-4395021/airflow/dags/etl_dag.py for tasks to queue
[2025-04-09T22:25:48.589+0000] {logging_mixin.py:150} INFO - [2025-04-09T22:25:48.589+0000] {dagbag.py:541} INFO - Filling up the DagBag from /workspaces/hands-on-introduction-data-engineering-4395021/airflow/dags/etl_dag.py
[2025-04-09T22:25:48.818+0000] {processor.py:836} INFO - DAG(s) dict_keys(['etl_dag']) retrieved from /workspaces/hands-on-introduction-data-engineering-4395021/airflow/dags/etl_dag.py
[2025-04-09T22:25:48.834+0000] {logging_mixin.py:150} INFO - [2025-04-09T22:25:48.833+0000] {dag.py:2742} INFO - Sync 1 DAGs
[2025-04-09T22:25:48.849+0000] {logging_mixin.py:150} INFO - [2025-04-09T22:25:48.848+0000] {dag.py:3504} INFO - Setting next_dagrun for etl_dag to 2025-04-09T00:00:00+00:00, run_after=2025-04-10T00:00:00+00:00
[2025-04-09T22:25:48.862+0000] {processor.py:179} INFO - Processing /workspaces/hands-on-introduction-data-engineering-4395021/airflow/dags/etl_dag.py took 0.277 seconds
[2025-04-09T22:26:18.971+0000] {processor.py:157} INFO - Started process (PID=71900) to work on /workspaces/hands-on-introduction-data-engineering-4395021/airflow/dags/etl_dag.py
[2025-04-09T22:26:18.972+0000] {processor.py:826} INFO - Processing file /workspaces/hands-on-introduction-data-engineering-4395021/airflow/dags/etl_dag.py for tasks to queue
[2025-04-09T22:26:18.972+0000] {logging_mixin.py:150} INFO - [2025-04-09T22:26:18.972+0000] {dagbag.py:541} INFO - Filling up the DagBag from /workspaces/hands-on-introduction-data-engineering-4395021/airflow/dags/etl_dag.py
[2025-04-09T22:26:19.202+0000] {processor.py:836} INFO - DAG(s) dict_keys(['etl_dag']) retrieved from /workspaces/hands-on-introduction-data-engineering-4395021/airflow/dags/etl_dag.py
[2025-04-09T22:26:19.217+0000] {logging_mixin.py:150} INFO - [2025-04-09T22:26:19.217+0000] {dag.py:2742} INFO - Sync 1 DAGs
[2025-04-09T22:26:19.231+0000] {logging_mixin.py:150} INFO - [2025-04-09T22:26:19.231+0000] {dag.py:3504} INFO - Setting next_dagrun for etl_dag to 2025-04-09T00:00:00+00:00, run_after=2025-04-10T00:00:00+00:00
[2025-04-09T22:26:19.245+0000] {processor.py:179} INFO - Processing /workspaces/hands-on-introduction-data-engineering-4395021/airflow/dags/etl_dag.py took 0.277 seconds
[2025-04-09T22:26:49.356+0000] {processor.py:157} INFO - Started process (PID=72197) to work on /workspaces/hands-on-introduction-data-engineering-4395021/airflow/dags/etl_dag.py
[2025-04-09T22:26:49.357+0000] {processor.py:826} INFO - Processing file /workspaces/hands-on-introduction-data-engineering-4395021/airflow/dags/etl_dag.py for tasks to queue
[2025-04-09T22:26:49.357+0000] {logging_mixin.py:150} INFO - [2025-04-09T22:26:49.357+0000] {dagbag.py:541} INFO - Filling up the DagBag from /workspaces/hands-on-introduction-data-engineering-4395021/airflow/dags/etl_dag.py
[2025-04-09T22:26:49.606+0000] {processor.py:836} INFO - DAG(s) dict_keys(['etl_dag']) retrieved from /workspaces/hands-on-introduction-data-engineering-4395021/airflow/dags/etl_dag.py
[2025-04-09T22:26:49.623+0000] {logging_mixin.py:150} INFO - [2025-04-09T22:26:49.623+0000] {dag.py:2742} INFO - Sync 1 DAGs
[2025-04-09T22:26:49.636+0000] {logging_mixin.py:150} INFO - [2025-04-09T22:26:49.636+0000] {dag.py:3504} INFO - Setting next_dagrun for etl_dag to 2025-04-09T00:00:00+00:00, run_after=2025-04-10T00:00:00+00:00
[2025-04-09T22:26:49.650+0000] {processor.py:179} INFO - Processing /workspaces/hands-on-introduction-data-engineering-4395021/airflow/dags/etl_dag.py took 0.296 seconds
[2025-04-09T22:27:19.743+0000] {processor.py:157} INFO - Started process (PID=72428) to work on /workspaces/hands-on-introduction-data-engineering-4395021/airflow/dags/etl_dag.py
[2025-04-09T22:27:19.744+0000] {processor.py:826} INFO - Processing file /workspaces/hands-on-introduction-data-engineering-4395021/airflow/dags/etl_dag.py for tasks to queue
[2025-04-09T22:27:19.744+0000] {logging_mixin.py:150} INFO - [2025-04-09T22:27:19.744+0000] {dagbag.py:541} INFO - Filling up the DagBag from /workspaces/hands-on-introduction-data-engineering-4395021/airflow/dags/etl_dag.py
[2025-04-09T22:27:19.976+0000] {processor.py:836} INFO - DAG(s) dict_keys(['etl_dag']) retrieved from /workspaces/hands-on-introduction-data-engineering-4395021/airflow/dags/etl_dag.py
[2025-04-09T22:27:19.992+0000] {logging_mixin.py:150} INFO - [2025-04-09T22:27:19.992+0000] {dag.py:2742} INFO - Sync 1 DAGs
[2025-04-09T22:27:20.006+0000] {logging_mixin.py:150} INFO - [2025-04-09T22:27:20.005+0000] {dag.py:3504} INFO - Setting next_dagrun for etl_dag to 2025-04-09T00:00:00+00:00, run_after=2025-04-10T00:00:00+00:00
[2025-04-09T22:27:20.020+0000] {processor.py:179} INFO - Processing /workspaces/hands-on-introduction-data-engineering-4395021/airflow/dags/etl_dag.py took 0.279 seconds
[2025-04-09T22:27:50.127+0000] {processor.py:157} INFO - Started process (PID=72665) to work on /workspaces/hands-on-introduction-data-engineering-4395021/airflow/dags/etl_dag.py
[2025-04-09T22:27:50.128+0000] {processor.py:826} INFO - Processing file /workspaces/hands-on-introduction-data-engineering-4395021/airflow/dags/etl_dag.py for tasks to queue
[2025-04-09T22:27:50.128+0000] {logging_mixin.py:150} INFO - [2025-04-09T22:27:50.128+0000] {dagbag.py:541} INFO - Filling up the DagBag from /workspaces/hands-on-introduction-data-engineering-4395021/airflow/dags/etl_dag.py
[2025-04-09T22:27:50.368+0000] {processor.py:836} INFO - DAG(s) dict_keys(['etl_dag']) retrieved from /workspaces/hands-on-introduction-data-engineering-4395021/airflow/dags/etl_dag.py
[2025-04-09T22:27:50.384+0000] {logging_mixin.py:150} INFO - [2025-04-09T22:27:50.384+0000] {dag.py:2742} INFO - Sync 1 DAGs
[2025-04-09T22:27:50.397+0000] {logging_mixin.py:150} INFO - [2025-04-09T22:27:50.397+0000] {dag.py:3504} INFO - Setting next_dagrun for etl_dag to 2025-04-09T00:00:00+00:00, run_after=2025-04-10T00:00:00+00:00
[2025-04-09T22:27:50.411+0000] {processor.py:179} INFO - Processing /workspaces/hands-on-introduction-data-engineering-4395021/airflow/dags/etl_dag.py took 0.287 seconds
[2025-04-09T22:28:20.511+0000] {processor.py:157} INFO - Started process (PID=72925) to work on /workspaces/hands-on-introduction-data-engineering-4395021/airflow/dags/etl_dag.py
[2025-04-09T22:28:20.511+0000] {processor.py:826} INFO - Processing file /workspaces/hands-on-introduction-data-engineering-4395021/airflow/dags/etl_dag.py for tasks to queue
[2025-04-09T22:28:20.512+0000] {logging_mixin.py:150} INFO - [2025-04-09T22:28:20.512+0000] {dagbag.py:541} INFO - Filling up the DagBag from /workspaces/hands-on-introduction-data-engineering-4395021/airflow/dags/etl_dag.py
[2025-04-09T22:28:20.770+0000] {processor.py:836} INFO - DAG(s) dict_keys(['etl_dag']) retrieved from /workspaces/hands-on-introduction-data-engineering-4395021/airflow/dags/etl_dag.py
[2025-04-09T22:28:20.786+0000] {logging_mixin.py:150} INFO - [2025-04-09T22:28:20.786+0000] {dag.py:2742} INFO - Sync 1 DAGs
[2025-04-09T22:28:20.799+0000] {logging_mixin.py:150} INFO - [2025-04-09T22:28:20.799+0000] {dag.py:3504} INFO - Setting next_dagrun for etl_dag to 2025-04-09T00:00:00+00:00, run_after=2025-04-10T00:00:00+00:00
[2025-04-09T22:28:20.813+0000] {processor.py:179} INFO - Processing /workspaces/hands-on-introduction-data-engineering-4395021/airflow/dags/etl_dag.py took 0.306 seconds
[2025-04-09T22:28:50.996+0000] {processor.py:157} INFO - Started process (PID=73135) to work on /workspaces/hands-on-introduction-data-engineering-4395021/airflow/dags/etl_dag.py
[2025-04-09T22:28:50.997+0000] {processor.py:826} INFO - Processing file /workspaces/hands-on-introduction-data-engineering-4395021/airflow/dags/etl_dag.py for tasks to queue
[2025-04-09T22:28:50.998+0000] {logging_mixin.py:150} INFO - [2025-04-09T22:28:50.998+0000] {dagbag.py:541} INFO - Filling up the DagBag from /workspaces/hands-on-introduction-data-engineering-4395021/airflow/dags/etl_dag.py
[2025-04-09T22:28:51.229+0000] {processor.py:836} INFO - DAG(s) dict_keys(['etl_dag']) retrieved from /workspaces/hands-on-introduction-data-engineering-4395021/airflow/dags/etl_dag.py
[2025-04-09T22:28:51.244+0000] {logging_mixin.py:150} INFO - [2025-04-09T22:28:51.244+0000] {dag.py:2742} INFO - Sync 1 DAGs
[2025-04-09T22:28:51.258+0000] {logging_mixin.py:150} INFO - [2025-04-09T22:28:51.258+0000] {dag.py:3504} INFO - Setting next_dagrun for etl_dag to 2025-04-09T00:00:00+00:00, run_after=2025-04-10T00:00:00+00:00
[2025-04-09T22:28:51.271+0000] {processor.py:179} INFO - Processing /workspaces/hands-on-introduction-data-engineering-4395021/airflow/dags/etl_dag.py took 0.278 seconds
[2025-04-09T22:29:21.379+0000] {processor.py:157} INFO - Started process (PID=73342) to work on /workspaces/hands-on-introduction-data-engineering-4395021/airflow/dags/etl_dag.py
[2025-04-09T22:29:21.379+0000] {processor.py:826} INFO - Processing file /workspaces/hands-on-introduction-data-engineering-4395021/airflow/dags/etl_dag.py for tasks to queue
[2025-04-09T22:29:21.380+0000] {logging_mixin.py:150} INFO - [2025-04-09T22:29:21.380+0000] {dagbag.py:541} INFO - Filling up the DagBag from /workspaces/hands-on-introduction-data-engineering-4395021/airflow/dags/etl_dag.py
[2025-04-09T22:29:21.609+0000] {processor.py:836} INFO - DAG(s) dict_keys(['etl_dag']) retrieved from /workspaces/hands-on-introduction-data-engineering-4395021/airflow/dags/etl_dag.py
[2025-04-09T22:29:21.624+0000] {logging_mixin.py:150} INFO - [2025-04-09T22:29:21.624+0000] {dag.py:2742} INFO - Sync 1 DAGs
[2025-04-09T22:29:21.638+0000] {logging_mixin.py:150} INFO - [2025-04-09T22:29:21.638+0000] {dag.py:3504} INFO - Setting next_dagrun for etl_dag to 2025-04-09T00:00:00+00:00, run_after=2025-04-10T00:00:00+00:00
[2025-04-09T22:29:21.651+0000] {processor.py:179} INFO - Processing /workspaces/hands-on-introduction-data-engineering-4395021/airflow/dags/etl_dag.py took 0.275 seconds
[2025-04-09T22:29:51.764+0000] {processor.py:157} INFO - Started process (PID=73552) to work on /workspaces/hands-on-introduction-data-engineering-4395021/airflow/dags/etl_dag.py
[2025-04-09T22:29:51.764+0000] {processor.py:826} INFO - Processing file /workspaces/hands-on-introduction-data-engineering-4395021/airflow/dags/etl_dag.py for tasks to queue
[2025-04-09T22:29:51.765+0000] {logging_mixin.py:150} INFO - [2025-04-09T22:29:51.765+0000] {dagbag.py:541} INFO - Filling up the DagBag from /workspaces/hands-on-introduction-data-engineering-4395021/airflow/dags/etl_dag.py
[2025-04-09T22:29:52.018+0000] {processor.py:836} INFO - DAG(s) dict_keys(['etl_dag']) retrieved from /workspaces/hands-on-introduction-data-engineering-4395021/airflow/dags/etl_dag.py
[2025-04-09T22:29:52.034+0000] {logging_mixin.py:150} INFO - [2025-04-09T22:29:52.034+0000] {dag.py:2742} INFO - Sync 1 DAGs
[2025-04-09T22:29:52.049+0000] {logging_mixin.py:150} INFO - [2025-04-09T22:29:52.048+0000] {dag.py:3504} INFO - Setting next_dagrun for etl_dag to 2025-04-09T00:00:00+00:00, run_after=2025-04-10T00:00:00+00:00
[2025-04-09T22:29:52.063+0000] {processor.py:179} INFO - Processing /workspaces/hands-on-introduction-data-engineering-4395021/airflow/dags/etl_dag.py took 0.302 seconds
[2025-04-09T22:30:22.254+0000] {processor.py:157} INFO - Started process (PID=73939) to work on /workspaces/hands-on-introduction-data-engineering-4395021/airflow/dags/etl_dag.py
[2025-04-09T22:30:22.255+0000] {processor.py:826} INFO - Processing file /workspaces/hands-on-introduction-data-engineering-4395021/airflow/dags/etl_dag.py for tasks to queue
[2025-04-09T22:30:22.255+0000] {logging_mixin.py:150} INFO - [2025-04-09T22:30:22.255+0000] {dagbag.py:541} INFO - Filling up the DagBag from /workspaces/hands-on-introduction-data-engineering-4395021/airflow/dags/etl_dag.py
[2025-04-09T22:30:22.508+0000] {processor.py:836} INFO - DAG(s) dict_keys(['etl_dag']) retrieved from /workspaces/hands-on-introduction-data-engineering-4395021/airflow/dags/etl_dag.py
[2025-04-09T22:30:22.524+0000] {logging_mixin.py:150} INFO - [2025-04-09T22:30:22.523+0000] {dag.py:2742} INFO - Sync 1 DAGs
[2025-04-09T22:30:22.537+0000] {logging_mixin.py:150} INFO - [2025-04-09T22:30:22.537+0000] {dag.py:3504} INFO - Setting next_dagrun for etl_dag to 2025-04-09T00:00:00+00:00, run_after=2025-04-10T00:00:00+00:00
[2025-04-09T22:30:22.551+0000] {processor.py:179} INFO - Processing /workspaces/hands-on-introduction-data-engineering-4395021/airflow/dags/etl_dag.py took 0.300 seconds
[2025-04-09T22:30:52.668+0000] {processor.py:157} INFO - Started process (PID=74149) to work on /workspaces/hands-on-introduction-data-engineering-4395021/airflow/dags/etl_dag.py
[2025-04-09T22:30:52.670+0000] {processor.py:826} INFO - Processing file /workspaces/hands-on-introduction-data-engineering-4395021/airflow/dags/etl_dag.py for tasks to queue
[2025-04-09T22:30:52.671+0000] {logging_mixin.py:150} INFO - [2025-04-09T22:30:52.670+0000] {dagbag.py:541} INFO - Filling up the DagBag from /workspaces/hands-on-introduction-data-engineering-4395021/airflow/dags/etl_dag.py
[2025-04-09T22:30:53.121+0000] {processor.py:836} INFO - DAG(s) dict_keys(['etl_dag']) retrieved from /workspaces/hands-on-introduction-data-engineering-4395021/airflow/dags/etl_dag.py
[2025-04-09T22:30:53.147+0000] {logging_mixin.py:150} INFO - [2025-04-09T22:30:53.147+0000] {dag.py:2742} INFO - Sync 1 DAGs
[2025-04-09T22:30:53.168+0000] {logging_mixin.py:150} INFO - [2025-04-09T22:30:53.168+0000] {dag.py:3504} INFO - Setting next_dagrun for etl_dag to 2025-04-09T00:00:00+00:00, run_after=2025-04-10T00:00:00+00:00
[2025-04-09T22:30:53.192+0000] {processor.py:179} INFO - Processing /workspaces/hands-on-introduction-data-engineering-4395021/airflow/dags/etl_dag.py took 0.527 seconds
[2025-04-09T22:31:23.359+0000] {processor.py:157} INFO - Started process (PID=74350) to work on /workspaces/hands-on-introduction-data-engineering-4395021/airflow/dags/etl_dag.py
[2025-04-09T22:31:23.360+0000] {processor.py:826} INFO - Processing file /workspaces/hands-on-introduction-data-engineering-4395021/airflow/dags/etl_dag.py for tasks to queue
[2025-04-09T22:31:23.361+0000] {logging_mixin.py:150} INFO - [2025-04-09T22:31:23.361+0000] {dagbag.py:541} INFO - Filling up the DagBag from /workspaces/hands-on-introduction-data-engineering-4395021/airflow/dags/etl_dag.py
[2025-04-09T22:31:23.585+0000] {processor.py:836} INFO - DAG(s) dict_keys(['etl_dag']) retrieved from /workspaces/hands-on-introduction-data-engineering-4395021/airflow/dags/etl_dag.py
[2025-04-09T22:31:23.601+0000] {logging_mixin.py:150} INFO - [2025-04-09T22:31:23.600+0000] {dag.py:2742} INFO - Sync 1 DAGs
[2025-04-09T22:31:23.614+0000] {logging_mixin.py:150} INFO - [2025-04-09T22:31:23.614+0000] {dag.py:3504} INFO - Setting next_dagrun for etl_dag to 2025-04-09T00:00:00+00:00, run_after=2025-04-10T00:00:00+00:00
[2025-04-09T22:31:23.627+0000] {processor.py:179} INFO - Processing /workspaces/hands-on-introduction-data-engineering-4395021/airflow/dags/etl_dag.py took 0.270 seconds
[2025-04-09T22:31:53.744+0000] {processor.py:157} INFO - Started process (PID=74557) to work on /workspaces/hands-on-introduction-data-engineering-4395021/airflow/dags/etl_dag.py
[2025-04-09T22:31:53.744+0000] {processor.py:826} INFO - Processing file /workspaces/hands-on-introduction-data-engineering-4395021/airflow/dags/etl_dag.py for tasks to queue
[2025-04-09T22:31:53.745+0000] {logging_mixin.py:150} INFO - [2025-04-09T22:31:53.745+0000] {dagbag.py:541} INFO - Filling up the DagBag from /workspaces/hands-on-introduction-data-engineering-4395021/airflow/dags/etl_dag.py
[2025-04-09T22:31:53.977+0000] {processor.py:836} INFO - DAG(s) dict_keys(['etl_dag']) retrieved from /workspaces/hands-on-introduction-data-engineering-4395021/airflow/dags/etl_dag.py
[2025-04-09T22:31:53.993+0000] {logging_mixin.py:150} INFO - [2025-04-09T22:31:53.993+0000] {dag.py:2742} INFO - Sync 1 DAGs
[2025-04-09T22:31:54.006+0000] {logging_mixin.py:150} INFO - [2025-04-09T22:31:54.006+0000] {dag.py:3504} INFO - Setting next_dagrun for etl_dag to 2025-04-09T00:00:00+00:00, run_after=2025-04-10T00:00:00+00:00
[2025-04-09T22:31:54.021+0000] {processor.py:179} INFO - Processing /workspaces/hands-on-introduction-data-engineering-4395021/airflow/dags/etl_dag.py took 0.279 seconds
[2025-04-09T22:32:24.131+0000] {processor.py:157} INFO - Started process (PID=74756) to work on /workspaces/hands-on-introduction-data-engineering-4395021/airflow/dags/etl_dag.py
[2025-04-09T22:32:24.132+0000] {processor.py:826} INFO - Processing file /workspaces/hands-on-introduction-data-engineering-4395021/airflow/dags/etl_dag.py for tasks to queue
[2025-04-09T22:32:24.133+0000] {logging_mixin.py:150} INFO - [2025-04-09T22:32:24.133+0000] {dagbag.py:541} INFO - Filling up the DagBag from /workspaces/hands-on-introduction-data-engineering-4395021/airflow/dags/etl_dag.py
[2025-04-09T22:32:24.367+0000] {processor.py:836} INFO - DAG(s) dict_keys(['etl_dag']) retrieved from /workspaces/hands-on-introduction-data-engineering-4395021/airflow/dags/etl_dag.py
[2025-04-09T22:32:24.382+0000] {logging_mixin.py:150} INFO - [2025-04-09T22:32:24.382+0000] {dag.py:2742} INFO - Sync 1 DAGs
[2025-04-09T22:32:24.396+0000] {logging_mixin.py:150} INFO - [2025-04-09T22:32:24.396+0000] {dag.py:3504} INFO - Setting next_dagrun for etl_dag to 2025-04-09T00:00:00+00:00, run_after=2025-04-10T00:00:00+00:00
[2025-04-09T22:32:24.410+0000] {processor.py:179} INFO - Processing /workspaces/hands-on-introduction-data-engineering-4395021/airflow/dags/etl_dag.py took 0.281 seconds
[2025-04-09T22:32:54.517+0000] {processor.py:157} INFO - Started process (PID=74963) to work on /workspaces/hands-on-introduction-data-engineering-4395021/airflow/dags/etl_dag.py
[2025-04-09T22:32:54.517+0000] {processor.py:826} INFO - Processing file /workspaces/hands-on-introduction-data-engineering-4395021/airflow/dags/etl_dag.py for tasks to queue
[2025-04-09T22:32:54.518+0000] {logging_mixin.py:150} INFO - [2025-04-09T22:32:54.518+0000] {dagbag.py:541} INFO - Filling up the DagBag from /workspaces/hands-on-introduction-data-engineering-4395021/airflow/dags/etl_dag.py
[2025-04-09T22:32:54.743+0000] {processor.py:836} INFO - DAG(s) dict_keys(['etl_dag']) retrieved from /workspaces/hands-on-introduction-data-engineering-4395021/airflow/dags/etl_dag.py
[2025-04-09T22:32:54.759+0000] {logging_mixin.py:150} INFO - [2025-04-09T22:32:54.758+0000] {dag.py:2742} INFO - Sync 1 DAGs
[2025-04-09T22:32:54.773+0000] {logging_mixin.py:150} INFO - [2025-04-09T22:32:54.773+0000] {dag.py:3504} INFO - Setting next_dagrun for etl_dag to 2025-04-09T00:00:00+00:00, run_after=2025-04-10T00:00:00+00:00
[2025-04-09T22:32:54.787+0000] {processor.py:179} INFO - Processing /workspaces/hands-on-introduction-data-engineering-4395021/airflow/dags/etl_dag.py took 0.273 seconds
[2025-04-09T22:33:24.948+0000] {processor.py:157} INFO - Started process (PID=75169) to work on /workspaces/hands-on-introduction-data-engineering-4395021/airflow/dags/etl_dag.py
[2025-04-09T22:33:24.948+0000] {processor.py:826} INFO - Processing file /workspaces/hands-on-introduction-data-engineering-4395021/airflow/dags/etl_dag.py for tasks to queue
[2025-04-09T22:33:24.949+0000] {logging_mixin.py:150} INFO - [2025-04-09T22:33:24.949+0000] {dagbag.py:541} INFO - Filling up the DagBag from /workspaces/hands-on-introduction-data-engineering-4395021/airflow/dags/etl_dag.py
[2025-04-09T22:33:25.402+0000] {processor.py:836} INFO - DAG(s) dict_keys(['etl_dag']) retrieved from /workspaces/hands-on-introduction-data-engineering-4395021/airflow/dags/etl_dag.py
[2025-04-09T22:33:25.428+0000] {logging_mixin.py:150} INFO - [2025-04-09T22:33:25.428+0000] {dag.py:2742} INFO - Sync 1 DAGs
[2025-04-09T22:33:25.454+0000] {logging_mixin.py:150} INFO - [2025-04-09T22:33:25.454+0000] {dag.py:3504} INFO - Setting next_dagrun for etl_dag to 2025-04-09T00:00:00+00:00, run_after=2025-04-10T00:00:00+00:00
[2025-04-09T22:33:25.483+0000] {processor.py:179} INFO - Processing /workspaces/hands-on-introduction-data-engineering-4395021/airflow/dags/etl_dag.py took 0.538 seconds
[2025-04-09T22:33:55.635+0000] {processor.py:157} INFO - Started process (PID=75368) to work on /workspaces/hands-on-introduction-data-engineering-4395021/airflow/dags/etl_dag.py
[2025-04-09T22:33:55.635+0000] {processor.py:826} INFO - Processing file /workspaces/hands-on-introduction-data-engineering-4395021/airflow/dags/etl_dag.py for tasks to queue
[2025-04-09T22:33:55.636+0000] {logging_mixin.py:150} INFO - [2025-04-09T22:33:55.636+0000] {dagbag.py:541} INFO - Filling up the DagBag from /workspaces/hands-on-introduction-data-engineering-4395021/airflow/dags/etl_dag.py
[2025-04-09T22:33:55.867+0000] {processor.py:836} INFO - DAG(s) dict_keys(['etl_dag']) retrieved from /workspaces/hands-on-introduction-data-engineering-4395021/airflow/dags/etl_dag.py
[2025-04-09T22:33:55.882+0000] {logging_mixin.py:150} INFO - [2025-04-09T22:33:55.882+0000] {dag.py:2742} INFO - Sync 1 DAGs
[2025-04-09T22:33:55.896+0000] {logging_mixin.py:150} INFO - [2025-04-09T22:33:55.896+0000] {dag.py:3504} INFO - Setting next_dagrun for etl_dag to 2025-04-09T00:00:00+00:00, run_after=2025-04-10T00:00:00+00:00
[2025-04-09T22:33:55.910+0000] {processor.py:179} INFO - Processing /workspaces/hands-on-introduction-data-engineering-4395021/airflow/dags/etl_dag.py took 0.278 seconds
[2025-04-09T22:34:26.094+0000] {processor.py:157} INFO - Started process (PID=75605) to work on /workspaces/hands-on-introduction-data-engineering-4395021/airflow/dags/etl_dag.py
[2025-04-09T22:34:26.094+0000] {processor.py:826} INFO - Processing file /workspaces/hands-on-introduction-data-engineering-4395021/airflow/dags/etl_dag.py for tasks to queue
[2025-04-09T22:34:26.095+0000] {logging_mixin.py:150} INFO - [2025-04-09T22:34:26.095+0000] {dagbag.py:541} INFO - Filling up the DagBag from /workspaces/hands-on-introduction-data-engineering-4395021/airflow/dags/etl_dag.py
[2025-04-09T22:34:26.328+0000] {processor.py:836} INFO - DAG(s) dict_keys(['etl_dag']) retrieved from /workspaces/hands-on-introduction-data-engineering-4395021/airflow/dags/etl_dag.py
[2025-04-09T22:34:26.344+0000] {logging_mixin.py:150} INFO - [2025-04-09T22:34:26.344+0000] {dag.py:2742} INFO - Sync 1 DAGs
[2025-04-09T22:34:26.357+0000] {logging_mixin.py:150} INFO - [2025-04-09T22:34:26.357+0000] {dag.py:3504} INFO - Setting next_dagrun for etl_dag to 2025-04-09T00:00:00+00:00, run_after=2025-04-10T00:00:00+00:00
[2025-04-09T22:34:26.371+0000] {processor.py:179} INFO - Processing /workspaces/hands-on-introduction-data-engineering-4395021/airflow/dags/etl_dag.py took 0.280 seconds
[2025-04-09T22:34:56.477+0000] {processor.py:157} INFO - Started process (PID=75872) to work on /workspaces/hands-on-introduction-data-engineering-4395021/airflow/dags/etl_dag.py
[2025-04-09T22:34:56.478+0000] {processor.py:826} INFO - Processing file /workspaces/hands-on-introduction-data-engineering-4395021/airflow/dags/etl_dag.py for tasks to queue
[2025-04-09T22:34:56.479+0000] {logging_mixin.py:150} INFO - [2025-04-09T22:34:56.478+0000] {dagbag.py:541} INFO - Filling up the DagBag from /workspaces/hands-on-introduction-data-engineering-4395021/airflow/dags/etl_dag.py
[2025-04-09T22:34:56.725+0000] {processor.py:836} INFO - DAG(s) dict_keys(['etl_dag']) retrieved from /workspaces/hands-on-introduction-data-engineering-4395021/airflow/dags/etl_dag.py
[2025-04-09T22:34:56.741+0000] {logging_mixin.py:150} INFO - [2025-04-09T22:34:56.741+0000] {dag.py:2742} INFO - Sync 1 DAGs
[2025-04-09T22:34:56.755+0000] {logging_mixin.py:150} INFO - [2025-04-09T22:34:56.755+0000] {dag.py:3504} INFO - Setting next_dagrun for etl_dag to 2025-04-09T00:00:00+00:00, run_after=2025-04-10T00:00:00+00:00
[2025-04-09T22:34:56.769+0000] {processor.py:179} INFO - Processing /workspaces/hands-on-introduction-data-engineering-4395021/airflow/dags/etl_dag.py took 0.294 seconds
[2025-04-09T22:35:26.865+0000] {processor.py:157} INFO - Started process (PID=76131) to work on /workspaces/hands-on-introduction-data-engineering-4395021/airflow/dags/etl_dag.py
[2025-04-09T22:35:26.865+0000] {processor.py:826} INFO - Processing file /workspaces/hands-on-introduction-data-engineering-4395021/airflow/dags/etl_dag.py for tasks to queue
[2025-04-09T22:35:26.866+0000] {logging_mixin.py:150} INFO - [2025-04-09T22:35:26.866+0000] {dagbag.py:541} INFO - Filling up the DagBag from /workspaces/hands-on-introduction-data-engineering-4395021/airflow/dags/etl_dag.py
[2025-04-09T22:35:27.096+0000] {processor.py:836} INFO - DAG(s) dict_keys(['etl_dag']) retrieved from /workspaces/hands-on-introduction-data-engineering-4395021/airflow/dags/etl_dag.py
[2025-04-09T22:35:27.111+0000] {logging_mixin.py:150} INFO - [2025-04-09T22:35:27.111+0000] {dag.py:2742} INFO - Sync 1 DAGs
[2025-04-09T22:35:27.125+0000] {logging_mixin.py:150} INFO - [2025-04-09T22:35:27.125+0000] {dag.py:3504} INFO - Setting next_dagrun for etl_dag to 2025-04-09T00:00:00+00:00, run_after=2025-04-10T00:00:00+00:00
[2025-04-09T22:35:27.139+0000] {processor.py:179} INFO - Processing /workspaces/hands-on-introduction-data-engineering-4395021/airflow/dags/etl_dag.py took 0.277 seconds
[2025-04-09T22:35:57.235+0000] {processor.py:157} INFO - Started process (PID=76357) to work on /workspaces/hands-on-introduction-data-engineering-4395021/airflow/dags/etl_dag.py
[2025-04-09T22:35:57.235+0000] {processor.py:826} INFO - Processing file /workspaces/hands-on-introduction-data-engineering-4395021/airflow/dags/etl_dag.py for tasks to queue
[2025-04-09T22:35:57.236+0000] {logging_mixin.py:150} INFO - [2025-04-09T22:35:57.236+0000] {dagbag.py:541} INFO - Filling up the DagBag from /workspaces/hands-on-introduction-data-engineering-4395021/airflow/dags/etl_dag.py
[2025-04-09T22:35:57.464+0000] {processor.py:836} INFO - DAG(s) dict_keys(['etl_dag']) retrieved from /workspaces/hands-on-introduction-data-engineering-4395021/airflow/dags/etl_dag.py
[2025-04-09T22:35:57.478+0000] {logging_mixin.py:150} INFO - [2025-04-09T22:35:57.478+0000] {dag.py:2742} INFO - Sync 1 DAGs
[2025-04-09T22:35:57.492+0000] {logging_mixin.py:150} INFO - [2025-04-09T22:35:57.491+0000] {dag.py:3504} INFO - Setting next_dagrun for etl_dag to 2025-04-09T00:00:00+00:00, run_after=2025-04-10T00:00:00+00:00
[2025-04-09T22:35:57.506+0000] {processor.py:179} INFO - Processing /workspaces/hands-on-introduction-data-engineering-4395021/airflow/dags/etl_dag.py took 0.274 seconds
[2025-04-09T22:36:27.620+0000] {processor.py:157} INFO - Started process (PID=76557) to work on /workspaces/hands-on-introduction-data-engineering-4395021/airflow/dags/etl_dag.py
[2025-04-09T22:36:27.621+0000] {processor.py:826} INFO - Processing file /workspaces/hands-on-introduction-data-engineering-4395021/airflow/dags/etl_dag.py for tasks to queue
[2025-04-09T22:36:27.621+0000] {logging_mixin.py:150} INFO - [2025-04-09T22:36:27.621+0000] {dagbag.py:541} INFO - Filling up the DagBag from /workspaces/hands-on-introduction-data-engineering-4395021/airflow/dags/etl_dag.py
[2025-04-09T22:36:27.866+0000] {processor.py:836} INFO - DAG(s) dict_keys(['etl_dag']) retrieved from /workspaces/hands-on-introduction-data-engineering-4395021/airflow/dags/etl_dag.py
[2025-04-09T22:36:27.881+0000] {logging_mixin.py:150} INFO - [2025-04-09T22:36:27.881+0000] {dag.py:2742} INFO - Sync 1 DAGs
[2025-04-09T22:36:27.895+0000] {logging_mixin.py:150} INFO - [2025-04-09T22:36:27.895+0000] {dag.py:3504} INFO - Setting next_dagrun for etl_dag to 2025-04-09T00:00:00+00:00, run_after=2025-04-10T00:00:00+00:00
[2025-04-09T22:36:27.909+0000] {processor.py:179} INFO - Processing /workspaces/hands-on-introduction-data-engineering-4395021/airflow/dags/etl_dag.py took 0.291 seconds
[2025-04-09T22:36:58.132+0000] {processor.py:157} INFO - Started process (PID=76757) to work on /workspaces/hands-on-introduction-data-engineering-4395021/airflow/dags/etl_dag.py
[2025-04-09T22:36:58.135+0000] {processor.py:826} INFO - Processing file /workspaces/hands-on-introduction-data-engineering-4395021/airflow/dags/etl_dag.py for tasks to queue
[2025-04-09T22:36:58.136+0000] {logging_mixin.py:150} INFO - [2025-04-09T22:36:58.135+0000] {dagbag.py:541} INFO - Filling up the DagBag from /workspaces/hands-on-introduction-data-engineering-4395021/airflow/dags/etl_dag.py
[2025-04-09T22:36:58.562+0000] {processor.py:836} INFO - DAG(s) dict_keys(['etl_dag']) retrieved from /workspaces/hands-on-introduction-data-engineering-4395021/airflow/dags/etl_dag.py
[2025-04-09T22:36:58.577+0000] {logging_mixin.py:150} INFO - [2025-04-09T22:36:58.577+0000] {dag.py:2742} INFO - Sync 1 DAGs
[2025-04-09T22:36:58.592+0000] {logging_mixin.py:150} INFO - [2025-04-09T22:36:58.592+0000] {dag.py:3504} INFO - Setting next_dagrun for etl_dag to 2025-04-09T00:00:00+00:00, run_after=2025-04-10T00:00:00+00:00
[2025-04-09T22:36:58.606+0000] {processor.py:179} INFO - Processing /workspaces/hands-on-introduction-data-engineering-4395021/airflow/dags/etl_dag.py took 0.478 seconds
[2025-04-09T22:37:28.818+0000] {processor.py:157} INFO - Started process (PID=76963) to work on /workspaces/hands-on-introduction-data-engineering-4395021/airflow/dags/etl_dag.py
[2025-04-09T22:37:28.818+0000] {processor.py:826} INFO - Processing file /workspaces/hands-on-introduction-data-engineering-4395021/airflow/dags/etl_dag.py for tasks to queue
[2025-04-09T22:37:28.819+0000] {logging_mixin.py:150} INFO - [2025-04-09T22:37:28.819+0000] {dagbag.py:541} INFO - Filling up the DagBag from /workspaces/hands-on-introduction-data-engineering-4395021/airflow/dags/etl_dag.py
[2025-04-09T22:37:29.283+0000] {processor.py:836} INFO - DAG(s) dict_keys(['etl_dag']) retrieved from /workspaces/hands-on-introduction-data-engineering-4395021/airflow/dags/etl_dag.py
[2025-04-09T22:37:29.313+0000] {logging_mixin.py:150} INFO - [2025-04-09T22:37:29.311+0000] {dag.py:2742} INFO - Sync 1 DAGs
[2025-04-09T22:37:29.345+0000] {logging_mixin.py:150} INFO - [2025-04-09T22:37:29.345+0000] {dag.py:3504} INFO - Setting next_dagrun for etl_dag to 2025-04-09T00:00:00+00:00, run_after=2025-04-10T00:00:00+00:00
[2025-04-09T22:37:29.370+0000] {processor.py:179} INFO - Processing /workspaces/hands-on-introduction-data-engineering-4395021/airflow/dags/etl_dag.py took 0.555 seconds
[2025-04-09T22:37:59.517+0000] {processor.py:157} INFO - Started process (PID=77162) to work on /workspaces/hands-on-introduction-data-engineering-4395021/airflow/dags/etl_dag.py
[2025-04-09T22:37:59.517+0000] {processor.py:826} INFO - Processing file /workspaces/hands-on-introduction-data-engineering-4395021/airflow/dags/etl_dag.py for tasks to queue
[2025-04-09T22:37:59.518+0000] {logging_mixin.py:150} INFO - [2025-04-09T22:37:59.518+0000] {dagbag.py:541} INFO - Filling up the DagBag from /workspaces/hands-on-introduction-data-engineering-4395021/airflow/dags/etl_dag.py
[2025-04-09T22:37:59.766+0000] {processor.py:836} INFO - DAG(s) dict_keys(['etl_dag']) retrieved from /workspaces/hands-on-introduction-data-engineering-4395021/airflow/dags/etl_dag.py
[2025-04-09T22:37:59.782+0000] {logging_mixin.py:150} INFO - [2025-04-09T22:37:59.781+0000] {dag.py:2742} INFO - Sync 1 DAGs
[2025-04-09T22:37:59.795+0000] {logging_mixin.py:150} INFO - [2025-04-09T22:37:59.795+0000] {dag.py:3504} INFO - Setting next_dagrun for etl_dag to 2025-04-09T00:00:00+00:00, run_after=2025-04-10T00:00:00+00:00
[2025-04-09T22:37:59.808+0000] {processor.py:179} INFO - Processing /workspaces/hands-on-introduction-data-engineering-4395021/airflow/dags/etl_dag.py took 0.294 seconds
[2025-04-09T22:38:30.202+0000] {processor.py:157} INFO - Started process (PID=77368) to work on /workspaces/hands-on-introduction-data-engineering-4395021/airflow/dags/etl_dag.py
[2025-04-09T22:38:30.205+0000] {processor.py:826} INFO - Processing file /workspaces/hands-on-introduction-data-engineering-4395021/airflow/dags/etl_dag.py for tasks to queue
[2025-04-09T22:38:30.206+0000] {logging_mixin.py:150} INFO - [2025-04-09T22:38:30.206+0000] {dagbag.py:541} INFO - Filling up the DagBag from /workspaces/hands-on-introduction-data-engineering-4395021/airflow/dags/etl_dag.py
[2025-04-09T22:38:30.653+0000] {processor.py:836} INFO - DAG(s) dict_keys(['etl_dag']) retrieved from /workspaces/hands-on-introduction-data-engineering-4395021/airflow/dags/etl_dag.py
[2025-04-09T22:38:30.676+0000] {logging_mixin.py:150} INFO - [2025-04-09T22:38:30.676+0000] {dag.py:2742} INFO - Sync 1 DAGs
[2025-04-09T22:38:30.704+0000] {logging_mixin.py:150} INFO - [2025-04-09T22:38:30.703+0000] {dag.py:3504} INFO - Setting next_dagrun for etl_dag to 2025-04-09T00:00:00+00:00, run_after=2025-04-10T00:00:00+00:00
[2025-04-09T22:38:30.741+0000] {processor.py:179} INFO - Processing /workspaces/hands-on-introduction-data-engineering-4395021/airflow/dags/etl_dag.py took 0.550 seconds
[2025-04-09T22:39:00.912+0000] {processor.py:157} INFO - Started process (PID=77590) to work on /workspaces/hands-on-introduction-data-engineering-4395021/airflow/dags/etl_dag.py
[2025-04-09T22:39:00.913+0000] {processor.py:826} INFO - Processing file /workspaces/hands-on-introduction-data-engineering-4395021/airflow/dags/etl_dag.py for tasks to queue
[2025-04-09T22:39:00.914+0000] {logging_mixin.py:150} INFO - [2025-04-09T22:39:00.914+0000] {dagbag.py:541} INFO - Filling up the DagBag from /workspaces/hands-on-introduction-data-engineering-4395021/airflow/dags/etl_dag.py
[2025-04-09T22:39:01.158+0000] {processor.py:836} INFO - DAG(s) dict_keys(['etl_dag']) retrieved from /workspaces/hands-on-introduction-data-engineering-4395021/airflow/dags/etl_dag.py
[2025-04-09T22:39:01.173+0000] {logging_mixin.py:150} INFO - [2025-04-09T22:39:01.173+0000] {dag.py:2742} INFO - Sync 1 DAGs
[2025-04-09T22:39:01.187+0000] {logging_mixin.py:150} INFO - [2025-04-09T22:39:01.187+0000] {dag.py:3504} INFO - Setting next_dagrun for etl_dag to 2025-04-09T00:00:00+00:00, run_after=2025-04-10T00:00:00+00:00
[2025-04-09T22:39:01.201+0000] {processor.py:179} INFO - Processing /workspaces/hands-on-introduction-data-engineering-4395021/airflow/dags/etl_dag.py took 0.293 seconds
[2025-04-09T22:39:31.296+0000] {processor.py:157} INFO - Started process (PID=77859) to work on /workspaces/hands-on-introduction-data-engineering-4395021/airflow/dags/etl_dag.py
[2025-04-09T22:39:31.297+0000] {processor.py:826} INFO - Processing file /workspaces/hands-on-introduction-data-engineering-4395021/airflow/dags/etl_dag.py for tasks to queue
[2025-04-09T22:39:31.298+0000] {logging_mixin.py:150} INFO - [2025-04-09T22:39:31.298+0000] {dagbag.py:541} INFO - Filling up the DagBag from /workspaces/hands-on-introduction-data-engineering-4395021/airflow/dags/etl_dag.py
[2025-04-09T22:39:31.523+0000] {processor.py:836} INFO - DAG(s) dict_keys(['etl_dag']) retrieved from /workspaces/hands-on-introduction-data-engineering-4395021/airflow/dags/etl_dag.py
[2025-04-09T22:39:31.538+0000] {logging_mixin.py:150} INFO - [2025-04-09T22:39:31.538+0000] {dag.py:2742} INFO - Sync 1 DAGs
[2025-04-09T22:39:31.557+0000] {logging_mixin.py:150} INFO - [2025-04-09T22:39:31.557+0000] {dag.py:3504} INFO - Setting next_dagrun for etl_dag to 2025-04-09T00:00:00+00:00, run_after=2025-04-10T00:00:00+00:00
[2025-04-09T22:39:31.578+0000] {processor.py:179} INFO - Processing /workspaces/hands-on-introduction-data-engineering-4395021/airflow/dags/etl_dag.py took 0.284 seconds
[2025-04-09T22:40:01.704+0000] {processor.py:157} INFO - Started process (PID=78194) to work on /workspaces/hands-on-introduction-data-engineering-4395021/airflow/dags/etl_dag.py
[2025-04-09T22:40:01.704+0000] {processor.py:826} INFO - Processing file /workspaces/hands-on-introduction-data-engineering-4395021/airflow/dags/etl_dag.py for tasks to queue
[2025-04-09T22:40:01.705+0000] {logging_mixin.py:150} INFO - [2025-04-09T22:40:01.705+0000] {dagbag.py:541} INFO - Filling up the DagBag from /workspaces/hands-on-introduction-data-engineering-4395021/airflow/dags/etl_dag.py
[2025-04-09T22:40:01.964+0000] {processor.py:836} INFO - DAG(s) dict_keys(['etl_dag']) retrieved from /workspaces/hands-on-introduction-data-engineering-4395021/airflow/dags/etl_dag.py
[2025-04-09T22:40:01.979+0000] {logging_mixin.py:150} INFO - [2025-04-09T22:40:01.979+0000] {dag.py:2742} INFO - Sync 1 DAGs
[2025-04-09T22:40:01.993+0000] {logging_mixin.py:150} INFO - [2025-04-09T22:40:01.992+0000] {dag.py:3504} INFO - Setting next_dagrun for etl_dag to 2025-04-09T00:00:00+00:00, run_after=2025-04-10T00:00:00+00:00
[2025-04-09T22:40:02.007+0000] {processor.py:179} INFO - Processing /workspaces/hands-on-introduction-data-engineering-4395021/airflow/dags/etl_dag.py took 0.306 seconds
[2025-04-09T22:40:32.188+0000] {processor.py:157} INFO - Started process (PID=78499) to work on /workspaces/hands-on-introduction-data-engineering-4395021/airflow/dags/etl_dag.py
[2025-04-09T22:40:32.189+0000] {processor.py:826} INFO - Processing file /workspaces/hands-on-introduction-data-engineering-4395021/airflow/dags/etl_dag.py for tasks to queue
[2025-04-09T22:40:32.190+0000] {logging_mixin.py:150} INFO - [2025-04-09T22:40:32.189+0000] {dagbag.py:541} INFO - Filling up the DagBag from /workspaces/hands-on-introduction-data-engineering-4395021/airflow/dags/etl_dag.py
[2025-04-09T22:40:32.443+0000] {processor.py:836} INFO - DAG(s) dict_keys(['etl_dag']) retrieved from /workspaces/hands-on-introduction-data-engineering-4395021/airflow/dags/etl_dag.py
[2025-04-09T22:40:32.459+0000] {logging_mixin.py:150} INFO - [2025-04-09T22:40:32.458+0000] {dag.py:2742} INFO - Sync 1 DAGs
[2025-04-09T22:40:32.475+0000] {logging_mixin.py:150} INFO - [2025-04-09T22:40:32.474+0000] {dag.py:3504} INFO - Setting next_dagrun for etl_dag to 2025-04-09T00:00:00+00:00, run_after=2025-04-10T00:00:00+00:00
[2025-04-09T22:40:32.488+0000] {processor.py:179} INFO - Processing /workspaces/hands-on-introduction-data-engineering-4395021/airflow/dags/etl_dag.py took 0.302 seconds
[2025-04-09T22:41:02.582+0000] {processor.py:157} INFO - Started process (PID=78842) to work on /workspaces/hands-on-introduction-data-engineering-4395021/airflow/dags/etl_dag.py
[2025-04-09T22:41:02.583+0000] {processor.py:826} INFO - Processing file /workspaces/hands-on-introduction-data-engineering-4395021/airflow/dags/etl_dag.py for tasks to queue
[2025-04-09T22:41:02.583+0000] {logging_mixin.py:150} INFO - [2025-04-09T22:41:02.583+0000] {dagbag.py:541} INFO - Filling up the DagBag from /workspaces/hands-on-introduction-data-engineering-4395021/airflow/dags/etl_dag.py
[2025-04-09T22:41:02.809+0000] {processor.py:836} INFO - DAG(s) dict_keys(['etl_dag']) retrieved from /workspaces/hands-on-introduction-data-engineering-4395021/airflow/dags/etl_dag.py
[2025-04-09T22:41:02.824+0000] {logging_mixin.py:150} INFO - [2025-04-09T22:41:02.823+0000] {dag.py:2742} INFO - Sync 1 DAGs
[2025-04-09T22:41:02.837+0000] {logging_mixin.py:150} INFO - [2025-04-09T22:41:02.837+0000] {dag.py:3504} INFO - Setting next_dagrun for etl_dag to 2025-04-09T00:00:00+00:00, run_after=2025-04-10T00:00:00+00:00
[2025-04-09T22:41:02.851+0000] {processor.py:179} INFO - Processing /workspaces/hands-on-introduction-data-engineering-4395021/airflow/dags/etl_dag.py took 0.272 seconds
[2025-04-09T22:41:32.966+0000] {processor.py:157} INFO - Started process (PID=79079) to work on /workspaces/hands-on-introduction-data-engineering-4395021/airflow/dags/etl_dag.py
[2025-04-09T22:41:32.966+0000] {processor.py:826} INFO - Processing file /workspaces/hands-on-introduction-data-engineering-4395021/airflow/dags/etl_dag.py for tasks to queue
[2025-04-09T22:41:32.967+0000] {logging_mixin.py:150} INFO - [2025-04-09T22:41:32.967+0000] {dagbag.py:541} INFO - Filling up the DagBag from /workspaces/hands-on-introduction-data-engineering-4395021/airflow/dags/etl_dag.py
[2025-04-09T22:41:33.194+0000] {processor.py:836} INFO - DAG(s) dict_keys(['etl_dag']) retrieved from /workspaces/hands-on-introduction-data-engineering-4395021/airflow/dags/etl_dag.py
[2025-04-09T22:41:33.209+0000] {logging_mixin.py:150} INFO - [2025-04-09T22:41:33.209+0000] {dag.py:2742} INFO - Sync 1 DAGs
[2025-04-09T22:41:33.222+0000] {logging_mixin.py:150} INFO - [2025-04-09T22:41:33.222+0000] {dag.py:3504} INFO - Setting next_dagrun for etl_dag to 2025-04-09T00:00:00+00:00, run_after=2025-04-10T00:00:00+00:00
[2025-04-09T22:41:33.236+0000] {processor.py:179} INFO - Processing /workspaces/hands-on-introduction-data-engineering-4395021/airflow/dags/etl_dag.py took 0.272 seconds
[2025-04-09T22:42:03.349+0000] {processor.py:157} INFO - Started process (PID=79419) to work on /workspaces/hands-on-introduction-data-engineering-4395021/airflow/dags/etl_dag.py
[2025-04-09T22:42:03.350+0000] {processor.py:826} INFO - Processing file /workspaces/hands-on-introduction-data-engineering-4395021/airflow/dags/etl_dag.py for tasks to queue
[2025-04-09T22:42:03.351+0000] {logging_mixin.py:150} INFO - [2025-04-09T22:42:03.351+0000] {dagbag.py:541} INFO - Filling up the DagBag from /workspaces/hands-on-introduction-data-engineering-4395021/airflow/dags/etl_dag.py
[2025-04-09T22:42:03.582+0000] {processor.py:836} INFO - DAG(s) dict_keys(['etl_dag']) retrieved from /workspaces/hands-on-introduction-data-engineering-4395021/airflow/dags/etl_dag.py
[2025-04-09T22:42:03.598+0000] {logging_mixin.py:150} INFO - [2025-04-09T22:42:03.598+0000] {dag.py:2742} INFO - Sync 1 DAGs
[2025-04-09T22:42:03.611+0000] {logging_mixin.py:150} INFO - [2025-04-09T22:42:03.611+0000] {dag.py:3504} INFO - Setting next_dagrun for etl_dag to 2025-04-09T00:00:00+00:00, run_after=2025-04-10T00:00:00+00:00
[2025-04-09T22:42:03.624+0000] {processor.py:179} INFO - Processing /workspaces/hands-on-introduction-data-engineering-4395021/airflow/dags/etl_dag.py took 0.278 seconds
[2025-04-09T22:42:33.735+0000] {processor.py:157} INFO - Started process (PID=79715) to work on /workspaces/hands-on-introduction-data-engineering-4395021/airflow/dags/etl_dag.py
[2025-04-09T22:42:33.736+0000] {processor.py:826} INFO - Processing file /workspaces/hands-on-introduction-data-engineering-4395021/airflow/dags/etl_dag.py for tasks to queue
[2025-04-09T22:42:33.736+0000] {logging_mixin.py:150} INFO - [2025-04-09T22:42:33.736+0000] {dagbag.py:541} INFO - Filling up the DagBag from /workspaces/hands-on-introduction-data-engineering-4395021/airflow/dags/etl_dag.py
[2025-04-09T22:42:33.975+0000] {processor.py:836} INFO - DAG(s) dict_keys(['etl_dag']) retrieved from /workspaces/hands-on-introduction-data-engineering-4395021/airflow/dags/etl_dag.py
[2025-04-09T22:42:33.991+0000] {logging_mixin.py:150} INFO - [2025-04-09T22:42:33.991+0000] {dag.py:2742} INFO - Sync 1 DAGs
[2025-04-09T22:42:34.004+0000] {logging_mixin.py:150} INFO - [2025-04-09T22:42:34.004+0000] {dag.py:3504} INFO - Setting next_dagrun for etl_dag to 2025-04-09T00:00:00+00:00, run_after=2025-04-10T00:00:00+00:00
[2025-04-09T22:42:34.018+0000] {processor.py:179} INFO - Processing /workspaces/hands-on-introduction-data-engineering-4395021/airflow/dags/etl_dag.py took 0.285 seconds
[2025-04-09T22:43:04.119+0000] {processor.py:157} INFO - Started process (PID=80060) to work on /workspaces/hands-on-introduction-data-engineering-4395021/airflow/dags/etl_dag.py
[2025-04-09T22:43:04.120+0000] {processor.py:826} INFO - Processing file /workspaces/hands-on-introduction-data-engineering-4395021/airflow/dags/etl_dag.py for tasks to queue
[2025-04-09T22:43:04.121+0000] {logging_mixin.py:150} INFO - [2025-04-09T22:43:04.120+0000] {dagbag.py:541} INFO - Filling up the DagBag from /workspaces/hands-on-introduction-data-engineering-4395021/airflow/dags/etl_dag.py
[2025-04-09T22:43:04.354+0000] {processor.py:836} INFO - DAG(s) dict_keys(['etl_dag']) retrieved from /workspaces/hands-on-introduction-data-engineering-4395021/airflow/dags/etl_dag.py
[2025-04-09T22:43:04.371+0000] {logging_mixin.py:150} INFO - [2025-04-09T22:43:04.371+0000] {dag.py:2742} INFO - Sync 1 DAGs
[2025-04-09T22:43:04.385+0000] {logging_mixin.py:150} INFO - [2025-04-09T22:43:04.384+0000] {dag.py:3504} INFO - Setting next_dagrun for etl_dag to 2025-04-09T00:00:00+00:00, run_after=2025-04-10T00:00:00+00:00
[2025-04-09T22:43:04.398+0000] {processor.py:179} INFO - Processing /workspaces/hands-on-introduction-data-engineering-4395021/airflow/dags/etl_dag.py took 0.281 seconds
[2025-04-09T22:43:34.504+0000] {processor.py:157} INFO - Started process (PID=80369) to work on /workspaces/hands-on-introduction-data-engineering-4395021/airflow/dags/etl_dag.py
[2025-04-09T22:43:34.505+0000] {processor.py:826} INFO - Processing file /workspaces/hands-on-introduction-data-engineering-4395021/airflow/dags/etl_dag.py for tasks to queue
[2025-04-09T22:43:34.505+0000] {logging_mixin.py:150} INFO - [2025-04-09T22:43:34.505+0000] {dagbag.py:541} INFO - Filling up the DagBag from /workspaces/hands-on-introduction-data-engineering-4395021/airflow/dags/etl_dag.py
[2025-04-09T22:43:34.730+0000] {processor.py:836} INFO - DAG(s) dict_keys(['etl_dag']) retrieved from /workspaces/hands-on-introduction-data-engineering-4395021/airflow/dags/etl_dag.py
[2025-04-09T22:43:34.749+0000] {logging_mixin.py:150} INFO - [2025-04-09T22:43:34.749+0000] {dag.py:2742} INFO - Sync 1 DAGs
[2025-04-09T22:43:34.762+0000] {logging_mixin.py:150} INFO - [2025-04-09T22:43:34.762+0000] {dag.py:3504} INFO - Setting next_dagrun for etl_dag to 2025-04-09T00:00:00+00:00, run_after=2025-04-10T00:00:00+00:00
[2025-04-09T22:43:34.777+0000] {processor.py:179} INFO - Processing /workspaces/hands-on-introduction-data-engineering-4395021/airflow/dags/etl_dag.py took 0.275 seconds
[2025-04-09T22:44:04.890+0000] {processor.py:157} INFO - Started process (PID=80668) to work on /workspaces/hands-on-introduction-data-engineering-4395021/airflow/dags/etl_dag.py
[2025-04-09T22:44:04.890+0000] {processor.py:826} INFO - Processing file /workspaces/hands-on-introduction-data-engineering-4395021/airflow/dags/etl_dag.py for tasks to queue
[2025-04-09T22:44:04.891+0000] {logging_mixin.py:150} INFO - [2025-04-09T22:44:04.891+0000] {dagbag.py:541} INFO - Filling up the DagBag from /workspaces/hands-on-introduction-data-engineering-4395021/airflow/dags/etl_dag.py
[2025-04-09T22:44:05.127+0000] {processor.py:836} INFO - DAG(s) dict_keys(['etl_dag']) retrieved from /workspaces/hands-on-introduction-data-engineering-4395021/airflow/dags/etl_dag.py
[2025-04-09T22:44:05.149+0000] {logging_mixin.py:150} INFO - [2025-04-09T22:44:05.148+0000] {dag.py:2742} INFO - Sync 1 DAGs
[2025-04-09T22:44:05.169+0000] {logging_mixin.py:150} INFO - [2025-04-09T22:44:05.168+0000] {dag.py:3504} INFO - Setting next_dagrun for etl_dag to 2025-04-09T00:00:00+00:00, run_after=2025-04-10T00:00:00+00:00
[2025-04-09T22:44:05.182+0000] {processor.py:179} INFO - Processing /workspaces/hands-on-introduction-data-engineering-4395021/airflow/dags/etl_dag.py took 0.295 seconds
[2025-04-09T22:44:35.281+0000] {processor.py:157} INFO - Started process (PID=80889) to work on /workspaces/hands-on-introduction-data-engineering-4395021/airflow/dags/etl_dag.py
[2025-04-09T22:44:35.281+0000] {processor.py:826} INFO - Processing file /workspaces/hands-on-introduction-data-engineering-4395021/airflow/dags/etl_dag.py for tasks to queue
[2025-04-09T22:44:35.285+0000] {logging_mixin.py:150} INFO - [2025-04-09T22:44:35.284+0000] {dagbag.py:541} INFO - Filling up the DagBag from /workspaces/hands-on-introduction-data-engineering-4395021/airflow/dags/etl_dag.py
[2025-04-09T22:44:35.726+0000] {processor.py:836} INFO - DAG(s) dict_keys(['etl_dag']) retrieved from /workspaces/hands-on-introduction-data-engineering-4395021/airflow/dags/etl_dag.py
[2025-04-09T22:44:35.772+0000] {logging_mixin.py:150} INFO - [2025-04-09T22:44:35.772+0000] {dag.py:2742} INFO - Sync 1 DAGs
[2025-04-09T22:44:35.795+0000] {logging_mixin.py:150} INFO - [2025-04-09T22:44:35.795+0000] {dag.py:3504} INFO - Setting next_dagrun for etl_dag to 2025-04-09T00:00:00+00:00, run_after=2025-04-10T00:00:00+00:00
[2025-04-09T22:44:35.815+0000] {processor.py:179} INFO - Processing /workspaces/hands-on-introduction-data-engineering-4395021/airflow/dags/etl_dag.py took 0.537 seconds
[2025-04-09T22:45:06.004+0000] {processor.py:157} INFO - Started process (PID=81090) to work on /workspaces/hands-on-introduction-data-engineering-4395021/airflow/dags/etl_dag.py
[2025-04-09T22:45:06.004+0000] {processor.py:826} INFO - Processing file /workspaces/hands-on-introduction-data-engineering-4395021/airflow/dags/etl_dag.py for tasks to queue
[2025-04-09T22:45:06.005+0000] {logging_mixin.py:150} INFO - [2025-04-09T22:45:06.005+0000] {dagbag.py:541} INFO - Filling up the DagBag from /workspaces/hands-on-introduction-data-engineering-4395021/airflow/dags/etl_dag.py
[2025-04-09T22:45:06.249+0000] {processor.py:836} INFO - DAG(s) dict_keys(['etl_dag']) retrieved from /workspaces/hands-on-introduction-data-engineering-4395021/airflow/dags/etl_dag.py
[2025-04-09T22:45:06.264+0000] {logging_mixin.py:150} INFO - [2025-04-09T22:45:06.264+0000] {dag.py:2742} INFO - Sync 1 DAGs
[2025-04-09T22:45:06.280+0000] {logging_mixin.py:150} INFO - [2025-04-09T22:45:06.280+0000] {dag.py:3504} INFO - Setting next_dagrun for etl_dag to 2025-04-09T00:00:00+00:00, run_after=2025-04-10T00:00:00+00:00
[2025-04-09T22:45:06.294+0000] {processor.py:179} INFO - Processing /workspaces/hands-on-introduction-data-engineering-4395021/airflow/dags/etl_dag.py took 0.293 seconds
[2025-04-09T22:45:36.396+0000] {processor.py:157} INFO - Started process (PID=81290) to work on /workspaces/hands-on-introduction-data-engineering-4395021/airflow/dags/etl_dag.py
[2025-04-09T22:45:36.396+0000] {processor.py:826} INFO - Processing file /workspaces/hands-on-introduction-data-engineering-4395021/airflow/dags/etl_dag.py for tasks to queue
[2025-04-09T22:45:36.397+0000] {logging_mixin.py:150} INFO - [2025-04-09T22:45:36.397+0000] {dagbag.py:541} INFO - Filling up the DagBag from /workspaces/hands-on-introduction-data-engineering-4395021/airflow/dags/etl_dag.py
[2025-04-09T22:45:36.644+0000] {processor.py:836} INFO - DAG(s) dict_keys(['etl_dag']) retrieved from /workspaces/hands-on-introduction-data-engineering-4395021/airflow/dags/etl_dag.py
[2025-04-09T22:45:36.660+0000] {logging_mixin.py:150} INFO - [2025-04-09T22:45:36.659+0000] {dag.py:2742} INFO - Sync 1 DAGs
[2025-04-09T22:45:36.674+0000] {logging_mixin.py:150} INFO - [2025-04-09T22:45:36.674+0000] {dag.py:3504} INFO - Setting next_dagrun for etl_dag to 2025-04-09T00:00:00+00:00, run_after=2025-04-10T00:00:00+00:00
[2025-04-09T22:45:36.687+0000] {processor.py:179} INFO - Processing /workspaces/hands-on-introduction-data-engineering-4395021/airflow/dags/etl_dag.py took 0.295 seconds
[2025-04-09T22:46:06.851+0000] {processor.py:157} INFO - Started process (PID=81491) to work on /workspaces/hands-on-introduction-data-engineering-4395021/airflow/dags/etl_dag.py
[2025-04-09T22:46:06.852+0000] {processor.py:826} INFO - Processing file /workspaces/hands-on-introduction-data-engineering-4395021/airflow/dags/etl_dag.py for tasks to queue
[2025-04-09T22:46:06.854+0000] {logging_mixin.py:150} INFO - [2025-04-09T22:46:06.853+0000] {dagbag.py:541} INFO - Filling up the DagBag from /workspaces/hands-on-introduction-data-engineering-4395021/airflow/dags/etl_dag.py
[2025-04-09T22:46:07.091+0000] {processor.py:836} INFO - DAG(s) dict_keys(['etl_dag']) retrieved from /workspaces/hands-on-introduction-data-engineering-4395021/airflow/dags/etl_dag.py
[2025-04-09T22:46:07.107+0000] {logging_mixin.py:150} INFO - [2025-04-09T22:46:07.107+0000] {dag.py:2742} INFO - Sync 1 DAGs
[2025-04-09T22:46:07.126+0000] {logging_mixin.py:150} INFO - [2025-04-09T22:46:07.126+0000] {dag.py:3504} INFO - Setting next_dagrun for etl_dag to 2025-04-09T00:00:00+00:00, run_after=2025-04-10T00:00:00+00:00
[2025-04-09T22:46:07.146+0000] {processor.py:179} INFO - Processing /workspaces/hands-on-introduction-data-engineering-4395021/airflow/dags/etl_dag.py took 0.299 seconds
[2025-04-09T22:46:37.345+0000] {processor.py:157} INFO - Started process (PID=81697) to work on /workspaces/hands-on-introduction-data-engineering-4395021/airflow/dags/etl_dag.py
[2025-04-09T22:46:37.346+0000] {processor.py:826} INFO - Processing file /workspaces/hands-on-introduction-data-engineering-4395021/airflow/dags/etl_dag.py for tasks to queue
[2025-04-09T22:46:37.347+0000] {logging_mixin.py:150} INFO - [2025-04-09T22:46:37.346+0000] {dagbag.py:541} INFO - Filling up the DagBag from /workspaces/hands-on-introduction-data-engineering-4395021/airflow/dags/etl_dag.py
[2025-04-09T22:46:37.579+0000] {processor.py:836} INFO - DAG(s) dict_keys(['etl_dag']) retrieved from /workspaces/hands-on-introduction-data-engineering-4395021/airflow/dags/etl_dag.py
[2025-04-09T22:46:37.594+0000] {logging_mixin.py:150} INFO - [2025-04-09T22:46:37.594+0000] {dag.py:2742} INFO - Sync 1 DAGs
[2025-04-09T22:46:37.607+0000] {logging_mixin.py:150} INFO - [2025-04-09T22:46:37.607+0000] {dag.py:3504} INFO - Setting next_dagrun for etl_dag to 2025-04-09T00:00:00+00:00, run_after=2025-04-10T00:00:00+00:00
[2025-04-09T22:46:37.621+0000] {processor.py:179} INFO - Processing /workspaces/hands-on-introduction-data-engineering-4395021/airflow/dags/etl_dag.py took 0.280 seconds
[2025-04-09T22:47:07.734+0000] {processor.py:157} INFO - Started process (PID=81897) to work on /workspaces/hands-on-introduction-data-engineering-4395021/airflow/dags/etl_dag.py
[2025-04-09T22:47:07.736+0000] {processor.py:826} INFO - Processing file /workspaces/hands-on-introduction-data-engineering-4395021/airflow/dags/etl_dag.py for tasks to queue
[2025-04-09T22:47:07.737+0000] {logging_mixin.py:150} INFO - [2025-04-09T22:47:07.737+0000] {dagbag.py:541} INFO - Filling up the DagBag from /workspaces/hands-on-introduction-data-engineering-4395021/airflow/dags/etl_dag.py
[2025-04-09T22:47:08.076+0000] {processor.py:836} INFO - DAG(s) dict_keys(['etl_dag']) retrieved from /workspaces/hands-on-introduction-data-engineering-4395021/airflow/dags/etl_dag.py
[2025-04-09T22:47:08.103+0000] {logging_mixin.py:150} INFO - [2025-04-09T22:47:08.103+0000] {dag.py:2742} INFO - Sync 1 DAGs
[2025-04-09T22:47:08.121+0000] {logging_mixin.py:150} INFO - [2025-04-09T22:47:08.120+0000] {dag.py:3504} INFO - Setting next_dagrun for etl_dag to 2025-04-09T00:00:00+00:00, run_after=2025-04-10T00:00:00+00:00
[2025-04-09T22:47:08.135+0000] {processor.py:179} INFO - Processing /workspaces/hands-on-introduction-data-engineering-4395021/airflow/dags/etl_dag.py took 0.405 seconds
[2025-04-09T22:47:38.166+0000] {processor.py:157} INFO - Started process (PID=82103) to work on /workspaces/hands-on-introduction-data-engineering-4395021/airflow/dags/etl_dag.py
[2025-04-09T22:47:38.167+0000] {processor.py:826} INFO - Processing file /workspaces/hands-on-introduction-data-engineering-4395021/airflow/dags/etl_dag.py for tasks to queue
[2025-04-09T22:47:38.167+0000] {logging_mixin.py:150} INFO - [2025-04-09T22:47:38.167+0000] {dagbag.py:541} INFO - Filling up the DagBag from /workspaces/hands-on-introduction-data-engineering-4395021/airflow/dags/etl_dag.py
[2025-04-09T22:47:38.418+0000] {processor.py:836} INFO - DAG(s) dict_keys(['etl_dag']) retrieved from /workspaces/hands-on-introduction-data-engineering-4395021/airflow/dags/etl_dag.py
[2025-04-09T22:47:38.433+0000] {logging_mixin.py:150} INFO - [2025-04-09T22:47:38.433+0000] {dag.py:2742} INFO - Sync 1 DAGs
[2025-04-09T22:47:38.447+0000] {logging_mixin.py:150} INFO - [2025-04-09T22:47:38.447+0000] {dag.py:3504} INFO - Setting next_dagrun for etl_dag to 2025-04-09T00:00:00+00:00, run_after=2025-04-10T00:00:00+00:00
[2025-04-09T22:47:38.545+0000] {processor.py:179} INFO - Processing /workspaces/hands-on-introduction-data-engineering-4395021/airflow/dags/etl_dag.py took 0.382 seconds
[2025-04-09T22:48:08.639+0000] {processor.py:157} INFO - Started process (PID=82314) to work on /workspaces/hands-on-introduction-data-engineering-4395021/airflow/dags/etl_dag.py
[2025-04-09T22:48:08.640+0000] {processor.py:826} INFO - Processing file /workspaces/hands-on-introduction-data-engineering-4395021/airflow/dags/etl_dag.py for tasks to queue
[2025-04-09T22:48:08.640+0000] {logging_mixin.py:150} INFO - [2025-04-09T22:48:08.640+0000] {dagbag.py:541} INFO - Filling up the DagBag from /workspaces/hands-on-introduction-data-engineering-4395021/airflow/dags/etl_dag.py
[2025-04-09T22:48:08.873+0000] {processor.py:836} INFO - DAG(s) dict_keys(['etl_dag']) retrieved from /workspaces/hands-on-introduction-data-engineering-4395021/airflow/dags/etl_dag.py
[2025-04-09T22:48:08.890+0000] {logging_mixin.py:150} INFO - [2025-04-09T22:48:08.889+0000] {dag.py:2742} INFO - Sync 1 DAGs
[2025-04-09T22:48:08.903+0000] {logging_mixin.py:150} INFO - [2025-04-09T22:48:08.903+0000] {dag.py:3504} INFO - Setting next_dagrun for etl_dag to 2025-04-09T00:00:00+00:00, run_after=2025-04-10T00:00:00+00:00
[2025-04-09T22:48:08.917+0000] {processor.py:179} INFO - Processing /workspaces/hands-on-introduction-data-engineering-4395021/airflow/dags/etl_dag.py took 0.280 seconds
[2025-04-09T22:48:39.003+0000] {processor.py:157} INFO - Started process (PID=82514) to work on /workspaces/hands-on-introduction-data-engineering-4395021/airflow/dags/etl_dag.py
[2025-04-09T22:48:39.004+0000] {processor.py:826} INFO - Processing file /workspaces/hands-on-introduction-data-engineering-4395021/airflow/dags/etl_dag.py for tasks to queue
[2025-04-09T22:48:39.005+0000] {logging_mixin.py:150} INFO - [2025-04-09T22:48:39.004+0000] {dagbag.py:541} INFO - Filling up the DagBag from /workspaces/hands-on-introduction-data-engineering-4395021/airflow/dags/etl_dag.py
[2025-04-09T22:48:39.237+0000] {processor.py:836} INFO - DAG(s) dict_keys(['etl_dag']) retrieved from /workspaces/hands-on-introduction-data-engineering-4395021/airflow/dags/etl_dag.py
[2025-04-09T22:48:39.252+0000] {logging_mixin.py:150} INFO - [2025-04-09T22:48:39.252+0000] {dag.py:2742} INFO - Sync 1 DAGs
[2025-04-09T22:48:39.268+0000] {logging_mixin.py:150} INFO - [2025-04-09T22:48:39.267+0000] {dag.py:3504} INFO - Setting next_dagrun for etl_dag to 2025-04-09T00:00:00+00:00, run_after=2025-04-10T00:00:00+00:00
[2025-04-09T22:48:39.281+0000] {processor.py:179} INFO - Processing /workspaces/hands-on-introduction-data-engineering-4395021/airflow/dags/etl_dag.py took 0.281 seconds
[2025-04-09T22:49:09.430+0000] {processor.py:157} INFO - Started process (PID=82727) to work on /workspaces/hands-on-introduction-data-engineering-4395021/airflow/dags/etl_dag.py
[2025-04-09T22:49:09.431+0000] {processor.py:826} INFO - Processing file /workspaces/hands-on-introduction-data-engineering-4395021/airflow/dags/etl_dag.py for tasks to queue
[2025-04-09T22:49:09.431+0000] {logging_mixin.py:150} INFO - [2025-04-09T22:49:09.431+0000] {dagbag.py:541} INFO - Filling up the DagBag from /workspaces/hands-on-introduction-data-engineering-4395021/airflow/dags/etl_dag.py
[2025-04-09T22:49:09.661+0000] {processor.py:836} INFO - DAG(s) dict_keys(['etl_dag']) retrieved from /workspaces/hands-on-introduction-data-engineering-4395021/airflow/dags/etl_dag.py
[2025-04-09T22:49:09.676+0000] {logging_mixin.py:150} INFO - [2025-04-09T22:49:09.676+0000] {dag.py:2742} INFO - Sync 1 DAGs
[2025-04-09T22:49:09.690+0000] {logging_mixin.py:150} INFO - [2025-04-09T22:49:09.690+0000] {dag.py:3504} INFO - Setting next_dagrun for etl_dag to 2025-04-09T00:00:00+00:00, run_after=2025-04-10T00:00:00+00:00
[2025-04-09T22:49:09.703+0000] {processor.py:179} INFO - Processing /workspaces/hands-on-introduction-data-engineering-4395021/airflow/dags/etl_dag.py took 0.276 seconds
[2025-04-09T22:49:40.031+0000] {processor.py:157} INFO - Started process (PID=82934) to work on /workspaces/hands-on-introduction-data-engineering-4395021/airflow/dags/etl_dag.py
[2025-04-09T22:49:40.032+0000] {processor.py:826} INFO - Processing file /workspaces/hands-on-introduction-data-engineering-4395021/airflow/dags/etl_dag.py for tasks to queue
[2025-04-09T22:49:40.033+0000] {logging_mixin.py:150} INFO - [2025-04-09T22:49:40.032+0000] {dagbag.py:541} INFO - Filling up the DagBag from /workspaces/hands-on-introduction-data-engineering-4395021/airflow/dags/etl_dag.py
[2025-04-09T22:49:40.309+0000] {processor.py:836} INFO - DAG(s) dict_keys(['etl_dag']) retrieved from /workspaces/hands-on-introduction-data-engineering-4395021/airflow/dags/etl_dag.py
[2025-04-09T22:49:40.325+0000] {logging_mixin.py:150} INFO - [2025-04-09T22:49:40.325+0000] {dag.py:2742} INFO - Sync 1 DAGs
[2025-04-09T22:49:40.338+0000] {logging_mixin.py:150} INFO - [2025-04-09T22:49:40.338+0000] {dag.py:3504} INFO - Setting next_dagrun for etl_dag to 2025-04-09T00:00:00+00:00, run_after=2025-04-10T00:00:00+00:00
[2025-04-09T22:49:40.352+0000] {processor.py:179} INFO - Processing /workspaces/hands-on-introduction-data-engineering-4395021/airflow/dags/etl_dag.py took 0.324 seconds
[2025-04-09T22:50:10.621+0000] {processor.py:157} INFO - Started process (PID=83134) to work on /workspaces/hands-on-introduction-data-engineering-4395021/airflow/dags/etl_dag.py
[2025-04-09T22:50:10.622+0000] {processor.py:826} INFO - Processing file /workspaces/hands-on-introduction-data-engineering-4395021/airflow/dags/etl_dag.py for tasks to queue
[2025-04-09T22:50:10.623+0000] {logging_mixin.py:150} INFO - [2025-04-09T22:50:10.622+0000] {dagbag.py:541} INFO - Filling up the DagBag from /workspaces/hands-on-introduction-data-engineering-4395021/airflow/dags/etl_dag.py
[2025-04-09T22:50:10.851+0000] {processor.py:836} INFO - DAG(s) dict_keys(['etl_dag']) retrieved from /workspaces/hands-on-introduction-data-engineering-4395021/airflow/dags/etl_dag.py
[2025-04-09T22:50:10.867+0000] {logging_mixin.py:150} INFO - [2025-04-09T22:50:10.867+0000] {dag.py:2742} INFO - Sync 1 DAGs
[2025-04-09T22:50:10.880+0000] {logging_mixin.py:150} INFO - [2025-04-09T22:50:10.880+0000] {dag.py:3504} INFO - Setting next_dagrun for etl_dag to 2025-04-09T00:00:00+00:00, run_after=2025-04-10T00:00:00+00:00
[2025-04-09T22:50:10.893+0000] {processor.py:179} INFO - Processing /workspaces/hands-on-introduction-data-engineering-4395021/airflow/dags/etl_dag.py took 0.275 seconds
[2025-04-09T22:50:41.112+0000] {processor.py:157} INFO - Started process (PID=83341) to work on /workspaces/hands-on-introduction-data-engineering-4395021/airflow/dags/etl_dag.py
[2025-04-09T22:50:41.113+0000] {processor.py:826} INFO - Processing file /workspaces/hands-on-introduction-data-engineering-4395021/airflow/dags/etl_dag.py for tasks to queue
[2025-04-09T22:50:41.115+0000] {logging_mixin.py:150} INFO - [2025-04-09T22:50:41.115+0000] {dagbag.py:541} INFO - Filling up the DagBag from /workspaces/hands-on-introduction-data-engineering-4395021/airflow/dags/etl_dag.py
[2025-04-09T22:50:41.356+0000] {processor.py:836} INFO - DAG(s) dict_keys(['etl_dag']) retrieved from /workspaces/hands-on-introduction-data-engineering-4395021/airflow/dags/etl_dag.py
[2025-04-09T22:50:41.373+0000] {logging_mixin.py:150} INFO - [2025-04-09T22:50:41.373+0000] {dag.py:2742} INFO - Sync 1 DAGs
[2025-04-09T22:50:41.386+0000] {logging_mixin.py:150} INFO - [2025-04-09T22:50:41.386+0000] {dag.py:3504} INFO - Setting next_dagrun for etl_dag to 2025-04-09T00:00:00+00:00, run_after=2025-04-10T00:00:00+00:00
[2025-04-09T22:50:41.401+0000] {processor.py:179} INFO - Processing /workspaces/hands-on-introduction-data-engineering-4395021/airflow/dags/etl_dag.py took 0.294 seconds
[2025-04-09T22:51:11.504+0000] {processor.py:157} INFO - Started process (PID=83541) to work on /workspaces/hands-on-introduction-data-engineering-4395021/airflow/dags/etl_dag.py
[2025-04-09T22:51:11.505+0000] {processor.py:826} INFO - Processing file /workspaces/hands-on-introduction-data-engineering-4395021/airflow/dags/etl_dag.py for tasks to queue
[2025-04-09T22:51:11.505+0000] {logging_mixin.py:150} INFO - [2025-04-09T22:51:11.505+0000] {dagbag.py:541} INFO - Filling up the DagBag from /workspaces/hands-on-introduction-data-engineering-4395021/airflow/dags/etl_dag.py
[2025-04-09T22:51:11.736+0000] {processor.py:836} INFO - DAG(s) dict_keys(['etl_dag']) retrieved from /workspaces/hands-on-introduction-data-engineering-4395021/airflow/dags/etl_dag.py
[2025-04-09T22:51:11.753+0000] {logging_mixin.py:150} INFO - [2025-04-09T22:51:11.753+0000] {dag.py:2742} INFO - Sync 1 DAGs
[2025-04-09T22:51:11.766+0000] {logging_mixin.py:150} INFO - [2025-04-09T22:51:11.766+0000] {dag.py:3504} INFO - Setting next_dagrun for etl_dag to 2025-04-09T00:00:00+00:00, run_after=2025-04-10T00:00:00+00:00
[2025-04-09T22:51:11.781+0000] {processor.py:179} INFO - Processing /workspaces/hands-on-introduction-data-engineering-4395021/airflow/dags/etl_dag.py took 0.280 seconds
[2025-04-09T22:51:42.000+0000] {processor.py:157} INFO - Started process (PID=83749) to work on /workspaces/hands-on-introduction-data-engineering-4395021/airflow/dags/etl_dag.py
[2025-04-09T22:51:42.001+0000] {processor.py:826} INFO - Processing file /workspaces/hands-on-introduction-data-engineering-4395021/airflow/dags/etl_dag.py for tasks to queue
[2025-04-09T22:51:42.002+0000] {logging_mixin.py:150} INFO - [2025-04-09T22:51:42.001+0000] {dagbag.py:541} INFO - Filling up the DagBag from /workspaces/hands-on-introduction-data-engineering-4395021/airflow/dags/etl_dag.py
[2025-04-09T22:51:42.227+0000] {processor.py:836} INFO - DAG(s) dict_keys(['etl_dag']) retrieved from /workspaces/hands-on-introduction-data-engineering-4395021/airflow/dags/etl_dag.py
[2025-04-09T22:51:42.246+0000] {logging_mixin.py:150} INFO - [2025-04-09T22:51:42.246+0000] {dag.py:2742} INFO - Sync 1 DAGs
[2025-04-09T22:51:42.260+0000] {logging_mixin.py:150} INFO - [2025-04-09T22:51:42.260+0000] {dag.py:3504} INFO - Setting next_dagrun for etl_dag to 2025-04-09T00:00:00+00:00, run_after=2025-04-10T00:00:00+00:00
[2025-04-09T22:51:42.356+0000] {processor.py:179} INFO - Processing /workspaces/hands-on-introduction-data-engineering-4395021/airflow/dags/etl_dag.py took 0.359 seconds
[2025-04-09T22:52:12.477+0000] {processor.py:157} INFO - Started process (PID=83956) to work on /workspaces/hands-on-introduction-data-engineering-4395021/airflow/dags/etl_dag.py
[2025-04-09T22:52:12.478+0000] {processor.py:826} INFO - Processing file /workspaces/hands-on-introduction-data-engineering-4395021/airflow/dags/etl_dag.py for tasks to queue
[2025-04-09T22:52:12.478+0000] {logging_mixin.py:150} INFO - [2025-04-09T22:52:12.478+0000] {dagbag.py:541} INFO - Filling up the DagBag from /workspaces/hands-on-introduction-data-engineering-4395021/airflow/dags/etl_dag.py
[2025-04-09T22:52:12.701+0000] {processor.py:836} INFO - DAG(s) dict_keys(['etl_dag']) retrieved from /workspaces/hands-on-introduction-data-engineering-4395021/airflow/dags/etl_dag.py
[2025-04-09T22:52:12.716+0000] {logging_mixin.py:150} INFO - [2025-04-09T22:52:12.716+0000] {dag.py:2742} INFO - Sync 1 DAGs
[2025-04-09T22:52:12.730+0000] {logging_mixin.py:150} INFO - [2025-04-09T22:52:12.730+0000] {dag.py:3504} INFO - Setting next_dagrun for etl_dag to 2025-04-09T00:00:00+00:00, run_after=2025-04-10T00:00:00+00:00
[2025-04-09T22:52:12.744+0000] {processor.py:179} INFO - Processing /workspaces/hands-on-introduction-data-engineering-4395021/airflow/dags/etl_dag.py took 0.269 seconds
[2025-04-09T22:52:42.971+0000] {processor.py:157} INFO - Started process (PID=84152) to work on /workspaces/hands-on-introduction-data-engineering-4395021/airflow/dags/etl_dag.py
[2025-04-09T22:52:42.972+0000] {processor.py:826} INFO - Processing file /workspaces/hands-on-introduction-data-engineering-4395021/airflow/dags/etl_dag.py for tasks to queue
[2025-04-09T22:52:42.973+0000] {logging_mixin.py:150} INFO - [2025-04-09T22:52:42.973+0000] {dagbag.py:541} INFO - Filling up the DagBag from /workspaces/hands-on-introduction-data-engineering-4395021/airflow/dags/etl_dag.py
[2025-04-09T22:52:43.200+0000] {processor.py:836} INFO - DAG(s) dict_keys(['etl_dag']) retrieved from /workspaces/hands-on-introduction-data-engineering-4395021/airflow/dags/etl_dag.py
[2025-04-09T22:52:43.215+0000] {logging_mixin.py:150} INFO - [2025-04-09T22:52:43.215+0000] {dag.py:2742} INFO - Sync 1 DAGs
[2025-04-09T22:52:43.230+0000] {logging_mixin.py:150} INFO - [2025-04-09T22:52:43.230+0000] {dag.py:3504} INFO - Setting next_dagrun for etl_dag to 2025-04-09T00:00:00+00:00, run_after=2025-04-10T00:00:00+00:00
[2025-04-09T22:52:43.243+0000] {processor.py:179} INFO - Processing /workspaces/hands-on-introduction-data-engineering-4395021/airflow/dags/etl_dag.py took 0.275 seconds
[2025-04-09T22:53:13.409+0000] {processor.py:157} INFO - Started process (PID=84355) to work on /workspaces/hands-on-introduction-data-engineering-4395021/airflow/dags/etl_dag.py
[2025-04-09T22:53:13.410+0000] {processor.py:826} INFO - Processing file /workspaces/hands-on-introduction-data-engineering-4395021/airflow/dags/etl_dag.py for tasks to queue
[2025-04-09T22:53:13.411+0000] {logging_mixin.py:150} INFO - [2025-04-09T22:53:13.410+0000] {dagbag.py:541} INFO - Filling up the DagBag from /workspaces/hands-on-introduction-data-engineering-4395021/airflow/dags/etl_dag.py
[2025-04-09T22:53:13.649+0000] {processor.py:836} INFO - DAG(s) dict_keys(['etl_dag']) retrieved from /workspaces/hands-on-introduction-data-engineering-4395021/airflow/dags/etl_dag.py
[2025-04-09T22:53:13.664+0000] {logging_mixin.py:150} INFO - [2025-04-09T22:53:13.664+0000] {dag.py:2742} INFO - Sync 1 DAGs
[2025-04-09T22:53:13.678+0000] {logging_mixin.py:150} INFO - [2025-04-09T22:53:13.677+0000] {dag.py:3504} INFO - Setting next_dagrun for etl_dag to 2025-04-09T00:00:00+00:00, run_after=2025-04-10T00:00:00+00:00
[2025-04-09T22:53:13.692+0000] {processor.py:179} INFO - Processing /workspaces/hands-on-introduction-data-engineering-4395021/airflow/dags/etl_dag.py took 0.285 seconds
[2025-04-09T22:53:43.818+0000] {processor.py:157} INFO - Started process (PID=84561) to work on /workspaces/hands-on-introduction-data-engineering-4395021/airflow/dags/etl_dag.py
[2025-04-09T22:53:43.818+0000] {processor.py:826} INFO - Processing file /workspaces/hands-on-introduction-data-engineering-4395021/airflow/dags/etl_dag.py for tasks to queue
[2025-04-09T22:53:43.819+0000] {logging_mixin.py:150} INFO - [2025-04-09T22:53:43.819+0000] {dagbag.py:541} INFO - Filling up the DagBag from /workspaces/hands-on-introduction-data-engineering-4395021/airflow/dags/etl_dag.py
[2025-04-09T22:53:44.056+0000] {processor.py:836} INFO - DAG(s) dict_keys(['etl_dag']) retrieved from /workspaces/hands-on-introduction-data-engineering-4395021/airflow/dags/etl_dag.py
[2025-04-09T22:53:44.071+0000] {logging_mixin.py:150} INFO - [2025-04-09T22:53:44.071+0000] {dag.py:2742} INFO - Sync 1 DAGs
[2025-04-09T22:53:44.085+0000] {logging_mixin.py:150} INFO - [2025-04-09T22:53:44.084+0000] {dag.py:3504} INFO - Setting next_dagrun for etl_dag to 2025-04-09T00:00:00+00:00, run_after=2025-04-10T00:00:00+00:00
[2025-04-09T22:53:44.098+0000] {processor.py:179} INFO - Processing /workspaces/hands-on-introduction-data-engineering-4395021/airflow/dags/etl_dag.py took 0.283 seconds
[2025-04-09T22:54:14.185+0000] {processor.py:157} INFO - Started process (PID=84761) to work on /workspaces/hands-on-introduction-data-engineering-4395021/airflow/dags/etl_dag.py
[2025-04-09T22:54:14.186+0000] {processor.py:826} INFO - Processing file /workspaces/hands-on-introduction-data-engineering-4395021/airflow/dags/etl_dag.py for tasks to queue
[2025-04-09T22:54:14.187+0000] {logging_mixin.py:150} INFO - [2025-04-09T22:54:14.187+0000] {dagbag.py:541} INFO - Filling up the DagBag from /workspaces/hands-on-introduction-data-engineering-4395021/airflow/dags/etl_dag.py
[2025-04-09T22:54:14.428+0000] {processor.py:836} INFO - DAG(s) dict_keys(['etl_dag']) retrieved from /workspaces/hands-on-introduction-data-engineering-4395021/airflow/dags/etl_dag.py
[2025-04-09T22:54:14.447+0000] {logging_mixin.py:150} INFO - [2025-04-09T22:54:14.447+0000] {dag.py:2742} INFO - Sync 1 DAGs
[2025-04-09T22:54:14.460+0000] {logging_mixin.py:150} INFO - [2025-04-09T22:54:14.460+0000] {dag.py:3504} INFO - Setting next_dagrun for etl_dag to 2025-04-09T00:00:00+00:00, run_after=2025-04-10T00:00:00+00:00
[2025-04-09T22:54:14.473+0000] {processor.py:179} INFO - Processing /workspaces/hands-on-introduction-data-engineering-4395021/airflow/dags/etl_dag.py took 0.290 seconds
[2025-04-09T22:54:44.649+0000] {processor.py:157} INFO - Started process (PID=84951) to work on /workspaces/hands-on-introduction-data-engineering-4395021/airflow/dags/etl_dag.py
[2025-04-09T22:54:44.650+0000] {processor.py:826} INFO - Processing file /workspaces/hands-on-introduction-data-engineering-4395021/airflow/dags/etl_dag.py for tasks to queue
[2025-04-09T22:54:44.650+0000] {logging_mixin.py:150} INFO - [2025-04-09T22:54:44.650+0000] {dagbag.py:541} INFO - Filling up the DagBag from /workspaces/hands-on-introduction-data-engineering-4395021/airflow/dags/etl_dag.py
[2025-04-09T22:54:44.877+0000] {processor.py:836} INFO - DAG(s) dict_keys(['etl_dag']) retrieved from /workspaces/hands-on-introduction-data-engineering-4395021/airflow/dags/etl_dag.py
[2025-04-09T22:54:44.892+0000] {logging_mixin.py:150} INFO - [2025-04-09T22:54:44.892+0000] {dag.py:2742} INFO - Sync 1 DAGs
[2025-04-09T22:54:44.905+0000] {logging_mixin.py:150} INFO - [2025-04-09T22:54:44.905+0000] {dag.py:3504} INFO - Setting next_dagrun for etl_dag to 2025-04-09T00:00:00+00:00, run_after=2025-04-10T00:00:00+00:00
[2025-04-09T22:54:44.919+0000] {processor.py:179} INFO - Processing /workspaces/hands-on-introduction-data-engineering-4395021/airflow/dags/etl_dag.py took 0.273 seconds
[2025-04-09T22:55:15.015+0000] {processor.py:157} INFO - Started process (PID=85127) to work on /workspaces/hands-on-introduction-data-engineering-4395021/airflow/dags/etl_dag.py
[2025-04-09T22:55:15.016+0000] {processor.py:826} INFO - Processing file /workspaces/hands-on-introduction-data-engineering-4395021/airflow/dags/etl_dag.py for tasks to queue
[2025-04-09T22:55:15.016+0000] {logging_mixin.py:150} INFO - [2025-04-09T22:55:15.016+0000] {dagbag.py:541} INFO - Filling up the DagBag from /workspaces/hands-on-introduction-data-engineering-4395021/airflow/dags/etl_dag.py
[2025-04-09T22:55:15.240+0000] {processor.py:836} INFO - DAG(s) dict_keys(['etl_dag']) retrieved from /workspaces/hands-on-introduction-data-engineering-4395021/airflow/dags/etl_dag.py
[2025-04-09T22:55:15.255+0000] {logging_mixin.py:150} INFO - [2025-04-09T22:55:15.255+0000] {dag.py:2742} INFO - Sync 1 DAGs
[2025-04-09T22:55:15.268+0000] {logging_mixin.py:150} INFO - [2025-04-09T22:55:15.268+0000] {dag.py:3504} INFO - Setting next_dagrun for etl_dag to 2025-04-09T00:00:00+00:00, run_after=2025-04-10T00:00:00+00:00
[2025-04-09T22:55:15.282+0000] {processor.py:179} INFO - Processing /workspaces/hands-on-introduction-data-engineering-4395021/airflow/dags/etl_dag.py took 0.270 seconds
[2025-04-09T22:55:45.445+0000] {processor.py:157} INFO - Started process (PID=85321) to work on /workspaces/hands-on-introduction-data-engineering-4395021/airflow/dags/etl_dag.py
[2025-04-09T22:55:45.446+0000] {processor.py:826} INFO - Processing file /workspaces/hands-on-introduction-data-engineering-4395021/airflow/dags/etl_dag.py for tasks to queue
[2025-04-09T22:55:45.446+0000] {logging_mixin.py:150} INFO - [2025-04-09T22:55:45.446+0000] {dagbag.py:541} INFO - Filling up the DagBag from /workspaces/hands-on-introduction-data-engineering-4395021/airflow/dags/etl_dag.py
[2025-04-09T22:55:45.688+0000] {processor.py:836} INFO - DAG(s) dict_keys(['etl_dag']) retrieved from /workspaces/hands-on-introduction-data-engineering-4395021/airflow/dags/etl_dag.py
[2025-04-09T22:55:45.704+0000] {logging_mixin.py:150} INFO - [2025-04-09T22:55:45.703+0000] {dag.py:2742} INFO - Sync 1 DAGs
[2025-04-09T22:55:45.717+0000] {logging_mixin.py:150} INFO - [2025-04-09T22:55:45.717+0000] {dag.py:3504} INFO - Setting next_dagrun for etl_dag to 2025-04-09T00:00:00+00:00, run_after=2025-04-10T00:00:00+00:00
[2025-04-09T22:55:45.730+0000] {processor.py:179} INFO - Processing /workspaces/hands-on-introduction-data-engineering-4395021/airflow/dags/etl_dag.py took 0.288 seconds
[2025-04-09T22:56:15.961+0000] {processor.py:157} INFO - Started process (PID=85528) to work on /workspaces/hands-on-introduction-data-engineering-4395021/airflow/dags/etl_dag.py
[2025-04-09T22:56:15.962+0000] {processor.py:826} INFO - Processing file /workspaces/hands-on-introduction-data-engineering-4395021/airflow/dags/etl_dag.py for tasks to queue
[2025-04-09T22:56:15.963+0000] {logging_mixin.py:150} INFO - [2025-04-09T22:56:15.962+0000] {dagbag.py:541} INFO - Filling up the DagBag from /workspaces/hands-on-introduction-data-engineering-4395021/airflow/dags/etl_dag.py
[2025-04-09T22:56:16.458+0000] {processor.py:836} INFO - DAG(s) dict_keys(['etl_dag']) retrieved from /workspaces/hands-on-introduction-data-engineering-4395021/airflow/dags/etl_dag.py
[2025-04-09T22:56:16.474+0000] {logging_mixin.py:150} INFO - [2025-04-09T22:56:16.474+0000] {dag.py:2742} INFO - Sync 1 DAGs
[2025-04-09T22:56:16.488+0000] {logging_mixin.py:150} INFO - [2025-04-09T22:56:16.488+0000] {dag.py:3504} INFO - Setting next_dagrun for etl_dag to 2025-04-09T00:00:00+00:00, run_after=2025-04-10T00:00:00+00:00
[2025-04-09T22:56:16.505+0000] {processor.py:179} INFO - Processing /workspaces/hands-on-introduction-data-engineering-4395021/airflow/dags/etl_dag.py took 0.547 seconds
[2025-04-09T22:56:46.654+0000] {processor.py:157} INFO - Started process (PID=85708) to work on /workspaces/hands-on-introduction-data-engineering-4395021/airflow/dags/etl_dag.py
[2025-04-09T22:56:46.654+0000] {processor.py:826} INFO - Processing file /workspaces/hands-on-introduction-data-engineering-4395021/airflow/dags/etl_dag.py for tasks to queue
[2025-04-09T22:56:46.655+0000] {logging_mixin.py:150} INFO - [2025-04-09T22:56:46.655+0000] {dagbag.py:541} INFO - Filling up the DagBag from /workspaces/hands-on-introduction-data-engineering-4395021/airflow/dags/etl_dag.py
[2025-04-09T22:56:46.883+0000] {processor.py:836} INFO - DAG(s) dict_keys(['etl_dag']) retrieved from /workspaces/hands-on-introduction-data-engineering-4395021/airflow/dags/etl_dag.py
[2025-04-09T22:56:46.898+0000] {logging_mixin.py:150} INFO - [2025-04-09T22:56:46.898+0000] {dag.py:2742} INFO - Sync 1 DAGs
[2025-04-09T22:56:46.912+0000] {logging_mixin.py:150} INFO - [2025-04-09T22:56:46.912+0000] {dag.py:3504} INFO - Setting next_dagrun for etl_dag to 2025-04-09T00:00:00+00:00, run_after=2025-04-10T00:00:00+00:00
[2025-04-09T22:56:46.925+0000] {processor.py:179} INFO - Processing /workspaces/hands-on-introduction-data-engineering-4395021/airflow/dags/etl_dag.py took 0.274 seconds
[2025-04-09T22:57:17.038+0000] {processor.py:157} INFO - Started process (PID=85918) to work on /workspaces/hands-on-introduction-data-engineering-4395021/airflow/dags/etl_dag.py
[2025-04-09T22:57:17.039+0000] {processor.py:826} INFO - Processing file /workspaces/hands-on-introduction-data-engineering-4395021/airflow/dags/etl_dag.py for tasks to queue
[2025-04-09T22:57:17.040+0000] {logging_mixin.py:150} INFO - [2025-04-09T22:57:17.040+0000] {dagbag.py:541} INFO - Filling up the DagBag from /workspaces/hands-on-introduction-data-engineering-4395021/airflow/dags/etl_dag.py
[2025-04-09T22:57:17.267+0000] {processor.py:836} INFO - DAG(s) dict_keys(['etl_dag']) retrieved from /workspaces/hands-on-introduction-data-engineering-4395021/airflow/dags/etl_dag.py
[2025-04-09T22:57:17.283+0000] {logging_mixin.py:150} INFO - [2025-04-09T22:57:17.282+0000] {dag.py:2742} INFO - Sync 1 DAGs
[2025-04-09T22:57:17.296+0000] {logging_mixin.py:150} INFO - [2025-04-09T22:57:17.296+0000] {dag.py:3504} INFO - Setting next_dagrun for etl_dag to 2025-04-09T00:00:00+00:00, run_after=2025-04-10T00:00:00+00:00
[2025-04-09T22:57:17.309+0000] {processor.py:179} INFO - Processing /workspaces/hands-on-introduction-data-engineering-4395021/airflow/dags/etl_dag.py took 0.273 seconds
[2025-04-09T22:57:47.424+0000] {processor.py:157} INFO - Started process (PID=86100) to work on /workspaces/hands-on-introduction-data-engineering-4395021/airflow/dags/etl_dag.py
[2025-04-09T22:57:47.425+0000] {processor.py:826} INFO - Processing file /workspaces/hands-on-introduction-data-engineering-4395021/airflow/dags/etl_dag.py for tasks to queue
[2025-04-09T22:57:47.426+0000] {logging_mixin.py:150} INFO - [2025-04-09T22:57:47.425+0000] {dagbag.py:541} INFO - Filling up the DagBag from /workspaces/hands-on-introduction-data-engineering-4395021/airflow/dags/etl_dag.py
[2025-04-09T22:57:47.651+0000] {processor.py:836} INFO - DAG(s) dict_keys(['etl_dag']) retrieved from /workspaces/hands-on-introduction-data-engineering-4395021/airflow/dags/etl_dag.py
[2025-04-09T22:57:47.667+0000] {logging_mixin.py:150} INFO - [2025-04-09T22:57:47.667+0000] {dag.py:2742} INFO - Sync 1 DAGs
[2025-04-09T22:57:47.680+0000] {logging_mixin.py:150} INFO - [2025-04-09T22:57:47.680+0000] {dag.py:3504} INFO - Setting next_dagrun for etl_dag to 2025-04-09T00:00:00+00:00, run_after=2025-04-10T00:00:00+00:00
[2025-04-09T22:57:47.693+0000] {processor.py:179} INFO - Processing /workspaces/hands-on-introduction-data-engineering-4395021/airflow/dags/etl_dag.py took 0.271 seconds
[2025-04-09T22:58:17.817+0000] {processor.py:157} INFO - Started process (PID=86297) to work on /workspaces/hands-on-introduction-data-engineering-4395021/airflow/dags/etl_dag.py
[2025-04-09T22:58:17.818+0000] {processor.py:826} INFO - Processing file /workspaces/hands-on-introduction-data-engineering-4395021/airflow/dags/etl_dag.py for tasks to queue
[2025-04-09T22:58:17.819+0000] {logging_mixin.py:150} INFO - [2025-04-09T22:58:17.818+0000] {dagbag.py:541} INFO - Filling up the DagBag from /workspaces/hands-on-introduction-data-engineering-4395021/airflow/dags/etl_dag.py
[2025-04-09T22:58:18.054+0000] {processor.py:836} INFO - DAG(s) dict_keys(['etl_dag']) retrieved from /workspaces/hands-on-introduction-data-engineering-4395021/airflow/dags/etl_dag.py
[2025-04-09T22:58:18.074+0000] {logging_mixin.py:150} INFO - [2025-04-09T22:58:18.073+0000] {dag.py:2742} INFO - Sync 1 DAGs
[2025-04-09T22:58:18.087+0000] {logging_mixin.py:150} INFO - [2025-04-09T22:58:18.087+0000] {dag.py:3504} INFO - Setting next_dagrun for etl_dag to 2025-04-09T00:00:00+00:00, run_after=2025-04-10T00:00:00+00:00
[2025-04-09T22:58:18.100+0000] {processor.py:179} INFO - Processing /workspaces/hands-on-introduction-data-engineering-4395021/airflow/dags/etl_dag.py took 0.286 seconds
[2025-04-09T22:58:48.202+0000] {processor.py:157} INFO - Started process (PID=86494) to work on /workspaces/hands-on-introduction-data-engineering-4395021/airflow/dags/etl_dag.py
[2025-04-09T22:58:48.202+0000] {processor.py:826} INFO - Processing file /workspaces/hands-on-introduction-data-engineering-4395021/airflow/dags/etl_dag.py for tasks to queue
[2025-04-09T22:58:48.203+0000] {logging_mixin.py:150} INFO - [2025-04-09T22:58:48.203+0000] {dagbag.py:541} INFO - Filling up the DagBag from /workspaces/hands-on-introduction-data-engineering-4395021/airflow/dags/etl_dag.py
[2025-04-09T22:58:48.428+0000] {processor.py:836} INFO - DAG(s) dict_keys(['etl_dag']) retrieved from /workspaces/hands-on-introduction-data-engineering-4395021/airflow/dags/etl_dag.py
[2025-04-09T22:58:48.443+0000] {logging_mixin.py:150} INFO - [2025-04-09T22:58:48.443+0000] {dag.py:2742} INFO - Sync 1 DAGs
[2025-04-09T22:58:48.456+0000] {logging_mixin.py:150} INFO - [2025-04-09T22:58:48.456+0000] {dag.py:3504} INFO - Setting next_dagrun for etl_dag to 2025-04-09T00:00:00+00:00, run_after=2025-04-10T00:00:00+00:00
[2025-04-09T22:58:48.470+0000] {processor.py:179} INFO - Processing /workspaces/hands-on-introduction-data-engineering-4395021/airflow/dags/etl_dag.py took 0.271 seconds
[2025-04-09T22:59:18.602+0000] {processor.py:157} INFO - Started process (PID=86684) to work on /workspaces/hands-on-introduction-data-engineering-4395021/airflow/dags/etl_dag.py
[2025-04-09T22:59:18.603+0000] {processor.py:826} INFO - Processing file /workspaces/hands-on-introduction-data-engineering-4395021/airflow/dags/etl_dag.py for tasks to queue
[2025-04-09T22:59:18.604+0000] {logging_mixin.py:150} INFO - [2025-04-09T22:59:18.603+0000] {dagbag.py:541} INFO - Filling up the DagBag from /workspaces/hands-on-introduction-data-engineering-4395021/airflow/dags/etl_dag.py
[2025-04-09T22:59:18.928+0000] {processor.py:836} INFO - DAG(s) dict_keys(['etl_dag']) retrieved from /workspaces/hands-on-introduction-data-engineering-4395021/airflow/dags/etl_dag.py
[2025-04-09T22:59:18.945+0000] {logging_mixin.py:150} INFO - [2025-04-09T22:59:18.944+0000] {dag.py:2742} INFO - Sync 1 DAGs
[2025-04-09T22:59:18.958+0000] {logging_mixin.py:150} INFO - [2025-04-09T22:59:18.958+0000] {dag.py:3504} INFO - Setting next_dagrun for etl_dag to 2025-04-09T00:00:00+00:00, run_after=2025-04-10T00:00:00+00:00
[2025-04-09T22:59:19.054+0000] {processor.py:179} INFO - Processing /workspaces/hands-on-introduction-data-engineering-4395021/airflow/dags/etl_dag.py took 0.455 seconds
[2025-04-09T22:59:49.193+0000] {processor.py:157} INFO - Started process (PID=86903) to work on /workspaces/hands-on-introduction-data-engineering-4395021/airflow/dags/etl_dag.py
[2025-04-09T22:59:49.194+0000] {processor.py:826} INFO - Processing file /workspaces/hands-on-introduction-data-engineering-4395021/airflow/dags/etl_dag.py for tasks to queue
[2025-04-09T22:59:49.195+0000] {logging_mixin.py:150} INFO - [2025-04-09T22:59:49.194+0000] {dagbag.py:541} INFO - Filling up the DagBag from /workspaces/hands-on-introduction-data-engineering-4395021/airflow/dags/etl_dag.py
[2025-04-09T22:59:49.454+0000] {processor.py:836} INFO - DAG(s) dict_keys(['etl_dag']) retrieved from /workspaces/hands-on-introduction-data-engineering-4395021/airflow/dags/etl_dag.py
[2025-04-09T22:59:49.470+0000] {logging_mixin.py:150} INFO - [2025-04-09T22:59:49.469+0000] {dag.py:2742} INFO - Sync 1 DAGs
[2025-04-09T22:59:49.484+0000] {logging_mixin.py:150} INFO - [2025-04-09T22:59:49.484+0000] {dag.py:3504} INFO - Setting next_dagrun for etl_dag to 2025-04-09T00:00:00+00:00, run_after=2025-04-10T00:00:00+00:00
[2025-04-09T22:59:49.497+0000] {processor.py:179} INFO - Processing /workspaces/hands-on-introduction-data-engineering-4395021/airflow/dags/etl_dag.py took 0.308 seconds
[2025-04-09T23:00:19.681+0000] {processor.py:157} INFO - Started process (PID=87108) to work on /workspaces/hands-on-introduction-data-engineering-4395021/airflow/dags/etl_dag.py
[2025-04-09T23:00:19.682+0000] {processor.py:826} INFO - Processing file /workspaces/hands-on-introduction-data-engineering-4395021/airflow/dags/etl_dag.py for tasks to queue
[2025-04-09T23:00:19.683+0000] {logging_mixin.py:150} INFO - [2025-04-09T23:00:19.682+0000] {dagbag.py:541} INFO - Filling up the DagBag from /workspaces/hands-on-introduction-data-engineering-4395021/airflow/dags/etl_dag.py
[2025-04-09T23:00:19.939+0000] {processor.py:836} INFO - DAG(s) dict_keys(['etl_dag']) retrieved from /workspaces/hands-on-introduction-data-engineering-4395021/airflow/dags/etl_dag.py
[2025-04-09T23:00:19.954+0000] {logging_mixin.py:150} INFO - [2025-04-09T23:00:19.954+0000] {dag.py:2742} INFO - Sync 1 DAGs
[2025-04-09T23:00:19.968+0000] {logging_mixin.py:150} INFO - [2025-04-09T23:00:19.968+0000] {dag.py:3504} INFO - Setting next_dagrun for etl_dag to 2025-04-09T00:00:00+00:00, run_after=2025-04-10T00:00:00+00:00
[2025-04-09T23:00:19.982+0000] {processor.py:179} INFO - Processing /workspaces/hands-on-introduction-data-engineering-4395021/airflow/dags/etl_dag.py took 0.305 seconds
[2025-04-09T23:00:50.170+0000] {processor.py:157} INFO - Started process (PID=87301) to work on /workspaces/hands-on-introduction-data-engineering-4395021/airflow/dags/etl_dag.py
[2025-04-09T23:00:50.171+0000] {processor.py:826} INFO - Processing file /workspaces/hands-on-introduction-data-engineering-4395021/airflow/dags/etl_dag.py for tasks to queue
[2025-04-09T23:00:50.172+0000] {logging_mixin.py:150} INFO - [2025-04-09T23:00:50.171+0000] {dagbag.py:541} INFO - Filling up the DagBag from /workspaces/hands-on-introduction-data-engineering-4395021/airflow/dags/etl_dag.py
[2025-04-09T23:00:50.404+0000] {processor.py:836} INFO - DAG(s) dict_keys(['etl_dag']) retrieved from /workspaces/hands-on-introduction-data-engineering-4395021/airflow/dags/etl_dag.py
[2025-04-09T23:00:50.419+0000] {logging_mixin.py:150} INFO - [2025-04-09T23:00:50.419+0000] {dag.py:2742} INFO - Sync 1 DAGs
[2025-04-09T23:00:50.433+0000] {logging_mixin.py:150} INFO - [2025-04-09T23:00:50.433+0000] {dag.py:3504} INFO - Setting next_dagrun for etl_dag to 2025-04-09T00:00:00+00:00, run_after=2025-04-10T00:00:00+00:00
[2025-04-09T23:00:50.447+0000] {processor.py:179} INFO - Processing /workspaces/hands-on-introduction-data-engineering-4395021/airflow/dags/etl_dag.py took 0.280 seconds
[2025-04-09T23:01:20.551+0000] {processor.py:157} INFO - Started process (PID=87500) to work on /workspaces/hands-on-introduction-data-engineering-4395021/airflow/dags/etl_dag.py
[2025-04-09T23:01:20.552+0000] {processor.py:826} INFO - Processing file /workspaces/hands-on-introduction-data-engineering-4395021/airflow/dags/etl_dag.py for tasks to queue
[2025-04-09T23:01:20.552+0000] {logging_mixin.py:150} INFO - [2025-04-09T23:01:20.552+0000] {dagbag.py:541} INFO - Filling up the DagBag from /workspaces/hands-on-introduction-data-engineering-4395021/airflow/dags/etl_dag.py
[2025-04-09T23:01:20.801+0000] {processor.py:836} INFO - DAG(s) dict_keys(['etl_dag']) retrieved from /workspaces/hands-on-introduction-data-engineering-4395021/airflow/dags/etl_dag.py
[2025-04-09T23:01:20.821+0000] {logging_mixin.py:150} INFO - [2025-04-09T23:01:20.821+0000] {dag.py:2742} INFO - Sync 1 DAGs
[2025-04-09T23:01:20.835+0000] {logging_mixin.py:150} INFO - [2025-04-09T23:01:20.835+0000] {dag.py:3504} INFO - Setting next_dagrun for etl_dag to 2025-04-09T00:00:00+00:00, run_after=2025-04-10T00:00:00+00:00
[2025-04-09T23:01:20.849+0000] {processor.py:179} INFO - Processing /workspaces/hands-on-introduction-data-engineering-4395021/airflow/dags/etl_dag.py took 0.300 seconds
[2025-04-09T23:01:51.148+0000] {processor.py:157} INFO - Started process (PID=87709) to work on /workspaces/hands-on-introduction-data-engineering-4395021/airflow/dags/etl_dag.py
[2025-04-09T23:01:51.149+0000] {processor.py:826} INFO - Processing file /workspaces/hands-on-introduction-data-engineering-4395021/airflow/dags/etl_dag.py for tasks to queue
[2025-04-09T23:01:51.150+0000] {logging_mixin.py:150} INFO - [2025-04-09T23:01:51.149+0000] {dagbag.py:541} INFO - Filling up the DagBag from /workspaces/hands-on-introduction-data-engineering-4395021/airflow/dags/etl_dag.py
[2025-04-09T23:01:51.401+0000] {processor.py:836} INFO - DAG(s) dict_keys(['etl_dag']) retrieved from /workspaces/hands-on-introduction-data-engineering-4395021/airflow/dags/etl_dag.py
[2025-04-09T23:01:51.418+0000] {logging_mixin.py:150} INFO - [2025-04-09T23:01:51.417+0000] {dag.py:2742} INFO - Sync 1 DAGs
[2025-04-09T23:01:51.431+0000] {logging_mixin.py:150} INFO - [2025-04-09T23:01:51.431+0000] {dag.py:3504} INFO - Setting next_dagrun for etl_dag to 2025-04-09T00:00:00+00:00, run_after=2025-04-10T00:00:00+00:00
[2025-04-09T23:01:51.445+0000] {processor.py:179} INFO - Processing /workspaces/hands-on-introduction-data-engineering-4395021/airflow/dags/etl_dag.py took 0.299 seconds
[2025-04-09T23:02:21.738+0000] {processor.py:157} INFO - Started process (PID=87911) to work on /workspaces/hands-on-introduction-data-engineering-4395021/airflow/dags/etl_dag.py
[2025-04-09T23:02:21.738+0000] {processor.py:826} INFO - Processing file /workspaces/hands-on-introduction-data-engineering-4395021/airflow/dags/etl_dag.py for tasks to queue
[2025-04-09T23:02:21.739+0000] {logging_mixin.py:150} INFO - [2025-04-09T23:02:21.739+0000] {dagbag.py:541} INFO - Filling up the DagBag from /workspaces/hands-on-introduction-data-engineering-4395021/airflow/dags/etl_dag.py
[2025-04-09T23:02:21.986+0000] {processor.py:836} INFO - DAG(s) dict_keys(['etl_dag']) retrieved from /workspaces/hands-on-introduction-data-engineering-4395021/airflow/dags/etl_dag.py
[2025-04-09T23:02:22.001+0000] {logging_mixin.py:150} INFO - [2025-04-09T23:02:22.001+0000] {dag.py:2742} INFO - Sync 1 DAGs
[2025-04-09T23:02:22.015+0000] {logging_mixin.py:150} INFO - [2025-04-09T23:02:22.015+0000] {dag.py:3504} INFO - Setting next_dagrun for etl_dag to 2025-04-09T00:00:00+00:00, run_after=2025-04-10T00:00:00+00:00
[2025-04-09T23:02:22.029+0000] {processor.py:179} INFO - Processing /workspaces/hands-on-introduction-data-engineering-4395021/airflow/dags/etl_dag.py took 0.294 seconds
[2025-04-09T23:02:52.233+0000] {processor.py:157} INFO - Started process (PID=88119) to work on /workspaces/hands-on-introduction-data-engineering-4395021/airflow/dags/etl_dag.py
[2025-04-09T23:02:52.234+0000] {processor.py:826} INFO - Processing file /workspaces/hands-on-introduction-data-engineering-4395021/airflow/dags/etl_dag.py for tasks to queue
[2025-04-09T23:02:52.234+0000] {logging_mixin.py:150} INFO - [2025-04-09T23:02:52.234+0000] {dagbag.py:541} INFO - Filling up the DagBag from /workspaces/hands-on-introduction-data-engineering-4395021/airflow/dags/etl_dag.py
[2025-04-09T23:02:52.483+0000] {processor.py:836} INFO - DAG(s) dict_keys(['etl_dag']) retrieved from /workspaces/hands-on-introduction-data-engineering-4395021/airflow/dags/etl_dag.py
[2025-04-09T23:02:52.499+0000] {logging_mixin.py:150} INFO - [2025-04-09T23:02:52.499+0000] {dag.py:2742} INFO - Sync 1 DAGs
[2025-04-09T23:02:52.514+0000] {logging_mixin.py:150} INFO - [2025-04-09T23:02:52.513+0000] {dag.py:3504} INFO - Setting next_dagrun for etl_dag to 2025-04-09T00:00:00+00:00, run_after=2025-04-10T00:00:00+00:00
[2025-04-09T23:02:52.529+0000] {processor.py:179} INFO - Processing /workspaces/hands-on-introduction-data-engineering-4395021/airflow/dags/etl_dag.py took 0.298 seconds
[2025-04-09T23:03:22.734+0000] {processor.py:157} INFO - Started process (PID=88327) to work on /workspaces/hands-on-introduction-data-engineering-4395021/airflow/dags/etl_dag.py
[2025-04-09T23:03:22.735+0000] {processor.py:826} INFO - Processing file /workspaces/hands-on-introduction-data-engineering-4395021/airflow/dags/etl_dag.py for tasks to queue
[2025-04-09T23:03:22.736+0000] {logging_mixin.py:150} INFO - [2025-04-09T23:03:22.736+0000] {dagbag.py:541} INFO - Filling up the DagBag from /workspaces/hands-on-introduction-data-engineering-4395021/airflow/dags/etl_dag.py
[2025-04-09T23:03:23.013+0000] {processor.py:836} INFO - DAG(s) dict_keys(['etl_dag']) retrieved from /workspaces/hands-on-introduction-data-engineering-4395021/airflow/dags/etl_dag.py
[2025-04-09T23:03:23.028+0000] {logging_mixin.py:150} INFO - [2025-04-09T23:03:23.028+0000] {dag.py:2742} INFO - Sync 1 DAGs
[2025-04-09T23:03:23.043+0000] {logging_mixin.py:150} INFO - [2025-04-09T23:03:23.043+0000] {dag.py:3504} INFO - Setting next_dagrun for etl_dag to 2025-04-09T00:00:00+00:00, run_after=2025-04-10T00:00:00+00:00
[2025-04-09T23:03:23.151+0000] {processor.py:179} INFO - Processing /workspaces/hands-on-introduction-data-engineering-4395021/airflow/dags/etl_dag.py took 0.419 seconds
[2025-04-09T23:03:53.438+0000] {processor.py:157} INFO - Started process (PID=88536) to work on /workspaces/hands-on-introduction-data-engineering-4395021/airflow/dags/etl_dag.py
[2025-04-09T23:03:53.440+0000] {processor.py:826} INFO - Processing file /workspaces/hands-on-introduction-data-engineering-4395021/airflow/dags/etl_dag.py for tasks to queue
[2025-04-09T23:03:53.441+0000] {logging_mixin.py:150} INFO - [2025-04-09T23:03:53.441+0000] {dagbag.py:541} INFO - Filling up the DagBag from /workspaces/hands-on-introduction-data-engineering-4395021/airflow/dags/etl_dag.py
[2025-04-09T23:03:53.675+0000] {processor.py:836} INFO - DAG(s) dict_keys(['etl_dag']) retrieved from /workspaces/hands-on-introduction-data-engineering-4395021/airflow/dags/etl_dag.py
[2025-04-09T23:03:53.690+0000] {logging_mixin.py:150} INFO - [2025-04-09T23:03:53.690+0000] {dag.py:2742} INFO - Sync 1 DAGs
[2025-04-09T23:03:53.704+0000] {logging_mixin.py:150} INFO - [2025-04-09T23:03:53.704+0000] {dag.py:3504} INFO - Setting next_dagrun for etl_dag to 2025-04-09T00:00:00+00:00, run_after=2025-04-10T00:00:00+00:00
[2025-04-09T23:03:53.717+0000] {processor.py:179} INFO - Processing /workspaces/hands-on-introduction-data-engineering-4395021/airflow/dags/etl_dag.py took 0.283 seconds
[2025-04-09T23:04:23.928+0000] {processor.py:157} INFO - Started process (PID=88744) to work on /workspaces/hands-on-introduction-data-engineering-4395021/airflow/dags/etl_dag.py
[2025-04-09T23:04:23.928+0000] {processor.py:826} INFO - Processing file /workspaces/hands-on-introduction-data-engineering-4395021/airflow/dags/etl_dag.py for tasks to queue
[2025-04-09T23:04:23.929+0000] {logging_mixin.py:150} INFO - [2025-04-09T23:04:23.929+0000] {dagbag.py:541} INFO - Filling up the DagBag from /workspaces/hands-on-introduction-data-engineering-4395021/airflow/dags/etl_dag.py
[2025-04-09T23:04:24.158+0000] {processor.py:836} INFO - DAG(s) dict_keys(['etl_dag']) retrieved from /workspaces/hands-on-introduction-data-engineering-4395021/airflow/dags/etl_dag.py
[2025-04-09T23:04:24.174+0000] {logging_mixin.py:150} INFO - [2025-04-09T23:04:24.174+0000] {dag.py:2742} INFO - Sync 1 DAGs
[2025-04-09T23:04:24.188+0000] {logging_mixin.py:150} INFO - [2025-04-09T23:04:24.188+0000] {dag.py:3504} INFO - Setting next_dagrun for etl_dag to 2025-04-09T00:00:00+00:00, run_after=2025-04-10T00:00:00+00:00
[2025-04-09T23:04:24.202+0000] {processor.py:179} INFO - Processing /workspaces/hands-on-introduction-data-engineering-4395021/airflow/dags/etl_dag.py took 0.276 seconds
[2025-04-09T23:04:54.421+0000] {processor.py:157} INFO - Started process (PID=88950) to work on /workspaces/hands-on-introduction-data-engineering-4395021/airflow/dags/etl_dag.py
[2025-04-09T23:04:54.422+0000] {processor.py:826} INFO - Processing file /workspaces/hands-on-introduction-data-engineering-4395021/airflow/dags/etl_dag.py for tasks to queue
[2025-04-09T23:04:54.422+0000] {logging_mixin.py:150} INFO - [2025-04-09T23:04:54.422+0000] {dagbag.py:541} INFO - Filling up the DagBag from /workspaces/hands-on-introduction-data-engineering-4395021/airflow/dags/etl_dag.py
[2025-04-09T23:04:54.675+0000] {processor.py:836} INFO - DAG(s) dict_keys(['etl_dag']) retrieved from /workspaces/hands-on-introduction-data-engineering-4395021/airflow/dags/etl_dag.py
[2025-04-09T23:04:54.691+0000] {logging_mixin.py:150} INFO - [2025-04-09T23:04:54.691+0000] {dag.py:2742} INFO - Sync 1 DAGs
[2025-04-09T23:04:54.704+0000] {logging_mixin.py:150} INFO - [2025-04-09T23:04:54.704+0000] {dag.py:3504} INFO - Setting next_dagrun for etl_dag to 2025-04-09T00:00:00+00:00, run_after=2025-04-10T00:00:00+00:00
[2025-04-09T23:04:54.718+0000] {processor.py:179} INFO - Processing /workspaces/hands-on-introduction-data-engineering-4395021/airflow/dags/etl_dag.py took 0.300 seconds
[2025-04-09T23:05:25.011+0000] {processor.py:157} INFO - Started process (PID=89155) to work on /workspaces/hands-on-introduction-data-engineering-4395021/airflow/dags/etl_dag.py
[2025-04-09T23:05:25.011+0000] {processor.py:826} INFO - Processing file /workspaces/hands-on-introduction-data-engineering-4395021/airflow/dags/etl_dag.py for tasks to queue
[2025-04-09T23:05:25.012+0000] {logging_mixin.py:150} INFO - [2025-04-09T23:05:25.012+0000] {dagbag.py:541} INFO - Filling up the DagBag from /workspaces/hands-on-introduction-data-engineering-4395021/airflow/dags/etl_dag.py
[2025-04-09T23:05:25.245+0000] {processor.py:836} INFO - DAG(s) dict_keys(['etl_dag']) retrieved from /workspaces/hands-on-introduction-data-engineering-4395021/airflow/dags/etl_dag.py
[2025-04-09T23:05:25.261+0000] {logging_mixin.py:150} INFO - [2025-04-09T23:05:25.261+0000] {dag.py:2742} INFO - Sync 1 DAGs
[2025-04-09T23:05:25.274+0000] {logging_mixin.py:150} INFO - [2025-04-09T23:05:25.274+0000] {dag.py:3504} INFO - Setting next_dagrun for etl_dag to 2025-04-09T00:00:00+00:00, run_after=2025-04-10T00:00:00+00:00
[2025-04-09T23:05:25.288+0000] {processor.py:179} INFO - Processing /workspaces/hands-on-introduction-data-engineering-4395021/airflow/dags/etl_dag.py took 0.280 seconds
[2025-04-09T23:05:55.514+0000] {processor.py:157} INFO - Started process (PID=89364) to work on /workspaces/hands-on-introduction-data-engineering-4395021/airflow/dags/etl_dag.py
[2025-04-09T23:05:55.515+0000] {processor.py:826} INFO - Processing file /workspaces/hands-on-introduction-data-engineering-4395021/airflow/dags/etl_dag.py for tasks to queue
[2025-04-09T23:05:55.516+0000] {logging_mixin.py:150} INFO - [2025-04-09T23:05:55.515+0000] {dagbag.py:541} INFO - Filling up the DagBag from /workspaces/hands-on-introduction-data-engineering-4395021/airflow/dags/etl_dag.py
[2025-04-09T23:05:55.747+0000] {processor.py:836} INFO - DAG(s) dict_keys(['etl_dag']) retrieved from /workspaces/hands-on-introduction-data-engineering-4395021/airflow/dags/etl_dag.py
[2025-04-09T23:05:55.763+0000] {logging_mixin.py:150} INFO - [2025-04-09T23:05:55.762+0000] {dag.py:2742} INFO - Sync 1 DAGs
[2025-04-09T23:05:55.776+0000] {logging_mixin.py:150} INFO - [2025-04-09T23:05:55.776+0000] {dag.py:3504} INFO - Setting next_dagrun for etl_dag to 2025-04-09T00:00:00+00:00, run_after=2025-04-10T00:00:00+00:00
[2025-04-09T23:05:55.789+0000] {processor.py:179} INFO - Processing /workspaces/hands-on-introduction-data-engineering-4395021/airflow/dags/etl_dag.py took 0.277 seconds
[2025-04-09T23:06:25.874+0000] {processor.py:157} INFO - Started process (PID=89560) to work on /workspaces/hands-on-introduction-data-engineering-4395021/airflow/dags/etl_dag.py
[2025-04-09T23:06:25.875+0000] {processor.py:826} INFO - Processing file /workspaces/hands-on-introduction-data-engineering-4395021/airflow/dags/etl_dag.py for tasks to queue
[2025-04-09T23:06:25.875+0000] {logging_mixin.py:150} INFO - [2025-04-09T23:06:25.875+0000] {dagbag.py:541} INFO - Filling up the DagBag from /workspaces/hands-on-introduction-data-engineering-4395021/airflow/dags/etl_dag.py
[2025-04-09T23:06:26.123+0000] {processor.py:836} INFO - DAG(s) dict_keys(['etl_dag']) retrieved from /workspaces/hands-on-introduction-data-engineering-4395021/airflow/dags/etl_dag.py
[2025-04-09T23:06:26.139+0000] {logging_mixin.py:150} INFO - [2025-04-09T23:06:26.139+0000] {dag.py:2742} INFO - Sync 1 DAGs
[2025-04-09T23:06:26.152+0000] {logging_mixin.py:150} INFO - [2025-04-09T23:06:26.152+0000] {dag.py:3504} INFO - Setting next_dagrun for etl_dag to 2025-04-09T00:00:00+00:00, run_after=2025-04-10T00:00:00+00:00
[2025-04-09T23:06:26.270+0000] {processor.py:179} INFO - Processing /workspaces/hands-on-introduction-data-engineering-4395021/airflow/dags/etl_dag.py took 0.398 seconds
[2025-04-09T23:06:56.349+0000] {processor.py:157} INFO - Started process (PID=89768) to work on /workspaces/hands-on-introduction-data-engineering-4395021/airflow/dags/etl_dag.py
[2025-04-09T23:06:56.350+0000] {processor.py:826} INFO - Processing file /workspaces/hands-on-introduction-data-engineering-4395021/airflow/dags/etl_dag.py for tasks to queue
[2025-04-09T23:06:56.350+0000] {logging_mixin.py:150} INFO - [2025-04-09T23:06:56.350+0000] {dagbag.py:541} INFO - Filling up the DagBag from /workspaces/hands-on-introduction-data-engineering-4395021/airflow/dags/etl_dag.py
[2025-04-09T23:06:56.598+0000] {processor.py:836} INFO - DAG(s) dict_keys(['etl_dag']) retrieved from /workspaces/hands-on-introduction-data-engineering-4395021/airflow/dags/etl_dag.py
[2025-04-09T23:06:56.618+0000] {logging_mixin.py:150} INFO - [2025-04-09T23:06:56.618+0000] {dag.py:2742} INFO - Sync 1 DAGs
[2025-04-09T23:06:56.633+0000] {logging_mixin.py:150} INFO - [2025-04-09T23:06:56.632+0000] {dag.py:3504} INFO - Setting next_dagrun for etl_dag to 2025-04-09T00:00:00+00:00, run_after=2025-04-10T00:00:00+00:00
[2025-04-09T23:06:56.744+0000] {processor.py:179} INFO - Processing /workspaces/hands-on-introduction-data-engineering-4395021/airflow/dags/etl_dag.py took 0.398 seconds
[2025-04-09T23:07:26.815+0000] {processor.py:157} INFO - Started process (PID=89977) to work on /workspaces/hands-on-introduction-data-engineering-4395021/airflow/dags/etl_dag.py
[2025-04-09T23:07:26.816+0000] {processor.py:826} INFO - Processing file /workspaces/hands-on-introduction-data-engineering-4395021/airflow/dags/etl_dag.py for tasks to queue
[2025-04-09T23:07:26.817+0000] {logging_mixin.py:150} INFO - [2025-04-09T23:07:26.816+0000] {dagbag.py:541} INFO - Filling up the DagBag from /workspaces/hands-on-introduction-data-engineering-4395021/airflow/dags/etl_dag.py
[2025-04-09T23:07:27.053+0000] {processor.py:836} INFO - DAG(s) dict_keys(['etl_dag']) retrieved from /workspaces/hands-on-introduction-data-engineering-4395021/airflow/dags/etl_dag.py
[2025-04-09T23:07:27.069+0000] {logging_mixin.py:150} INFO - [2025-04-09T23:07:27.069+0000] {dag.py:2742} INFO - Sync 1 DAGs
[2025-04-09T23:07:27.084+0000] {logging_mixin.py:150} INFO - [2025-04-09T23:07:27.084+0000] {dag.py:3504} INFO - Setting next_dagrun for etl_dag to 2025-04-09T00:00:00+00:00, run_after=2025-04-10T00:00:00+00:00
[2025-04-09T23:07:27.098+0000] {processor.py:179} INFO - Processing /workspaces/hands-on-introduction-data-engineering-4395021/airflow/dags/etl_dag.py took 0.285 seconds
[2025-04-09T23:07:57.181+0000] {processor.py:157} INFO - Started process (PID=90179) to work on /workspaces/hands-on-introduction-data-engineering-4395021/airflow/dags/etl_dag.py
[2025-04-09T23:07:57.181+0000] {processor.py:826} INFO - Processing file /workspaces/hands-on-introduction-data-engineering-4395021/airflow/dags/etl_dag.py for tasks to queue
[2025-04-09T23:07:57.182+0000] {logging_mixin.py:150} INFO - [2025-04-09T23:07:57.182+0000] {dagbag.py:541} INFO - Filling up the DagBag from /workspaces/hands-on-introduction-data-engineering-4395021/airflow/dags/etl_dag.py
[2025-04-09T23:07:57.417+0000] {processor.py:836} INFO - DAG(s) dict_keys(['etl_dag']) retrieved from /workspaces/hands-on-introduction-data-engineering-4395021/airflow/dags/etl_dag.py
[2025-04-09T23:07:57.433+0000] {logging_mixin.py:150} INFO - [2025-04-09T23:07:57.433+0000] {dag.py:2742} INFO - Sync 1 DAGs
[2025-04-09T23:07:57.448+0000] {logging_mixin.py:150} INFO - [2025-04-09T23:07:57.447+0000] {dag.py:3504} INFO - Setting next_dagrun for etl_dag to 2025-04-09T00:00:00+00:00, run_after=2025-04-10T00:00:00+00:00
[2025-04-09T23:07:57.461+0000] {processor.py:179} INFO - Processing /workspaces/hands-on-introduction-data-engineering-4395021/airflow/dags/etl_dag.py took 0.283 seconds
[2025-04-09T23:08:27.540+0000] {processor.py:157} INFO - Started process (PID=90386) to work on /workspaces/hands-on-introduction-data-engineering-4395021/airflow/dags/etl_dag.py
[2025-04-09T23:08:27.540+0000] {processor.py:826} INFO - Processing file /workspaces/hands-on-introduction-data-engineering-4395021/airflow/dags/etl_dag.py for tasks to queue
[2025-04-09T23:08:27.541+0000] {logging_mixin.py:150} INFO - [2025-04-09T23:08:27.541+0000] {dagbag.py:541} INFO - Filling up the DagBag from /workspaces/hands-on-introduction-data-engineering-4395021/airflow/dags/etl_dag.py
[2025-04-09T23:08:27.778+0000] {processor.py:836} INFO - DAG(s) dict_keys(['etl_dag']) retrieved from /workspaces/hands-on-introduction-data-engineering-4395021/airflow/dags/etl_dag.py
[2025-04-09T23:08:27.794+0000] {logging_mixin.py:150} INFO - [2025-04-09T23:08:27.794+0000] {dag.py:2742} INFO - Sync 1 DAGs
[2025-04-09T23:08:27.809+0000] {logging_mixin.py:150} INFO - [2025-04-09T23:08:27.808+0000] {dag.py:3504} INFO - Setting next_dagrun for etl_dag to 2025-04-09T00:00:00+00:00, run_after=2025-04-10T00:00:00+00:00
[2025-04-09T23:08:27.823+0000] {processor.py:179} INFO - Processing /workspaces/hands-on-introduction-data-engineering-4395021/airflow/dags/etl_dag.py took 0.286 seconds
[2025-04-09T23:08:57.903+0000] {processor.py:157} INFO - Started process (PID=90594) to work on /workspaces/hands-on-introduction-data-engineering-4395021/airflow/dags/etl_dag.py
[2025-04-09T23:08:57.904+0000] {processor.py:826} INFO - Processing file /workspaces/hands-on-introduction-data-engineering-4395021/airflow/dags/etl_dag.py for tasks to queue
[2025-04-09T23:08:57.904+0000] {logging_mixin.py:150} INFO - [2025-04-09T23:08:57.904+0000] {dagbag.py:541} INFO - Filling up the DagBag from /workspaces/hands-on-introduction-data-engineering-4395021/airflow/dags/etl_dag.py
[2025-04-09T23:08:58.159+0000] {processor.py:836} INFO - DAG(s) dict_keys(['etl_dag']) retrieved from /workspaces/hands-on-introduction-data-engineering-4395021/airflow/dags/etl_dag.py
[2025-04-09T23:08:58.177+0000] {logging_mixin.py:150} INFO - [2025-04-09T23:08:58.177+0000] {dag.py:2742} INFO - Sync 1 DAGs
[2025-04-09T23:08:58.190+0000] {logging_mixin.py:150} INFO - [2025-04-09T23:08:58.190+0000] {dag.py:3504} INFO - Setting next_dagrun for etl_dag to 2025-04-09T00:00:00+00:00, run_after=2025-04-10T00:00:00+00:00
[2025-04-09T23:08:58.203+0000] {processor.py:179} INFO - Processing /workspaces/hands-on-introduction-data-engineering-4395021/airflow/dags/etl_dag.py took 0.303 seconds
[2025-04-09T23:09:28.368+0000] {processor.py:157} INFO - Started process (PID=90796) to work on /workspaces/hands-on-introduction-data-engineering-4395021/airflow/dags/etl_dag.py
[2025-04-09T23:09:28.369+0000] {processor.py:826} INFO - Processing file /workspaces/hands-on-introduction-data-engineering-4395021/airflow/dags/etl_dag.py for tasks to queue
[2025-04-09T23:09:28.370+0000] {logging_mixin.py:150} INFO - [2025-04-09T23:09:28.369+0000] {dagbag.py:541} INFO - Filling up the DagBag from /workspaces/hands-on-introduction-data-engineering-4395021/airflow/dags/etl_dag.py
[2025-04-09T23:09:28.598+0000] {processor.py:836} INFO - DAG(s) dict_keys(['etl_dag']) retrieved from /workspaces/hands-on-introduction-data-engineering-4395021/airflow/dags/etl_dag.py
[2025-04-09T23:09:28.613+0000] {logging_mixin.py:150} INFO - [2025-04-09T23:09:28.613+0000] {dag.py:2742} INFO - Sync 1 DAGs
[2025-04-09T23:09:28.626+0000] {logging_mixin.py:150} INFO - [2025-04-09T23:09:28.626+0000] {dag.py:3504} INFO - Setting next_dagrun for etl_dag to 2025-04-09T00:00:00+00:00, run_after=2025-04-10T00:00:00+00:00
[2025-04-09T23:09:28.640+0000] {processor.py:179} INFO - Processing /workspaces/hands-on-introduction-data-engineering-4395021/airflow/dags/etl_dag.py took 0.275 seconds
[2025-04-09T23:09:58.726+0000] {processor.py:157} INFO - Started process (PID=91005) to work on /workspaces/hands-on-introduction-data-engineering-4395021/airflow/dags/etl_dag.py
[2025-04-09T23:09:58.727+0000] {processor.py:826} INFO - Processing file /workspaces/hands-on-introduction-data-engineering-4395021/airflow/dags/etl_dag.py for tasks to queue
[2025-04-09T23:09:58.728+0000] {logging_mixin.py:150} INFO - [2025-04-09T23:09:58.727+0000] {dagbag.py:541} INFO - Filling up the DagBag from /workspaces/hands-on-introduction-data-engineering-4395021/airflow/dags/etl_dag.py
[2025-04-09T23:09:58.955+0000] {processor.py:836} INFO - DAG(s) dict_keys(['etl_dag']) retrieved from /workspaces/hands-on-introduction-data-engineering-4395021/airflow/dags/etl_dag.py
[2025-04-09T23:09:58.971+0000] {logging_mixin.py:150} INFO - [2025-04-09T23:09:58.970+0000] {dag.py:2742} INFO - Sync 1 DAGs
[2025-04-09T23:09:58.984+0000] {logging_mixin.py:150} INFO - [2025-04-09T23:09:58.984+0000] {dag.py:3504} INFO - Setting next_dagrun for etl_dag to 2025-04-09T00:00:00+00:00, run_after=2025-04-10T00:00:00+00:00
[2025-04-09T23:09:58.997+0000] {processor.py:179} INFO - Processing /workspaces/hands-on-introduction-data-engineering-4395021/airflow/dags/etl_dag.py took 0.274 seconds
[2025-04-09T23:10:29.084+0000] {processor.py:157} INFO - Started process (PID=91208) to work on /workspaces/hands-on-introduction-data-engineering-4395021/airflow/dags/etl_dag.py
[2025-04-09T23:10:29.085+0000] {processor.py:826} INFO - Processing file /workspaces/hands-on-introduction-data-engineering-4395021/airflow/dags/etl_dag.py for tasks to queue
[2025-04-09T23:10:29.085+0000] {logging_mixin.py:150} INFO - [2025-04-09T23:10:29.085+0000] {dagbag.py:541} INFO - Filling up the DagBag from /workspaces/hands-on-introduction-data-engineering-4395021/airflow/dags/etl_dag.py
[2025-04-09T23:10:29.317+0000] {processor.py:836} INFO - DAG(s) dict_keys(['etl_dag']) retrieved from /workspaces/hands-on-introduction-data-engineering-4395021/airflow/dags/etl_dag.py
[2025-04-09T23:10:29.332+0000] {logging_mixin.py:150} INFO - [2025-04-09T23:10:29.332+0000] {dag.py:2742} INFO - Sync 1 DAGs
[2025-04-09T23:10:29.345+0000] {logging_mixin.py:150} INFO - [2025-04-09T23:10:29.345+0000] {dag.py:3504} INFO - Setting next_dagrun for etl_dag to 2025-04-09T00:00:00+00:00, run_after=2025-04-10T00:00:00+00:00
[2025-04-09T23:10:29.443+0000] {processor.py:179} INFO - Processing /workspaces/hands-on-introduction-data-engineering-4395021/airflow/dags/etl_dag.py took 0.361 seconds
[2025-04-09T23:10:59.544+0000] {processor.py:157} INFO - Started process (PID=91415) to work on /workspaces/hands-on-introduction-data-engineering-4395021/airflow/dags/etl_dag.py
[2025-04-09T23:10:59.545+0000] {processor.py:826} INFO - Processing file /workspaces/hands-on-introduction-data-engineering-4395021/airflow/dags/etl_dag.py for tasks to queue
[2025-04-09T23:10:59.545+0000] {logging_mixin.py:150} INFO - [2025-04-09T23:10:59.545+0000] {dagbag.py:541} INFO - Filling up the DagBag from /workspaces/hands-on-introduction-data-engineering-4395021/airflow/dags/etl_dag.py
[2025-04-09T23:10:59.775+0000] {processor.py:836} INFO - DAG(s) dict_keys(['etl_dag']) retrieved from /workspaces/hands-on-introduction-data-engineering-4395021/airflow/dags/etl_dag.py
[2025-04-09T23:10:59.790+0000] {logging_mixin.py:150} INFO - [2025-04-09T23:10:59.790+0000] {dag.py:2742} INFO - Sync 1 DAGs
[2025-04-09T23:10:59.805+0000] {logging_mixin.py:150} INFO - [2025-04-09T23:10:59.805+0000] {dag.py:3504} INFO - Setting next_dagrun for etl_dag to 2025-04-09T00:00:00+00:00, run_after=2025-04-10T00:00:00+00:00
[2025-04-09T23:10:59.819+0000] {processor.py:179} INFO - Processing /workspaces/hands-on-introduction-data-engineering-4395021/airflow/dags/etl_dag.py took 0.277 seconds
[2025-04-09T23:11:30.377+0000] {processor.py:157} INFO - Started process (PID=91625) to work on /workspaces/hands-on-introduction-data-engineering-4395021/airflow/dags/etl_dag.py
[2025-04-09T23:11:30.378+0000] {processor.py:826} INFO - Processing file /workspaces/hands-on-introduction-data-engineering-4395021/airflow/dags/etl_dag.py for tasks to queue
[2025-04-09T23:11:30.379+0000] {logging_mixin.py:150} INFO - [2025-04-09T23:11:30.379+0000] {dagbag.py:541} INFO - Filling up the DagBag from /workspaces/hands-on-introduction-data-engineering-4395021/airflow/dags/etl_dag.py
[2025-04-09T23:11:30.606+0000] {processor.py:836} INFO - DAG(s) dict_keys(['etl_dag']) retrieved from /workspaces/hands-on-introduction-data-engineering-4395021/airflow/dags/etl_dag.py
[2025-04-09T23:11:30.621+0000] {logging_mixin.py:150} INFO - [2025-04-09T23:11:30.621+0000] {dag.py:2742} INFO - Sync 1 DAGs
[2025-04-09T23:11:30.635+0000] {logging_mixin.py:150} INFO - [2025-04-09T23:11:30.635+0000] {dag.py:3504} INFO - Setting next_dagrun for etl_dag to 2025-04-09T00:00:00+00:00, run_after=2025-04-10T00:00:00+00:00
[2025-04-09T23:11:30.649+0000] {processor.py:179} INFO - Processing /workspaces/hands-on-introduction-data-engineering-4395021/airflow/dags/etl_dag.py took 0.274 seconds
[2025-04-09T23:12:00.906+0000] {processor.py:157} INFO - Started process (PID=91828) to work on /workspaces/hands-on-introduction-data-engineering-4395021/airflow/dags/etl_dag.py
[2025-04-09T23:12:00.906+0000] {processor.py:826} INFO - Processing file /workspaces/hands-on-introduction-data-engineering-4395021/airflow/dags/etl_dag.py for tasks to queue
[2025-04-09T23:12:00.907+0000] {logging_mixin.py:150} INFO - [2025-04-09T23:12:00.907+0000] {dagbag.py:541} INFO - Filling up the DagBag from /workspaces/hands-on-introduction-data-engineering-4395021/airflow/dags/etl_dag.py
[2025-04-09T23:12:01.135+0000] {processor.py:836} INFO - DAG(s) dict_keys(['etl_dag']) retrieved from /workspaces/hands-on-introduction-data-engineering-4395021/airflow/dags/etl_dag.py
[2025-04-09T23:12:01.151+0000] {logging_mixin.py:150} INFO - [2025-04-09T23:12:01.150+0000] {dag.py:2742} INFO - Sync 1 DAGs
[2025-04-09T23:12:01.164+0000] {logging_mixin.py:150} INFO - [2025-04-09T23:12:01.164+0000] {dag.py:3504} INFO - Setting next_dagrun for etl_dag to 2025-04-09T00:00:00+00:00, run_after=2025-04-10T00:00:00+00:00
[2025-04-09T23:12:01.178+0000] {processor.py:179} INFO - Processing /workspaces/hands-on-introduction-data-engineering-4395021/airflow/dags/etl_dag.py took 0.275 seconds
[2025-04-09T23:12:31.607+0000] {processor.py:157} INFO - Started process (PID=92036) to work on /workspaces/hands-on-introduction-data-engineering-4395021/airflow/dags/etl_dag.py
[2025-04-09T23:12:31.607+0000] {processor.py:826} INFO - Processing file /workspaces/hands-on-introduction-data-engineering-4395021/airflow/dags/etl_dag.py for tasks to queue
[2025-04-09T23:12:31.608+0000] {logging_mixin.py:150} INFO - [2025-04-09T23:12:31.608+0000] {dagbag.py:541} INFO - Filling up the DagBag from /workspaces/hands-on-introduction-data-engineering-4395021/airflow/dags/etl_dag.py
[2025-04-09T23:12:31.869+0000] {processor.py:836} INFO - DAG(s) dict_keys(['etl_dag']) retrieved from /workspaces/hands-on-introduction-data-engineering-4395021/airflow/dags/etl_dag.py
[2025-04-09T23:12:31.885+0000] {logging_mixin.py:150} INFO - [2025-04-09T23:12:31.885+0000] {dag.py:2742} INFO - Sync 1 DAGs
[2025-04-09T23:12:31.898+0000] {logging_mixin.py:150} INFO - [2025-04-09T23:12:31.898+0000] {dag.py:3504} INFO - Setting next_dagrun for etl_dag to 2025-04-09T00:00:00+00:00, run_after=2025-04-10T00:00:00+00:00
[2025-04-09T23:12:31.913+0000] {processor.py:179} INFO - Processing /workspaces/hands-on-introduction-data-engineering-4395021/airflow/dags/etl_dag.py took 0.309 seconds
[2025-04-09T23:13:02.369+0000] {processor.py:157} INFO - Started process (PID=92245) to work on /workspaces/hands-on-introduction-data-engineering-4395021/airflow/dags/etl_dag.py
[2025-04-09T23:13:02.370+0000] {processor.py:826} INFO - Processing file /workspaces/hands-on-introduction-data-engineering-4395021/airflow/dags/etl_dag.py for tasks to queue
[2025-04-09T23:13:02.370+0000] {logging_mixin.py:150} INFO - [2025-04-09T23:13:02.370+0000] {dagbag.py:541} INFO - Filling up the DagBag from /workspaces/hands-on-introduction-data-engineering-4395021/airflow/dags/etl_dag.py
[2025-04-09T23:13:02.597+0000] {processor.py:836} INFO - DAG(s) dict_keys(['etl_dag']) retrieved from /workspaces/hands-on-introduction-data-engineering-4395021/airflow/dags/etl_dag.py
[2025-04-09T23:13:02.612+0000] {logging_mixin.py:150} INFO - [2025-04-09T23:13:02.612+0000] {dag.py:2742} INFO - Sync 1 DAGs
[2025-04-09T23:13:02.626+0000] {logging_mixin.py:150} INFO - [2025-04-09T23:13:02.626+0000] {dag.py:3504} INFO - Setting next_dagrun for etl_dag to 2025-04-09T00:00:00+00:00, run_after=2025-04-10T00:00:00+00:00
[2025-04-09T23:13:02.639+0000] {processor.py:179} INFO - Processing /workspaces/hands-on-introduction-data-engineering-4395021/airflow/dags/etl_dag.py took 0.273 seconds
[2025-04-09T23:13:32.781+0000] {processor.py:157} INFO - Started process (PID=92447) to work on /workspaces/hands-on-introduction-data-engineering-4395021/airflow/dags/etl_dag.py
[2025-04-09T23:13:32.782+0000] {processor.py:826} INFO - Processing file /workspaces/hands-on-introduction-data-engineering-4395021/airflow/dags/etl_dag.py for tasks to queue
[2025-04-09T23:13:32.783+0000] {logging_mixin.py:150} INFO - [2025-04-09T23:13:32.783+0000] {dagbag.py:541} INFO - Filling up the DagBag from /workspaces/hands-on-introduction-data-engineering-4395021/airflow/dags/etl_dag.py
[2025-04-09T23:13:33.012+0000] {processor.py:836} INFO - DAG(s) dict_keys(['etl_dag']) retrieved from /workspaces/hands-on-introduction-data-engineering-4395021/airflow/dags/etl_dag.py
[2025-04-09T23:13:33.027+0000] {logging_mixin.py:150} INFO - [2025-04-09T23:13:33.027+0000] {dag.py:2742} INFO - Sync 1 DAGs
[2025-04-09T23:13:33.040+0000] {logging_mixin.py:150} INFO - [2025-04-09T23:13:33.040+0000] {dag.py:3504} INFO - Setting next_dagrun for etl_dag to 2025-04-09T00:00:00+00:00, run_after=2025-04-10T00:00:00+00:00
[2025-04-09T23:13:33.054+0000] {processor.py:179} INFO - Processing /workspaces/hands-on-introduction-data-engineering-4395021/airflow/dags/etl_dag.py took 0.275 seconds
[2025-04-09T23:14:03.239+0000] {processor.py:157} INFO - Started process (PID=92655) to work on /workspaces/hands-on-introduction-data-engineering-4395021/airflow/dags/etl_dag.py
[2025-04-09T23:14:03.240+0000] {processor.py:826} INFO - Processing file /workspaces/hands-on-introduction-data-engineering-4395021/airflow/dags/etl_dag.py for tasks to queue
[2025-04-09T23:14:03.240+0000] {logging_mixin.py:150} INFO - [2025-04-09T23:14:03.240+0000] {dagbag.py:541} INFO - Filling up the DagBag from /workspaces/hands-on-introduction-data-engineering-4395021/airflow/dags/etl_dag.py
[2025-04-09T23:14:03.469+0000] {processor.py:836} INFO - DAG(s) dict_keys(['etl_dag']) retrieved from /workspaces/hands-on-introduction-data-engineering-4395021/airflow/dags/etl_dag.py
[2025-04-09T23:14:03.484+0000] {logging_mixin.py:150} INFO - [2025-04-09T23:14:03.484+0000] {dag.py:2742} INFO - Sync 1 DAGs
[2025-04-09T23:14:03.498+0000] {logging_mixin.py:150} INFO - [2025-04-09T23:14:03.497+0000] {dag.py:3504} INFO - Setting next_dagrun for etl_dag to 2025-04-09T00:00:00+00:00, run_after=2025-04-10T00:00:00+00:00
[2025-04-09T23:14:03.597+0000] {processor.py:179} INFO - Processing /workspaces/hands-on-introduction-data-engineering-4395021/airflow/dags/etl_dag.py took 0.361 seconds
[2025-04-09T23:14:33.684+0000] {processor.py:157} INFO - Started process (PID=92862) to work on /workspaces/hands-on-introduction-data-engineering-4395021/airflow/dags/etl_dag.py
[2025-04-09T23:14:33.685+0000] {processor.py:826} INFO - Processing file /workspaces/hands-on-introduction-data-engineering-4395021/airflow/dags/etl_dag.py for tasks to queue
[2025-04-09T23:14:33.686+0000] {logging_mixin.py:150} INFO - [2025-04-09T23:14:33.685+0000] {dagbag.py:541} INFO - Filling up the DagBag from /workspaces/hands-on-introduction-data-engineering-4395021/airflow/dags/etl_dag.py
[2025-04-09T23:14:33.914+0000] {processor.py:836} INFO - DAG(s) dict_keys(['etl_dag']) retrieved from /workspaces/hands-on-introduction-data-engineering-4395021/airflow/dags/etl_dag.py
[2025-04-09T23:14:33.929+0000] {logging_mixin.py:150} INFO - [2025-04-09T23:14:33.929+0000] {dag.py:2742} INFO - Sync 1 DAGs
[2025-04-09T23:14:33.943+0000] {logging_mixin.py:150} INFO - [2025-04-09T23:14:33.943+0000] {dag.py:3504} INFO - Setting next_dagrun for etl_dag to 2025-04-09T00:00:00+00:00, run_after=2025-04-10T00:00:00+00:00
[2025-04-09T23:14:34.042+0000] {processor.py:179} INFO - Processing /workspaces/hands-on-introduction-data-engineering-4395021/airflow/dags/etl_dag.py took 0.361 seconds
[2025-04-09T23:15:04.147+0000] {processor.py:157} INFO - Started process (PID=93065) to work on /workspaces/hands-on-introduction-data-engineering-4395021/airflow/dags/etl_dag.py
[2025-04-09T23:15:04.148+0000] {processor.py:826} INFO - Processing file /workspaces/hands-on-introduction-data-engineering-4395021/airflow/dags/etl_dag.py for tasks to queue
[2025-04-09T23:15:04.149+0000] {logging_mixin.py:150} INFO - [2025-04-09T23:15:04.148+0000] {dagbag.py:541} INFO - Filling up the DagBag from /workspaces/hands-on-introduction-data-engineering-4395021/airflow/dags/etl_dag.py
[2025-04-09T23:15:04.374+0000] {processor.py:836} INFO - DAG(s) dict_keys(['etl_dag']) retrieved from /workspaces/hands-on-introduction-data-engineering-4395021/airflow/dags/etl_dag.py
[2025-04-09T23:15:04.388+0000] {logging_mixin.py:150} INFO - [2025-04-09T23:15:04.388+0000] {dag.py:2742} INFO - Sync 1 DAGs
[2025-04-09T23:15:04.534+0000] {logging_mixin.py:150} INFO - [2025-04-09T23:15:04.534+0000] {dag.py:3504} INFO - Setting next_dagrun for etl_dag to 2025-04-09T00:00:00+00:00, run_after=2025-04-10T00:00:00+00:00
[2025-04-09T23:15:04.547+0000] {processor.py:179} INFO - Processing /workspaces/hands-on-introduction-data-engineering-4395021/airflow/dags/etl_dag.py took 0.402 seconds
[2025-04-09T23:15:35.181+0000] {processor.py:157} INFO - Started process (PID=93283) to work on /workspaces/hands-on-introduction-data-engineering-4395021/airflow/dags/etl_dag.py
[2025-04-09T23:15:35.182+0000] {processor.py:826} INFO - Processing file /workspaces/hands-on-introduction-data-engineering-4395021/airflow/dags/etl_dag.py for tasks to queue
[2025-04-09T23:15:35.182+0000] {logging_mixin.py:150} INFO - [2025-04-09T23:15:35.182+0000] {dagbag.py:541} INFO - Filling up the DagBag from /workspaces/hands-on-introduction-data-engineering-4395021/airflow/dags/etl_dag.py
[2025-04-09T23:15:35.425+0000] {processor.py:836} INFO - DAG(s) dict_keys(['etl_dag']) retrieved from /workspaces/hands-on-introduction-data-engineering-4395021/airflow/dags/etl_dag.py
[2025-04-09T23:15:35.440+0000] {logging_mixin.py:150} INFO - [2025-04-09T23:15:35.439+0000] {dag.py:2742} INFO - Sync 1 DAGs
[2025-04-09T23:15:35.454+0000] {logging_mixin.py:150} INFO - [2025-04-09T23:15:35.453+0000] {dag.py:3504} INFO - Setting next_dagrun for etl_dag to 2025-04-09T00:00:00+00:00, run_after=2025-04-10T00:00:00+00:00
[2025-04-09T23:15:35.467+0000] {processor.py:179} INFO - Processing /workspaces/hands-on-introduction-data-engineering-4395021/airflow/dags/etl_dag.py took 0.289 seconds
[2025-04-09T23:16:05.885+0000] {processor.py:157} INFO - Started process (PID=93494) to work on /workspaces/hands-on-introduction-data-engineering-4395021/airflow/dags/etl_dag.py
[2025-04-09T23:16:05.886+0000] {processor.py:826} INFO - Processing file /workspaces/hands-on-introduction-data-engineering-4395021/airflow/dags/etl_dag.py for tasks to queue
[2025-04-09T23:16:05.886+0000] {logging_mixin.py:150} INFO - [2025-04-09T23:16:05.886+0000] {dagbag.py:541} INFO - Filling up the DagBag from /workspaces/hands-on-introduction-data-engineering-4395021/airflow/dags/etl_dag.py
[2025-04-09T23:16:06.126+0000] {processor.py:836} INFO - DAG(s) dict_keys(['etl_dag']) retrieved from /workspaces/hands-on-introduction-data-engineering-4395021/airflow/dags/etl_dag.py
[2025-04-09T23:16:06.142+0000] {logging_mixin.py:150} INFO - [2025-04-09T23:16:06.141+0000] {dag.py:2742} INFO - Sync 1 DAGs
[2025-04-09T23:16:06.159+0000] {logging_mixin.py:150} INFO - [2025-04-09T23:16:06.159+0000] {dag.py:3504} INFO - Setting next_dagrun for etl_dag to 2025-04-09T00:00:00+00:00, run_after=2025-04-10T00:00:00+00:00
[2025-04-09T23:16:06.173+0000] {processor.py:179} INFO - Processing /workspaces/hands-on-introduction-data-engineering-4395021/airflow/dags/etl_dag.py took 0.292 seconds
[2025-04-09T23:16:36.468+0000] {processor.py:157} INFO - Started process (PID=93699) to work on /workspaces/hands-on-introduction-data-engineering-4395021/airflow/dags/etl_dag.py
[2025-04-09T23:16:36.469+0000] {processor.py:826} INFO - Processing file /workspaces/hands-on-introduction-data-engineering-4395021/airflow/dags/etl_dag.py for tasks to queue
[2025-04-09T23:16:36.470+0000] {logging_mixin.py:150} INFO - [2025-04-09T23:16:36.470+0000] {dagbag.py:541} INFO - Filling up the DagBag from /workspaces/hands-on-introduction-data-engineering-4395021/airflow/dags/etl_dag.py
[2025-04-09T23:16:36.695+0000] {processor.py:836} INFO - DAG(s) dict_keys(['etl_dag']) retrieved from /workspaces/hands-on-introduction-data-engineering-4395021/airflow/dags/etl_dag.py
[2025-04-09T23:16:36.711+0000] {logging_mixin.py:150} INFO - [2025-04-09T23:16:36.710+0000] {dag.py:2742} INFO - Sync 1 DAGs
[2025-04-09T23:16:36.724+0000] {logging_mixin.py:150} INFO - [2025-04-09T23:16:36.724+0000] {dag.py:3504} INFO - Setting next_dagrun for etl_dag to 2025-04-09T00:00:00+00:00, run_after=2025-04-10T00:00:00+00:00
[2025-04-09T23:16:36.737+0000] {processor.py:179} INFO - Processing /workspaces/hands-on-introduction-data-engineering-4395021/airflow/dags/etl_dag.py took 0.271 seconds
[2025-04-09T23:17:06.831+0000] {processor.py:157} INFO - Started process (PID=93901) to work on /workspaces/hands-on-introduction-data-engineering-4395021/airflow/dags/etl_dag.py
[2025-04-09T23:17:06.831+0000] {processor.py:826} INFO - Processing file /workspaces/hands-on-introduction-data-engineering-4395021/airflow/dags/etl_dag.py for tasks to queue
[2025-04-09T23:17:06.832+0000] {logging_mixin.py:150} INFO - [2025-04-09T23:17:06.832+0000] {dagbag.py:541} INFO - Filling up the DagBag from /workspaces/hands-on-introduction-data-engineering-4395021/airflow/dags/etl_dag.py
[2025-04-09T23:17:07.079+0000] {processor.py:836} INFO - DAG(s) dict_keys(['etl_dag']) retrieved from /workspaces/hands-on-introduction-data-engineering-4395021/airflow/dags/etl_dag.py
[2025-04-09T23:17:07.094+0000] {logging_mixin.py:150} INFO - [2025-04-09T23:17:07.094+0000] {dag.py:2742} INFO - Sync 1 DAGs
[2025-04-09T23:17:07.107+0000] {logging_mixin.py:150} INFO - [2025-04-09T23:17:07.107+0000] {dag.py:3504} INFO - Setting next_dagrun for etl_dag to 2025-04-09T00:00:00+00:00, run_after=2025-04-10T00:00:00+00:00
[2025-04-09T23:17:07.120+0000] {processor.py:179} INFO - Processing /workspaces/hands-on-introduction-data-engineering-4395021/airflow/dags/etl_dag.py took 0.292 seconds
[2025-04-09T23:17:37.289+0000] {processor.py:157} INFO - Started process (PID=94105) to work on /workspaces/hands-on-introduction-data-engineering-4395021/airflow/dags/etl_dag.py
[2025-04-09T23:17:37.290+0000] {processor.py:826} INFO - Processing file /workspaces/hands-on-introduction-data-engineering-4395021/airflow/dags/etl_dag.py for tasks to queue
[2025-04-09T23:17:37.290+0000] {logging_mixin.py:150} INFO - [2025-04-09T23:17:37.290+0000] {dagbag.py:541} INFO - Filling up the DagBag from /workspaces/hands-on-introduction-data-engineering-4395021/airflow/dags/etl_dag.py
[2025-04-09T23:17:37.537+0000] {processor.py:836} INFO - DAG(s) dict_keys(['etl_dag']) retrieved from /workspaces/hands-on-introduction-data-engineering-4395021/airflow/dags/etl_dag.py
[2025-04-09T23:17:37.559+0000] {logging_mixin.py:150} INFO - [2025-04-09T23:17:37.559+0000] {dag.py:2742} INFO - Sync 1 DAGs
[2025-04-09T23:17:37.574+0000] {logging_mixin.py:150} INFO - [2025-04-09T23:17:37.574+0000] {dag.py:3504} INFO - Setting next_dagrun for etl_dag to 2025-04-09T00:00:00+00:00, run_after=2025-04-10T00:00:00+00:00
[2025-04-09T23:17:37.588+0000] {processor.py:179} INFO - Processing /workspaces/hands-on-introduction-data-engineering-4395021/airflow/dags/etl_dag.py took 0.302 seconds
[2025-04-09T23:18:07.716+0000] {processor.py:157} INFO - Started process (PID=94284) to work on /workspaces/hands-on-introduction-data-engineering-4395021/airflow/dags/etl_dag.py
[2025-04-09T23:18:07.717+0000] {processor.py:826} INFO - Processing file /workspaces/hands-on-introduction-data-engineering-4395021/airflow/dags/etl_dag.py for tasks to queue
[2025-04-09T23:18:07.718+0000] {logging_mixin.py:150} INFO - [2025-04-09T23:18:07.718+0000] {dagbag.py:541} INFO - Filling up the DagBag from /workspaces/hands-on-introduction-data-engineering-4395021/airflow/dags/etl_dag.py
[2025-04-09T23:18:07.962+0000] {processor.py:836} INFO - DAG(s) dict_keys(['etl_dag']) retrieved from /workspaces/hands-on-introduction-data-engineering-4395021/airflow/dags/etl_dag.py
[2025-04-09T23:18:07.977+0000] {logging_mixin.py:150} INFO - [2025-04-09T23:18:07.977+0000] {dag.py:2742} INFO - Sync 1 DAGs
[2025-04-09T23:18:07.990+0000] {logging_mixin.py:150} INFO - [2025-04-09T23:18:07.990+0000] {dag.py:3504} INFO - Setting next_dagrun for etl_dag to 2025-04-09T00:00:00+00:00, run_after=2025-04-10T00:00:00+00:00
[2025-04-09T23:18:08.091+0000] {processor.py:179} INFO - Processing /workspaces/hands-on-introduction-data-engineering-4395021/airflow/dags/etl_dag.py took 0.379 seconds
[2025-04-09T23:18:38.179+0000] {processor.py:157} INFO - Started process (PID=94468) to work on /workspaces/hands-on-introduction-data-engineering-4395021/airflow/dags/etl_dag.py
[2025-04-09T23:18:38.180+0000] {processor.py:826} INFO - Processing file /workspaces/hands-on-introduction-data-engineering-4395021/airflow/dags/etl_dag.py for tasks to queue
[2025-04-09T23:18:38.180+0000] {logging_mixin.py:150} INFO - [2025-04-09T23:18:38.180+0000] {dagbag.py:541} INFO - Filling up the DagBag from /workspaces/hands-on-introduction-data-engineering-4395021/airflow/dags/etl_dag.py
[2025-04-09T23:18:38.409+0000] {processor.py:836} INFO - DAG(s) dict_keys(['etl_dag']) retrieved from /workspaces/hands-on-introduction-data-engineering-4395021/airflow/dags/etl_dag.py
[2025-04-09T23:18:38.427+0000] {logging_mixin.py:150} INFO - [2025-04-09T23:18:38.427+0000] {dag.py:2742} INFO - Sync 1 DAGs
[2025-04-09T23:18:38.536+0000] {logging_mixin.py:150} INFO - [2025-04-09T23:18:38.536+0000] {dag.py:3504} INFO - Setting next_dagrun for etl_dag to 2025-04-09T00:00:00+00:00, run_after=2025-04-10T00:00:00+00:00
[2025-04-09T23:18:38.549+0000] {processor.py:179} INFO - Processing /workspaces/hands-on-introduction-data-engineering-4395021/airflow/dags/etl_dag.py took 0.373 seconds
[2025-04-09T23:19:09.174+0000] {processor.py:157} INFO - Started process (PID=94658) to work on /workspaces/hands-on-introduction-data-engineering-4395021/airflow/dags/etl_dag.py
[2025-04-09T23:19:09.175+0000] {processor.py:826} INFO - Processing file /workspaces/hands-on-introduction-data-engineering-4395021/airflow/dags/etl_dag.py for tasks to queue
[2025-04-09T23:19:09.176+0000] {logging_mixin.py:150} INFO - [2025-04-09T23:19:09.175+0000] {dagbag.py:541} INFO - Filling up the DagBag from /workspaces/hands-on-introduction-data-engineering-4395021/airflow/dags/etl_dag.py
[2025-04-09T23:19:09.403+0000] {processor.py:836} INFO - DAG(s) dict_keys(['etl_dag']) retrieved from /workspaces/hands-on-introduction-data-engineering-4395021/airflow/dags/etl_dag.py
[2025-04-09T23:19:09.419+0000] {logging_mixin.py:150} INFO - [2025-04-09T23:19:09.418+0000] {dag.py:2742} INFO - Sync 1 DAGs
[2025-04-09T23:19:09.516+0000] {logging_mixin.py:150} INFO - [2025-04-09T23:19:09.516+0000] {dag.py:3504} INFO - Setting next_dagrun for etl_dag to 2025-04-09T00:00:00+00:00, run_after=2025-04-10T00:00:00+00:00
[2025-04-09T23:19:09.529+0000] {processor.py:179} INFO - Processing /workspaces/hands-on-introduction-data-engineering-4395021/airflow/dags/etl_dag.py took 0.357 seconds
[2025-04-09T23:19:39.922+0000] {processor.py:157} INFO - Started process (PID=94837) to work on /workspaces/hands-on-introduction-data-engineering-4395021/airflow/dags/etl_dag.py
[2025-04-09T23:19:39.923+0000] {processor.py:826} INFO - Processing file /workspaces/hands-on-introduction-data-engineering-4395021/airflow/dags/etl_dag.py for tasks to queue
[2025-04-09T23:19:39.924+0000] {logging_mixin.py:150} INFO - [2025-04-09T23:19:39.924+0000] {dagbag.py:541} INFO - Filling up the DagBag from /workspaces/hands-on-introduction-data-engineering-4395021/airflow/dags/etl_dag.py
[2025-04-09T23:19:40.149+0000] {processor.py:836} INFO - DAG(s) dict_keys(['etl_dag']) retrieved from /workspaces/hands-on-introduction-data-engineering-4395021/airflow/dags/etl_dag.py
[2025-04-09T23:19:40.164+0000] {logging_mixin.py:150} INFO - [2025-04-09T23:19:40.164+0000] {dag.py:2742} INFO - Sync 1 DAGs
[2025-04-09T23:19:40.178+0000] {logging_mixin.py:150} INFO - [2025-04-09T23:19:40.178+0000] {dag.py:3504} INFO - Setting next_dagrun for etl_dag to 2025-04-09T00:00:00+00:00, run_after=2025-04-10T00:00:00+00:00
[2025-04-09T23:19:40.191+0000] {processor.py:179} INFO - Processing /workspaces/hands-on-introduction-data-engineering-4395021/airflow/dags/etl_dag.py took 0.272 seconds
[2025-04-09T23:20:10.280+0000] {processor.py:157} INFO - Started process (PID=95021) to work on /workspaces/hands-on-introduction-data-engineering-4395021/airflow/dags/etl_dag.py
[2025-04-09T23:20:10.281+0000] {processor.py:826} INFO - Processing file /workspaces/hands-on-introduction-data-engineering-4395021/airflow/dags/etl_dag.py for tasks to queue
[2025-04-09T23:20:10.282+0000] {logging_mixin.py:150} INFO - [2025-04-09T23:20:10.282+0000] {dagbag.py:541} INFO - Filling up the DagBag from /workspaces/hands-on-introduction-data-engineering-4395021/airflow/dags/etl_dag.py
[2025-04-09T23:20:10.508+0000] {processor.py:836} INFO - DAG(s) dict_keys(['etl_dag']) retrieved from /workspaces/hands-on-introduction-data-engineering-4395021/airflow/dags/etl_dag.py
[2025-04-09T23:20:10.523+0000] {logging_mixin.py:150} INFO - [2025-04-09T23:20:10.523+0000] {dag.py:2742} INFO - Sync 1 DAGs
[2025-04-09T23:20:10.536+0000] {logging_mixin.py:150} INFO - [2025-04-09T23:20:10.536+0000] {dag.py:3504} INFO - Setting next_dagrun for etl_dag to 2025-04-09T00:00:00+00:00, run_after=2025-04-10T00:00:00+00:00
[2025-04-09T23:20:10.549+0000] {processor.py:179} INFO - Processing /workspaces/hands-on-introduction-data-engineering-4395021/airflow/dags/etl_dag.py took 0.272 seconds
[2025-04-09T23:20:40.639+0000] {processor.py:157} INFO - Started process (PID=95205) to work on /workspaces/hands-on-introduction-data-engineering-4395021/airflow/dags/etl_dag.py
[2025-04-09T23:20:40.640+0000] {processor.py:826} INFO - Processing file /workspaces/hands-on-introduction-data-engineering-4395021/airflow/dags/etl_dag.py for tasks to queue
[2025-04-09T23:20:40.640+0000] {logging_mixin.py:150} INFO - [2025-04-09T23:20:40.640+0000] {dagbag.py:541} INFO - Filling up the DagBag from /workspaces/hands-on-introduction-data-engineering-4395021/airflow/dags/etl_dag.py
[2025-04-09T23:20:40.892+0000] {processor.py:836} INFO - DAG(s) dict_keys(['etl_dag']) retrieved from /workspaces/hands-on-introduction-data-engineering-4395021/airflow/dags/etl_dag.py
[2025-04-09T23:20:40.908+0000] {logging_mixin.py:150} INFO - [2025-04-09T23:20:40.908+0000] {dag.py:2742} INFO - Sync 1 DAGs
[2025-04-09T23:20:40.921+0000] {logging_mixin.py:150} INFO - [2025-04-09T23:20:40.921+0000] {dag.py:3504} INFO - Setting next_dagrun for etl_dag to 2025-04-09T00:00:00+00:00, run_after=2025-04-10T00:00:00+00:00
[2025-04-09T23:20:40.935+0000] {processor.py:179} INFO - Processing /workspaces/hands-on-introduction-data-engineering-4395021/airflow/dags/etl_dag.py took 0.298 seconds
[2025-04-09T23:21:11.096+0000] {processor.py:157} INFO - Started process (PID=95383) to work on /workspaces/hands-on-introduction-data-engineering-4395021/airflow/dags/etl_dag.py
[2025-04-09T23:21:11.097+0000] {processor.py:826} INFO - Processing file /workspaces/hands-on-introduction-data-engineering-4395021/airflow/dags/etl_dag.py for tasks to queue
[2025-04-09T23:21:11.098+0000] {logging_mixin.py:150} INFO - [2025-04-09T23:21:11.097+0000] {dagbag.py:541} INFO - Filling up the DagBag from /workspaces/hands-on-introduction-data-engineering-4395021/airflow/dags/etl_dag.py
[2025-04-09T23:21:11.331+0000] {processor.py:836} INFO - DAG(s) dict_keys(['etl_dag']) retrieved from /workspaces/hands-on-introduction-data-engineering-4395021/airflow/dags/etl_dag.py
[2025-04-09T23:21:11.346+0000] {logging_mixin.py:150} INFO - [2025-04-09T23:21:11.346+0000] {dag.py:2742} INFO - Sync 1 DAGs
[2025-04-09T23:21:11.359+0000] {logging_mixin.py:150} INFO - [2025-04-09T23:21:11.359+0000] {dag.py:3504} INFO - Setting next_dagrun for etl_dag to 2025-04-09T00:00:00+00:00, run_after=2025-04-10T00:00:00+00:00
[2025-04-09T23:21:11.373+0000] {processor.py:179} INFO - Processing /workspaces/hands-on-introduction-data-engineering-4395021/airflow/dags/etl_dag.py took 0.280 seconds
[2025-04-09T23:21:41.555+0000] {processor.py:157} INFO - Started process (PID=95567) to work on /workspaces/hands-on-introduction-data-engineering-4395021/airflow/dags/etl_dag.py
[2025-04-09T23:21:41.556+0000] {processor.py:826} INFO - Processing file /workspaces/hands-on-introduction-data-engineering-4395021/airflow/dags/etl_dag.py for tasks to queue
[2025-04-09T23:21:41.557+0000] {logging_mixin.py:150} INFO - [2025-04-09T23:21:41.556+0000] {dagbag.py:541} INFO - Filling up the DagBag from /workspaces/hands-on-introduction-data-engineering-4395021/airflow/dags/etl_dag.py
[2025-04-09T23:21:41.784+0000] {processor.py:836} INFO - DAG(s) dict_keys(['etl_dag']) retrieved from /workspaces/hands-on-introduction-data-engineering-4395021/airflow/dags/etl_dag.py
[2025-04-09T23:21:41.799+0000] {logging_mixin.py:150} INFO - [2025-04-09T23:21:41.799+0000] {dag.py:2742} INFO - Sync 1 DAGs
[2025-04-09T23:21:41.813+0000] {logging_mixin.py:150} INFO - [2025-04-09T23:21:41.812+0000] {dag.py:3504} INFO - Setting next_dagrun for etl_dag to 2025-04-09T00:00:00+00:00, run_after=2025-04-10T00:00:00+00:00
[2025-04-09T23:21:41.914+0000] {processor.py:179} INFO - Processing /workspaces/hands-on-introduction-data-engineering-4395021/airflow/dags/etl_dag.py took 0.362 seconds
[2025-04-09T23:22:11.980+0000] {processor.py:157} INFO - Started process (PID=95740) to work on /workspaces/hands-on-introduction-data-engineering-4395021/airflow/dags/etl_dag.py
[2025-04-09T23:22:11.981+0000] {processor.py:826} INFO - Processing file /workspaces/hands-on-introduction-data-engineering-4395021/airflow/dags/etl_dag.py for tasks to queue
[2025-04-09T23:22:11.981+0000] {logging_mixin.py:150} INFO - [2025-04-09T23:22:11.981+0000] {dagbag.py:541} INFO - Filling up the DagBag from /workspaces/hands-on-introduction-data-engineering-4395021/airflow/dags/etl_dag.py
[2025-04-09T23:22:12.236+0000] {processor.py:836} INFO - DAG(s) dict_keys(['etl_dag']) retrieved from /workspaces/hands-on-introduction-data-engineering-4395021/airflow/dags/etl_dag.py
[2025-04-09T23:22:12.251+0000] {logging_mixin.py:150} INFO - [2025-04-09T23:22:12.251+0000] {dag.py:2742} INFO - Sync 1 DAGs
[2025-04-09T23:22:12.347+0000] {logging_mixin.py:150} INFO - [2025-04-09T23:22:12.346+0000] {dag.py:3504} INFO - Setting next_dagrun for etl_dag to 2025-04-09T00:00:00+00:00, run_after=2025-04-10T00:00:00+00:00
[2025-04-09T23:22:12.363+0000] {processor.py:179} INFO - Processing /workspaces/hands-on-introduction-data-engineering-4395021/airflow/dags/etl_dag.py took 0.385 seconds
[2025-04-09T23:22:42.436+0000] {processor.py:157} INFO - Started process (PID=95924) to work on /workspaces/hands-on-introduction-data-engineering-4395021/airflow/dags/etl_dag.py
[2025-04-09T23:22:42.437+0000] {processor.py:826} INFO - Processing file /workspaces/hands-on-introduction-data-engineering-4395021/airflow/dags/etl_dag.py for tasks to queue
[2025-04-09T23:22:42.438+0000] {logging_mixin.py:150} INFO - [2025-04-09T23:22:42.437+0000] {dagbag.py:541} INFO - Filling up the DagBag from /workspaces/hands-on-introduction-data-engineering-4395021/airflow/dags/etl_dag.py
[2025-04-09T23:22:42.675+0000] {processor.py:836} INFO - DAG(s) dict_keys(['etl_dag']) retrieved from /workspaces/hands-on-introduction-data-engineering-4395021/airflow/dags/etl_dag.py
[2025-04-09T23:22:42.690+0000] {logging_mixin.py:150} INFO - [2025-04-09T23:22:42.690+0000] {dag.py:2742} INFO - Sync 1 DAGs
[2025-04-09T23:22:42.811+0000] {logging_mixin.py:150} INFO - [2025-04-09T23:22:42.811+0000] {dag.py:3504} INFO - Setting next_dagrun for etl_dag to 2025-04-09T00:00:00+00:00, run_after=2025-04-10T00:00:00+00:00
[2025-04-09T23:22:42.824+0000] {processor.py:179} INFO - Processing /workspaces/hands-on-introduction-data-engineering-4395021/airflow/dags/etl_dag.py took 0.390 seconds
[2025-04-09T23:23:13.452+0000] {processor.py:157} INFO - Started process (PID=96115) to work on /workspaces/hands-on-introduction-data-engineering-4395021/airflow/dags/etl_dag.py
[2025-04-09T23:23:13.453+0000] {processor.py:826} INFO - Processing file /workspaces/hands-on-introduction-data-engineering-4395021/airflow/dags/etl_dag.py for tasks to queue
[2025-04-09T23:23:13.454+0000] {logging_mixin.py:150} INFO - [2025-04-09T23:23:13.453+0000] {dagbag.py:541} INFO - Filling up the DagBag from /workspaces/hands-on-introduction-data-engineering-4395021/airflow/dags/etl_dag.py
[2025-04-09T23:23:13.679+0000] {processor.py:836} INFO - DAG(s) dict_keys(['etl_dag']) retrieved from /workspaces/hands-on-introduction-data-engineering-4395021/airflow/dags/etl_dag.py
[2025-04-09T23:23:13.695+0000] {logging_mixin.py:150} INFO - [2025-04-09T23:23:13.694+0000] {dag.py:2742} INFO - Sync 1 DAGs
[2025-04-09T23:23:13.709+0000] {logging_mixin.py:150} INFO - [2025-04-09T23:23:13.708+0000] {dag.py:3504} INFO - Setting next_dagrun for etl_dag to 2025-04-09T00:00:00+00:00, run_after=2025-04-10T00:00:00+00:00
[2025-04-09T23:23:13.722+0000] {processor.py:179} INFO - Processing /workspaces/hands-on-introduction-data-engineering-4395021/airflow/dags/etl_dag.py took 0.272 seconds
[2025-04-09T23:23:44.153+0000] {processor.py:157} INFO - Started process (PID=96294) to work on /workspaces/hands-on-introduction-data-engineering-4395021/airflow/dags/etl_dag.py
[2025-04-09T23:23:44.153+0000] {processor.py:826} INFO - Processing file /workspaces/hands-on-introduction-data-engineering-4395021/airflow/dags/etl_dag.py for tasks to queue
[2025-04-09T23:23:44.154+0000] {logging_mixin.py:150} INFO - [2025-04-09T23:23:44.154+0000] {dagbag.py:541} INFO - Filling up the DagBag from /workspaces/hands-on-introduction-data-engineering-4395021/airflow/dags/etl_dag.py
[2025-04-09T23:23:44.415+0000] {processor.py:836} INFO - DAG(s) dict_keys(['etl_dag']) retrieved from /workspaces/hands-on-introduction-data-engineering-4395021/airflow/dags/etl_dag.py
[2025-04-09T23:23:44.431+0000] {logging_mixin.py:150} INFO - [2025-04-09T23:23:44.431+0000] {dag.py:2742} INFO - Sync 1 DAGs
[2025-04-09T23:23:44.450+0000] {logging_mixin.py:150} INFO - [2025-04-09T23:23:44.450+0000] {dag.py:3504} INFO - Setting next_dagrun for etl_dag to 2025-04-09T00:00:00+00:00, run_after=2025-04-10T00:00:00+00:00
[2025-04-09T23:23:44.470+0000] {processor.py:179} INFO - Processing /workspaces/hands-on-introduction-data-engineering-4395021/airflow/dags/etl_dag.py took 0.320 seconds
[2025-04-09T23:24:14.956+0000] {processor.py:157} INFO - Started process (PID=96478) to work on /workspaces/hands-on-introduction-data-engineering-4395021/airflow/dags/etl_dag.py
[2025-04-09T23:24:14.957+0000] {processor.py:826} INFO - Processing file /workspaces/hands-on-introduction-data-engineering-4395021/airflow/dags/etl_dag.py for tasks to queue
[2025-04-09T23:24:14.957+0000] {logging_mixin.py:150} INFO - [2025-04-09T23:24:14.957+0000] {dagbag.py:541} INFO - Filling up the DagBag from /workspaces/hands-on-introduction-data-engineering-4395021/airflow/dags/etl_dag.py
[2025-04-09T23:24:15.185+0000] {processor.py:836} INFO - DAG(s) dict_keys(['etl_dag']) retrieved from /workspaces/hands-on-introduction-data-engineering-4395021/airflow/dags/etl_dag.py
[2025-04-09T23:24:15.202+0000] {logging_mixin.py:150} INFO - [2025-04-09T23:24:15.201+0000] {dag.py:2742} INFO - Sync 1 DAGs
[2025-04-09T23:24:15.215+0000] {logging_mixin.py:150} INFO - [2025-04-09T23:24:15.214+0000] {dag.py:3504} INFO - Setting next_dagrun for etl_dag to 2025-04-09T00:00:00+00:00, run_after=2025-04-10T00:00:00+00:00
[2025-04-09T23:24:15.228+0000] {processor.py:179} INFO - Processing /workspaces/hands-on-introduction-data-engineering-4395021/airflow/dags/etl_dag.py took 0.275 seconds
[2025-04-09T23:24:45.656+0000] {processor.py:157} INFO - Started process (PID=96661) to work on /workspaces/hands-on-introduction-data-engineering-4395021/airflow/dags/etl_dag.py
[2025-04-09T23:24:45.657+0000] {processor.py:826} INFO - Processing file /workspaces/hands-on-introduction-data-engineering-4395021/airflow/dags/etl_dag.py for tasks to queue
[2025-04-09T23:24:45.657+0000] {logging_mixin.py:150} INFO - [2025-04-09T23:24:45.657+0000] {dagbag.py:541} INFO - Filling up the DagBag from /workspaces/hands-on-introduction-data-engineering-4395021/airflow/dags/etl_dag.py
[2025-04-09T23:24:45.888+0000] {processor.py:836} INFO - DAG(s) dict_keys(['etl_dag']) retrieved from /workspaces/hands-on-introduction-data-engineering-4395021/airflow/dags/etl_dag.py
[2025-04-09T23:24:45.904+0000] {logging_mixin.py:150} INFO - [2025-04-09T23:24:45.904+0000] {dag.py:2742} INFO - Sync 1 DAGs
[2025-04-09T23:24:45.918+0000] {logging_mixin.py:150} INFO - [2025-04-09T23:24:45.918+0000] {dag.py:3504} INFO - Setting next_dagrun for etl_dag to 2025-04-09T00:00:00+00:00, run_after=2025-04-10T00:00:00+00:00
[2025-04-09T23:24:45.932+0000] {processor.py:179} INFO - Processing /workspaces/hands-on-introduction-data-engineering-4395021/airflow/dags/etl_dag.py took 0.279 seconds
[2025-04-09T23:25:16.356+0000] {processor.py:157} INFO - Started process (PID=96846) to work on /workspaces/hands-on-introduction-data-engineering-4395021/airflow/dags/etl_dag.py
[2025-04-09T23:25:16.357+0000] {processor.py:826} INFO - Processing file /workspaces/hands-on-introduction-data-engineering-4395021/airflow/dags/etl_dag.py for tasks to queue
[2025-04-09T23:25:16.358+0000] {logging_mixin.py:150} INFO - [2025-04-09T23:25:16.357+0000] {dagbag.py:541} INFO - Filling up the DagBag from /workspaces/hands-on-introduction-data-engineering-4395021/airflow/dags/etl_dag.py
[2025-04-09T23:25:16.623+0000] {processor.py:836} INFO - DAG(s) dict_keys(['etl_dag']) retrieved from /workspaces/hands-on-introduction-data-engineering-4395021/airflow/dags/etl_dag.py
[2025-04-09T23:25:16.639+0000] {logging_mixin.py:150} INFO - [2025-04-09T23:25:16.639+0000] {dag.py:2742} INFO - Sync 1 DAGs
[2025-04-09T23:25:16.652+0000] {logging_mixin.py:150} INFO - [2025-04-09T23:25:16.652+0000] {dag.py:3504} INFO - Setting next_dagrun for etl_dag to 2025-04-09T00:00:00+00:00, run_after=2025-04-10T00:00:00+00:00
[2025-04-09T23:25:16.750+0000] {processor.py:179} INFO - Processing /workspaces/hands-on-introduction-data-engineering-4395021/airflow/dags/etl_dag.py took 0.396 seconds
[2025-04-09T23:25:47.147+0000] {processor.py:157} INFO - Started process (PID=97025) to work on /workspaces/hands-on-introduction-data-engineering-4395021/airflow/dags/etl_dag.py
[2025-04-09T23:25:47.148+0000] {processor.py:826} INFO - Processing file /workspaces/hands-on-introduction-data-engineering-4395021/airflow/dags/etl_dag.py for tasks to queue
[2025-04-09T23:25:47.149+0000] {logging_mixin.py:150} INFO - [2025-04-09T23:25:47.148+0000] {dagbag.py:541} INFO - Filling up the DagBag from /workspaces/hands-on-introduction-data-engineering-4395021/airflow/dags/etl_dag.py
[2025-04-09T23:25:47.380+0000] {processor.py:836} INFO - DAG(s) dict_keys(['etl_dag']) retrieved from /workspaces/hands-on-introduction-data-engineering-4395021/airflow/dags/etl_dag.py
[2025-04-09T23:25:47.396+0000] {logging_mixin.py:150} INFO - [2025-04-09T23:25:47.396+0000] {dag.py:2742} INFO - Sync 1 DAGs
[2025-04-09T23:25:47.492+0000] {logging_mixin.py:150} INFO - [2025-04-09T23:25:47.492+0000] {dag.py:3504} INFO - Setting next_dagrun for etl_dag to 2025-04-09T00:00:00+00:00, run_after=2025-04-10T00:00:00+00:00
[2025-04-09T23:25:47.504+0000] {processor.py:179} INFO - Processing /workspaces/hands-on-introduction-data-engineering-4395021/airflow/dags/etl_dag.py took 0.360 seconds
[2025-04-09T23:26:18.049+0000] {processor.py:157} INFO - Started process (PID=97209) to work on /workspaces/hands-on-introduction-data-engineering-4395021/airflow/dags/etl_dag.py
[2025-04-09T23:26:18.050+0000] {processor.py:826} INFO - Processing file /workspaces/hands-on-introduction-data-engineering-4395021/airflow/dags/etl_dag.py for tasks to queue
[2025-04-09T23:26:18.051+0000] {logging_mixin.py:150} INFO - [2025-04-09T23:26:18.050+0000] {dagbag.py:541} INFO - Filling up the DagBag from /workspaces/hands-on-introduction-data-engineering-4395021/airflow/dags/etl_dag.py
[2025-04-09T23:26:18.300+0000] {processor.py:836} INFO - DAG(s) dict_keys(['etl_dag']) retrieved from /workspaces/hands-on-introduction-data-engineering-4395021/airflow/dags/etl_dag.py
[2025-04-09T23:26:18.321+0000] {logging_mixin.py:150} INFO - [2025-04-09T23:26:18.320+0000] {dag.py:2742} INFO - Sync 1 DAGs
[2025-04-09T23:26:18.438+0000] {logging_mixin.py:150} INFO - [2025-04-09T23:26:18.438+0000] {dag.py:3504} INFO - Setting next_dagrun for etl_dag to 2025-04-09T00:00:00+00:00, run_after=2025-04-10T00:00:00+00:00
[2025-04-09T23:26:18.451+0000] {processor.py:179} INFO - Processing /workspaces/hands-on-introduction-data-engineering-4395021/airflow/dags/etl_dag.py took 0.404 seconds
[2025-04-09T23:26:49.050+0000] {processor.py:157} INFO - Started process (PID=97406) to work on /workspaces/hands-on-introduction-data-engineering-4395021/airflow/dags/etl_dag.py
[2025-04-09T23:26:49.051+0000] {processor.py:826} INFO - Processing file /workspaces/hands-on-introduction-data-engineering-4395021/airflow/dags/etl_dag.py for tasks to queue
[2025-04-09T23:26:49.052+0000] {logging_mixin.py:150} INFO - [2025-04-09T23:26:49.051+0000] {dagbag.py:541} INFO - Filling up the DagBag from /workspaces/hands-on-introduction-data-engineering-4395021/airflow/dags/etl_dag.py
[2025-04-09T23:26:49.274+0000] {processor.py:836} INFO - DAG(s) dict_keys(['etl_dag']) retrieved from /workspaces/hands-on-introduction-data-engineering-4395021/airflow/dags/etl_dag.py
[2025-04-09T23:26:49.290+0000] {logging_mixin.py:150} INFO - [2025-04-09T23:26:49.290+0000] {dag.py:2742} INFO - Sync 1 DAGs
[2025-04-09T23:26:49.391+0000] {logging_mixin.py:150} INFO - [2025-04-09T23:26:49.391+0000] {dag.py:3504} INFO - Setting next_dagrun for etl_dag to 2025-04-09T00:00:00+00:00, run_after=2025-04-10T00:00:00+00:00
[2025-04-09T23:26:49.404+0000] {processor.py:179} INFO - Processing /workspaces/hands-on-introduction-data-engineering-4395021/airflow/dags/etl_dag.py took 0.356 seconds
[2025-04-09T23:27:19.951+0000] {processor.py:157} INFO - Started process (PID=97584) to work on /workspaces/hands-on-introduction-data-engineering-4395021/airflow/dags/etl_dag.py
[2025-04-09T23:27:19.952+0000] {processor.py:826} INFO - Processing file /workspaces/hands-on-introduction-data-engineering-4395021/airflow/dags/etl_dag.py for tasks to queue
[2025-04-09T23:27:19.952+0000] {logging_mixin.py:150} INFO - [2025-04-09T23:27:19.952+0000] {dagbag.py:541} INFO - Filling up the DagBag from /workspaces/hands-on-introduction-data-engineering-4395021/airflow/dags/etl_dag.py
[2025-04-09T23:27:20.179+0000] {processor.py:836} INFO - DAG(s) dict_keys(['etl_dag']) retrieved from /workspaces/hands-on-introduction-data-engineering-4395021/airflow/dags/etl_dag.py
[2025-04-09T23:27:20.195+0000] {logging_mixin.py:150} INFO - [2025-04-09T23:27:20.195+0000] {dag.py:2742} INFO - Sync 1 DAGs
[2025-04-09T23:27:20.208+0000] {logging_mixin.py:150} INFO - [2025-04-09T23:27:20.208+0000] {dag.py:3504} INFO - Setting next_dagrun for etl_dag to 2025-04-09T00:00:00+00:00, run_after=2025-04-10T00:00:00+00:00
[2025-04-09T23:27:20.221+0000] {processor.py:179} INFO - Processing /workspaces/hands-on-introduction-data-engineering-4395021/airflow/dags/etl_dag.py took 0.273 seconds
[2025-04-09T23:27:50.671+0000] {processor.py:157} INFO - Started process (PID=97769) to work on /workspaces/hands-on-introduction-data-engineering-4395021/airflow/dags/etl_dag.py
[2025-04-09T23:27:50.672+0000] {processor.py:826} INFO - Processing file /workspaces/hands-on-introduction-data-engineering-4395021/airflow/dags/etl_dag.py for tasks to queue
[2025-04-09T23:27:50.673+0000] {logging_mixin.py:150} INFO - [2025-04-09T23:27:50.672+0000] {dagbag.py:541} INFO - Filling up the DagBag from /workspaces/hands-on-introduction-data-engineering-4395021/airflow/dags/etl_dag.py
[2025-04-09T23:27:50.901+0000] {processor.py:836} INFO - DAG(s) dict_keys(['etl_dag']) retrieved from /workspaces/hands-on-introduction-data-engineering-4395021/airflow/dags/etl_dag.py
[2025-04-09T23:27:50.916+0000] {logging_mixin.py:150} INFO - [2025-04-09T23:27:50.916+0000] {dag.py:2742} INFO - Sync 1 DAGs
[2025-04-09T23:27:50.929+0000] {logging_mixin.py:150} INFO - [2025-04-09T23:27:50.929+0000] {dag.py:3504} INFO - Setting next_dagrun for etl_dag to 2025-04-09T00:00:00+00:00, run_after=2025-04-10T00:00:00+00:00
[2025-04-09T23:27:50.942+0000] {processor.py:179} INFO - Processing /workspaces/hands-on-introduction-data-engineering-4395021/airflow/dags/etl_dag.py took 0.275 seconds
[2025-04-09T23:28:21.372+0000] {processor.py:157} INFO - Started process (PID=97954) to work on /workspaces/hands-on-introduction-data-engineering-4395021/airflow/dags/etl_dag.py
[2025-04-09T23:28:21.373+0000] {processor.py:826} INFO - Processing file /workspaces/hands-on-introduction-data-engineering-4395021/airflow/dags/etl_dag.py for tasks to queue
[2025-04-09T23:28:21.374+0000] {logging_mixin.py:150} INFO - [2025-04-09T23:28:21.373+0000] {dagbag.py:541} INFO - Filling up the DagBag from /workspaces/hands-on-introduction-data-engineering-4395021/airflow/dags/etl_dag.py
[2025-04-09T23:28:21.597+0000] {processor.py:836} INFO - DAG(s) dict_keys(['etl_dag']) retrieved from /workspaces/hands-on-introduction-data-engineering-4395021/airflow/dags/etl_dag.py
[2025-04-09T23:28:21.612+0000] {logging_mixin.py:150} INFO - [2025-04-09T23:28:21.612+0000] {dag.py:2742} INFO - Sync 1 DAGs
[2025-04-09T23:28:21.625+0000] {logging_mixin.py:150} INFO - [2025-04-09T23:28:21.625+0000] {dag.py:3504} INFO - Setting next_dagrun for etl_dag to 2025-04-09T00:00:00+00:00, run_after=2025-04-10T00:00:00+00:00
[2025-04-09T23:28:21.638+0000] {processor.py:179} INFO - Processing /workspaces/hands-on-introduction-data-engineering-4395021/airflow/dags/etl_dag.py took 0.269 seconds
[2025-04-09T23:28:52.172+0000] {processor.py:157} INFO - Started process (PID=98133) to work on /workspaces/hands-on-introduction-data-engineering-4395021/airflow/dags/etl_dag.py
[2025-04-09T23:28:52.172+0000] {processor.py:826} INFO - Processing file /workspaces/hands-on-introduction-data-engineering-4395021/airflow/dags/etl_dag.py for tasks to queue
[2025-04-09T23:28:52.173+0000] {logging_mixin.py:150} INFO - [2025-04-09T23:28:52.173+0000] {dagbag.py:541} INFO - Filling up the DagBag from /workspaces/hands-on-introduction-data-engineering-4395021/airflow/dags/etl_dag.py
[2025-04-09T23:28:52.396+0000] {processor.py:836} INFO - DAG(s) dict_keys(['etl_dag']) retrieved from /workspaces/hands-on-introduction-data-engineering-4395021/airflow/dags/etl_dag.py
[2025-04-09T23:28:52.412+0000] {logging_mixin.py:150} INFO - [2025-04-09T23:28:52.412+0000] {dag.py:2742} INFO - Sync 1 DAGs
[2025-04-09T23:28:52.428+0000] {logging_mixin.py:150} INFO - [2025-04-09T23:28:52.428+0000] {dag.py:3504} INFO - Setting next_dagrun for etl_dag to 2025-04-09T00:00:00+00:00, run_after=2025-04-10T00:00:00+00:00
[2025-04-09T23:28:52.543+0000] {processor.py:179} INFO - Processing /workspaces/hands-on-introduction-data-engineering-4395021/airflow/dags/etl_dag.py took 0.374 seconds
[2025-04-09T23:29:23.094+0000] {processor.py:157} INFO - Started process (PID=98317) to work on /workspaces/hands-on-introduction-data-engineering-4395021/airflow/dags/etl_dag.py
[2025-04-09T23:29:23.095+0000] {processor.py:826} INFO - Processing file /workspaces/hands-on-introduction-data-engineering-4395021/airflow/dags/etl_dag.py for tasks to queue
[2025-04-09T23:29:23.096+0000] {logging_mixin.py:150} INFO - [2025-04-09T23:29:23.096+0000] {dagbag.py:541} INFO - Filling up the DagBag from /workspaces/hands-on-introduction-data-engineering-4395021/airflow/dags/etl_dag.py
[2025-04-09T23:29:23.341+0000] {processor.py:836} INFO - DAG(s) dict_keys(['etl_dag']) retrieved from /workspaces/hands-on-introduction-data-engineering-4395021/airflow/dags/etl_dag.py
[2025-04-09T23:29:23.356+0000] {logging_mixin.py:150} INFO - [2025-04-09T23:29:23.356+0000] {dag.py:2742} INFO - Sync 1 DAGs
[2025-04-09T23:29:23.370+0000] {logging_mixin.py:150} INFO - [2025-04-09T23:29:23.370+0000] {dag.py:3504} INFO - Setting next_dagrun for etl_dag to 2025-04-09T00:00:00+00:00, run_after=2025-04-10T00:00:00+00:00
[2025-04-09T23:29:23.463+0000] {processor.py:179} INFO - Processing /workspaces/hands-on-introduction-data-engineering-4395021/airflow/dags/etl_dag.py took 0.372 seconds
[2025-04-09T23:29:53.621+0000] {processor.py:157} INFO - Started process (PID=98502) to work on /workspaces/hands-on-introduction-data-engineering-4395021/airflow/dags/etl_dag.py
[2025-04-09T23:29:53.622+0000] {processor.py:826} INFO - Processing file /workspaces/hands-on-introduction-data-engineering-4395021/airflow/dags/etl_dag.py for tasks to queue
[2025-04-09T23:29:53.623+0000] {logging_mixin.py:150} INFO - [2025-04-09T23:29:53.623+0000] {dagbag.py:541} INFO - Filling up the DagBag from /workspaces/hands-on-introduction-data-engineering-4395021/airflow/dags/etl_dag.py
[2025-04-09T23:29:53.864+0000] {processor.py:836} INFO - DAG(s) dict_keys(['etl_dag']) retrieved from /workspaces/hands-on-introduction-data-engineering-4395021/airflow/dags/etl_dag.py
[2025-04-09T23:29:53.882+0000] {logging_mixin.py:150} INFO - [2025-04-09T23:29:53.882+0000] {dag.py:2742} INFO - Sync 1 DAGs
[2025-04-09T23:29:53.984+0000] {logging_mixin.py:150} INFO - [2025-04-09T23:29:53.984+0000] {dag.py:3504} INFO - Setting next_dagrun for etl_dag to 2025-04-09T00:00:00+00:00, run_after=2025-04-10T00:00:00+00:00
[2025-04-09T23:29:53.997+0000] {processor.py:179} INFO - Processing /workspaces/hands-on-introduction-data-engineering-4395021/airflow/dags/etl_dag.py took 0.378 seconds
[2025-04-09T23:30:24.527+0000] {processor.py:157} INFO - Started process (PID=98693) to work on /workspaces/hands-on-introduction-data-engineering-4395021/airflow/dags/etl_dag.py
[2025-04-09T23:30:24.528+0000] {processor.py:826} INFO - Processing file /workspaces/hands-on-introduction-data-engineering-4395021/airflow/dags/etl_dag.py for tasks to queue
[2025-04-09T23:30:24.528+0000] {logging_mixin.py:150} INFO - [2025-04-09T23:30:24.528+0000] {dagbag.py:541} INFO - Filling up the DagBag from /workspaces/hands-on-introduction-data-engineering-4395021/airflow/dags/etl_dag.py
[2025-04-09T23:30:24.780+0000] {processor.py:836} INFO - DAG(s) dict_keys(['etl_dag']) retrieved from /workspaces/hands-on-introduction-data-engineering-4395021/airflow/dags/etl_dag.py
[2025-04-09T23:30:24.795+0000] {logging_mixin.py:150} INFO - [2025-04-09T23:30:24.795+0000] {dag.py:2742} INFO - Sync 1 DAGs
[2025-04-09T23:30:24.902+0000] {logging_mixin.py:150} INFO - [2025-04-09T23:30:24.901+0000] {dag.py:3504} INFO - Setting next_dagrun for etl_dag to 2025-04-09T00:00:00+00:00, run_after=2025-04-10T00:00:00+00:00
[2025-04-09T23:30:24.914+0000] {processor.py:179} INFO - Processing /workspaces/hands-on-introduction-data-engineering-4395021/airflow/dags/etl_dag.py took 0.390 seconds
[2025-04-09T23:30:55.427+0000] {processor.py:157} INFO - Started process (PID=98871) to work on /workspaces/hands-on-introduction-data-engineering-4395021/airflow/dags/etl_dag.py
[2025-04-09T23:30:55.428+0000] {processor.py:826} INFO - Processing file /workspaces/hands-on-introduction-data-engineering-4395021/airflow/dags/etl_dag.py for tasks to queue
[2025-04-09T23:30:55.429+0000] {logging_mixin.py:150} INFO - [2025-04-09T23:30:55.429+0000] {dagbag.py:541} INFO - Filling up the DagBag from /workspaces/hands-on-introduction-data-engineering-4395021/airflow/dags/etl_dag.py
[2025-04-09T23:30:55.657+0000] {processor.py:836} INFO - DAG(s) dict_keys(['etl_dag']) retrieved from /workspaces/hands-on-introduction-data-engineering-4395021/airflow/dags/etl_dag.py
[2025-04-09T23:30:55.675+0000] {logging_mixin.py:150} INFO - [2025-04-09T23:30:55.675+0000] {dag.py:2742} INFO - Sync 1 DAGs
[2025-04-09T23:30:55.776+0000] {logging_mixin.py:150} INFO - [2025-04-09T23:30:55.776+0000] {dag.py:3504} INFO - Setting next_dagrun for etl_dag to 2025-04-09T00:00:00+00:00, run_after=2025-04-10T00:00:00+00:00
[2025-04-09T23:30:55.789+0000] {processor.py:179} INFO - Processing /workspaces/hands-on-introduction-data-engineering-4395021/airflow/dags/etl_dag.py took 0.364 seconds
