[2025-04-09T17:03:49.375+0000] {processor.py:157} INFO - Started process (PID=5577) to work on /workspaces/hands-on-introduction-data-engineering-4395021/airflow/dags/extract_csv_dag.py
[2025-04-09T17:03:49.376+0000] {processor.py:826} INFO - Processing file /workspaces/hands-on-introduction-data-engineering-4395021/airflow/dags/extract_csv_dag.py for tasks to queue
[2025-04-09T17:03:49.377+0000] {logging_mixin.py:150} INFO - [2025-04-09T17:03:49.377+0000] {dagbag.py:541} INFO - Filling up the DagBag from /workspaces/hands-on-introduction-data-engineering-4395021/airflow/dags/extract_csv_dag.py
[2025-04-09T17:03:49.381+0000] {logging_mixin.py:150} INFO - [2025-04-09T17:03:49.380+0000] {dagbag.py:350} ERROR - Failed to import: /workspaces/hands-on-introduction-data-engineering-4395021/airflow/dags/extract_csv_dag.py
Traceback (most recent call last):
  File "/home/vscode/.local/lib/python3.10/site-packages/airflow/models/dagbag.py", line 346, in parse
    loader.exec_module(new_module)
  File "<frozen importlib._bootstrap_external>", line 879, in exec_module
  File "<frozen importlib._bootstrap_external>", line 1017, in get_code
  File "<frozen importlib._bootstrap_external>", line 947, in source_to_code
  File "<frozen importlib._bootstrap>", line 241, in _call_with_frames_removed
  File "/workspaces/hands-on-introduction-data-engineering-4395021/airflow/dags/extract_csv_dag.py", line 16
    'dag_id'='extract_csv_dag',
    ^^^^^^^^^
SyntaxError: expression cannot contain assignment, perhaps you meant "=="?
[2025-04-09T17:03:49.382+0000] {processor.py:838} WARNING - No viable dags retrieved from /workspaces/hands-on-introduction-data-engineering-4395021/airflow/dags/extract_csv_dag.py
[2025-04-09T17:03:49.405+0000] {processor.py:179} INFO - Processing /workspaces/hands-on-introduction-data-engineering-4395021/airflow/dags/extract_csv_dag.py took 0.033 seconds
[2025-04-09T17:03:51.115+0000] {processor.py:157} INFO - Started process (PID=5592) to work on /workspaces/hands-on-introduction-data-engineering-4395021/airflow/dags/extract_csv_dag.py
[2025-04-09T17:03:51.116+0000] {processor.py:826} INFO - Processing file /workspaces/hands-on-introduction-data-engineering-4395021/airflow/dags/extract_csv_dag.py for tasks to queue
[2025-04-09T17:03:51.117+0000] {logging_mixin.py:150} INFO - [2025-04-09T17:03:51.116+0000] {dagbag.py:541} INFO - Filling up the DagBag from /workspaces/hands-on-introduction-data-engineering-4395021/airflow/dags/extract_csv_dag.py
[2025-04-09T17:03:51.119+0000] {logging_mixin.py:150} INFO - [2025-04-09T17:03:51.119+0000] {dagbag.py:350} ERROR - Failed to import: /workspaces/hands-on-introduction-data-engineering-4395021/airflow/dags/extract_csv_dag.py
Traceback (most recent call last):
  File "/home/vscode/.local/lib/python3.10/site-packages/airflow/models/dagbag.py", line 346, in parse
    loader.exec_module(new_module)
  File "<frozen importlib._bootstrap_external>", line 879, in exec_module
  File "<frozen importlib._bootstrap_external>", line 1017, in get_code
  File "<frozen importlib._bootstrap_external>", line 947, in source_to_code
  File "<frozen importlib._bootstrap>", line 241, in _call_with_frames_removed
  File "/workspaces/hands-on-introduction-data-engineering-4395021/airflow/dags/extract_csv_dag.py", line 16
    'dag_id'='extract_csv_dag',
    ^^^^^^^^^
SyntaxError: expression cannot contain assignment, perhaps you meant "=="?
[2025-04-09T17:03:51.120+0000] {processor.py:838} WARNING - No viable dags retrieved from /workspaces/hands-on-introduction-data-engineering-4395021/airflow/dags/extract_csv_dag.py
[2025-04-09T17:03:51.133+0000] {processor.py:179} INFO - Processing /workspaces/hands-on-introduction-data-engineering-4395021/airflow/dags/extract_csv_dag.py took 0.020 seconds
[2025-04-09T17:03:55.728+0000] {processor.py:157} INFO - Started process (PID=5616) to work on /workspaces/hands-on-introduction-data-engineering-4395021/airflow/dags/extract_csv_dag.py
[2025-04-09T17:03:55.729+0000] {processor.py:826} INFO - Processing file /workspaces/hands-on-introduction-data-engineering-4395021/airflow/dags/extract_csv_dag.py for tasks to queue
[2025-04-09T17:03:55.730+0000] {logging_mixin.py:150} INFO - [2025-04-09T17:03:55.730+0000] {dagbag.py:541} INFO - Filling up the DagBag from /workspaces/hands-on-introduction-data-engineering-4395021/airflow/dags/extract_csv_dag.py
[2025-04-09T17:03:55.733+0000] {logging_mixin.py:150} INFO - [2025-04-09T17:03:55.732+0000] {dagbag.py:350} ERROR - Failed to import: /workspaces/hands-on-introduction-data-engineering-4395021/airflow/dags/extract_csv_dag.py
Traceback (most recent call last):
  File "/home/vscode/.local/lib/python3.10/site-packages/airflow/models/dagbag.py", line 346, in parse
    loader.exec_module(new_module)
  File "<frozen importlib._bootstrap_external>", line 879, in exec_module
  File "<frozen importlib._bootstrap_external>", line 1017, in get_code
  File "<frozen importlib._bootstrap_external>", line 947, in source_to_code
  File "<frozen importlib._bootstrap>", line 241, in _call_with_frames_removed
  File "/workspaces/hands-on-introduction-data-engineering-4395021/airflow/dags/extract_csv_dag.py", line 16
    'dag_id'='extract_csv_dag',
    ^^^^^^^^^
SyntaxError: expression cannot contain assignment, perhaps you meant "=="?
[2025-04-09T17:03:55.733+0000] {processor.py:838} WARNING - No viable dags retrieved from /workspaces/hands-on-introduction-data-engineering-4395021/airflow/dags/extract_csv_dag.py
[2025-04-09T17:03:55.757+0000] {processor.py:179} INFO - Processing /workspaces/hands-on-introduction-data-engineering-4395021/airflow/dags/extract_csv_dag.py took 0.032 seconds
[2025-04-09T17:04:02.290+0000] {processor.py:157} INFO - Started process (PID=5665) to work on /workspaces/hands-on-introduction-data-engineering-4395021/airflow/dags/extract_csv_dag.py
[2025-04-09T17:04:02.291+0000] {processor.py:826} INFO - Processing file /workspaces/hands-on-introduction-data-engineering-4395021/airflow/dags/extract_csv_dag.py for tasks to queue
[2025-04-09T17:04:02.291+0000] {logging_mixin.py:150} INFO - [2025-04-09T17:04:02.291+0000] {dagbag.py:541} INFO - Filling up the DagBag from /workspaces/hands-on-introduction-data-engineering-4395021/airflow/dags/extract_csv_dag.py
[2025-04-09T17:04:02.294+0000] {logging_mixin.py:150} INFO - [2025-04-09T17:04:02.293+0000] {dagbag.py:350} ERROR - Failed to import: /workspaces/hands-on-introduction-data-engineering-4395021/airflow/dags/extract_csv_dag.py
Traceback (most recent call last):
  File "/home/vscode/.local/lib/python3.10/site-packages/airflow/models/dagbag.py", line 346, in parse
    loader.exec_module(new_module)
  File "<frozen importlib._bootstrap_external>", line 879, in exec_module
  File "<frozen importlib._bootstrap_external>", line 1017, in get_code
  File "<frozen importlib._bootstrap_external>", line 947, in source_to_code
  File "<frozen importlib._bootstrap>", line 241, in _call_with_frames_removed
  File "/workspaces/hands-on-introduction-data-engineering-4395021/airflow/dags/extract_csv_dag.py", line 16
    'dag_id'='extract_csv_dag',
    ^^^^^^^^^
SyntaxError: expression cannot contain assignment, perhaps you meant "=="?
[2025-04-09T17:04:02.294+0000] {processor.py:838} WARNING - No viable dags retrieved from /workspaces/hands-on-introduction-data-engineering-4395021/airflow/dags/extract_csv_dag.py
[2025-04-09T17:04:02.307+0000] {processor.py:179} INFO - Processing /workspaces/hands-on-introduction-data-engineering-4395021/airflow/dags/extract_csv_dag.py took 0.020 seconds
[2025-04-09T17:04:12.309+0000] {processor.py:157} INFO - Started process (PID=5728) to work on /workspaces/hands-on-introduction-data-engineering-4395021/airflow/dags/extract_csv_dag.py
[2025-04-09T17:04:12.311+0000] {processor.py:826} INFO - Processing file /workspaces/hands-on-introduction-data-engineering-4395021/airflow/dags/extract_csv_dag.py for tasks to queue
[2025-04-09T17:04:12.312+0000] {logging_mixin.py:150} INFO - [2025-04-09T17:04:12.312+0000] {dagbag.py:541} INFO - Filling up the DagBag from /workspaces/hands-on-introduction-data-engineering-4395021/airflow/dags/extract_csv_dag.py
[2025-04-09T17:04:12.317+0000] {logging_mixin.py:150} INFO - [2025-04-09T17:04:12.316+0000] {dagbag.py:350} ERROR - Failed to import: /workspaces/hands-on-introduction-data-engineering-4395021/airflow/dags/extract_csv_dag.py
Traceback (most recent call last):
  File "/home/vscode/.local/lib/python3.10/site-packages/airflow/models/dagbag.py", line 346, in parse
    loader.exec_module(new_module)
  File "<frozen importlib._bootstrap_external>", line 879, in exec_module
  File "<frozen importlib._bootstrap_external>", line 1017, in get_code
  File "<frozen importlib._bootstrap_external>", line 947, in source_to_code
  File "<frozen importlib._bootstrap>", line 241, in _call_with_frames_removed
  File "/workspaces/hands-on-introduction-data-engineering-4395021/airflow/dags/extract_csv_dag.py", line 16
    'dag_id'='extract_csv_dag',
    ^^^^^^^^^
SyntaxError: expression cannot contain assignment, perhaps you meant "=="?
[2025-04-09T17:04:12.319+0000] {processor.py:838} WARNING - No viable dags retrieved from /workspaces/hands-on-introduction-data-engineering-4395021/airflow/dags/extract_csv_dag.py
[2025-04-09T17:04:12.347+0000] {processor.py:179} INFO - Processing /workspaces/hands-on-introduction-data-engineering-4395021/airflow/dags/extract_csv_dag.py took 0.044 seconds
[2025-04-09T17:04:19.897+0000] {processor.py:157} INFO - Started process (PID=5788) to work on /workspaces/hands-on-introduction-data-engineering-4395021/airflow/dags/extract_csv_dag.py
[2025-04-09T17:04:19.898+0000] {processor.py:826} INFO - Processing file /workspaces/hands-on-introduction-data-engineering-4395021/airflow/dags/extract_csv_dag.py for tasks to queue
[2025-04-09T17:04:19.899+0000] {logging_mixin.py:150} INFO - [2025-04-09T17:04:19.898+0000] {dagbag.py:541} INFO - Filling up the DagBag from /workspaces/hands-on-introduction-data-engineering-4395021/airflow/dags/extract_csv_dag.py
[2025-04-09T17:04:19.901+0000] {logging_mixin.py:150} INFO - [2025-04-09T17:04:19.900+0000] {dagbag.py:350} ERROR - Failed to import: /workspaces/hands-on-introduction-data-engineering-4395021/airflow/dags/extract_csv_dag.py
Traceback (most recent call last):
  File "/home/vscode/.local/lib/python3.10/site-packages/airflow/models/dagbag.py", line 346, in parse
    loader.exec_module(new_module)
  File "<frozen importlib._bootstrap_external>", line 879, in exec_module
  File "<frozen importlib._bootstrap_external>", line 1017, in get_code
  File "<frozen importlib._bootstrap_external>", line 947, in source_to_code
  File "<frozen importlib._bootstrap>", line 241, in _call_with_frames_removed
  File "/workspaces/hands-on-introduction-data-engineering-4395021/airflow/dags/extract_csv_dag.py", line 16
    'dag_id'='extract_csv_dag',
    ^^^^^^^^^
SyntaxError: expression cannot contain assignment, perhaps you meant "=="?
[2025-04-09T17:04:19.901+0000] {processor.py:838} WARNING - No viable dags retrieved from /workspaces/hands-on-introduction-data-engineering-4395021/airflow/dags/extract_csv_dag.py
[2025-04-09T17:04:19.915+0000] {processor.py:179} INFO - Processing /workspaces/hands-on-introduction-data-engineering-4395021/airflow/dags/extract_csv_dag.py took 0.021 seconds
[2025-04-09T17:04:21.340+0000] {processor.py:157} INFO - Started process (PID=5796) to work on /workspaces/hands-on-introduction-data-engineering-4395021/airflow/dags/extract_csv_dag.py
[2025-04-09T17:04:21.341+0000] {processor.py:826} INFO - Processing file /workspaces/hands-on-introduction-data-engineering-4395021/airflow/dags/extract_csv_dag.py for tasks to queue
[2025-04-09T17:04:21.342+0000] {logging_mixin.py:150} INFO - [2025-04-09T17:04:21.341+0000] {dagbag.py:541} INFO - Filling up the DagBag from /workspaces/hands-on-introduction-data-engineering-4395021/airflow/dags/extract_csv_dag.py
[2025-04-09T17:04:21.345+0000] {logging_mixin.py:150} INFO - [2025-04-09T17:04:21.344+0000] {dagbag.py:350} ERROR - Failed to import: /workspaces/hands-on-introduction-data-engineering-4395021/airflow/dags/extract_csv_dag.py
Traceback (most recent call last):
  File "/home/vscode/.local/lib/python3.10/site-packages/airflow/models/dagbag.py", line 346, in parse
    loader.exec_module(new_module)
  File "<frozen importlib._bootstrap_external>", line 879, in exec_module
  File "<frozen importlib._bootstrap_external>", line 1017, in get_code
  File "<frozen importlib._bootstrap_external>", line 947, in source_to_code
  File "<frozen importlib._bootstrap>", line 241, in _call_with_frames_removed
  File "/workspaces/hands-on-introduction-data-engineering-4395021/airflow/dags/extract_csv_dag.py", line 16
    'dag_id'='extract_csv_dag',
    ^^^^^^^^^
SyntaxError: expression cannot contain assignment, perhaps you meant "=="?
[2025-04-09T17:04:21.345+0000] {processor.py:838} WARNING - No viable dags retrieved from /workspaces/hands-on-introduction-data-engineering-4395021/airflow/dags/extract_csv_dag.py
[2025-04-09T17:04:21.361+0000] {processor.py:179} INFO - Processing /workspaces/hands-on-introduction-data-engineering-4395021/airflow/dags/extract_csv_dag.py took 0.025 seconds
[2025-04-09T17:04:24.136+0000] {processor.py:157} INFO - Started process (PID=5817) to work on /workspaces/hands-on-introduction-data-engineering-4395021/airflow/dags/extract_csv_dag.py
[2025-04-09T17:04:24.137+0000] {processor.py:826} INFO - Processing file /workspaces/hands-on-introduction-data-engineering-4395021/airflow/dags/extract_csv_dag.py for tasks to queue
[2025-04-09T17:04:24.138+0000] {logging_mixin.py:150} INFO - [2025-04-09T17:04:24.138+0000] {dagbag.py:541} INFO - Filling up the DagBag from /workspaces/hands-on-introduction-data-engineering-4395021/airflow/dags/extract_csv_dag.py
[2025-04-09T17:04:24.141+0000] {logging_mixin.py:150} INFO - [2025-04-09T17:04:24.140+0000] {dagbag.py:350} ERROR - Failed to import: /workspaces/hands-on-introduction-data-engineering-4395021/airflow/dags/extract_csv_dag.py
Traceback (most recent call last):
  File "/home/vscode/.local/lib/python3.10/site-packages/airflow/models/dagbag.py", line 346, in parse
    loader.exec_module(new_module)
  File "<frozen importlib._bootstrap_external>", line 879, in exec_module
  File "<frozen importlib._bootstrap_external>", line 1017, in get_code
  File "<frozen importlib._bootstrap_external>", line 947, in source_to_code
  File "<frozen importlib._bootstrap>", line 241, in _call_with_frames_removed
  File "/workspaces/hands-on-introduction-data-engineering-4395021/airflow/dags/extract_csv_dag.py", line 16
    'dag_id'='extract_csv_dag',
    ^^^^^^^^^
SyntaxError: expression cannot contain assignment, perhaps you meant "=="?
[2025-04-09T17:04:24.141+0000] {processor.py:838} WARNING - No viable dags retrieved from /workspaces/hands-on-introduction-data-engineering-4395021/airflow/dags/extract_csv_dag.py
[2025-04-09T17:04:24.154+0000] {processor.py:179} INFO - Processing /workspaces/hands-on-introduction-data-engineering-4395021/airflow/dags/extract_csv_dag.py took 0.020 seconds
[2025-04-09T17:04:29.169+0000] {processor.py:157} INFO - Started process (PID=5853) to work on /workspaces/hands-on-introduction-data-engineering-4395021/airflow/dags/extract_csv_dag.py
[2025-04-09T17:04:29.170+0000] {processor.py:826} INFO - Processing file /workspaces/hands-on-introduction-data-engineering-4395021/airflow/dags/extract_csv_dag.py for tasks to queue
[2025-04-09T17:04:29.170+0000] {logging_mixin.py:150} INFO - [2025-04-09T17:04:29.170+0000] {dagbag.py:541} INFO - Filling up the DagBag from /workspaces/hands-on-introduction-data-engineering-4395021/airflow/dags/extract_csv_dag.py
[2025-04-09T17:04:29.173+0000] {logging_mixin.py:150} INFO - [2025-04-09T17:04:29.172+0000] {dagbag.py:350} ERROR - Failed to import: /workspaces/hands-on-introduction-data-engineering-4395021/airflow/dags/extract_csv_dag.py
Traceback (most recent call last):
  File "/home/vscode/.local/lib/python3.10/site-packages/airflow/models/dagbag.py", line 346, in parse
    loader.exec_module(new_module)
  File "<frozen importlib._bootstrap_external>", line 879, in exec_module
  File "<frozen importlib._bootstrap_external>", line 1017, in get_code
  File "<frozen importlib._bootstrap_external>", line 947, in source_to_code
  File "<frozen importlib._bootstrap>", line 241, in _call_with_frames_removed
  File "/workspaces/hands-on-introduction-data-engineering-4395021/airflow/dags/extract_csv_dag.py", line 16
    'dag_id'='extract_csv_dag',
    ^^^^^^^^^
SyntaxError: expression cannot contain assignment, perhaps you meant "=="?
[2025-04-09T17:04:29.173+0000] {processor.py:838} WARNING - No viable dags retrieved from /workspaces/hands-on-introduction-data-engineering-4395021/airflow/dags/extract_csv_dag.py
[2025-04-09T17:04:29.187+0000] {processor.py:179} INFO - Processing /workspaces/hands-on-introduction-data-engineering-4395021/airflow/dags/extract_csv_dag.py took 0.021 seconds
[2025-04-09T17:04:39.287+0000] {processor.py:157} INFO - Started process (PID=5916) to work on /workspaces/hands-on-introduction-data-engineering-4395021/airflow/dags/extract_csv_dag.py
[2025-04-09T17:04:39.288+0000] {processor.py:826} INFO - Processing file /workspaces/hands-on-introduction-data-engineering-4395021/airflow/dags/extract_csv_dag.py for tasks to queue
[2025-04-09T17:04:39.289+0000] {logging_mixin.py:150} INFO - [2025-04-09T17:04:39.289+0000] {dagbag.py:541} INFO - Filling up the DagBag from /workspaces/hands-on-introduction-data-engineering-4395021/airflow/dags/extract_csv_dag.py
[2025-04-09T17:04:39.293+0000] {logging_mixin.py:150} INFO - [2025-04-09T17:04:39.292+0000] {dagbag.py:350} ERROR - Failed to import: /workspaces/hands-on-introduction-data-engineering-4395021/airflow/dags/extract_csv_dag.py
Traceback (most recent call last):
  File "/home/vscode/.local/lib/python3.10/site-packages/airflow/models/dagbag.py", line 346, in parse
    loader.exec_module(new_module)
  File "<frozen importlib._bootstrap_external>", line 879, in exec_module
  File "<frozen importlib._bootstrap_external>", line 1017, in get_code
  File "<frozen importlib._bootstrap_external>", line 947, in source_to_code
  File "<frozen importlib._bootstrap>", line 241, in _call_with_frames_removed
  File "/workspaces/hands-on-introduction-data-engineering-4395021/airflow/dags/extract_csv_dag.py", line 16
    'dag_id'='extract_csv_dag',
    ^^^^^^^^^
SyntaxError: expression cannot contain assignment, perhaps you meant "=="?
[2025-04-09T17:04:39.293+0000] {processor.py:838} WARNING - No viable dags retrieved from /workspaces/hands-on-introduction-data-engineering-4395021/airflow/dags/extract_csv_dag.py
[2025-04-09T17:04:39.310+0000] {processor.py:179} INFO - Processing /workspaces/hands-on-introduction-data-engineering-4395021/airflow/dags/extract_csv_dag.py took 0.026 seconds
[2025-04-09T17:04:44.304+0000] {processor.py:157} INFO - Started process (PID=5951) to work on /workspaces/hands-on-introduction-data-engineering-4395021/airflow/dags/extract_csv_dag.py
[2025-04-09T17:04:44.305+0000] {processor.py:826} INFO - Processing file /workspaces/hands-on-introduction-data-engineering-4395021/airflow/dags/extract_csv_dag.py for tasks to queue
[2025-04-09T17:04:44.306+0000] {logging_mixin.py:150} INFO - [2025-04-09T17:04:44.306+0000] {dagbag.py:541} INFO - Filling up the DagBag from /workspaces/hands-on-introduction-data-engineering-4395021/airflow/dags/extract_csv_dag.py
[2025-04-09T17:04:44.309+0000] {logging_mixin.py:150} INFO - [2025-04-09T17:04:44.308+0000] {dagbag.py:350} ERROR - Failed to import: /workspaces/hands-on-introduction-data-engineering-4395021/airflow/dags/extract_csv_dag.py
Traceback (most recent call last):
  File "/home/vscode/.local/lib/python3.10/site-packages/airflow/models/dagbag.py", line 346, in parse
    loader.exec_module(new_module)
  File "<frozen importlib._bootstrap_external>", line 879, in exec_module
  File "<frozen importlib._bootstrap_external>", line 1017, in get_code
  File "<frozen importlib._bootstrap_external>", line 947, in source_to_code
  File "<frozen importlib._bootstrap>", line 241, in _call_with_frames_removed
  File "/workspaces/hands-on-introduction-data-engineering-4395021/airflow/dags/extract_csv_dag.py", line 16
    'dag_id'='extract_csv_dag',
    ^^^^^^^^^
SyntaxError: expression cannot contain assignment, perhaps you meant "=="?
[2025-04-09T17:04:44.309+0000] {processor.py:838} WARNING - No viable dags retrieved from /workspaces/hands-on-introduction-data-engineering-4395021/airflow/dags/extract_csv_dag.py
[2025-04-09T17:04:44.323+0000] {processor.py:179} INFO - Processing /workspaces/hands-on-introduction-data-engineering-4395021/airflow/dags/extract_csv_dag.py took 0.021 seconds
[2025-04-09T17:04:48.306+0000] {processor.py:157} INFO - Started process (PID=5979) to work on /workspaces/hands-on-introduction-data-engineering-4395021/airflow/dags/extract_csv_dag.py
[2025-04-09T17:04:48.306+0000] {processor.py:826} INFO - Processing file /workspaces/hands-on-introduction-data-engineering-4395021/airflow/dags/extract_csv_dag.py for tasks to queue
[2025-04-09T17:04:48.307+0000] {logging_mixin.py:150} INFO - [2025-04-09T17:04:48.307+0000] {dagbag.py:541} INFO - Filling up the DagBag from /workspaces/hands-on-introduction-data-engineering-4395021/airflow/dags/extract_csv_dag.py
[2025-04-09T17:04:48.309+0000] {logging_mixin.py:150} INFO - [2025-04-09T17:04:48.309+0000] {dagbag.py:350} ERROR - Failed to import: /workspaces/hands-on-introduction-data-engineering-4395021/airflow/dags/extract_csv_dag.py
Traceback (most recent call last):
  File "/home/vscode/.local/lib/python3.10/site-packages/airflow/models/dagbag.py", line 346, in parse
    loader.exec_module(new_module)
  File "<frozen importlib._bootstrap_external>", line 879, in exec_module
  File "<frozen importlib._bootstrap_external>", line 1017, in get_code
  File "<frozen importlib._bootstrap_external>", line 947, in source_to_code
  File "<frozen importlib._bootstrap>", line 241, in _call_with_frames_removed
  File "/workspaces/hands-on-introduction-data-engineering-4395021/airflow/dags/extract_csv_dag.py", line 5
    = {
IndentationError: unexpected indent
[2025-04-09T17:04:48.310+0000] {processor.py:838} WARNING - No viable dags retrieved from /workspaces/hands-on-introduction-data-engineering-4395021/airflow/dags/extract_csv_dag.py
[2025-04-09T17:04:48.322+0000] {processor.py:179} INFO - Processing /workspaces/hands-on-introduction-data-engineering-4395021/airflow/dags/extract_csv_dag.py took 0.019 seconds
[2025-04-09T17:04:50.095+0000] {processor.py:157} INFO - Started process (PID=5994) to work on /workspaces/hands-on-introduction-data-engineering-4395021/airflow/dags/extract_csv_dag.py
[2025-04-09T17:04:50.096+0000] {processor.py:826} INFO - Processing file /workspaces/hands-on-introduction-data-engineering-4395021/airflow/dags/extract_csv_dag.py for tasks to queue
[2025-04-09T17:04:50.096+0000] {logging_mixin.py:150} INFO - [2025-04-09T17:04:50.096+0000] {dagbag.py:541} INFO - Filling up the DagBag from /workspaces/hands-on-introduction-data-engineering-4395021/airflow/dags/extract_csv_dag.py
[2025-04-09T17:04:50.100+0000] {logging_mixin.py:150} INFO - [2025-04-09T17:04:50.099+0000] {dagbag.py:350} ERROR - Failed to import: /workspaces/hands-on-introduction-data-engineering-4395021/airflow/dags/extract_csv_dag.py
Traceback (most recent call last):
  File "/home/vscode/.local/lib/python3.10/site-packages/airflow/models/dagbag.py", line 346, in parse
    loader.exec_module(new_module)
  File "<frozen importlib._bootstrap_external>", line 879, in exec_module
  File "<frozen importlib._bootstrap_external>", line 1017, in get_code
  File "<frozen importlib._bootstrap_external>", line 947, in source_to_code
  File "<frozen importlib._bootstrap>", line 241, in _call_with_frames_removed
  File "/workspaces/hands-on-introduction-data-engineering-4395021/airflow/dags/extract_csv_dag.py", line 16
    'dag_id'='extract_csv_dag',
    ^^^^^^^^^
SyntaxError: expression cannot contain assignment, perhaps you meant "=="?
[2025-04-09T17:04:50.101+0000] {processor.py:838} WARNING - No viable dags retrieved from /workspaces/hands-on-introduction-data-engineering-4395021/airflow/dags/extract_csv_dag.py
[2025-04-09T17:04:50.118+0000] {processor.py:179} INFO - Processing /workspaces/hands-on-introduction-data-engineering-4395021/airflow/dags/extract_csv_dag.py took 0.026 seconds
[2025-04-09T17:04:55.615+0000] {processor.py:157} INFO - Started process (PID=6024) to work on /workspaces/hands-on-introduction-data-engineering-4395021/airflow/dags/extract_csv_dag.py
[2025-04-09T17:04:55.616+0000] {processor.py:826} INFO - Processing file /workspaces/hands-on-introduction-data-engineering-4395021/airflow/dags/extract_csv_dag.py for tasks to queue
[2025-04-09T17:04:55.616+0000] {logging_mixin.py:150} INFO - [2025-04-09T17:04:55.616+0000] {dagbag.py:541} INFO - Filling up the DagBag from /workspaces/hands-on-introduction-data-engineering-4395021/airflow/dags/extract_csv_dag.py
[2025-04-09T17:04:55.619+0000] {logging_mixin.py:150} INFO - [2025-04-09T17:04:55.618+0000] {dagbag.py:350} ERROR - Failed to import: /workspaces/hands-on-introduction-data-engineering-4395021/airflow/dags/extract_csv_dag.py
Traceback (most recent call last):
  File "/home/vscode/.local/lib/python3.10/site-packages/airflow/models/dagbag.py", line 346, in parse
    loader.exec_module(new_module)
  File "<frozen importlib._bootstrap_external>", line 879, in exec_module
  File "<frozen importlib._bootstrap_external>", line 1017, in get_code
  File "<frozen importlib._bootstrap_external>", line 947, in source_to_code
  File "<frozen importlib._bootstrap>", line 241, in _call_with_frames_removed
  File "/workspaces/hands-on-introduction-data-engineering-4395021/airflow/dags/extract_csv_dag.py", line 16
    'dag_id'='extract_csv_dag',
    ^^^^^^^^^
SyntaxError: expression cannot contain assignment, perhaps you meant "=="?
[2025-04-09T17:04:55.619+0000] {processor.py:838} WARNING - No viable dags retrieved from /workspaces/hands-on-introduction-data-engineering-4395021/airflow/dags/extract_csv_dag.py
[2025-04-09T17:04:55.631+0000] {processor.py:179} INFO - Processing /workspaces/hands-on-introduction-data-engineering-4395021/airflow/dags/extract_csv_dag.py took 0.019 seconds
[2025-04-09T17:05:01.459+0000] {processor.py:157} INFO - Started process (PID=6073) to work on /workspaces/hands-on-introduction-data-engineering-4395021/airflow/dags/extract_csv_dag.py
[2025-04-09T17:05:01.460+0000] {processor.py:826} INFO - Processing file /workspaces/hands-on-introduction-data-engineering-4395021/airflow/dags/extract_csv_dag.py for tasks to queue
[2025-04-09T17:05:01.461+0000] {logging_mixin.py:150} INFO - [2025-04-09T17:05:01.460+0000] {dagbag.py:541} INFO - Filling up the DagBag from /workspaces/hands-on-introduction-data-engineering-4395021/airflow/dags/extract_csv_dag.py
[2025-04-09T17:05:01.463+0000] {logging_mixin.py:150} INFO - [2025-04-09T17:05:01.462+0000] {dagbag.py:350} ERROR - Failed to import: /workspaces/hands-on-introduction-data-engineering-4395021/airflow/dags/extract_csv_dag.py
Traceback (most recent call last):
  File "/home/vscode/.local/lib/python3.10/site-packages/airflow/models/dagbag.py", line 346, in parse
    loader.exec_module(new_module)
  File "<frozen importlib._bootstrap_external>", line 879, in exec_module
  File "<frozen importlib._bootstrap_external>", line 1017, in get_code
  File "<frozen importlib._bootstrap_external>", line 947, in source_to_code
  File "<frozen importlib._bootstrap>", line 241, in _call_with_frames_removed
  File "/workspaces/hands-on-introduction-data-engineering-4395021/airflow/dags/extract_csv_dag.py", line 16
    dag_id'='extract_csv_dag',
                            ^
SyntaxError: unterminated string literal (detected at line 16)
[2025-04-09T17:05:01.463+0000] {processor.py:838} WARNING - No viable dags retrieved from /workspaces/hands-on-introduction-data-engineering-4395021/airflow/dags/extract_csv_dag.py
[2025-04-09T17:05:01.485+0000] {processor.py:179} INFO - Processing /workspaces/hands-on-introduction-data-engineering-4395021/airflow/dags/extract_csv_dag.py took 0.029 seconds
[2025-04-09T17:05:02.590+0000] {processor.py:157} INFO - Started process (PID=6081) to work on /workspaces/hands-on-introduction-data-engineering-4395021/airflow/dags/extract_csv_dag.py
[2025-04-09T17:05:02.591+0000] {processor.py:826} INFO - Processing file /workspaces/hands-on-introduction-data-engineering-4395021/airflow/dags/extract_csv_dag.py for tasks to queue
[2025-04-09T17:05:02.591+0000] {logging_mixin.py:150} INFO - [2025-04-09T17:05:02.591+0000] {dagbag.py:541} INFO - Filling up the DagBag from /workspaces/hands-on-introduction-data-engineering-4395021/airflow/dags/extract_csv_dag.py
[2025-04-09T17:05:02.594+0000] {logging_mixin.py:150} INFO - [2025-04-09T17:05:02.593+0000] {dagbag.py:350} ERROR - Failed to import: /workspaces/hands-on-introduction-data-engineering-4395021/airflow/dags/extract_csv_dag.py
Traceback (most recent call last):
  File "/home/vscode/.local/lib/python3.10/site-packages/airflow/models/dagbag.py", line 346, in parse
    loader.exec_module(new_module)
  File "<frozen importlib._bootstrap_external>", line 879, in exec_module
  File "<frozen importlib._bootstrap_external>", line 1017, in get_code
  File "<frozen importlib._bootstrap_external>", line 947, in source_to_code
  File "<frozen importlib._bootstrap>", line 241, in _call_with_frames_removed
  File "/workspaces/hands-on-introduction-data-engineering-4395021/airflow/dags/extract_csv_dag.py", line 16
    dag_i'='extract_csv_dag',
                           ^
SyntaxError: unterminated string literal (detected at line 16)
[2025-04-09T17:05:02.594+0000] {processor.py:838} WARNING - No viable dags retrieved from /workspaces/hands-on-introduction-data-engineering-4395021/airflow/dags/extract_csv_dag.py
[2025-04-09T17:05:02.608+0000] {processor.py:179} INFO - Processing /workspaces/hands-on-introduction-data-engineering-4395021/airflow/dags/extract_csv_dag.py took 0.020 seconds
[2025-04-09T17:05:04.643+0000] {processor.py:157} INFO - Started process (PID=6095) to work on /workspaces/hands-on-introduction-data-engineering-4395021/airflow/dags/extract_csv_dag.py
[2025-04-09T17:05:04.644+0000] {processor.py:826} INFO - Processing file /workspaces/hands-on-introduction-data-engineering-4395021/airflow/dags/extract_csv_dag.py for tasks to queue
[2025-04-09T17:05:04.645+0000] {logging_mixin.py:150} INFO - [2025-04-09T17:05:04.644+0000] {dagbag.py:541} INFO - Filling up the DagBag from /workspaces/hands-on-introduction-data-engineering-4395021/airflow/dags/extract_csv_dag.py
[2025-04-09T17:05:04.648+0000] {logging_mixin.py:150} INFO - [2025-04-09T17:05:04.646+0000] {dagbag.py:350} ERROR - Failed to import: /workspaces/hands-on-introduction-data-engineering-4395021/airflow/dags/extract_csv_dag.py
Traceback (most recent call last):
  File "/home/vscode/.local/lib/python3.10/site-packages/airflow/models/dagbag.py", line 346, in parse
    loader.exec_module(new_module)
  File "<frozen importlib._bootstrap_external>", line 879, in exec_module
  File "<frozen importlib._bootstrap_external>", line 1017, in get_code
  File "<frozen importlib._bootstrap_external>", line 947, in source_to_code
  File "<frozen importlib._bootstrap>", line 241, in _call_with_frames_removed
  File "/workspaces/hands-on-introduction-data-engineering-4395021/airflow/dags/extract_csv_dag.py", line 17
    'description'='DAG to download CSV file from INET',
    ^^^^^^^^^^^^^^
SyntaxError: expression cannot contain assignment, perhaps you meant "=="?
[2025-04-09T17:05:04.648+0000] {processor.py:838} WARNING - No viable dags retrieved from /workspaces/hands-on-introduction-data-engineering-4395021/airflow/dags/extract_csv_dag.py
[2025-04-09T17:05:04.661+0000] {processor.py:179} INFO - Processing /workspaces/hands-on-introduction-data-engineering-4395021/airflow/dags/extract_csv_dag.py took 0.020 seconds
[2025-04-09T17:05:07.279+0000] {processor.py:157} INFO - Started process (PID=6111) to work on /workspaces/hands-on-introduction-data-engineering-4395021/airflow/dags/extract_csv_dag.py
[2025-04-09T17:05:07.280+0000] {processor.py:826} INFO - Processing file /workspaces/hands-on-introduction-data-engineering-4395021/airflow/dags/extract_csv_dag.py for tasks to queue
[2025-04-09T17:05:07.280+0000] {logging_mixin.py:150} INFO - [2025-04-09T17:05:07.280+0000] {dagbag.py:541} INFO - Filling up the DagBag from /workspaces/hands-on-introduction-data-engineering-4395021/airflow/dags/extract_csv_dag.py
[2025-04-09T17:05:07.283+0000] {logging_mixin.py:150} INFO - [2025-04-09T17:05:07.282+0000] {dagbag.py:350} ERROR - Failed to import: /workspaces/hands-on-introduction-data-engineering-4395021/airflow/dags/extract_csv_dag.py
Traceback (most recent call last):
  File "/home/vscode/.local/lib/python3.10/site-packages/airflow/models/dagbag.py", line 346, in parse
    loader.exec_module(new_module)
  File "<frozen importlib._bootstrap_external>", line 879, in exec_module
  File "<frozen importlib._bootstrap_external>", line 1017, in get_code
  File "<frozen importlib._bootstrap_external>", line 947, in source_to_code
  File "<frozen importlib._bootstrap>", line 241, in _call_with_frames_removed
  File "/workspaces/hands-on-introduction-data-engineering-4395021/airflow/dags/extract_csv_dag.py", line 17
    'description='DAG to download CSV file from INET',
                                                    ^
SyntaxError: unterminated string literal (detected at line 17)
[2025-04-09T17:05:07.283+0000] {processor.py:838} WARNING - No viable dags retrieved from /workspaces/hands-on-introduction-data-engineering-4395021/airflow/dags/extract_csv_dag.py
[2025-04-09T17:05:07.296+0000] {processor.py:179} INFO - Processing /workspaces/hands-on-introduction-data-engineering-4395021/airflow/dags/extract_csv_dag.py took 0.020 seconds
[2025-04-09T17:05:08.643+0000] {processor.py:157} INFO - Started process (PID=6130) to work on /workspaces/hands-on-introduction-data-engineering-4395021/airflow/dags/extract_csv_dag.py
[2025-04-09T17:05:08.644+0000] {processor.py:826} INFO - Processing file /workspaces/hands-on-introduction-data-engineering-4395021/airflow/dags/extract_csv_dag.py for tasks to queue
[2025-04-09T17:05:08.645+0000] {logging_mixin.py:150} INFO - [2025-04-09T17:05:08.644+0000] {dagbag.py:541} INFO - Filling up the DagBag from /workspaces/hands-on-introduction-data-engineering-4395021/airflow/dags/extract_csv_dag.py
[2025-04-09T17:05:08.647+0000] {logging_mixin.py:150} INFO - [2025-04-09T17:05:08.646+0000] {dagbag.py:350} ERROR - Failed to import: /workspaces/hands-on-introduction-data-engineering-4395021/airflow/dags/extract_csv_dag.py
Traceback (most recent call last):
  File "/home/vscode/.local/lib/python3.10/site-packages/airflow/models/dagbag.py", line 346, in parse
    loader.exec_module(new_module)
  File "<frozen importlib._bootstrap_external>", line 879, in exec_module
  File "<frozen importlib._bootstrap_external>", line 1017, in get_code
  File "<frozen importlib._bootstrap_external>", line 947, in source_to_code
  File "<frozen importlib._bootstrap>", line 241, in _call_with_frames_removed
  File "/workspaces/hands-on-introduction-data-engineering-4395021/airflow/dags/extract_csv_dag.py", line 20
    # TODO: define tasks
                        ^
IndentationError: expected an indented block after 'with' statement on line 15
[2025-04-09T17:05:08.647+0000] {processor.py:838} WARNING - No viable dags retrieved from /workspaces/hands-on-introduction-data-engineering-4395021/airflow/dags/extract_csv_dag.py
[2025-04-09T17:05:08.660+0000] {processor.py:179} INFO - Processing /workspaces/hands-on-introduction-data-engineering-4395021/airflow/dags/extract_csv_dag.py took 0.019 seconds
[2025-04-09T17:05:28.878+0000] {processor.py:157} INFO - Started process (PID=6269) to work on /workspaces/hands-on-introduction-data-engineering-4395021/airflow/dags/extract_csv_dag.py
[2025-04-09T17:05:28.879+0000] {processor.py:826} INFO - Processing file /workspaces/hands-on-introduction-data-engineering-4395021/airflow/dags/extract_csv_dag.py for tasks to queue
[2025-04-09T17:05:28.880+0000] {logging_mixin.py:150} INFO - [2025-04-09T17:05:28.880+0000] {dagbag.py:541} INFO - Filling up the DagBag from /workspaces/hands-on-introduction-data-engineering-4395021/airflow/dags/extract_csv_dag.py
[2025-04-09T17:05:28.883+0000] {logging_mixin.py:150} INFO - [2025-04-09T17:05:28.882+0000] {dagbag.py:350} ERROR - Failed to import: /workspaces/hands-on-introduction-data-engineering-4395021/airflow/dags/extract_csv_dag.py
Traceback (most recent call last):
  File "/home/vscode/.local/lib/python3.10/site-packages/airflow/models/dagbag.py", line 346, in parse
    loader.exec_module(new_module)
  File "<frozen importlib._bootstrap_external>", line 879, in exec_module
  File "<frozen importlib._bootstrap_external>", line 1017, in get_code
  File "<frozen importlib._bootstrap_external>", line 947, in source_to_code
  File "<frozen importlib._bootstrap>", line 241, in _call_with_frames_removed
  File "/workspaces/hands-on-introduction-data-engineering-4395021/airflow/dags/extract_csv_dag.py", line 21
    # TODO: define tasks
                        ^
IndentationError: expected an indented block after 'with' statement on line 15
[2025-04-09T17:05:28.884+0000] {processor.py:838} WARNING - No viable dags retrieved from /workspaces/hands-on-introduction-data-engineering-4395021/airflow/dags/extract_csv_dag.py
[2025-04-09T17:05:28.902+0000] {processor.py:179} INFO - Processing /workspaces/hands-on-introduction-data-engineering-4395021/airflow/dags/extract_csv_dag.py took 0.027 seconds
[2025-04-09T17:05:33.622+0000] {processor.py:157} INFO - Started process (PID=6292) to work on /workspaces/hands-on-introduction-data-engineering-4395021/airflow/dags/extract_csv_dag.py
[2025-04-09T17:05:33.623+0000] {processor.py:826} INFO - Processing file /workspaces/hands-on-introduction-data-engineering-4395021/airflow/dags/extract_csv_dag.py for tasks to queue
[2025-04-09T17:05:33.624+0000] {logging_mixin.py:150} INFO - [2025-04-09T17:05:33.624+0000] {dagbag.py:541} INFO - Filling up the DagBag from /workspaces/hands-on-introduction-data-engineering-4395021/airflow/dags/extract_csv_dag.py
[2025-04-09T17:05:33.626+0000] {logging_mixin.py:150} INFO - [2025-04-09T17:05:33.626+0000] {dagbag.py:350} ERROR - Failed to import: /workspaces/hands-on-introduction-data-engineering-4395021/airflow/dags/extract_csv_dag.py
Traceback (most recent call last):
  File "/home/vscode/.local/lib/python3.10/site-packages/airflow/models/dagbag.py", line 346, in parse
    loader.exec_module(new_module)
  File "<frozen importlib._bootstrap_external>", line 879, in exec_module
  File "<frozen importlib._bootstrap_external>", line 1017, in get_code
  File "<frozen importlib._bootstrap_external>", line 947, in source_to_code
  File "<frozen importlib._bootstrap>", line 241, in _call_with_frames_removed
  File "/workspaces/hands-on-introduction-data-engineering-4395021/airflow/dags/extract_csv_dag.py", line 21
    # TODO: define tasks
                        ^
IndentationError: expected an indented block after 'with' statement on line 15
[2025-04-09T17:05:33.627+0000] {processor.py:838} WARNING - No viable dags retrieved from /workspaces/hands-on-introduction-data-engineering-4395021/airflow/dags/extract_csv_dag.py
[2025-04-09T17:05:33.639+0000] {processor.py:179} INFO - Processing /workspaces/hands-on-introduction-data-engineering-4395021/airflow/dags/extract_csv_dag.py took 0.019 seconds
[2025-04-09T17:05:37.336+0000] {processor.py:157} INFO - Started process (PID=6316) to work on /workspaces/hands-on-introduction-data-engineering-4395021/airflow/dags/extract_csv_dag.py
[2025-04-09T17:05:37.337+0000] {processor.py:826} INFO - Processing file /workspaces/hands-on-introduction-data-engineering-4395021/airflow/dags/extract_csv_dag.py for tasks to queue
[2025-04-09T17:05:37.337+0000] {logging_mixin.py:150} INFO - [2025-04-09T17:05:37.337+0000] {dagbag.py:541} INFO - Filling up the DagBag from /workspaces/hands-on-introduction-data-engineering-4395021/airflow/dags/extract_csv_dag.py
[2025-04-09T17:05:37.341+0000] {logging_mixin.py:150} INFO - [2025-04-09T17:05:37.340+0000] {dagbag.py:350} ERROR - Failed to import: /workspaces/hands-on-introduction-data-engineering-4395021/airflow/dags/extract_csv_dag.py
Traceback (most recent call last):
  File "/home/vscode/.local/lib/python3.10/site-packages/airflow/models/dagbag.py", line 346, in parse
    loader.exec_module(new_module)
  File "<frozen importlib._bootstrap_external>", line 883, in exec_module
  File "<frozen importlib._bootstrap>", line 241, in _call_with_frames_removed
  File "/workspaces/hands-on-introduction-data-engineering-4395021/airflow/dags/extract_csv_dag.py", line 22, in <module>
    ta
NameError: name 'ta' is not defined
[2025-04-09T17:05:37.341+0000] {processor.py:838} WARNING - No viable dags retrieved from /workspaces/hands-on-introduction-data-engineering-4395021/airflow/dags/extract_csv_dag.py
[2025-04-09T17:05:37.355+0000] {processor.py:179} INFO - Processing /workspaces/hands-on-introduction-data-engineering-4395021/airflow/dags/extract_csv_dag.py took 0.022 seconds
[2025-04-09T17:05:47.193+0000] {processor.py:157} INFO - Started process (PID=6385) to work on /workspaces/hands-on-introduction-data-engineering-4395021/airflow/dags/extract_csv_dag.py
[2025-04-09T17:05:47.193+0000] {processor.py:826} INFO - Processing file /workspaces/hands-on-introduction-data-engineering-4395021/airflow/dags/extract_csv_dag.py for tasks to queue
[2025-04-09T17:05:47.194+0000] {logging_mixin.py:150} INFO - [2025-04-09T17:05:47.194+0000] {dagbag.py:541} INFO - Filling up the DagBag from /workspaces/hands-on-introduction-data-engineering-4395021/airflow/dags/extract_csv_dag.py
[2025-04-09T17:05:47.196+0000] {logging_mixin.py:150} INFO - [2025-04-09T17:05:47.196+0000] {dagbag.py:350} ERROR - Failed to import: /workspaces/hands-on-introduction-data-engineering-4395021/airflow/dags/extract_csv_dag.py
Traceback (most recent call last):
  File "/home/vscode/.local/lib/python3.10/site-packages/airflow/models/dagbag.py", line 346, in parse
    loader.exec_module(new_module)
  File "<frozen importlib._bootstrap_external>", line 879, in exec_module
  File "<frozen importlib._bootstrap_external>", line 1017, in get_code
  File "<frozen importlib._bootstrap_external>", line 947, in source_to_code
  File "<frozen importlib._bootstrap>", line 241, in _call_with_frames_removed
  File "/workspaces/hands-on-introduction-data-engineering-4395021/airflow/dags/extract_csv_dag.py", line 22
    task_wget = 
                ^
SyntaxError: invalid syntax
[2025-04-09T17:05:47.197+0000] {processor.py:838} WARNING - No viable dags retrieved from /workspaces/hands-on-introduction-data-engineering-4395021/airflow/dags/extract_csv_dag.py
[2025-04-09T17:05:47.210+0000] {processor.py:179} INFO - Processing /workspaces/hands-on-introduction-data-engineering-4395021/airflow/dags/extract_csv_dag.py took 0.020 seconds
[2025-04-09T17:06:03.770+0000] {processor.py:157} INFO - Started process (PID=6501) to work on /workspaces/hands-on-introduction-data-engineering-4395021/airflow/dags/extract_csv_dag.py
[2025-04-09T17:06:03.771+0000] {processor.py:826} INFO - Processing file /workspaces/hands-on-introduction-data-engineering-4395021/airflow/dags/extract_csv_dag.py for tasks to queue
[2025-04-09T17:06:03.772+0000] {logging_mixin.py:150} INFO - [2025-04-09T17:06:03.771+0000] {dagbag.py:541} INFO - Filling up the DagBag from /workspaces/hands-on-introduction-data-engineering-4395021/airflow/dags/extract_csv_dag.py
[2025-04-09T17:06:03.777+0000] {logging_mixin.py:150} INFO - [2025-04-09T17:06:03.776+0000] {dagbag.py:350} ERROR - Failed to import: /workspaces/hands-on-introduction-data-engineering-4395021/airflow/dags/extract_csv_dag.py
Traceback (most recent call last):
  File "/home/vscode/.local/lib/python3.10/site-packages/airflow/models/dagbag.py", line 346, in parse
    loader.exec_module(new_module)
  File "<frozen importlib._bootstrap_external>", line 883, in exec_module
  File "<frozen importlib._bootstrap>", line 241, in _call_with_frames_removed
  File "/workspaces/hands-on-introduction-data-engineering-4395021/airflow/dags/extract_csv_dag.py", line 22, in <module>
    task_wget = BashOperator(
  File "/home/vscode/.local/lib/python3.10/site-packages/airflow/models/baseoperator.py", line 412, in apply_defaults
    raise AirflowException(f"missing keyword argument {missing_args.pop()!r}")
airflow.exceptions.AirflowException: missing keyword argument 'bash_command'
[2025-04-09T17:06:03.777+0000] {processor.py:838} WARNING - No viable dags retrieved from /workspaces/hands-on-introduction-data-engineering-4395021/airflow/dags/extract_csv_dag.py
[2025-04-09T17:06:03.790+0000] {processor.py:179} INFO - Processing /workspaces/hands-on-introduction-data-engineering-4395021/airflow/dags/extract_csv_dag.py took 0.023 seconds
[2025-04-09T17:06:09.270+0000] {processor.py:157} INFO - Started process (PID=6540) to work on /workspaces/hands-on-introduction-data-engineering-4395021/airflow/dags/extract_csv_dag.py
[2025-04-09T17:06:09.271+0000] {processor.py:826} INFO - Processing file /workspaces/hands-on-introduction-data-engineering-4395021/airflow/dags/extract_csv_dag.py for tasks to queue
[2025-04-09T17:06:09.272+0000] {logging_mixin.py:150} INFO - [2025-04-09T17:06:09.272+0000] {dagbag.py:541} INFO - Filling up the DagBag from /workspaces/hands-on-introduction-data-engineering-4395021/airflow/dags/extract_csv_dag.py
[2025-04-09T17:06:09.280+0000] {processor.py:836} INFO - DAG(s) dict_keys(['extract_csv_dag']) retrieved from /workspaces/hands-on-introduction-data-engineering-4395021/airflow/dags/extract_csv_dag.py
[2025-04-09T17:06:09.352+0000] {logging_mixin.py:150} INFO - [2025-04-09T17:06:09.352+0000] {manager.py:504} INFO - Created Permission View: can read on DAG:extract_csv_dag
[2025-04-09T17:06:09.359+0000] {logging_mixin.py:150} INFO - [2025-04-09T17:06:09.359+0000] {manager.py:504} INFO - Created Permission View: can delete on DAG:extract_csv_dag
[2025-04-09T17:06:09.365+0000] {logging_mixin.py:150} INFO - [2025-04-09T17:06:09.365+0000] {manager.py:504} INFO - Created Permission View: can edit on DAG:extract_csv_dag
[2025-04-09T17:06:09.373+0000] {logging_mixin.py:150} INFO - [2025-04-09T17:06:09.373+0000] {dag.py:2742} INFO - Sync 1 DAGs
[2025-04-09T17:06:09.379+0000] {logging_mixin.py:150} INFO - [2025-04-09T17:06:09.379+0000] {dag.py:2763} INFO - Creating ORM DAG for extract_csv_dag
[2025-04-09T17:06:09.385+0000] {logging_mixin.py:150} INFO - [2025-04-09T17:06:09.385+0000] {dag.py:3504} INFO - Setting next_dagrun for extract_csv_dag to None, run_after=None
[2025-04-09T17:06:09.401+0000] {processor.py:179} INFO - Processing /workspaces/hands-on-introduction-data-engineering-4395021/airflow/dags/extract_csv_dag.py took 0.134 seconds
[2025-04-09T17:06:16.558+0000] {processor.py:157} INFO - Started process (PID=6579) to work on /workspaces/hands-on-introduction-data-engineering-4395021/airflow/dags/extract_csv_dag.py
[2025-04-09T17:06:16.559+0000] {processor.py:826} INFO - Processing file /workspaces/hands-on-introduction-data-engineering-4395021/airflow/dags/extract_csv_dag.py for tasks to queue
[2025-04-09T17:06:16.560+0000] {logging_mixin.py:150} INFO - [2025-04-09T17:06:16.560+0000] {dagbag.py:541} INFO - Filling up the DagBag from /workspaces/hands-on-introduction-data-engineering-4395021/airflow/dags/extract_csv_dag.py
[2025-04-09T17:06:16.567+0000] {processor.py:836} INFO - DAG(s) dict_keys(['extract_csv_dag']) retrieved from /workspaces/hands-on-introduction-data-engineering-4395021/airflow/dags/extract_csv_dag.py
[2025-04-09T17:06:16.574+0000] {logging_mixin.py:150} INFO - [2025-04-09T17:06:16.574+0000] {dag.py:2742} INFO - Sync 1 DAGs
[2025-04-09T17:06:16.588+0000] {logging_mixin.py:150} INFO - [2025-04-09T17:06:16.588+0000] {dag.py:3504} INFO - Setting next_dagrun for extract_csv_dag to None, run_after=None
[2025-04-09T17:06:16.603+0000] {processor.py:179} INFO - Processing /workspaces/hands-on-introduction-data-engineering-4395021/airflow/dags/extract_csv_dag.py took 0.047 seconds
[2025-04-09T17:06:22.786+0000] {processor.py:157} INFO - Started process (PID=6627) to work on /workspaces/hands-on-introduction-data-engineering-4395021/airflow/dags/extract_csv_dag.py
[2025-04-09T17:06:22.787+0000] {processor.py:826} INFO - Processing file /workspaces/hands-on-introduction-data-engineering-4395021/airflow/dags/extract_csv_dag.py for tasks to queue
[2025-04-09T17:06:22.787+0000] {logging_mixin.py:150} INFO - [2025-04-09T17:06:22.787+0000] {dagbag.py:541} INFO - Filling up the DagBag from /workspaces/hands-on-introduction-data-engineering-4395021/airflow/dags/extract_csv_dag.py
[2025-04-09T17:06:22.798+0000] {processor.py:836} INFO - DAG(s) dict_keys(['extract_csv_dag']) retrieved from /workspaces/hands-on-introduction-data-engineering-4395021/airflow/dags/extract_csv_dag.py
[2025-04-09T17:06:22.805+0000] {logging_mixin.py:150} INFO - [2025-04-09T17:06:22.805+0000] {dag.py:2742} INFO - Sync 1 DAGs
[2025-04-09T17:06:22.824+0000] {logging_mixin.py:150} INFO - [2025-04-09T17:06:22.824+0000] {dag.py:3504} INFO - Setting next_dagrun for extract_csv_dag to None, run_after=None
[2025-04-09T17:06:22.838+0000] {processor.py:179} INFO - Processing /workspaces/hands-on-introduction-data-engineering-4395021/airflow/dags/extract_csv_dag.py took 0.055 seconds
[2025-04-09T17:06:47.782+0000] {processor.py:157} INFO - Started process (PID=6847) to work on /workspaces/hands-on-introduction-data-engineering-4395021/airflow/dags/extract_csv_dag.py
[2025-04-09T17:06:47.783+0000] {processor.py:826} INFO - Processing file /workspaces/hands-on-introduction-data-engineering-4395021/airflow/dags/extract_csv_dag.py for tasks to queue
[2025-04-09T17:06:47.784+0000] {logging_mixin.py:150} INFO - [2025-04-09T17:06:47.783+0000] {dagbag.py:541} INFO - Filling up the DagBag from /workspaces/hands-on-introduction-data-engineering-4395021/airflow/dags/extract_csv_dag.py
[2025-04-09T17:06:47.792+0000] {processor.py:836} INFO - DAG(s) dict_keys(['extract_csv_dag']) retrieved from /workspaces/hands-on-introduction-data-engineering-4395021/airflow/dags/extract_csv_dag.py
[2025-04-09T17:06:47.870+0000] {logging_mixin.py:150} INFO - [2025-04-09T17:06:47.870+0000] {dag.py:2742} INFO - Sync 1 DAGs
[2025-04-09T17:06:47.889+0000] {logging_mixin.py:150} INFO - [2025-04-09T17:06:47.889+0000] {dag.py:3504} INFO - Setting next_dagrun for extract_csv_dag to None, run_after=None
[2025-04-09T17:06:47.904+0000] {processor.py:179} INFO - Processing /workspaces/hands-on-introduction-data-engineering-4395021/airflow/dags/extract_csv_dag.py took 0.124 seconds
[2025-04-09T17:06:50.411+0000] {processor.py:157} INFO - Started process (PID=6880) to work on /workspaces/hands-on-introduction-data-engineering-4395021/airflow/dags/extract_csv_dag.py
[2025-04-09T17:06:50.412+0000] {processor.py:826} INFO - Processing file /workspaces/hands-on-introduction-data-engineering-4395021/airflow/dags/extract_csv_dag.py for tasks to queue
[2025-04-09T17:06:50.413+0000] {logging_mixin.py:150} INFO - [2025-04-09T17:06:50.412+0000] {dagbag.py:541} INFO - Filling up the DagBag from /workspaces/hands-on-introduction-data-engineering-4395021/airflow/dags/extract_csv_dag.py
[2025-04-09T17:06:50.421+0000] {processor.py:836} INFO - DAG(s) dict_keys(['extract_csv_dag']) retrieved from /workspaces/hands-on-introduction-data-engineering-4395021/airflow/dags/extract_csv_dag.py
[2025-04-09T17:06:50.427+0000] {logging_mixin.py:150} INFO - [2025-04-09T17:06:50.427+0000] {dag.py:2742} INFO - Sync 1 DAGs
[2025-04-09T17:06:50.442+0000] {logging_mixin.py:150} INFO - [2025-04-09T17:06:50.442+0000] {dag.py:3504} INFO - Setting next_dagrun for extract_csv_dag to None, run_after=None
[2025-04-09T17:06:50.457+0000] {processor.py:179} INFO - Processing /workspaces/hands-on-introduction-data-engineering-4395021/airflow/dags/extract_csv_dag.py took 0.048 seconds
[2025-04-09T17:07:05.542+0000] {processor.py:157} INFO - Started process (PID=6973) to work on /workspaces/hands-on-introduction-data-engineering-4395021/airflow/dags/extract_csv_dag.py
[2025-04-09T17:07:05.543+0000] {processor.py:826} INFO - Processing file /workspaces/hands-on-introduction-data-engineering-4395021/airflow/dags/extract_csv_dag.py for tasks to queue
[2025-04-09T17:07:05.544+0000] {logging_mixin.py:150} INFO - [2025-04-09T17:07:05.543+0000] {dagbag.py:541} INFO - Filling up the DagBag from /workspaces/hands-on-introduction-data-engineering-4395021/airflow/dags/extract_csv_dag.py
[2025-04-09T17:07:05.551+0000] {processor.py:836} INFO - DAG(s) dict_keys(['extract_csv_dag']) retrieved from /workspaces/hands-on-introduction-data-engineering-4395021/airflow/dags/extract_csv_dag.py
[2025-04-09T17:07:05.558+0000] {logging_mixin.py:150} INFO - [2025-04-09T17:07:05.558+0000] {dag.py:2742} INFO - Sync 1 DAGs
[2025-04-09T17:07:05.572+0000] {logging_mixin.py:150} INFO - [2025-04-09T17:07:05.572+0000] {dag.py:3504} INFO - Setting next_dagrun for extract_csv_dag to None, run_after=None
[2025-04-09T17:07:05.587+0000] {processor.py:179} INFO - Processing /workspaces/hands-on-introduction-data-engineering-4395021/airflow/dags/extract_csv_dag.py took 0.048 seconds
[2025-04-09T17:07:28.195+0000] {processor.py:157} INFO - Started process (PID=7126) to work on /workspaces/hands-on-introduction-data-engineering-4395021/airflow/dags/extract_csv_dag.py
[2025-04-09T17:07:28.195+0000] {processor.py:826} INFO - Processing file /workspaces/hands-on-introduction-data-engineering-4395021/airflow/dags/extract_csv_dag.py for tasks to queue
[2025-04-09T17:07:28.196+0000] {logging_mixin.py:150} INFO - [2025-04-09T17:07:28.196+0000] {dagbag.py:541} INFO - Filling up the DagBag from /workspaces/hands-on-introduction-data-engineering-4395021/airflow/dags/extract_csv_dag.py
[2025-04-09T17:07:28.204+0000] {processor.py:836} INFO - DAG(s) dict_keys(['extract_csv_dag']) retrieved from /workspaces/hands-on-introduction-data-engineering-4395021/airflow/dags/extract_csv_dag.py
[2025-04-09T17:07:28.331+0000] {logging_mixin.py:150} INFO - [2025-04-09T17:07:28.331+0000] {dag.py:2742} INFO - Sync 1 DAGs
[2025-04-09T17:07:28.344+0000] {logging_mixin.py:150} INFO - [2025-04-09T17:07:28.344+0000] {dag.py:3504} INFO - Setting next_dagrun for extract_csv_dag to None, run_after=None
[2025-04-09T17:07:28.359+0000] {processor.py:179} INFO - Processing /workspaces/hands-on-introduction-data-engineering-4395021/airflow/dags/extract_csv_dag.py took 0.167 seconds
[2025-04-09T17:07:53.023+0000] {processor.py:157} INFO - Started process (PID=7297) to work on /workspaces/hands-on-introduction-data-engineering-4395021/airflow/dags/extract_csv_dag.py
[2025-04-09T17:07:53.024+0000] {processor.py:826} INFO - Processing file /workspaces/hands-on-introduction-data-engineering-4395021/airflow/dags/extract_csv_dag.py for tasks to queue
[2025-04-09T17:07:53.025+0000] {logging_mixin.py:150} INFO - [2025-04-09T17:07:53.024+0000] {dagbag.py:541} INFO - Filling up the DagBag from /workspaces/hands-on-introduction-data-engineering-4395021/airflow/dags/extract_csv_dag.py
[2025-04-09T17:07:53.033+0000] {processor.py:836} INFO - DAG(s) dict_keys(['extract_csv_dag']) retrieved from /workspaces/hands-on-introduction-data-engineering-4395021/airflow/dags/extract_csv_dag.py
[2025-04-09T17:07:53.040+0000] {logging_mixin.py:150} INFO - [2025-04-09T17:07:53.040+0000] {dag.py:2742} INFO - Sync 1 DAGs
[2025-04-09T17:07:53.056+0000] {logging_mixin.py:150} INFO - [2025-04-09T17:07:53.056+0000] {dag.py:3504} INFO - Setting next_dagrun for extract_csv_dag to None, run_after=None
[2025-04-09T17:07:53.071+0000] {processor.py:179} INFO - Processing /workspaces/hands-on-introduction-data-engineering-4395021/airflow/dags/extract_csv_dag.py took 0.050 seconds
[2025-04-09T17:07:57.360+0000] {processor.py:157} INFO - Started process (PID=7326) to work on /workspaces/hands-on-introduction-data-engineering-4395021/airflow/dags/extract_csv_dag.py
[2025-04-09T17:07:57.360+0000] {processor.py:826} INFO - Processing file /workspaces/hands-on-introduction-data-engineering-4395021/airflow/dags/extract_csv_dag.py for tasks to queue
[2025-04-09T17:07:57.361+0000] {logging_mixin.py:150} INFO - [2025-04-09T17:07:57.361+0000] {dagbag.py:541} INFO - Filling up the DagBag from /workspaces/hands-on-introduction-data-engineering-4395021/airflow/dags/extract_csv_dag.py
[2025-04-09T17:07:57.373+0000] {processor.py:836} INFO - DAG(s) dict_keys(['extract_csv_dag']) retrieved from /workspaces/hands-on-introduction-data-engineering-4395021/airflow/dags/extract_csv_dag.py
[2025-04-09T17:07:57.382+0000] {logging_mixin.py:150} INFO - [2025-04-09T17:07:57.382+0000] {dag.py:2742} INFO - Sync 1 DAGs
[2025-04-09T17:07:57.411+0000] {logging_mixin.py:150} INFO - [2025-04-09T17:07:57.411+0000] {dag.py:3504} INFO - Setting next_dagrun for extract_csv_dag to None, run_after=None
[2025-04-09T17:07:57.431+0000] {processor.py:179} INFO - Processing /workspaces/hands-on-introduction-data-engineering-4395021/airflow/dags/extract_csv_dag.py took 0.075 seconds
[2025-04-09T17:07:58.507+0000] {processor.py:157} INFO - Started process (PID=7328) to work on /workspaces/hands-on-introduction-data-engineering-4395021/airflow/dags/extract_csv_dag.py
[2025-04-09T17:07:58.507+0000] {processor.py:826} INFO - Processing file /workspaces/hands-on-introduction-data-engineering-4395021/airflow/dags/extract_csv_dag.py for tasks to queue
[2025-04-09T17:07:58.508+0000] {logging_mixin.py:150} INFO - [2025-04-09T17:07:58.508+0000] {dagbag.py:541} INFO - Filling up the DagBag from /workspaces/hands-on-introduction-data-engineering-4395021/airflow/dags/extract_csv_dag.py
[2025-04-09T17:07:58.516+0000] {processor.py:836} INFO - DAG(s) dict_keys(['extract_csv_dag']) retrieved from /workspaces/hands-on-introduction-data-engineering-4395021/airflow/dags/extract_csv_dag.py
[2025-04-09T17:07:58.591+0000] {logging_mixin.py:150} INFO - [2025-04-09T17:07:58.591+0000] {dag.py:2742} INFO - Sync 1 DAGs
[2025-04-09T17:07:58.603+0000] {logging_mixin.py:150} INFO - [2025-04-09T17:07:58.603+0000] {dag.py:3504} INFO - Setting next_dagrun for extract_csv_dag to None, run_after=None
[2025-04-09T17:07:58.619+0000] {processor.py:179} INFO - Processing /workspaces/hands-on-introduction-data-engineering-4395021/airflow/dags/extract_csv_dag.py took 0.115 seconds
[2025-04-09T17:08:02.026+0000] {processor.py:157} INFO - Started process (PID=7362) to work on /workspaces/hands-on-introduction-data-engineering-4395021/airflow/dags/extract_csv_dag.py
[2025-04-09T17:08:02.027+0000] {processor.py:826} INFO - Processing file /workspaces/hands-on-introduction-data-engineering-4395021/airflow/dags/extract_csv_dag.py for tasks to queue
[2025-04-09T17:08:02.028+0000] {logging_mixin.py:150} INFO - [2025-04-09T17:08:02.028+0000] {dagbag.py:541} INFO - Filling up the DagBag from /workspaces/hands-on-introduction-data-engineering-4395021/airflow/dags/extract_csv_dag.py
[2025-04-09T17:08:02.035+0000] {processor.py:836} INFO - DAG(s) dict_keys(['extract_csv_dag']) retrieved from /workspaces/hands-on-introduction-data-engineering-4395021/airflow/dags/extract_csv_dag.py
[2025-04-09T17:08:02.041+0000] {logging_mixin.py:150} INFO - [2025-04-09T17:08:02.041+0000] {dag.py:2742} INFO - Sync 1 DAGs
[2025-04-09T17:08:02.058+0000] {logging_mixin.py:150} INFO - [2025-04-09T17:08:02.058+0000] {dag.py:3504} INFO - Setting next_dagrun for extract_csv_dag to None, run_after=None
[2025-04-09T17:08:02.073+0000] {processor.py:179} INFO - Processing /workspaces/hands-on-introduction-data-engineering-4395021/airflow/dags/extract_csv_dag.py took 0.050 seconds
[2025-04-09T17:08:05.221+0000] {processor.py:157} INFO - Started process (PID=7384) to work on /workspaces/hands-on-introduction-data-engineering-4395021/airflow/dags/extract_csv_dag.py
[2025-04-09T17:08:05.222+0000] {processor.py:826} INFO - Processing file /workspaces/hands-on-introduction-data-engineering-4395021/airflow/dags/extract_csv_dag.py for tasks to queue
[2025-04-09T17:08:05.222+0000] {logging_mixin.py:150} INFO - [2025-04-09T17:08:05.222+0000] {dagbag.py:541} INFO - Filling up the DagBag from /workspaces/hands-on-introduction-data-engineering-4395021/airflow/dags/extract_csv_dag.py
[2025-04-09T17:08:05.230+0000] {processor.py:836} INFO - DAG(s) dict_keys(['extract_csv_dag']) retrieved from /workspaces/hands-on-introduction-data-engineering-4395021/airflow/dags/extract_csv_dag.py
[2025-04-09T17:08:05.237+0000] {logging_mixin.py:150} INFO - [2025-04-09T17:08:05.237+0000] {dag.py:2742} INFO - Sync 1 DAGs
[2025-04-09T17:08:05.252+0000] {logging_mixin.py:150} INFO - [2025-04-09T17:08:05.252+0000] {dag.py:3504} INFO - Setting next_dagrun for extract_csv_dag to None, run_after=None
[2025-04-09T17:08:05.266+0000] {processor.py:179} INFO - Processing /workspaces/hands-on-introduction-data-engineering-4395021/airflow/dags/extract_csv_dag.py took 0.048 seconds
[2025-04-09T17:08:18.623+0000] {processor.py:157} INFO - Started process (PID=7468) to work on /workspaces/hands-on-introduction-data-engineering-4395021/airflow/dags/extract_csv_dag.py
[2025-04-09T17:08:18.625+0000] {processor.py:826} INFO - Processing file /workspaces/hands-on-introduction-data-engineering-4395021/airflow/dags/extract_csv_dag.py for tasks to queue
[2025-04-09T17:08:18.626+0000] {logging_mixin.py:150} INFO - [2025-04-09T17:08:18.625+0000] {dagbag.py:541} INFO - Filling up the DagBag from /workspaces/hands-on-introduction-data-engineering-4395021/airflow/dags/extract_csv_dag.py
[2025-04-09T17:08:18.640+0000] {processor.py:836} INFO - DAG(s) dict_keys(['extract_csv_dag']) retrieved from /workspaces/hands-on-introduction-data-engineering-4395021/airflow/dags/extract_csv_dag.py
[2025-04-09T17:08:18.647+0000] {logging_mixin.py:150} INFO - [2025-04-09T17:08:18.646+0000] {dag.py:2742} INFO - Sync 1 DAGs
[2025-04-09T17:08:18.662+0000] {logging_mixin.py:150} INFO - [2025-04-09T17:08:18.661+0000] {dag.py:3504} INFO - Setting next_dagrun for extract_csv_dag to None, run_after=None
[2025-04-09T17:08:18.676+0000] {processor.py:179} INFO - Processing /workspaces/hands-on-introduction-data-engineering-4395021/airflow/dags/extract_csv_dag.py took 0.057 seconds
[2025-04-09T17:08:49.099+0000] {processor.py:157} INFO - Started process (PID=7764) to work on /workspaces/hands-on-introduction-data-engineering-4395021/airflow/dags/extract_csv_dag.py
[2025-04-09T17:08:49.100+0000] {processor.py:826} INFO - Processing file /workspaces/hands-on-introduction-data-engineering-4395021/airflow/dags/extract_csv_dag.py for tasks to queue
[2025-04-09T17:08:49.101+0000] {logging_mixin.py:150} INFO - [2025-04-09T17:08:49.100+0000] {dagbag.py:541} INFO - Filling up the DagBag from /workspaces/hands-on-introduction-data-engineering-4395021/airflow/dags/extract_csv_dag.py
[2025-04-09T17:08:49.108+0000] {processor.py:836} INFO - DAG(s) dict_keys(['extract_csv_dag']) retrieved from /workspaces/hands-on-introduction-data-engineering-4395021/airflow/dags/extract_csv_dag.py
[2025-04-09T17:08:49.182+0000] {logging_mixin.py:150} INFO - [2025-04-09T17:08:49.181+0000] {dag.py:2742} INFO - Sync 1 DAGs
[2025-04-09T17:08:49.194+0000] {logging_mixin.py:150} INFO - [2025-04-09T17:08:49.194+0000] {dag.py:3504} INFO - Setting next_dagrun for extract_csv_dag to None, run_after=None
[2025-04-09T17:08:49.209+0000] {processor.py:179} INFO - Processing /workspaces/hands-on-introduction-data-engineering-4395021/airflow/dags/extract_csv_dag.py took 0.113 seconds
[2025-04-09T17:09:19.390+0000] {processor.py:157} INFO - Started process (PID=8055) to work on /workspaces/hands-on-introduction-data-engineering-4395021/airflow/dags/extract_csv_dag.py
[2025-04-09T17:09:19.391+0000] {processor.py:826} INFO - Processing file /workspaces/hands-on-introduction-data-engineering-4395021/airflow/dags/extract_csv_dag.py for tasks to queue
[2025-04-09T17:09:19.392+0000] {logging_mixin.py:150} INFO - [2025-04-09T17:09:19.391+0000] {dagbag.py:541} INFO - Filling up the DagBag from /workspaces/hands-on-introduction-data-engineering-4395021/airflow/dags/extract_csv_dag.py
[2025-04-09T17:09:19.399+0000] {processor.py:836} INFO - DAG(s) dict_keys(['extract_csv_dag']) retrieved from /workspaces/hands-on-introduction-data-engineering-4395021/airflow/dags/extract_csv_dag.py
[2025-04-09T17:09:19.416+0000] {logging_mixin.py:150} INFO - [2025-04-09T17:09:19.416+0000] {dag.py:2742} INFO - Sync 1 DAGs
[2025-04-09T17:09:19.429+0000] {logging_mixin.py:150} INFO - [2025-04-09T17:09:19.429+0000] {dag.py:3504} INFO - Setting next_dagrun for extract_csv_dag to None, run_after=None
[2025-04-09T17:09:19.443+0000] {processor.py:179} INFO - Processing /workspaces/hands-on-introduction-data-engineering-4395021/airflow/dags/extract_csv_dag.py took 0.055 seconds
[2025-04-09T17:09:49.673+0000] {processor.py:157} INFO - Started process (PID=8380) to work on /workspaces/hands-on-introduction-data-engineering-4395021/airflow/dags/extract_csv_dag.py
[2025-04-09T17:09:49.674+0000] {processor.py:826} INFO - Processing file /workspaces/hands-on-introduction-data-engineering-4395021/airflow/dags/extract_csv_dag.py for tasks to queue
[2025-04-09T17:09:49.675+0000] {logging_mixin.py:150} INFO - [2025-04-09T17:09:49.675+0000] {dagbag.py:541} INFO - Filling up the DagBag from /workspaces/hands-on-introduction-data-engineering-4395021/airflow/dags/extract_csv_dag.py
[2025-04-09T17:09:49.682+0000] {processor.py:836} INFO - DAG(s) dict_keys(['extract_csv_dag']) retrieved from /workspaces/hands-on-introduction-data-engineering-4395021/airflow/dags/extract_csv_dag.py
[2025-04-09T17:09:49.700+0000] {logging_mixin.py:150} INFO - [2025-04-09T17:09:49.700+0000] {dag.py:2742} INFO - Sync 1 DAGs
[2025-04-09T17:09:49.713+0000] {logging_mixin.py:150} INFO - [2025-04-09T17:09:49.713+0000] {dag.py:3504} INFO - Setting next_dagrun for extract_csv_dag to None, run_after=None
[2025-04-09T17:09:49.727+0000] {processor.py:179} INFO - Processing /workspaces/hands-on-introduction-data-engineering-4395021/airflow/dags/extract_csv_dag.py took 0.056 seconds
[2025-04-09T17:10:19.997+0000] {processor.py:157} INFO - Started process (PID=8643) to work on /workspaces/hands-on-introduction-data-engineering-4395021/airflow/dags/extract_csv_dag.py
[2025-04-09T17:10:19.998+0000] {processor.py:826} INFO - Processing file /workspaces/hands-on-introduction-data-engineering-4395021/airflow/dags/extract_csv_dag.py for tasks to queue
[2025-04-09T17:10:19.999+0000] {logging_mixin.py:150} INFO - [2025-04-09T17:10:19.998+0000] {dagbag.py:541} INFO - Filling up the DagBag from /workspaces/hands-on-introduction-data-engineering-4395021/airflow/dags/extract_csv_dag.py
[2025-04-09T17:10:20.007+0000] {processor.py:836} INFO - DAG(s) dict_keys(['extract_csv_dag']) retrieved from /workspaces/hands-on-introduction-data-engineering-4395021/airflow/dags/extract_csv_dag.py
[2025-04-09T17:10:20.031+0000] {logging_mixin.py:150} INFO - [2025-04-09T17:10:20.031+0000] {dag.py:2742} INFO - Sync 1 DAGs
[2025-04-09T17:10:20.048+0000] {logging_mixin.py:150} INFO - [2025-04-09T17:10:20.047+0000] {dag.py:3504} INFO - Setting next_dagrun for extract_csv_dag to None, run_after=None
[2025-04-09T17:10:20.062+0000] {processor.py:179} INFO - Processing /workspaces/hands-on-introduction-data-engineering-4395021/airflow/dags/extract_csv_dag.py took 0.068 seconds
[2025-04-09T17:10:50.834+0000] {processor.py:157} INFO - Started process (PID=8958) to work on /workspaces/hands-on-introduction-data-engineering-4395021/airflow/dags/extract_csv_dag.py
[2025-04-09T17:10:50.835+0000] {processor.py:826} INFO - Processing file /workspaces/hands-on-introduction-data-engineering-4395021/airflow/dags/extract_csv_dag.py for tasks to queue
[2025-04-09T17:10:50.835+0000] {logging_mixin.py:150} INFO - [2025-04-09T17:10:50.835+0000] {dagbag.py:541} INFO - Filling up the DagBag from /workspaces/hands-on-introduction-data-engineering-4395021/airflow/dags/extract_csv_dag.py
[2025-04-09T17:10:50.843+0000] {processor.py:836} INFO - DAG(s) dict_keys(['extract_csv_dag']) retrieved from /workspaces/hands-on-introduction-data-engineering-4395021/airflow/dags/extract_csv_dag.py
[2025-04-09T17:10:50.861+0000] {logging_mixin.py:150} INFO - [2025-04-09T17:10:50.860+0000] {dag.py:2742} INFO - Sync 1 DAGs
[2025-04-09T17:10:50.874+0000] {logging_mixin.py:150} INFO - [2025-04-09T17:10:50.874+0000] {dag.py:3504} INFO - Setting next_dagrun for extract_csv_dag to None, run_after=None
[2025-04-09T17:10:50.888+0000] {processor.py:179} INFO - Processing /workspaces/hands-on-introduction-data-engineering-4395021/airflow/dags/extract_csv_dag.py took 0.057 seconds
[2025-04-09T17:11:09.525+0000] {processor.py:157} INFO - Started process (PID=9146) to work on /workspaces/hands-on-introduction-data-engineering-4395021/airflow/dags/extract_csv_dag.py
[2025-04-09T17:11:09.526+0000] {processor.py:826} INFO - Processing file /workspaces/hands-on-introduction-data-engineering-4395021/airflow/dags/extract_csv_dag.py for tasks to queue
[2025-04-09T17:11:09.526+0000] {logging_mixin.py:150} INFO - [2025-04-09T17:11:09.526+0000] {dagbag.py:541} INFO - Filling up the DagBag from /workspaces/hands-on-introduction-data-engineering-4395021/airflow/dags/extract_csv_dag.py
[2025-04-09T17:11:09.534+0000] {processor.py:836} INFO - DAG(s) dict_keys(['extract_csv_dag']) retrieved from /workspaces/hands-on-introduction-data-engineering-4395021/airflow/dags/extract_csv_dag.py
[2025-04-09T17:11:09.646+0000] {logging_mixin.py:150} INFO - [2025-04-09T17:11:09.646+0000] {dag.py:2742} INFO - Sync 1 DAGs
[2025-04-09T17:11:09.666+0000] {logging_mixin.py:150} INFO - [2025-04-09T17:11:09.665+0000] {dag.py:3504} INFO - Setting next_dagrun for extract_csv_dag to None, run_after=None
[2025-04-09T17:11:09.680+0000] {processor.py:179} INFO - Processing /workspaces/hands-on-introduction-data-engineering-4395021/airflow/dags/extract_csv_dag.py took 0.158 seconds
[2025-04-09T17:11:12.468+0000] {processor.py:157} INFO - Started process (PID=9173) to work on /workspaces/hands-on-introduction-data-engineering-4395021/airflow/dags/extract_csv_dag.py
[2025-04-09T17:11:12.469+0000] {processor.py:826} INFO - Processing file /workspaces/hands-on-introduction-data-engineering-4395021/airflow/dags/extract_csv_dag.py for tasks to queue
[2025-04-09T17:11:12.469+0000] {logging_mixin.py:150} INFO - [2025-04-09T17:11:12.469+0000] {dagbag.py:541} INFO - Filling up the DagBag from /workspaces/hands-on-introduction-data-engineering-4395021/airflow/dags/extract_csv_dag.py
[2025-04-09T17:11:12.477+0000] {processor.py:836} INFO - DAG(s) dict_keys(['extract_csv_dag']) retrieved from /workspaces/hands-on-introduction-data-engineering-4395021/airflow/dags/extract_csv_dag.py
[2025-04-09T17:11:12.484+0000] {logging_mixin.py:150} INFO - [2025-04-09T17:11:12.484+0000] {dag.py:2742} INFO - Sync 1 DAGs
[2025-04-09T17:11:12.498+0000] {logging_mixin.py:150} INFO - [2025-04-09T17:11:12.498+0000] {dag.py:3504} INFO - Setting next_dagrun for extract_csv_dag to None, run_after=None
[2025-04-09T17:11:12.514+0000] {processor.py:179} INFO - Processing /workspaces/hands-on-introduction-data-engineering-4395021/airflow/dags/extract_csv_dag.py took 0.049 seconds
[2025-04-09T17:11:40.920+0000] {processor.py:157} INFO - Started process (PID=9445) to work on /workspaces/hands-on-introduction-data-engineering-4395021/airflow/dags/extract_csv_dag.py
[2025-04-09T17:11:40.921+0000] {processor.py:826} INFO - Processing file /workspaces/hands-on-introduction-data-engineering-4395021/airflow/dags/extract_csv_dag.py for tasks to queue
[2025-04-09T17:11:40.922+0000] {logging_mixin.py:150} INFO - [2025-04-09T17:11:40.922+0000] {dagbag.py:541} INFO - Filling up the DagBag from /workspaces/hands-on-introduction-data-engineering-4395021/airflow/dags/extract_csv_dag.py
[2025-04-09T17:11:40.933+0000] {processor.py:836} INFO - DAG(s) dict_keys(['extract_csv_dag']) retrieved from /workspaces/hands-on-introduction-data-engineering-4395021/airflow/dags/extract_csv_dag.py
[2025-04-09T17:11:41.059+0000] {logging_mixin.py:150} INFO - [2025-04-09T17:11:41.058+0000] {dag.py:2742} INFO - Sync 1 DAGs
[2025-04-09T17:11:41.088+0000] {logging_mixin.py:150} INFO - [2025-04-09T17:11:41.088+0000] {dag.py:3504} INFO - Setting next_dagrun for extract_csv_dag to None, run_after=None
[2025-04-09T17:11:41.103+0000] {processor.py:179} INFO - Processing /workspaces/hands-on-introduction-data-engineering-4395021/airflow/dags/extract_csv_dag.py took 0.186 seconds
[2025-04-09T17:11:42.832+0000] {processor.py:157} INFO - Started process (PID=9460) to work on /workspaces/hands-on-introduction-data-engineering-4395021/airflow/dags/extract_csv_dag.py
[2025-04-09T17:11:42.832+0000] {processor.py:826} INFO - Processing file /workspaces/hands-on-introduction-data-engineering-4395021/airflow/dags/extract_csv_dag.py for tasks to queue
[2025-04-09T17:11:42.833+0000] {logging_mixin.py:150} INFO - [2025-04-09T17:11:42.833+0000] {dagbag.py:541} INFO - Filling up the DagBag from /workspaces/hands-on-introduction-data-engineering-4395021/airflow/dags/extract_csv_dag.py
[2025-04-09T17:11:42.841+0000] {processor.py:836} INFO - DAG(s) dict_keys(['extract_csv_dag']) retrieved from /workspaces/hands-on-introduction-data-engineering-4395021/airflow/dags/extract_csv_dag.py
[2025-04-09T17:11:42.848+0000] {logging_mixin.py:150} INFO - [2025-04-09T17:11:42.847+0000] {dag.py:2742} INFO - Sync 1 DAGs
[2025-04-09T17:11:42.863+0000] {logging_mixin.py:150} INFO - [2025-04-09T17:11:42.863+0000] {dag.py:3504} INFO - Setting next_dagrun for extract_csv_dag to None, run_after=None
[2025-04-09T17:11:42.878+0000] {processor.py:179} INFO - Processing /workspaces/hands-on-introduction-data-engineering-4395021/airflow/dags/extract_csv_dag.py took 0.049 seconds
[2025-04-09T17:12:13.014+0000] {processor.py:157} INFO - Started process (PID=9771) to work on /workspaces/hands-on-introduction-data-engineering-4395021/airflow/dags/extract_csv_dag.py
[2025-04-09T17:12:13.015+0000] {processor.py:826} INFO - Processing file /workspaces/hands-on-introduction-data-engineering-4395021/airflow/dags/extract_csv_dag.py for tasks to queue
[2025-04-09T17:12:13.016+0000] {logging_mixin.py:150} INFO - [2025-04-09T17:12:13.015+0000] {dagbag.py:541} INFO - Filling up the DagBag from /workspaces/hands-on-introduction-data-engineering-4395021/airflow/dags/extract_csv_dag.py
[2025-04-09T17:12:13.023+0000] {processor.py:836} INFO - DAG(s) dict_keys(['extract_csv_dag']) retrieved from /workspaces/hands-on-introduction-data-engineering-4395021/airflow/dags/extract_csv_dag.py
[2025-04-09T17:12:13.096+0000] {logging_mixin.py:150} INFO - [2025-04-09T17:12:13.096+0000] {dag.py:2742} INFO - Sync 1 DAGs
[2025-04-09T17:12:13.108+0000] {logging_mixin.py:150} INFO - [2025-04-09T17:12:13.107+0000] {dag.py:3504} INFO - Setting next_dagrun for extract_csv_dag to None, run_after=None
[2025-04-09T17:12:13.123+0000] {processor.py:179} INFO - Processing /workspaces/hands-on-introduction-data-engineering-4395021/airflow/dags/extract_csv_dag.py took 0.111 seconds
[2025-04-09T17:12:43.508+0000] {processor.py:157} INFO - Started process (PID=10101) to work on /workspaces/hands-on-introduction-data-engineering-4395021/airflow/dags/extract_csv_dag.py
[2025-04-09T17:12:43.509+0000] {processor.py:826} INFO - Processing file /workspaces/hands-on-introduction-data-engineering-4395021/airflow/dags/extract_csv_dag.py for tasks to queue
[2025-04-09T17:12:43.510+0000] {logging_mixin.py:150} INFO - [2025-04-09T17:12:43.510+0000] {dagbag.py:541} INFO - Filling up the DagBag from /workspaces/hands-on-introduction-data-engineering-4395021/airflow/dags/extract_csv_dag.py
[2025-04-09T17:12:43.517+0000] {processor.py:836} INFO - DAG(s) dict_keys(['extract_csv_dag']) retrieved from /workspaces/hands-on-introduction-data-engineering-4395021/airflow/dags/extract_csv_dag.py
[2025-04-09T17:12:43.535+0000] {logging_mixin.py:150} INFO - [2025-04-09T17:12:43.535+0000] {dag.py:2742} INFO - Sync 1 DAGs
[2025-04-09T17:12:43.548+0000] {logging_mixin.py:150} INFO - [2025-04-09T17:12:43.548+0000] {dag.py:3504} INFO - Setting next_dagrun for extract_csv_dag to None, run_after=None
[2025-04-09T17:12:43.561+0000] {processor.py:179} INFO - Processing /workspaces/hands-on-introduction-data-engineering-4395021/airflow/dags/extract_csv_dag.py took 0.055 seconds
[2025-04-09T17:12:50.900+0000] {processor.py:157} INFO - Started process (PID=10155) to work on /workspaces/hands-on-introduction-data-engineering-4395021/airflow/dags/extract_csv_dag.py
[2025-04-09T17:12:50.900+0000] {processor.py:826} INFO - Processing file /workspaces/hands-on-introduction-data-engineering-4395021/airflow/dags/extract_csv_dag.py for tasks to queue
[2025-04-09T17:12:50.901+0000] {logging_mixin.py:150} INFO - [2025-04-09T17:12:50.901+0000] {dagbag.py:541} INFO - Filling up the DagBag from /workspaces/hands-on-introduction-data-engineering-4395021/airflow/dags/extract_csv_dag.py
[2025-04-09T17:12:50.909+0000] {processor.py:836} INFO - DAG(s) dict_keys(['extract_csv_dag']) retrieved from /workspaces/hands-on-introduction-data-engineering-4395021/airflow/dags/extract_csv_dag.py
[2025-04-09T17:12:50.987+0000] {logging_mixin.py:150} INFO - [2025-04-09T17:12:50.987+0000] {dag.py:2742} INFO - Sync 1 DAGs
[2025-04-09T17:12:50.999+0000] {logging_mixin.py:150} INFO - [2025-04-09T17:12:50.999+0000] {dag.py:3504} INFO - Setting next_dagrun for extract_csv_dag to None, run_after=None
[2025-04-09T17:12:51.014+0000] {processor.py:179} INFO - Processing /workspaces/hands-on-introduction-data-engineering-4395021/airflow/dags/extract_csv_dag.py took 0.116 seconds
[2025-04-09T17:12:53.674+0000] {processor.py:157} INFO - Started process (PID=10183) to work on /workspaces/hands-on-introduction-data-engineering-4395021/airflow/dags/extract_csv_dag.py
[2025-04-09T17:12:53.675+0000] {processor.py:826} INFO - Processing file /workspaces/hands-on-introduction-data-engineering-4395021/airflow/dags/extract_csv_dag.py for tasks to queue
[2025-04-09T17:12:53.676+0000] {logging_mixin.py:150} INFO - [2025-04-09T17:12:53.676+0000] {dagbag.py:541} INFO - Filling up the DagBag from /workspaces/hands-on-introduction-data-engineering-4395021/airflow/dags/extract_csv_dag.py
[2025-04-09T17:12:53.684+0000] {processor.py:836} INFO - DAG(s) dict_keys(['extract_csv_dag']) retrieved from /workspaces/hands-on-introduction-data-engineering-4395021/airflow/dags/extract_csv_dag.py
[2025-04-09T17:12:53.691+0000] {logging_mixin.py:150} INFO - [2025-04-09T17:12:53.690+0000] {dag.py:2742} INFO - Sync 1 DAGs
[2025-04-09T17:12:53.705+0000] {logging_mixin.py:150} INFO - [2025-04-09T17:12:53.705+0000] {dag.py:3504} INFO - Setting next_dagrun for extract_csv_dag to None, run_after=None
[2025-04-09T17:12:53.720+0000] {processor.py:179} INFO - Processing /workspaces/hands-on-introduction-data-engineering-4395021/airflow/dags/extract_csv_dag.py took 0.048 seconds
[2025-04-09T17:12:55.868+0000] {processor.py:157} INFO - Started process (PID=10197) to work on /workspaces/hands-on-introduction-data-engineering-4395021/airflow/dags/extract_csv_dag.py
[2025-04-09T17:12:55.868+0000] {processor.py:826} INFO - Processing file /workspaces/hands-on-introduction-data-engineering-4395021/airflow/dags/extract_csv_dag.py for tasks to queue
[2025-04-09T17:12:55.869+0000] {logging_mixin.py:150} INFO - [2025-04-09T17:12:55.869+0000] {dagbag.py:541} INFO - Filling up the DagBag from /workspaces/hands-on-introduction-data-engineering-4395021/airflow/dags/extract_csv_dag.py
[2025-04-09T17:12:55.877+0000] {processor.py:836} INFO - DAG(s) dict_keys(['extract_csv_dag']) retrieved from /workspaces/hands-on-introduction-data-engineering-4395021/airflow/dags/extract_csv_dag.py
[2025-04-09T17:12:55.884+0000] {logging_mixin.py:150} INFO - [2025-04-09T17:12:55.884+0000] {dag.py:2742} INFO - Sync 1 DAGs
[2025-04-09T17:12:55.898+0000] {logging_mixin.py:150} INFO - [2025-04-09T17:12:55.898+0000] {dag.py:3504} INFO - Setting next_dagrun for extract_csv_dag to None, run_after=None
[2025-04-09T17:12:55.913+0000] {processor.py:179} INFO - Processing /workspaces/hands-on-introduction-data-engineering-4395021/airflow/dags/extract_csv_dag.py took 0.048 seconds
[2025-04-09T17:13:00.977+0000] {processor.py:157} INFO - Started process (PID=10227) to work on /workspaces/hands-on-introduction-data-engineering-4395021/airflow/dags/extract_csv_dag.py
[2025-04-09T17:13:00.978+0000] {processor.py:826} INFO - Processing file /workspaces/hands-on-introduction-data-engineering-4395021/airflow/dags/extract_csv_dag.py for tasks to queue
[2025-04-09T17:13:00.979+0000] {logging_mixin.py:150} INFO - [2025-04-09T17:13:00.979+0000] {dagbag.py:541} INFO - Filling up the DagBag from /workspaces/hands-on-introduction-data-engineering-4395021/airflow/dags/extract_csv_dag.py
[2025-04-09T17:13:00.996+0000] {processor.py:836} INFO - DAG(s) dict_keys(['extract_csv_dag']) retrieved from /workspaces/hands-on-introduction-data-engineering-4395021/airflow/dags/extract_csv_dag.py
[2025-04-09T17:13:01.005+0000] {logging_mixin.py:150} INFO - [2025-04-09T17:13:01.005+0000] {dag.py:2742} INFO - Sync 1 DAGs
[2025-04-09T17:13:01.033+0000] {logging_mixin.py:150} INFO - [2025-04-09T17:13:01.033+0000] {dag.py:3504} INFO - Setting next_dagrun for extract_csv_dag to None, run_after=None
[2025-04-09T17:13:01.055+0000] {processor.py:179} INFO - Processing /workspaces/hands-on-introduction-data-engineering-4395021/airflow/dags/extract_csv_dag.py took 0.081 seconds
[2025-04-09T17:13:02.147+0000] {processor.py:157} INFO - Started process (PID=10241) to work on /workspaces/hands-on-introduction-data-engineering-4395021/airflow/dags/extract_csv_dag.py
[2025-04-09T17:13:02.148+0000] {processor.py:826} INFO - Processing file /workspaces/hands-on-introduction-data-engineering-4395021/airflow/dags/extract_csv_dag.py for tasks to queue
[2025-04-09T17:13:02.148+0000] {logging_mixin.py:150} INFO - [2025-04-09T17:13:02.148+0000] {dagbag.py:541} INFO - Filling up the DagBag from /workspaces/hands-on-introduction-data-engineering-4395021/airflow/dags/extract_csv_dag.py
[2025-04-09T17:13:02.156+0000] {processor.py:836} INFO - DAG(s) dict_keys(['extract_csv_dag']) retrieved from /workspaces/hands-on-introduction-data-engineering-4395021/airflow/dags/extract_csv_dag.py
[2025-04-09T17:13:02.162+0000] {logging_mixin.py:150} INFO - [2025-04-09T17:13:02.162+0000] {dag.py:2742} INFO - Sync 1 DAGs
[2025-04-09T17:13:02.177+0000] {logging_mixin.py:150} INFO - [2025-04-09T17:13:02.177+0000] {dag.py:3504} INFO - Setting next_dagrun for extract_csv_dag to None, run_after=None
[2025-04-09T17:13:02.191+0000] {processor.py:179} INFO - Processing /workspaces/hands-on-introduction-data-engineering-4395021/airflow/dags/extract_csv_dag.py took 0.047 seconds
[2025-04-09T17:13:18.144+0000] {processor.py:157} INFO - Started process (PID=10345) to work on /workspaces/hands-on-introduction-data-engineering-4395021/airflow/dags/extract_csv_dag.py
[2025-04-09T17:13:18.144+0000] {processor.py:826} INFO - Processing file /workspaces/hands-on-introduction-data-engineering-4395021/airflow/dags/extract_csv_dag.py for tasks to queue
[2025-04-09T17:13:18.145+0000] {logging_mixin.py:150} INFO - [2025-04-09T17:13:18.145+0000] {dagbag.py:541} INFO - Filling up the DagBag from /workspaces/hands-on-introduction-data-engineering-4395021/airflow/dags/extract_csv_dag.py
[2025-04-09T17:13:18.148+0000] {logging_mixin.py:150} INFO - [2025-04-09T17:13:18.147+0000] {dagbag.py:350} ERROR - Failed to import: /workspaces/hands-on-introduction-data-engineering-4395021/airflow/dags/extract_csv_dag.py
Traceback (most recent call last):
  File "/home/vscode/.local/lib/python3.10/site-packages/airflow/models/dagbag.py", line 346, in parse
    loader.exec_module(new_module)
  File "<frozen importlib._bootstrap_external>", line 879, in exec_module
  File "<frozen importlib._bootstrap_external>", line 1017, in get_code
  File "<frozen importlib._bootstrap_external>", line 947, in source_to_code
  File "<frozen importlib._bootstrap>", line 241, in _call_with_frames_removed
  File "/workspaces/hands-on-introduction-data-engineering-4395021/airflow/dags/extract_csv_dag.py", line 24
    bash_command='''wget -c https://datahub.io/core/top-level-domain-names/r/top-level-domain-names.csv.csv -O $AIRFLOW_DAGS/../../lab/manual/top_level_domain_$(date +%Y%m%d%H%M%S).csv',
                 ^
SyntaxError: unterminated triple-quoted string literal (detected at line 26)
[2025-04-09T17:13:18.148+0000] {processor.py:838} WARNING - No viable dags retrieved from /workspaces/hands-on-introduction-data-engineering-4395021/airflow/dags/extract_csv_dag.py
[2025-04-09T17:13:18.161+0000] {processor.py:179} INFO - Processing /workspaces/hands-on-introduction-data-engineering-4395021/airflow/dags/extract_csv_dag.py took 0.021 seconds
[2025-04-09T17:13:20.094+0000] {processor.py:157} INFO - Started process (PID=10360) to work on /workspaces/hands-on-introduction-data-engineering-4395021/airflow/dags/extract_csv_dag.py
[2025-04-09T17:13:20.094+0000] {processor.py:826} INFO - Processing file /workspaces/hands-on-introduction-data-engineering-4395021/airflow/dags/extract_csv_dag.py for tasks to queue
[2025-04-09T17:13:20.095+0000] {logging_mixin.py:150} INFO - [2025-04-09T17:13:20.095+0000] {dagbag.py:541} INFO - Filling up the DagBag from /workspaces/hands-on-introduction-data-engineering-4395021/airflow/dags/extract_csv_dag.py
[2025-04-09T17:13:20.098+0000] {logging_mixin.py:150} INFO - [2025-04-09T17:13:20.097+0000] {dagbag.py:350} ERROR - Failed to import: /workspaces/hands-on-introduction-data-engineering-4395021/airflow/dags/extract_csv_dag.py
Traceback (most recent call last):
  File "/home/vscode/.local/lib/python3.10/site-packages/airflow/models/dagbag.py", line 346, in parse
    loader.exec_module(new_module)
  File "<frozen importlib._bootstrap_external>", line 879, in exec_module
  File "<frozen importlib._bootstrap_external>", line 1017, in get_code
  File "<frozen importlib._bootstrap_external>", line 947, in source_to_code
  File "<frozen importlib._bootstrap>", line 241, in _call_with_frames_removed
  File "/workspaces/hands-on-introduction-data-engineering-4395021/airflow/dags/extract_csv_dag.py", line 24
    bash_command='''
                 ^
SyntaxError: unterminated triple-quoted string literal (detected at line 27)
[2025-04-09T17:13:20.098+0000] {processor.py:838} WARNING - No viable dags retrieved from /workspaces/hands-on-introduction-data-engineering-4395021/airflow/dags/extract_csv_dag.py
[2025-04-09T17:13:20.111+0000] {processor.py:179} INFO - Processing /workspaces/hands-on-introduction-data-engineering-4395021/airflow/dags/extract_csv_dag.py took 0.020 seconds
[2025-04-09T17:13:31.295+0000] {processor.py:157} INFO - Started process (PID=10431) to work on /workspaces/hands-on-introduction-data-engineering-4395021/airflow/dags/extract_csv_dag.py
[2025-04-09T17:13:31.296+0000] {processor.py:826} INFO - Processing file /workspaces/hands-on-introduction-data-engineering-4395021/airflow/dags/extract_csv_dag.py for tasks to queue
[2025-04-09T17:13:31.297+0000] {logging_mixin.py:150} INFO - [2025-04-09T17:13:31.297+0000] {dagbag.py:541} INFO - Filling up the DagBag from /workspaces/hands-on-introduction-data-engineering-4395021/airflow/dags/extract_csv_dag.py
[2025-04-09T17:13:31.299+0000] {logging_mixin.py:150} INFO - [2025-04-09T17:13:31.299+0000] {dagbag.py:350} ERROR - Failed to import: /workspaces/hands-on-introduction-data-engineering-4395021/airflow/dags/extract_csv_dag.py
Traceback (most recent call last):
  File "/home/vscode/.local/lib/python3.10/site-packages/airflow/models/dagbag.py", line 346, in parse
    loader.exec_module(new_module)
  File "<frozen importlib._bootstrap_external>", line 879, in exec_module
  File "<frozen importlib._bootstrap_external>", line 1017, in get_code
  File "<frozen importlib._bootstrap_external>", line 947, in source_to_code
  File "<frozen importlib._bootstrap>", line 241, in _call_with_frames_removed
  File "/workspaces/hands-on-introduction-data-engineering-4395021/airflow/dags/extract_csv_dag.py", line 24
    bash_command='''
                 ^
SyntaxError: unterminated triple-quoted string literal (detected at line 28)
[2025-04-09T17:13:31.300+0000] {processor.py:838} WARNING - No viable dags retrieved from /workspaces/hands-on-introduction-data-engineering-4395021/airflow/dags/extract_csv_dag.py
[2025-04-09T17:13:31.313+0000] {processor.py:179} INFO - Processing /workspaces/hands-on-introduction-data-engineering-4395021/airflow/dags/extract_csv_dag.py took 0.020 seconds
[2025-04-09T17:13:39.400+0000] {processor.py:157} INFO - Started process (PID=10487) to work on /workspaces/hands-on-introduction-data-engineering-4395021/airflow/dags/extract_csv_dag.py
[2025-04-09T17:13:39.400+0000] {processor.py:826} INFO - Processing file /workspaces/hands-on-introduction-data-engineering-4395021/airflow/dags/extract_csv_dag.py for tasks to queue
[2025-04-09T17:13:39.401+0000] {logging_mixin.py:150} INFO - [2025-04-09T17:13:39.401+0000] {dagbag.py:541} INFO - Filling up the DagBag from /workspaces/hands-on-introduction-data-engineering-4395021/airflow/dags/extract_csv_dag.py
[2025-04-09T17:13:39.403+0000] {logging_mixin.py:150} INFO - [2025-04-09T17:13:39.403+0000] {dagbag.py:350} ERROR - Failed to import: /workspaces/hands-on-introduction-data-engineering-4395021/airflow/dags/extract_csv_dag.py
Traceback (most recent call last):
  File "/home/vscode/.local/lib/python3.10/site-packages/airflow/models/dagbag.py", line 346, in parse
    loader.exec_module(new_module)
  File "<frozen importlib._bootstrap_external>", line 879, in exec_module
  File "<frozen importlib._bootstrap_external>", line 1017, in get_code
  File "<frozen importlib._bootstrap_external>", line 947, in source_to_code
  File "<frozen importlib._bootstrap>", line 241, in _call_with_frames_removed
  File "/workspaces/hands-on-introduction-data-engineering-4395021/airflow/dags/extract_csv_dag.py", line 24
    bash_command='''
                 ^
SyntaxError: unterminated triple-quoted string literal (detected at line 29)
[2025-04-09T17:13:39.404+0000] {processor.py:838} WARNING - No viable dags retrieved from /workspaces/hands-on-introduction-data-engineering-4395021/airflow/dags/extract_csv_dag.py
[2025-04-09T17:13:39.417+0000] {processor.py:179} INFO - Processing /workspaces/hands-on-introduction-data-engineering-4395021/airflow/dags/extract_csv_dag.py took 0.021 seconds
[2025-04-09T17:13:40.535+0000] {processor.py:157} INFO - Started process (PID=10495) to work on /workspaces/hands-on-introduction-data-engineering-4395021/airflow/dags/extract_csv_dag.py
[2025-04-09T17:13:40.536+0000] {processor.py:826} INFO - Processing file /workspaces/hands-on-introduction-data-engineering-4395021/airflow/dags/extract_csv_dag.py for tasks to queue
[2025-04-09T17:13:40.536+0000] {logging_mixin.py:150} INFO - [2025-04-09T17:13:40.536+0000] {dagbag.py:541} INFO - Filling up the DagBag from /workspaces/hands-on-introduction-data-engineering-4395021/airflow/dags/extract_csv_dag.py
[2025-04-09T17:13:40.539+0000] {logging_mixin.py:150} INFO - [2025-04-09T17:13:40.538+0000] {dagbag.py:350} ERROR - Failed to import: /workspaces/hands-on-introduction-data-engineering-4395021/airflow/dags/extract_csv_dag.py
Traceback (most recent call last):
  File "/home/vscode/.local/lib/python3.10/site-packages/airflow/models/dagbag.py", line 346, in parse
    loader.exec_module(new_module)
  File "<frozen importlib._bootstrap_external>", line 879, in exec_module
  File "<frozen importlib._bootstrap_external>", line 1017, in get_code
  File "<frozen importlib._bootstrap_external>", line 947, in source_to_code
  File "<frozen importlib._bootstrap>", line 241, in _call_with_frames_removed
  File "/workspaces/hands-on-introduction-data-engineering-4395021/airflow/dags/extract_csv_dag.py", line 27
    '''',
       ^
SyntaxError: unterminated string literal (detected at line 27)
[2025-04-09T17:13:40.539+0000] {processor.py:838} WARNING - No viable dags retrieved from /workspaces/hands-on-introduction-data-engineering-4395021/airflow/dags/extract_csv_dag.py
[2025-04-09T17:13:40.552+0000] {processor.py:179} INFO - Processing /workspaces/hands-on-introduction-data-engineering-4395021/airflow/dags/extract_csv_dag.py took 0.020 seconds
[2025-04-09T17:13:43.384+0000] {processor.py:157} INFO - Started process (PID=10522) to work on /workspaces/hands-on-introduction-data-engineering-4395021/airflow/dags/extract_csv_dag.py
[2025-04-09T17:13:43.384+0000] {processor.py:826} INFO - Processing file /workspaces/hands-on-introduction-data-engineering-4395021/airflow/dags/extract_csv_dag.py for tasks to queue
[2025-04-09T17:13:43.385+0000] {logging_mixin.py:150} INFO - [2025-04-09T17:13:43.385+0000] {dagbag.py:541} INFO - Filling up the DagBag from /workspaces/hands-on-introduction-data-engineering-4395021/airflow/dags/extract_csv_dag.py
[2025-04-09T17:13:43.393+0000] {processor.py:836} INFO - DAG(s) dict_keys(['extract_csv_dag']) retrieved from /workspaces/hands-on-introduction-data-engineering-4395021/airflow/dags/extract_csv_dag.py
[2025-04-09T17:13:43.465+0000] {logging_mixin.py:150} INFO - [2025-04-09T17:13:43.465+0000] {dag.py:2742} INFO - Sync 1 DAGs
[2025-04-09T17:13:43.476+0000] {logging_mixin.py:150} INFO - [2025-04-09T17:13:43.476+0000] {dag.py:3504} INFO - Setting next_dagrun for extract_csv_dag to None, run_after=None
[2025-04-09T17:13:43.493+0000] {processor.py:179} INFO - Processing /workspaces/hands-on-introduction-data-engineering-4395021/airflow/dags/extract_csv_dag.py took 0.112 seconds
[2025-04-09T17:13:48.639+0000] {processor.py:157} INFO - Started process (PID=10558) to work on /workspaces/hands-on-introduction-data-engineering-4395021/airflow/dags/extract_csv_dag.py
[2025-04-09T17:13:48.640+0000] {processor.py:826} INFO - Processing file /workspaces/hands-on-introduction-data-engineering-4395021/airflow/dags/extract_csv_dag.py for tasks to queue
[2025-04-09T17:13:48.640+0000] {logging_mixin.py:150} INFO - [2025-04-09T17:13:48.640+0000] {dagbag.py:541} INFO - Filling up the DagBag from /workspaces/hands-on-introduction-data-engineering-4395021/airflow/dags/extract_csv_dag.py
[2025-04-09T17:13:48.648+0000] {processor.py:836} INFO - DAG(s) dict_keys(['extract_csv_dag']) retrieved from /workspaces/hands-on-introduction-data-engineering-4395021/airflow/dags/extract_csv_dag.py
[2025-04-09T17:13:48.655+0000] {logging_mixin.py:150} INFO - [2025-04-09T17:13:48.655+0000] {dag.py:2742} INFO - Sync 1 DAGs
[2025-04-09T17:13:48.669+0000] {logging_mixin.py:150} INFO - [2025-04-09T17:13:48.669+0000] {dag.py:3504} INFO - Setting next_dagrun for extract_csv_dag to None, run_after=None
[2025-04-09T17:13:48.685+0000] {processor.py:179} INFO - Processing /workspaces/hands-on-introduction-data-engineering-4395021/airflow/dags/extract_csv_dag.py took 0.049 seconds
[2025-04-09T17:14:18.947+0000] {processor.py:157} INFO - Started process (PID=10749) to work on /workspaces/hands-on-introduction-data-engineering-4395021/airflow/dags/extract_csv_dag.py
[2025-04-09T17:14:18.948+0000] {processor.py:826} INFO - Processing file /workspaces/hands-on-introduction-data-engineering-4395021/airflow/dags/extract_csv_dag.py for tasks to queue
[2025-04-09T17:14:18.949+0000] {logging_mixin.py:150} INFO - [2025-04-09T17:14:18.949+0000] {dagbag.py:541} INFO - Filling up the DagBag from /workspaces/hands-on-introduction-data-engineering-4395021/airflow/dags/extract_csv_dag.py
[2025-04-09T17:14:18.956+0000] {processor.py:836} INFO - DAG(s) dict_keys(['extract_csv_dag']) retrieved from /workspaces/hands-on-introduction-data-engineering-4395021/airflow/dags/extract_csv_dag.py
[2025-04-09T17:14:19.056+0000] {logging_mixin.py:150} INFO - [2025-04-09T17:14:19.056+0000] {dag.py:2742} INFO - Sync 1 DAGs
[2025-04-09T17:14:19.089+0000] {logging_mixin.py:150} INFO - [2025-04-09T17:14:19.089+0000] {dag.py:3504} INFO - Setting next_dagrun for extract_csv_dag to None, run_after=None
[2025-04-09T17:14:19.122+0000] {processor.py:179} INFO - Processing /workspaces/hands-on-introduction-data-engineering-4395021/airflow/dags/extract_csv_dag.py took 0.177 seconds
[2025-04-09T17:14:49.531+0000] {processor.py:157} INFO - Started process (PID=10926) to work on /workspaces/hands-on-introduction-data-engineering-4395021/airflow/dags/extract_csv_dag.py
[2025-04-09T17:14:49.532+0000] {processor.py:826} INFO - Processing file /workspaces/hands-on-introduction-data-engineering-4395021/airflow/dags/extract_csv_dag.py for tasks to queue
[2025-04-09T17:14:49.532+0000] {logging_mixin.py:150} INFO - [2025-04-09T17:14:49.532+0000] {dagbag.py:541} INFO - Filling up the DagBag from /workspaces/hands-on-introduction-data-engineering-4395021/airflow/dags/extract_csv_dag.py
[2025-04-09T17:14:49.540+0000] {processor.py:836} INFO - DAG(s) dict_keys(['extract_csv_dag']) retrieved from /workspaces/hands-on-introduction-data-engineering-4395021/airflow/dags/extract_csv_dag.py
[2025-04-09T17:14:49.558+0000] {logging_mixin.py:150} INFO - [2025-04-09T17:14:49.558+0000] {dag.py:2742} INFO - Sync 1 DAGs
[2025-04-09T17:14:49.572+0000] {logging_mixin.py:150} INFO - [2025-04-09T17:14:49.571+0000] {dag.py:3504} INFO - Setting next_dagrun for extract_csv_dag to None, run_after=None
[2025-04-09T17:14:49.585+0000] {processor.py:179} INFO - Processing /workspaces/hands-on-introduction-data-engineering-4395021/airflow/dags/extract_csv_dag.py took 0.057 seconds
[2025-04-09T17:15:19.768+0000] {processor.py:157} INFO - Started process (PID=11098) to work on /workspaces/hands-on-introduction-data-engineering-4395021/airflow/dags/extract_csv_dag.py
[2025-04-09T17:15:19.769+0000] {processor.py:826} INFO - Processing file /workspaces/hands-on-introduction-data-engineering-4395021/airflow/dags/extract_csv_dag.py for tasks to queue
[2025-04-09T17:15:19.769+0000] {logging_mixin.py:150} INFO - [2025-04-09T17:15:19.769+0000] {dagbag.py:541} INFO - Filling up the DagBag from /workspaces/hands-on-introduction-data-engineering-4395021/airflow/dags/extract_csv_dag.py
[2025-04-09T17:15:19.776+0000] {processor.py:836} INFO - DAG(s) dict_keys(['extract_csv_dag']) retrieved from /workspaces/hands-on-introduction-data-engineering-4395021/airflow/dags/extract_csv_dag.py
[2025-04-09T17:15:19.794+0000] {logging_mixin.py:150} INFO - [2025-04-09T17:15:19.794+0000] {dag.py:2742} INFO - Sync 1 DAGs
[2025-04-09T17:15:19.808+0000] {logging_mixin.py:150} INFO - [2025-04-09T17:15:19.807+0000] {dag.py:3504} INFO - Setting next_dagrun for extract_csv_dag to None, run_after=None
[2025-04-09T17:15:19.821+0000] {processor.py:179} INFO - Processing /workspaces/hands-on-introduction-data-engineering-4395021/airflow/dags/extract_csv_dag.py took 0.055 seconds
[2025-04-09T17:15:49.938+0000] {processor.py:157} INFO - Started process (PID=11357) to work on /workspaces/hands-on-introduction-data-engineering-4395021/airflow/dags/extract_csv_dag.py
[2025-04-09T17:15:49.939+0000] {processor.py:826} INFO - Processing file /workspaces/hands-on-introduction-data-engineering-4395021/airflow/dags/extract_csv_dag.py for tasks to queue
[2025-04-09T17:15:49.939+0000] {logging_mixin.py:150} INFO - [2025-04-09T17:15:49.939+0000] {dagbag.py:541} INFO - Filling up the DagBag from /workspaces/hands-on-introduction-data-engineering-4395021/airflow/dags/extract_csv_dag.py
[2025-04-09T17:15:49.946+0000] {processor.py:836} INFO - DAG(s) dict_keys(['extract_csv_dag']) retrieved from /workspaces/hands-on-introduction-data-engineering-4395021/airflow/dags/extract_csv_dag.py
[2025-04-09T17:15:49.966+0000] {logging_mixin.py:150} INFO - [2025-04-09T17:15:49.965+0000] {dag.py:2742} INFO - Sync 1 DAGs
[2025-04-09T17:15:49.979+0000] {logging_mixin.py:150} INFO - [2025-04-09T17:15:49.979+0000] {dag.py:3504} INFO - Setting next_dagrun for extract_csv_dag to None, run_after=None
[2025-04-09T17:15:49.992+0000] {processor.py:179} INFO - Processing /workspaces/hands-on-introduction-data-engineering-4395021/airflow/dags/extract_csv_dag.py took 0.057 seconds
[2025-04-09T17:16:20.118+0000] {processor.py:157} INFO - Started process (PID=11729) to work on /workspaces/hands-on-introduction-data-engineering-4395021/airflow/dags/extract_csv_dag.py
[2025-04-09T17:16:20.119+0000] {processor.py:826} INFO - Processing file /workspaces/hands-on-introduction-data-engineering-4395021/airflow/dags/extract_csv_dag.py for tasks to queue
[2025-04-09T17:16:20.119+0000] {logging_mixin.py:150} INFO - [2025-04-09T17:16:20.119+0000] {dagbag.py:541} INFO - Filling up the DagBag from /workspaces/hands-on-introduction-data-engineering-4395021/airflow/dags/extract_csv_dag.py
[2025-04-09T17:16:20.127+0000] {processor.py:836} INFO - DAG(s) dict_keys(['extract_csv_dag']) retrieved from /workspaces/hands-on-introduction-data-engineering-4395021/airflow/dags/extract_csv_dag.py
[2025-04-09T17:16:20.144+0000] {logging_mixin.py:150} INFO - [2025-04-09T17:16:20.144+0000] {dag.py:2742} INFO - Sync 1 DAGs
[2025-04-09T17:16:20.158+0000] {logging_mixin.py:150} INFO - [2025-04-09T17:16:20.157+0000] {dag.py:3504} INFO - Setting next_dagrun for extract_csv_dag to None, run_after=None
[2025-04-09T17:16:20.171+0000] {processor.py:179} INFO - Processing /workspaces/hands-on-introduction-data-engineering-4395021/airflow/dags/extract_csv_dag.py took 0.056 seconds
[2025-04-09T17:16:51.096+0000] {processor.py:157} INFO - Started process (PID=11969) to work on /workspaces/hands-on-introduction-data-engineering-4395021/airflow/dags/extract_csv_dag.py
[2025-04-09T17:16:51.097+0000] {processor.py:826} INFO - Processing file /workspaces/hands-on-introduction-data-engineering-4395021/airflow/dags/extract_csv_dag.py for tasks to queue
[2025-04-09T17:16:51.098+0000] {logging_mixin.py:150} INFO - [2025-04-09T17:16:51.097+0000] {dagbag.py:541} INFO - Filling up the DagBag from /workspaces/hands-on-introduction-data-engineering-4395021/airflow/dags/extract_csv_dag.py
[2025-04-09T17:16:51.105+0000] {processor.py:836} INFO - DAG(s) dict_keys(['extract_csv_dag']) retrieved from /workspaces/hands-on-introduction-data-engineering-4395021/airflow/dags/extract_csv_dag.py
[2025-04-09T17:16:51.125+0000] {logging_mixin.py:150} INFO - [2025-04-09T17:16:51.125+0000] {dag.py:2742} INFO - Sync 1 DAGs
[2025-04-09T17:16:51.139+0000] {logging_mixin.py:150} INFO - [2025-04-09T17:16:51.139+0000] {dag.py:3504} INFO - Setting next_dagrun for extract_csv_dag to None, run_after=None
[2025-04-09T17:16:51.153+0000] {processor.py:179} INFO - Processing /workspaces/hands-on-introduction-data-engineering-4395021/airflow/dags/extract_csv_dag.py took 0.059 seconds
[2025-04-09T17:17:12.920+0000] {processor.py:157} INFO - Started process (PID=12128) to work on /workspaces/hands-on-introduction-data-engineering-4395021/airflow/dags/extract_csv_dag.py
[2025-04-09T17:17:12.921+0000] {processor.py:826} INFO - Processing file /workspaces/hands-on-introduction-data-engineering-4395021/airflow/dags/extract_csv_dag.py for tasks to queue
[2025-04-09T17:17:12.922+0000] {logging_mixin.py:150} INFO - [2025-04-09T17:17:12.921+0000] {dagbag.py:541} INFO - Filling up the DagBag from /workspaces/hands-on-introduction-data-engineering-4395021/airflow/dags/extract_csv_dag.py
[2025-04-09T17:17:12.924+0000] {logging_mixin.py:150} INFO - [2025-04-09T17:17:12.924+0000] {dagbag.py:350} ERROR - Failed to import: /workspaces/hands-on-introduction-data-engineering-4395021/airflow/dags/extract_csv_dag.py
Traceback (most recent call last):
  File "/home/vscode/.local/lib/python3.10/site-packages/airflow/models/dagbag.py", line 346, in parse
    loader.exec_module(new_module)
  File "<frozen importlib._bootstrap_external>", line 879, in exec_module
  File "<frozen importlib._bootstrap_external>", line 1017, in get_code
  File "<frozen importlib._bootstrap_external>", line 947, in source_to_code
  File "<frozen importlib._bootstrap>", line 241, in _call_with_frames_removed
  File "/workspaces/hands-on-introduction-data-engineering-4395021/airflow/dags/extract_csv_dag.py", line 24
    bash_command='
                 ^
SyntaxError: unterminated string literal (detected at line 24)
[2025-04-09T17:17:12.925+0000] {processor.py:838} WARNING - No viable dags retrieved from /workspaces/hands-on-introduction-data-engineering-4395021/airflow/dags/extract_csv_dag.py
[2025-04-09T17:17:12.939+0000] {processor.py:179} INFO - Processing /workspaces/hands-on-introduction-data-engineering-4395021/airflow/dags/extract_csv_dag.py took 0.021 seconds
[2025-04-09T17:17:15.084+0000] {processor.py:157} INFO - Started process (PID=12137) to work on /workspaces/hands-on-introduction-data-engineering-4395021/airflow/dags/extract_csv_dag.py
[2025-04-09T17:17:15.085+0000] {processor.py:826} INFO - Processing file /workspaces/hands-on-introduction-data-engineering-4395021/airflow/dags/extract_csv_dag.py for tasks to queue
[2025-04-09T17:17:15.086+0000] {logging_mixin.py:150} INFO - [2025-04-09T17:17:15.085+0000] {dagbag.py:541} INFO - Filling up the DagBag from /workspaces/hands-on-introduction-data-engineering-4395021/airflow/dags/extract_csv_dag.py
[2025-04-09T17:17:15.089+0000] {logging_mixin.py:150} INFO - [2025-04-09T17:17:15.088+0000] {dagbag.py:350} ERROR - Failed to import: /workspaces/hands-on-introduction-data-engineering-4395021/airflow/dags/extract_csv_dag.py
Traceback (most recent call last):
  File "/home/vscode/.local/lib/python3.10/site-packages/airflow/models/dagbag.py", line 346, in parse
    loader.exec_module(new_module)
  File "<frozen importlib._bootstrap_external>", line 879, in exec_module
  File "<frozen importlib._bootstrap_external>", line 1017, in get_code
  File "<frozen importlib._bootstrap_external>", line 947, in source_to_code
  File "<frozen importlib._bootstrap>", line 241, in _call_with_frames_removed
  File "/workspaces/hands-on-introduction-data-engineering-4395021/airflow/dags/extract_csv_dag.py", line 24
    bash_command='wget -c https://datahub.io/core/top-level-domain-names/r/top-level-domain-names.csv.csv 
                 ^
SyntaxError: unterminated string literal (detected at line 24)
[2025-04-09T17:17:15.090+0000] {processor.py:838} WARNING - No viable dags retrieved from /workspaces/hands-on-introduction-data-engineering-4395021/airflow/dags/extract_csv_dag.py
[2025-04-09T17:17:15.114+0000] {processor.py:179} INFO - Processing /workspaces/hands-on-introduction-data-engineering-4395021/airflow/dags/extract_csv_dag.py took 0.033 seconds
[2025-04-09T17:17:18.487+0000] {processor.py:157} INFO - Started process (PID=12164) to work on /workspaces/hands-on-introduction-data-engineering-4395021/airflow/dags/extract_csv_dag.py
[2025-04-09T17:17:18.488+0000] {processor.py:826} INFO - Processing file /workspaces/hands-on-introduction-data-engineering-4395021/airflow/dags/extract_csv_dag.py for tasks to queue
[2025-04-09T17:17:18.489+0000] {logging_mixin.py:150} INFO - [2025-04-09T17:17:18.488+0000] {dagbag.py:541} INFO - Filling up the DagBag from /workspaces/hands-on-introduction-data-engineering-4395021/airflow/dags/extract_csv_dag.py
[2025-04-09T17:17:18.491+0000] {logging_mixin.py:150} INFO - [2025-04-09T17:17:18.490+0000] {dagbag.py:350} ERROR - Failed to import: /workspaces/hands-on-introduction-data-engineering-4395021/airflow/dags/extract_csv_dag.py
Traceback (most recent call last):
  File "/home/vscode/.local/lib/python3.10/site-packages/airflow/models/dagbag.py", line 346, in parse
    loader.exec_module(new_module)
  File "<frozen importlib._bootstrap_external>", line 879, in exec_module
  File "<frozen importlib._bootstrap_external>", line 1017, in get_code
  File "<frozen importlib._bootstrap_external>", line 947, in source_to_code
  File "<frozen importlib._bootstrap>", line 241, in _call_with_frames_removed
  File "/workspaces/hands-on-introduction-data-engineering-4395021/airflow/dags/extract_csv_dag.py", line 24
    bash_command='wget -c https://datahub.io/core/top-level-domain-names/r/top-level-domain-names.csv.csv -O $AIRFLOW_DAGS/../../lab/manual/top_level_domain_$(date +%Y%m%d%H%M%S).csv
                 ^
SyntaxError: unterminated string literal (detected at line 24)
[2025-04-09T17:17:18.491+0000] {processor.py:838} WARNING - No viable dags retrieved from /workspaces/hands-on-introduction-data-engineering-4395021/airflow/dags/extract_csv_dag.py
[2025-04-09T17:17:18.505+0000] {processor.py:179} INFO - Processing /workspaces/hands-on-introduction-data-engineering-4395021/airflow/dags/extract_csv_dag.py took 0.020 seconds
[2025-04-09T17:17:21.697+0000] {processor.py:157} INFO - Started process (PID=12174) to work on /workspaces/hands-on-introduction-data-engineering-4395021/airflow/dags/extract_csv_dag.py
[2025-04-09T17:17:21.698+0000] {processor.py:826} INFO - Processing file /workspaces/hands-on-introduction-data-engineering-4395021/airflow/dags/extract_csv_dag.py for tasks to queue
[2025-04-09T17:17:21.698+0000] {logging_mixin.py:150} INFO - [2025-04-09T17:17:21.698+0000] {dagbag.py:541} INFO - Filling up the DagBag from /workspaces/hands-on-introduction-data-engineering-4395021/airflow/dags/extract_csv_dag.py
[2025-04-09T17:17:21.701+0000] {logging_mixin.py:150} INFO - [2025-04-09T17:17:21.700+0000] {dagbag.py:350} ERROR - Failed to import: /workspaces/hands-on-introduction-data-engineering-4395021/airflow/dags/extract_csv_dag.py
Traceback (most recent call last):
  File "/home/vscode/.local/lib/python3.10/site-packages/airflow/models/dagbag.py", line 346, in parse
    loader.exec_module(new_module)
  File "<frozen importlib._bootstrap_external>", line 879, in exec_module
  File "<frozen importlib._bootstrap_external>", line 1017, in get_code
  File "<frozen importlib._bootstrap_external>", line 947, in source_to_code
  File "<frozen importlib._bootstrap>", line 241, in _call_with_frames_removed
  File "/workspaces/hands-on-introduction-data-engineering-4395021/airflow/dags/extract_csv_dag.py", line 24
    bash_command='wget -c https://datahub.io/core/top-level-domain-names/r/top-level-domain-names.csv.csv -O $AIRFLOW_DAGS/../../lab/manual/top_level_domain_$(date +%Y%m%d%H%M%S).csv
                 ^
SyntaxError: unterminated string literal (detected at line 24)
[2025-04-09T17:17:21.701+0000] {processor.py:838} WARNING - No viable dags retrieved from /workspaces/hands-on-introduction-data-engineering-4395021/airflow/dags/extract_csv_dag.py
[2025-04-09T17:17:21.714+0000] {processor.py:179} INFO - Processing /workspaces/hands-on-introduction-data-engineering-4395021/airflow/dags/extract_csv_dag.py took 0.020 seconds
[2025-04-09T17:17:24.125+0000] {processor.py:157} INFO - Started process (PID=12201) to work on /workspaces/hands-on-introduction-data-engineering-4395021/airflow/dags/extract_csv_dag.py
[2025-04-09T17:17:24.126+0000] {processor.py:826} INFO - Processing file /workspaces/hands-on-introduction-data-engineering-4395021/airflow/dags/extract_csv_dag.py for tasks to queue
[2025-04-09T17:17:24.127+0000] {logging_mixin.py:150} INFO - [2025-04-09T17:17:24.126+0000] {dagbag.py:541} INFO - Filling up the DagBag from /workspaces/hands-on-introduction-data-engineering-4395021/airflow/dags/extract_csv_dag.py
[2025-04-09T17:17:24.143+0000] {processor.py:836} INFO - DAG(s) dict_keys(['extract_csv_dag']) retrieved from /workspaces/hands-on-introduction-data-engineering-4395021/airflow/dags/extract_csv_dag.py
[2025-04-09T17:17:24.287+0000] {logging_mixin.py:150} INFO - [2025-04-09T17:17:24.287+0000] {dag.py:2742} INFO - Sync 1 DAGs
[2025-04-09T17:17:24.305+0000] {logging_mixin.py:150} INFO - [2025-04-09T17:17:24.305+0000] {dag.py:3504} INFO - Setting next_dagrun for extract_csv_dag to None, run_after=None
[2025-04-09T17:17:24.343+0000] {processor.py:179} INFO - Processing /workspaces/hands-on-introduction-data-engineering-4395021/airflow/dags/extract_csv_dag.py took 0.224 seconds
[2025-04-09T17:17:31.614+0000] {processor.py:157} INFO - Started process (PID=12244) to work on /workspaces/hands-on-introduction-data-engineering-4395021/airflow/dags/extract_csv_dag.py
[2025-04-09T17:17:31.615+0000] {processor.py:826} INFO - Processing file /workspaces/hands-on-introduction-data-engineering-4395021/airflow/dags/extract_csv_dag.py for tasks to queue
[2025-04-09T17:17:31.616+0000] {logging_mixin.py:150} INFO - [2025-04-09T17:17:31.615+0000] {dagbag.py:541} INFO - Filling up the DagBag from /workspaces/hands-on-introduction-data-engineering-4395021/airflow/dags/extract_csv_dag.py
[2025-04-09T17:17:31.625+0000] {processor.py:836} INFO - DAG(s) dict_keys(['extract_csv_dag']) retrieved from /workspaces/hands-on-introduction-data-engineering-4395021/airflow/dags/extract_csv_dag.py
[2025-04-09T17:17:31.631+0000] {logging_mixin.py:150} INFO - [2025-04-09T17:17:31.631+0000] {dag.py:2742} INFO - Sync 1 DAGs
[2025-04-09T17:17:31.646+0000] {logging_mixin.py:150} INFO - [2025-04-09T17:17:31.646+0000] {dag.py:3504} INFO - Setting next_dagrun for extract_csv_dag to None, run_after=None
[2025-04-09T17:17:31.661+0000] {processor.py:179} INFO - Processing /workspaces/hands-on-introduction-data-engineering-4395021/airflow/dags/extract_csv_dag.py took 0.049 seconds
[2025-04-09T17:18:01.940+0000] {processor.py:157} INFO - Started process (PID=12501) to work on /workspaces/hands-on-introduction-data-engineering-4395021/airflow/dags/extract_csv_dag.py
[2025-04-09T17:18:01.941+0000] {processor.py:826} INFO - Processing file /workspaces/hands-on-introduction-data-engineering-4395021/airflow/dags/extract_csv_dag.py for tasks to queue
[2025-04-09T17:18:01.942+0000] {logging_mixin.py:150} INFO - [2025-04-09T17:18:01.942+0000] {dagbag.py:541} INFO - Filling up the DagBag from /workspaces/hands-on-introduction-data-engineering-4395021/airflow/dags/extract_csv_dag.py
[2025-04-09T17:18:01.949+0000] {processor.py:836} INFO - DAG(s) dict_keys(['extract_csv_dag']) retrieved from /workspaces/hands-on-introduction-data-engineering-4395021/airflow/dags/extract_csv_dag.py
[2025-04-09T17:18:01.968+0000] {logging_mixin.py:150} INFO - [2025-04-09T17:18:01.968+0000] {dag.py:2742} INFO - Sync 1 DAGs
[2025-04-09T17:18:01.981+0000] {logging_mixin.py:150} INFO - [2025-04-09T17:18:01.981+0000] {dag.py:3504} INFO - Setting next_dagrun for extract_csv_dag to None, run_after=None
[2025-04-09T17:18:01.996+0000] {processor.py:179} INFO - Processing /workspaces/hands-on-introduction-data-engineering-4395021/airflow/dags/extract_csv_dag.py took 0.059 seconds
[2025-04-09T17:18:32.274+0000] {processor.py:157} INFO - Started process (PID=12712) to work on /workspaces/hands-on-introduction-data-engineering-4395021/airflow/dags/extract_csv_dag.py
[2025-04-09T17:18:32.274+0000] {processor.py:826} INFO - Processing file /workspaces/hands-on-introduction-data-engineering-4395021/airflow/dags/extract_csv_dag.py for tasks to queue
[2025-04-09T17:18:32.275+0000] {logging_mixin.py:150} INFO - [2025-04-09T17:18:32.275+0000] {dagbag.py:541} INFO - Filling up the DagBag from /workspaces/hands-on-introduction-data-engineering-4395021/airflow/dags/extract_csv_dag.py
[2025-04-09T17:18:32.282+0000] {processor.py:836} INFO - DAG(s) dict_keys(['extract_csv_dag']) retrieved from /workspaces/hands-on-introduction-data-engineering-4395021/airflow/dags/extract_csv_dag.py
[2025-04-09T17:18:32.299+0000] {logging_mixin.py:150} INFO - [2025-04-09T17:18:32.299+0000] {dag.py:2742} INFO - Sync 1 DAGs
[2025-04-09T17:18:32.313+0000] {logging_mixin.py:150} INFO - [2025-04-09T17:18:32.313+0000] {dag.py:3504} INFO - Setting next_dagrun for extract_csv_dag to None, run_after=None
[2025-04-09T17:18:32.327+0000] {processor.py:179} INFO - Processing /workspaces/hands-on-introduction-data-engineering-4395021/airflow/dags/extract_csv_dag.py took 0.056 seconds
[2025-04-09T17:19:02.551+0000] {processor.py:157} INFO - Started process (PID=12899) to work on /workspaces/hands-on-introduction-data-engineering-4395021/airflow/dags/extract_csv_dag.py
[2025-04-09T17:19:02.552+0000] {processor.py:826} INFO - Processing file /workspaces/hands-on-introduction-data-engineering-4395021/airflow/dags/extract_csv_dag.py for tasks to queue
[2025-04-09T17:19:02.552+0000] {logging_mixin.py:150} INFO - [2025-04-09T17:19:02.552+0000] {dagbag.py:541} INFO - Filling up the DagBag from /workspaces/hands-on-introduction-data-engineering-4395021/airflow/dags/extract_csv_dag.py
[2025-04-09T17:19:02.560+0000] {processor.py:836} INFO - DAG(s) dict_keys(['extract_csv_dag']) retrieved from /workspaces/hands-on-introduction-data-engineering-4395021/airflow/dags/extract_csv_dag.py
[2025-04-09T17:19:02.577+0000] {logging_mixin.py:150} INFO - [2025-04-09T17:19:02.577+0000] {dag.py:2742} INFO - Sync 1 DAGs
[2025-04-09T17:19:02.591+0000] {logging_mixin.py:150} INFO - [2025-04-09T17:19:02.591+0000] {dag.py:3504} INFO - Setting next_dagrun for extract_csv_dag to None, run_after=None
[2025-04-09T17:19:02.604+0000] {processor.py:179} INFO - Processing /workspaces/hands-on-introduction-data-engineering-4395021/airflow/dags/extract_csv_dag.py took 0.056 seconds
[2025-04-09T17:19:32.698+0000] {processor.py:157} INFO - Started process (PID=13297) to work on /workspaces/hands-on-introduction-data-engineering-4395021/airflow/dags/extract_csv_dag.py
[2025-04-09T17:19:32.698+0000] {processor.py:826} INFO - Processing file /workspaces/hands-on-introduction-data-engineering-4395021/airflow/dags/extract_csv_dag.py for tasks to queue
[2025-04-09T17:19:32.699+0000] {logging_mixin.py:150} INFO - [2025-04-09T17:19:32.699+0000] {dagbag.py:541} INFO - Filling up the DagBag from /workspaces/hands-on-introduction-data-engineering-4395021/airflow/dags/extract_csv_dag.py
[2025-04-09T17:19:32.707+0000] {processor.py:836} INFO - DAG(s) dict_keys(['extract_csv_dag']) retrieved from /workspaces/hands-on-introduction-data-engineering-4395021/airflow/dags/extract_csv_dag.py
[2025-04-09T17:19:32.725+0000] {logging_mixin.py:150} INFO - [2025-04-09T17:19:32.725+0000] {dag.py:2742} INFO - Sync 1 DAGs
[2025-04-09T17:19:32.739+0000] {logging_mixin.py:150} INFO - [2025-04-09T17:19:32.739+0000] {dag.py:3504} INFO - Setting next_dagrun for extract_csv_dag to None, run_after=None
[2025-04-09T17:19:32.752+0000] {processor.py:179} INFO - Processing /workspaces/hands-on-introduction-data-engineering-4395021/airflow/dags/extract_csv_dag.py took 0.057 seconds
[2025-04-09T17:20:02.911+0000] {processor.py:157} INFO - Started process (PID=13461) to work on /workspaces/hands-on-introduction-data-engineering-4395021/airflow/dags/extract_csv_dag.py
[2025-04-09T17:20:02.911+0000] {processor.py:826} INFO - Processing file /workspaces/hands-on-introduction-data-engineering-4395021/airflow/dags/extract_csv_dag.py for tasks to queue
[2025-04-09T17:20:02.912+0000] {logging_mixin.py:150} INFO - [2025-04-09T17:20:02.912+0000] {dagbag.py:541} INFO - Filling up the DagBag from /workspaces/hands-on-introduction-data-engineering-4395021/airflow/dags/extract_csv_dag.py
[2025-04-09T17:20:02.919+0000] {processor.py:836} INFO - DAG(s) dict_keys(['extract_csv_dag']) retrieved from /workspaces/hands-on-introduction-data-engineering-4395021/airflow/dags/extract_csv_dag.py
[2025-04-09T17:20:02.938+0000] {logging_mixin.py:150} INFO - [2025-04-09T17:20:02.937+0000] {dag.py:2742} INFO - Sync 1 DAGs
[2025-04-09T17:20:02.951+0000] {logging_mixin.py:150} INFO - [2025-04-09T17:20:02.951+0000] {dag.py:3504} INFO - Setting next_dagrun for extract_csv_dag to None, run_after=None
[2025-04-09T17:20:02.965+0000] {processor.py:179} INFO - Processing /workspaces/hands-on-introduction-data-engineering-4395021/airflow/dags/extract_csv_dag.py took 0.057 seconds
[2025-04-09T17:20:33.169+0000] {processor.py:157} INFO - Started process (PID=13639) to work on /workspaces/hands-on-introduction-data-engineering-4395021/airflow/dags/extract_csv_dag.py
[2025-04-09T17:20:33.170+0000] {processor.py:826} INFO - Processing file /workspaces/hands-on-introduction-data-engineering-4395021/airflow/dags/extract_csv_dag.py for tasks to queue
[2025-04-09T17:20:33.171+0000] {logging_mixin.py:150} INFO - [2025-04-09T17:20:33.170+0000] {dagbag.py:541} INFO - Filling up the DagBag from /workspaces/hands-on-introduction-data-engineering-4395021/airflow/dags/extract_csv_dag.py
[2025-04-09T17:20:33.178+0000] {processor.py:836} INFO - DAG(s) dict_keys(['extract_csv_dag']) retrieved from /workspaces/hands-on-introduction-data-engineering-4395021/airflow/dags/extract_csv_dag.py
[2025-04-09T17:20:33.195+0000] {logging_mixin.py:150} INFO - [2025-04-09T17:20:33.195+0000] {dag.py:2742} INFO - Sync 1 DAGs
[2025-04-09T17:20:33.209+0000] {logging_mixin.py:150} INFO - [2025-04-09T17:20:33.209+0000] {dag.py:3504} INFO - Setting next_dagrun for extract_csv_dag to None, run_after=None
[2025-04-09T17:20:33.222+0000] {processor.py:179} INFO - Processing /workspaces/hands-on-introduction-data-engineering-4395021/airflow/dags/extract_csv_dag.py took 0.056 seconds
[2025-04-09T17:21:03.314+0000] {processor.py:157} INFO - Started process (PID=13810) to work on /workspaces/hands-on-introduction-data-engineering-4395021/airflow/dags/extract_csv_dag.py
[2025-04-09T17:21:03.314+0000] {processor.py:826} INFO - Processing file /workspaces/hands-on-introduction-data-engineering-4395021/airflow/dags/extract_csv_dag.py for tasks to queue
[2025-04-09T17:21:03.315+0000] {logging_mixin.py:150} INFO - [2025-04-09T17:21:03.315+0000] {dagbag.py:541} INFO - Filling up the DagBag from /workspaces/hands-on-introduction-data-engineering-4395021/airflow/dags/extract_csv_dag.py
[2025-04-09T17:21:03.322+0000] {processor.py:836} INFO - DAG(s) dict_keys(['extract_csv_dag']) retrieved from /workspaces/hands-on-introduction-data-engineering-4395021/airflow/dags/extract_csv_dag.py
[2025-04-09T17:21:03.340+0000] {logging_mixin.py:150} INFO - [2025-04-09T17:21:03.340+0000] {dag.py:2742} INFO - Sync 1 DAGs
[2025-04-09T17:21:03.353+0000] {logging_mixin.py:150} INFO - [2025-04-09T17:21:03.353+0000] {dag.py:3504} INFO - Setting next_dagrun for extract_csv_dag to None, run_after=None
[2025-04-09T17:21:03.366+0000] {processor.py:179} INFO - Processing /workspaces/hands-on-introduction-data-engineering-4395021/airflow/dags/extract_csv_dag.py took 0.055 seconds
[2025-04-09T17:21:33.573+0000] {processor.py:157} INFO - Started process (PID=13986) to work on /workspaces/hands-on-introduction-data-engineering-4395021/airflow/dags/extract_csv_dag.py
[2025-04-09T17:21:33.574+0000] {processor.py:826} INFO - Processing file /workspaces/hands-on-introduction-data-engineering-4395021/airflow/dags/extract_csv_dag.py for tasks to queue
[2025-04-09T17:21:33.574+0000] {logging_mixin.py:150} INFO - [2025-04-09T17:21:33.574+0000] {dagbag.py:541} INFO - Filling up the DagBag from /workspaces/hands-on-introduction-data-engineering-4395021/airflow/dags/extract_csv_dag.py
[2025-04-09T17:21:33.581+0000] {processor.py:836} INFO - DAG(s) dict_keys(['extract_csv_dag']) retrieved from /workspaces/hands-on-introduction-data-engineering-4395021/airflow/dags/extract_csv_dag.py
[2025-04-09T17:21:33.598+0000] {logging_mixin.py:150} INFO - [2025-04-09T17:21:33.598+0000] {dag.py:2742} INFO - Sync 1 DAGs
[2025-04-09T17:21:33.611+0000] {logging_mixin.py:150} INFO - [2025-04-09T17:21:33.611+0000] {dag.py:3504} INFO - Setting next_dagrun for extract_csv_dag to None, run_after=None
[2025-04-09T17:21:33.624+0000] {processor.py:179} INFO - Processing /workspaces/hands-on-introduction-data-engineering-4395021/airflow/dags/extract_csv_dag.py took 0.054 seconds
[2025-04-09T17:22:03.993+0000] {processor.py:157} INFO - Started process (PID=14165) to work on /workspaces/hands-on-introduction-data-engineering-4395021/airflow/dags/extract_csv_dag.py
[2025-04-09T17:22:03.994+0000] {processor.py:826} INFO - Processing file /workspaces/hands-on-introduction-data-engineering-4395021/airflow/dags/extract_csv_dag.py for tasks to queue
[2025-04-09T17:22:03.995+0000] {logging_mixin.py:150} INFO - [2025-04-09T17:22:03.994+0000] {dagbag.py:541} INFO - Filling up the DagBag from /workspaces/hands-on-introduction-data-engineering-4395021/airflow/dags/extract_csv_dag.py
[2025-04-09T17:22:04.004+0000] {processor.py:836} INFO - DAG(s) dict_keys(['extract_csv_dag']) retrieved from /workspaces/hands-on-introduction-data-engineering-4395021/airflow/dags/extract_csv_dag.py
[2025-04-09T17:22:04.027+0000] {logging_mixin.py:150} INFO - [2025-04-09T17:22:04.027+0000] {dag.py:2742} INFO - Sync 1 DAGs
[2025-04-09T17:22:04.041+0000] {logging_mixin.py:150} INFO - [2025-04-09T17:22:04.041+0000] {dag.py:3504} INFO - Setting next_dagrun for extract_csv_dag to None, run_after=None
[2025-04-09T17:22:04.056+0000] {processor.py:179} INFO - Processing /workspaces/hands-on-introduction-data-engineering-4395021/airflow/dags/extract_csv_dag.py took 0.065 seconds
[2025-04-09T17:22:34.284+0000] {processor.py:157} INFO - Started process (PID=14341) to work on /workspaces/hands-on-introduction-data-engineering-4395021/airflow/dags/extract_csv_dag.py
[2025-04-09T17:22:34.285+0000] {processor.py:826} INFO - Processing file /workspaces/hands-on-introduction-data-engineering-4395021/airflow/dags/extract_csv_dag.py for tasks to queue
[2025-04-09T17:22:34.285+0000] {logging_mixin.py:150} INFO - [2025-04-09T17:22:34.285+0000] {dagbag.py:541} INFO - Filling up the DagBag from /workspaces/hands-on-introduction-data-engineering-4395021/airflow/dags/extract_csv_dag.py
[2025-04-09T17:22:34.292+0000] {processor.py:836} INFO - DAG(s) dict_keys(['extract_csv_dag']) retrieved from /workspaces/hands-on-introduction-data-engineering-4395021/airflow/dags/extract_csv_dag.py
[2025-04-09T17:22:34.309+0000] {logging_mixin.py:150} INFO - [2025-04-09T17:22:34.309+0000] {dag.py:2742} INFO - Sync 1 DAGs
[2025-04-09T17:22:34.323+0000] {logging_mixin.py:150} INFO - [2025-04-09T17:22:34.323+0000] {dag.py:3504} INFO - Setting next_dagrun for extract_csv_dag to None, run_after=None
[2025-04-09T17:22:34.337+0000] {processor.py:179} INFO - Processing /workspaces/hands-on-introduction-data-engineering-4395021/airflow/dags/extract_csv_dag.py took 0.056 seconds
[2025-04-09T17:23:04.611+0000] {processor.py:157} INFO - Started process (PID=14543) to work on /workspaces/hands-on-introduction-data-engineering-4395021/airflow/dags/extract_csv_dag.py
[2025-04-09T17:23:04.611+0000] {processor.py:826} INFO - Processing file /workspaces/hands-on-introduction-data-engineering-4395021/airflow/dags/extract_csv_dag.py for tasks to queue
[2025-04-09T17:23:04.612+0000] {logging_mixin.py:150} INFO - [2025-04-09T17:23:04.612+0000] {dagbag.py:541} INFO - Filling up the DagBag from /workspaces/hands-on-introduction-data-engineering-4395021/airflow/dags/extract_csv_dag.py
[2025-04-09T17:23:04.619+0000] {processor.py:836} INFO - DAG(s) dict_keys(['extract_csv_dag']) retrieved from /workspaces/hands-on-introduction-data-engineering-4395021/airflow/dags/extract_csv_dag.py
[2025-04-09T17:23:04.637+0000] {logging_mixin.py:150} INFO - [2025-04-09T17:23:04.637+0000] {dag.py:2742} INFO - Sync 1 DAGs
[2025-04-09T17:23:04.651+0000] {logging_mixin.py:150} INFO - [2025-04-09T17:23:04.651+0000] {dag.py:3504} INFO - Setting next_dagrun for extract_csv_dag to None, run_after=None
[2025-04-09T17:23:04.664+0000] {processor.py:179} INFO - Processing /workspaces/hands-on-introduction-data-engineering-4395021/airflow/dags/extract_csv_dag.py took 0.056 seconds
[2025-04-09T17:23:34.901+0000] {processor.py:157} INFO - Started process (PID=14789) to work on /workspaces/hands-on-introduction-data-engineering-4395021/airflow/dags/extract_csv_dag.py
[2025-04-09T17:23:34.902+0000] {processor.py:826} INFO - Processing file /workspaces/hands-on-introduction-data-engineering-4395021/airflow/dags/extract_csv_dag.py for tasks to queue
[2025-04-09T17:23:34.903+0000] {logging_mixin.py:150} INFO - [2025-04-09T17:23:34.903+0000] {dagbag.py:541} INFO - Filling up the DagBag from /workspaces/hands-on-introduction-data-engineering-4395021/airflow/dags/extract_csv_dag.py
[2025-04-09T17:23:34.910+0000] {processor.py:836} INFO - DAG(s) dict_keys(['extract_csv_dag']) retrieved from /workspaces/hands-on-introduction-data-engineering-4395021/airflow/dags/extract_csv_dag.py
[2025-04-09T17:23:34.928+0000] {logging_mixin.py:150} INFO - [2025-04-09T17:23:34.927+0000] {dag.py:2742} INFO - Sync 1 DAGs
[2025-04-09T17:23:34.941+0000] {logging_mixin.py:150} INFO - [2025-04-09T17:23:34.941+0000] {dag.py:3504} INFO - Setting next_dagrun for extract_csv_dag to None, run_after=None
[2025-04-09T17:23:34.954+0000] {processor.py:179} INFO - Processing /workspaces/hands-on-introduction-data-engineering-4395021/airflow/dags/extract_csv_dag.py took 0.055 seconds
[2025-04-09T17:24:05.304+0000] {processor.py:157} INFO - Started process (PID=15002) to work on /workspaces/hands-on-introduction-data-engineering-4395021/airflow/dags/extract_csv_dag.py
[2025-04-09T17:24:05.305+0000] {processor.py:826} INFO - Processing file /workspaces/hands-on-introduction-data-engineering-4395021/airflow/dags/extract_csv_dag.py for tasks to queue
[2025-04-09T17:24:05.306+0000] {logging_mixin.py:150} INFO - [2025-04-09T17:24:05.305+0000] {dagbag.py:541} INFO - Filling up the DagBag from /workspaces/hands-on-introduction-data-engineering-4395021/airflow/dags/extract_csv_dag.py
[2025-04-09T17:24:05.313+0000] {processor.py:836} INFO - DAG(s) dict_keys(['extract_csv_dag']) retrieved from /workspaces/hands-on-introduction-data-engineering-4395021/airflow/dags/extract_csv_dag.py
[2025-04-09T17:24:05.330+0000] {logging_mixin.py:150} INFO - [2025-04-09T17:24:05.330+0000] {dag.py:2742} INFO - Sync 1 DAGs
[2025-04-09T17:24:05.343+0000] {logging_mixin.py:150} INFO - [2025-04-09T17:24:05.343+0000] {dag.py:3504} INFO - Setting next_dagrun for extract_csv_dag to None, run_after=None
[2025-04-09T17:24:05.356+0000] {processor.py:179} INFO - Processing /workspaces/hands-on-introduction-data-engineering-4395021/airflow/dags/extract_csv_dag.py took 0.054 seconds
[2025-04-09T17:24:35.953+0000] {processor.py:157} INFO - Started process (PID=15184) to work on /workspaces/hands-on-introduction-data-engineering-4395021/airflow/dags/extract_csv_dag.py
[2025-04-09T17:24:35.954+0000] {processor.py:826} INFO - Processing file /workspaces/hands-on-introduction-data-engineering-4395021/airflow/dags/extract_csv_dag.py for tasks to queue
[2025-04-09T17:24:35.954+0000] {logging_mixin.py:150} INFO - [2025-04-09T17:24:35.954+0000] {dagbag.py:541} INFO - Filling up the DagBag from /workspaces/hands-on-introduction-data-engineering-4395021/airflow/dags/extract_csv_dag.py
[2025-04-09T17:24:35.962+0000] {processor.py:836} INFO - DAG(s) dict_keys(['extract_csv_dag']) retrieved from /workspaces/hands-on-introduction-data-engineering-4395021/airflow/dags/extract_csv_dag.py
[2025-04-09T17:24:35.979+0000] {logging_mixin.py:150} INFO - [2025-04-09T17:24:35.979+0000] {dag.py:2742} INFO - Sync 1 DAGs
[2025-04-09T17:24:35.992+0000] {logging_mixin.py:150} INFO - [2025-04-09T17:24:35.992+0000] {dag.py:3504} INFO - Setting next_dagrun for extract_csv_dag to None, run_after=None
[2025-04-09T17:24:36.005+0000] {processor.py:179} INFO - Processing /workspaces/hands-on-introduction-data-engineering-4395021/airflow/dags/extract_csv_dag.py took 0.055 seconds
[2025-04-09T17:25:01.113+0000] {processor.py:157} INFO - Started process (PID=15330) to work on /workspaces/hands-on-introduction-data-engineering-4395021/airflow/dags/extract_csv_dag.py
[2025-04-09T17:25:01.114+0000] {processor.py:826} INFO - Processing file /workspaces/hands-on-introduction-data-engineering-4395021/airflow/dags/extract_csv_dag.py for tasks to queue
[2025-04-09T17:25:01.115+0000] {logging_mixin.py:150} INFO - [2025-04-09T17:25:01.115+0000] {dagbag.py:541} INFO - Filling up the DagBag from /workspaces/hands-on-introduction-data-engineering-4395021/airflow/dags/extract_csv_dag.py
[2025-04-09T17:25:01.123+0000] {processor.py:836} INFO - DAG(s) dict_keys(['extract_csv_dag']) retrieved from /workspaces/hands-on-introduction-data-engineering-4395021/airflow/dags/extract_csv_dag.py
[2025-04-09T17:25:01.199+0000] {logging_mixin.py:150} INFO - [2025-04-09T17:25:01.199+0000] {dag.py:2742} INFO - Sync 1 DAGs
[2025-04-09T17:25:01.211+0000] {logging_mixin.py:150} INFO - [2025-04-09T17:25:01.211+0000] {dag.py:3504} INFO - Setting next_dagrun for extract_csv_dag to None, run_after=None
[2025-04-09T17:25:01.226+0000] {processor.py:179} INFO - Processing /workspaces/hands-on-introduction-data-engineering-4395021/airflow/dags/extract_csv_dag.py took 0.115 seconds
[2025-04-09T17:25:06.181+0000] {processor.py:157} INFO - Started process (PID=15371) to work on /workspaces/hands-on-introduction-data-engineering-4395021/airflow/dags/extract_csv_dag.py
[2025-04-09T17:25:06.182+0000] {processor.py:826} INFO - Processing file /workspaces/hands-on-introduction-data-engineering-4395021/airflow/dags/extract_csv_dag.py for tasks to queue
[2025-04-09T17:25:06.183+0000] {logging_mixin.py:150} INFO - [2025-04-09T17:25:06.182+0000] {dagbag.py:541} INFO - Filling up the DagBag from /workspaces/hands-on-introduction-data-engineering-4395021/airflow/dags/extract_csv_dag.py
[2025-04-09T17:25:06.190+0000] {processor.py:836} INFO - DAG(s) dict_keys(['extract_csv_dag']) retrieved from /workspaces/hands-on-introduction-data-engineering-4395021/airflow/dags/extract_csv_dag.py
[2025-04-09T17:25:06.196+0000] {logging_mixin.py:150} INFO - [2025-04-09T17:25:06.196+0000] {dag.py:2742} INFO - Sync 1 DAGs
[2025-04-09T17:25:06.211+0000] {logging_mixin.py:150} INFO - [2025-04-09T17:25:06.210+0000] {dag.py:3504} INFO - Setting next_dagrun for extract_csv_dag to None, run_after=None
[2025-04-09T17:25:06.225+0000] {processor.py:179} INFO - Processing /workspaces/hands-on-introduction-data-engineering-4395021/airflow/dags/extract_csv_dag.py took 0.047 seconds
[2025-04-09T17:25:08.011+0000] {processor.py:157} INFO - Started process (PID=15381) to work on /workspaces/hands-on-introduction-data-engineering-4395021/airflow/dags/extract_csv_dag.py
[2025-04-09T17:25:08.012+0000] {processor.py:826} INFO - Processing file /workspaces/hands-on-introduction-data-engineering-4395021/airflow/dags/extract_csv_dag.py for tasks to queue
[2025-04-09T17:25:08.013+0000] {logging_mixin.py:150} INFO - [2025-04-09T17:25:08.013+0000] {dagbag.py:541} INFO - Filling up the DagBag from /workspaces/hands-on-introduction-data-engineering-4395021/airflow/dags/extract_csv_dag.py
[2025-04-09T17:25:08.024+0000] {processor.py:836} INFO - DAG(s) dict_keys(['extract_csv_dag']) retrieved from /workspaces/hands-on-introduction-data-engineering-4395021/airflow/dags/extract_csv_dag.py
[2025-04-09T17:25:08.032+0000] {logging_mixin.py:150} INFO - [2025-04-09T17:25:08.032+0000] {dag.py:2742} INFO - Sync 1 DAGs
[2025-04-09T17:25:08.055+0000] {logging_mixin.py:150} INFO - [2025-04-09T17:25:08.055+0000] {dag.py:3504} INFO - Setting next_dagrun for extract_csv_dag to None, run_after=None
[2025-04-09T17:25:08.077+0000] {processor.py:179} INFO - Processing /workspaces/hands-on-introduction-data-engineering-4395021/airflow/dags/extract_csv_dag.py took 0.068 seconds
[2025-04-09T17:25:16.228+0000] {processor.py:157} INFO - Started process (PID=15442) to work on /workspaces/hands-on-introduction-data-engineering-4395021/airflow/dags/extract_csv_dag.py
[2025-04-09T17:25:16.229+0000] {processor.py:826} INFO - Processing file /workspaces/hands-on-introduction-data-engineering-4395021/airflow/dags/extract_csv_dag.py for tasks to queue
[2025-04-09T17:25:16.230+0000] {logging_mixin.py:150} INFO - [2025-04-09T17:25:16.229+0000] {dagbag.py:541} INFO - Filling up the DagBag from /workspaces/hands-on-introduction-data-engineering-4395021/airflow/dags/extract_csv_dag.py
[2025-04-09T17:25:16.237+0000] {processor.py:836} INFO - DAG(s) dict_keys(['extract_csv_dag']) retrieved from /workspaces/hands-on-introduction-data-engineering-4395021/airflow/dags/extract_csv_dag.py
[2025-04-09T17:25:16.244+0000] {logging_mixin.py:150} INFO - [2025-04-09T17:25:16.244+0000] {dag.py:2742} INFO - Sync 1 DAGs
[2025-04-09T17:25:16.258+0000] {logging_mixin.py:150} INFO - [2025-04-09T17:25:16.258+0000] {dag.py:3504} INFO - Setting next_dagrun for extract_csv_dag to None, run_after=None
[2025-04-09T17:25:16.273+0000] {processor.py:179} INFO - Processing /workspaces/hands-on-introduction-data-engineering-4395021/airflow/dags/extract_csv_dag.py took 0.047 seconds
[2025-04-09T17:25:22.342+0000] {processor.py:157} INFO - Started process (PID=15472) to work on /workspaces/hands-on-introduction-data-engineering-4395021/airflow/dags/extract_csv_dag.py
[2025-04-09T17:25:22.343+0000] {processor.py:826} INFO - Processing file /workspaces/hands-on-introduction-data-engineering-4395021/airflow/dags/extract_csv_dag.py for tasks to queue
[2025-04-09T17:25:22.344+0000] {logging_mixin.py:150} INFO - [2025-04-09T17:25:22.343+0000] {dagbag.py:541} INFO - Filling up the DagBag from /workspaces/hands-on-introduction-data-engineering-4395021/airflow/dags/extract_csv_dag.py
[2025-04-09T17:25:22.351+0000] {processor.py:836} INFO - DAG(s) dict_keys(['extract_csv_dag']) retrieved from /workspaces/hands-on-introduction-data-engineering-4395021/airflow/dags/extract_csv_dag.py
[2025-04-09T17:25:22.358+0000] {logging_mixin.py:150} INFO - [2025-04-09T17:25:22.358+0000] {dag.py:2742} INFO - Sync 1 DAGs
[2025-04-09T17:25:22.380+0000] {logging_mixin.py:150} INFO - [2025-04-09T17:25:22.380+0000] {dag.py:3504} INFO - Setting next_dagrun for extract_csv_dag to None, run_after=None
[2025-04-09T17:25:22.398+0000] {processor.py:179} INFO - Processing /workspaces/hands-on-introduction-data-engineering-4395021/airflow/dags/extract_csv_dag.py took 0.058 seconds
[2025-04-09T17:25:27.276+0000] {processor.py:157} INFO - Started process (PID=15513) to work on /workspaces/hands-on-introduction-data-engineering-4395021/airflow/dags/extract_csv_dag.py
[2025-04-09T17:25:27.277+0000] {processor.py:826} INFO - Processing file /workspaces/hands-on-introduction-data-engineering-4395021/airflow/dags/extract_csv_dag.py for tasks to queue
[2025-04-09T17:25:27.277+0000] {logging_mixin.py:150} INFO - [2025-04-09T17:25:27.277+0000] {dagbag.py:541} INFO - Filling up the DagBag from /workspaces/hands-on-introduction-data-engineering-4395021/airflow/dags/extract_csv_dag.py
[2025-04-09T17:25:27.285+0000] {processor.py:836} INFO - DAG(s) dict_keys(['extract_csv_dag']) retrieved from /workspaces/hands-on-introduction-data-engineering-4395021/airflow/dags/extract_csv_dag.py
[2025-04-09T17:25:27.291+0000] {logging_mixin.py:150} INFO - [2025-04-09T17:25:27.291+0000] {dag.py:2742} INFO - Sync 1 DAGs
[2025-04-09T17:25:27.305+0000] {logging_mixin.py:150} INFO - [2025-04-09T17:25:27.305+0000] {dag.py:3504} INFO - Setting next_dagrun for extract_csv_dag to None, run_after=None
[2025-04-09T17:25:27.320+0000] {processor.py:179} INFO - Processing /workspaces/hands-on-introduction-data-engineering-4395021/airflow/dags/extract_csv_dag.py took 0.047 seconds
[2025-04-09T17:25:58.355+0000] {processor.py:157} INFO - Started process (PID=15917) to work on /workspaces/hands-on-introduction-data-engineering-4395021/airflow/dags/extract_csv_dag.py
[2025-04-09T17:25:58.356+0000] {processor.py:826} INFO - Processing file /workspaces/hands-on-introduction-data-engineering-4395021/airflow/dags/extract_csv_dag.py for tasks to queue
[2025-04-09T17:25:58.356+0000] {logging_mixin.py:150} INFO - [2025-04-09T17:25:58.356+0000] {dagbag.py:541} INFO - Filling up the DagBag from /workspaces/hands-on-introduction-data-engineering-4395021/airflow/dags/extract_csv_dag.py
[2025-04-09T17:25:58.364+0000] {processor.py:836} INFO - DAG(s) dict_keys(['extract_csv_dag']) retrieved from /workspaces/hands-on-introduction-data-engineering-4395021/airflow/dags/extract_csv_dag.py
[2025-04-09T17:25:58.435+0000] {logging_mixin.py:150} INFO - [2025-04-09T17:25:58.435+0000] {dag.py:2742} INFO - Sync 1 DAGs
[2025-04-09T17:25:58.448+0000] {logging_mixin.py:150} INFO - [2025-04-09T17:25:58.448+0000] {dag.py:3504} INFO - Setting next_dagrun for extract_csv_dag to None, run_after=None
[2025-04-09T17:25:58.463+0000] {processor.py:179} INFO - Processing /workspaces/hands-on-introduction-data-engineering-4395021/airflow/dags/extract_csv_dag.py took 0.110 seconds
[2025-04-09T17:26:28.649+0000] {processor.py:157} INFO - Started process (PID=16245) to work on /workspaces/hands-on-introduction-data-engineering-4395021/airflow/dags/extract_csv_dag.py
[2025-04-09T17:26:28.650+0000] {processor.py:826} INFO - Processing file /workspaces/hands-on-introduction-data-engineering-4395021/airflow/dags/extract_csv_dag.py for tasks to queue
[2025-04-09T17:26:28.650+0000] {logging_mixin.py:150} INFO - [2025-04-09T17:26:28.650+0000] {dagbag.py:541} INFO - Filling up the DagBag from /workspaces/hands-on-introduction-data-engineering-4395021/airflow/dags/extract_csv_dag.py
[2025-04-09T17:26:28.657+0000] {processor.py:836} INFO - DAG(s) dict_keys(['extract_csv_dag']) retrieved from /workspaces/hands-on-introduction-data-engineering-4395021/airflow/dags/extract_csv_dag.py
[2025-04-09T17:26:28.675+0000] {logging_mixin.py:150} INFO - [2025-04-09T17:26:28.675+0000] {dag.py:2742} INFO - Sync 1 DAGs
[2025-04-09T17:26:28.689+0000] {logging_mixin.py:150} INFO - [2025-04-09T17:26:28.689+0000] {dag.py:3504} INFO - Setting next_dagrun for extract_csv_dag to None, run_after=None
[2025-04-09T17:26:28.702+0000] {processor.py:179} INFO - Processing /workspaces/hands-on-introduction-data-engineering-4395021/airflow/dags/extract_csv_dag.py took 0.056 seconds
[2025-04-09T17:26:58.837+0000] {processor.py:157} INFO - Started process (PID=16445) to work on /workspaces/hands-on-introduction-data-engineering-4395021/airflow/dags/extract_csv_dag.py
[2025-04-09T17:26:58.837+0000] {processor.py:826} INFO - Processing file /workspaces/hands-on-introduction-data-engineering-4395021/airflow/dags/extract_csv_dag.py for tasks to queue
[2025-04-09T17:26:58.838+0000] {logging_mixin.py:150} INFO - [2025-04-09T17:26:58.838+0000] {dagbag.py:541} INFO - Filling up the DagBag from /workspaces/hands-on-introduction-data-engineering-4395021/airflow/dags/extract_csv_dag.py
[2025-04-09T17:26:58.845+0000] {processor.py:836} INFO - DAG(s) dict_keys(['extract_csv_dag']) retrieved from /workspaces/hands-on-introduction-data-engineering-4395021/airflow/dags/extract_csv_dag.py
[2025-04-09T17:26:58.863+0000] {logging_mixin.py:150} INFO - [2025-04-09T17:26:58.863+0000] {dag.py:2742} INFO - Sync 1 DAGs
[2025-04-09T17:26:58.877+0000] {logging_mixin.py:150} INFO - [2025-04-09T17:26:58.877+0000] {dag.py:3504} INFO - Setting next_dagrun for extract_csv_dag to None, run_after=None
[2025-04-09T17:26:58.891+0000] {processor.py:179} INFO - Processing /workspaces/hands-on-introduction-data-engineering-4395021/airflow/dags/extract_csv_dag.py took 0.056 seconds
[2025-04-09T17:27:29.024+0000] {processor.py:157} INFO - Started process (PID=16626) to work on /workspaces/hands-on-introduction-data-engineering-4395021/airflow/dags/extract_csv_dag.py
[2025-04-09T17:27:29.025+0000] {processor.py:826} INFO - Processing file /workspaces/hands-on-introduction-data-engineering-4395021/airflow/dags/extract_csv_dag.py for tasks to queue
[2025-04-09T17:27:29.026+0000] {logging_mixin.py:150} INFO - [2025-04-09T17:27:29.026+0000] {dagbag.py:541} INFO - Filling up the DagBag from /workspaces/hands-on-introduction-data-engineering-4395021/airflow/dags/extract_csv_dag.py
[2025-04-09T17:27:29.033+0000] {processor.py:836} INFO - DAG(s) dict_keys(['extract_csv_dag']) retrieved from /workspaces/hands-on-introduction-data-engineering-4395021/airflow/dags/extract_csv_dag.py
[2025-04-09T17:27:29.050+0000] {logging_mixin.py:150} INFO - [2025-04-09T17:27:29.050+0000] {dag.py:2742} INFO - Sync 1 DAGs
[2025-04-09T17:27:29.064+0000] {logging_mixin.py:150} INFO - [2025-04-09T17:27:29.063+0000] {dag.py:3504} INFO - Setting next_dagrun for extract_csv_dag to None, run_after=None
[2025-04-09T17:27:29.077+0000] {processor.py:179} INFO - Processing /workspaces/hands-on-introduction-data-engineering-4395021/airflow/dags/extract_csv_dag.py took 0.055 seconds
[2025-04-09T17:27:59.214+0000] {processor.py:157} INFO - Started process (PID=16797) to work on /workspaces/hands-on-introduction-data-engineering-4395021/airflow/dags/extract_csv_dag.py
[2025-04-09T17:27:59.215+0000] {processor.py:826} INFO - Processing file /workspaces/hands-on-introduction-data-engineering-4395021/airflow/dags/extract_csv_dag.py for tasks to queue
[2025-04-09T17:27:59.216+0000] {logging_mixin.py:150} INFO - [2025-04-09T17:27:59.215+0000] {dagbag.py:541} INFO - Filling up the DagBag from /workspaces/hands-on-introduction-data-engineering-4395021/airflow/dags/extract_csv_dag.py
[2025-04-09T17:27:59.223+0000] {processor.py:836} INFO - DAG(s) dict_keys(['extract_csv_dag']) retrieved from /workspaces/hands-on-introduction-data-engineering-4395021/airflow/dags/extract_csv_dag.py
[2025-04-09T17:27:59.240+0000] {logging_mixin.py:150} INFO - [2025-04-09T17:27:59.240+0000] {dag.py:2742} INFO - Sync 1 DAGs
[2025-04-09T17:27:59.253+0000] {logging_mixin.py:150} INFO - [2025-04-09T17:27:59.253+0000] {dag.py:3504} INFO - Setting next_dagrun for extract_csv_dag to None, run_after=None
[2025-04-09T17:27:59.267+0000] {processor.py:179} INFO - Processing /workspaces/hands-on-introduction-data-engineering-4395021/airflow/dags/extract_csv_dag.py took 0.056 seconds
[2025-04-09T17:28:29.405+0000] {processor.py:157} INFO - Started process (PID=17142) to work on /workspaces/hands-on-introduction-data-engineering-4395021/airflow/dags/extract_csv_dag.py
[2025-04-09T17:28:29.406+0000] {processor.py:826} INFO - Processing file /workspaces/hands-on-introduction-data-engineering-4395021/airflow/dags/extract_csv_dag.py for tasks to queue
[2025-04-09T17:28:29.406+0000] {logging_mixin.py:150} INFO - [2025-04-09T17:28:29.406+0000] {dagbag.py:541} INFO - Filling up the DagBag from /workspaces/hands-on-introduction-data-engineering-4395021/airflow/dags/extract_csv_dag.py
[2025-04-09T17:28:29.414+0000] {processor.py:836} INFO - DAG(s) dict_keys(['extract_csv_dag']) retrieved from /workspaces/hands-on-introduction-data-engineering-4395021/airflow/dags/extract_csv_dag.py
[2025-04-09T17:28:29.431+0000] {logging_mixin.py:150} INFO - [2025-04-09T17:28:29.431+0000] {dag.py:2742} INFO - Sync 1 DAGs
[2025-04-09T17:28:29.444+0000] {logging_mixin.py:150} INFO - [2025-04-09T17:28:29.444+0000] {dag.py:3504} INFO - Setting next_dagrun for extract_csv_dag to None, run_after=None
[2025-04-09T17:28:29.457+0000] {processor.py:179} INFO - Processing /workspaces/hands-on-introduction-data-engineering-4395021/airflow/dags/extract_csv_dag.py took 0.055 seconds
[2025-04-09T17:28:59.604+0000] {processor.py:157} INFO - Started process (PID=17477) to work on /workspaces/hands-on-introduction-data-engineering-4395021/airflow/dags/extract_csv_dag.py
[2025-04-09T17:28:59.605+0000] {processor.py:826} INFO - Processing file /workspaces/hands-on-introduction-data-engineering-4395021/airflow/dags/extract_csv_dag.py for tasks to queue
[2025-04-09T17:28:59.606+0000] {logging_mixin.py:150} INFO - [2025-04-09T17:28:59.605+0000] {dagbag.py:541} INFO - Filling up the DagBag from /workspaces/hands-on-introduction-data-engineering-4395021/airflow/dags/extract_csv_dag.py
[2025-04-09T17:28:59.613+0000] {processor.py:836} INFO - DAG(s) dict_keys(['extract_csv_dag']) retrieved from /workspaces/hands-on-introduction-data-engineering-4395021/airflow/dags/extract_csv_dag.py
[2025-04-09T17:28:59.630+0000] {logging_mixin.py:150} INFO - [2025-04-09T17:28:59.630+0000] {dag.py:2742} INFO - Sync 1 DAGs
[2025-04-09T17:28:59.643+0000] {logging_mixin.py:150} INFO - [2025-04-09T17:28:59.643+0000] {dag.py:3504} INFO - Setting next_dagrun for extract_csv_dag to None, run_after=None
[2025-04-09T17:28:59.657+0000] {processor.py:179} INFO - Processing /workspaces/hands-on-introduction-data-engineering-4395021/airflow/dags/extract_csv_dag.py took 0.055 seconds
[2025-04-09T17:29:29.759+0000] {processor.py:157} INFO - Started process (PID=17794) to work on /workspaces/hands-on-introduction-data-engineering-4395021/airflow/dags/extract_csv_dag.py
[2025-04-09T17:29:29.760+0000] {processor.py:826} INFO - Processing file /workspaces/hands-on-introduction-data-engineering-4395021/airflow/dags/extract_csv_dag.py for tasks to queue
[2025-04-09T17:29:29.760+0000] {logging_mixin.py:150} INFO - [2025-04-09T17:29:29.760+0000] {dagbag.py:541} INFO - Filling up the DagBag from /workspaces/hands-on-introduction-data-engineering-4395021/airflow/dags/extract_csv_dag.py
[2025-04-09T17:29:29.768+0000] {processor.py:836} INFO - DAG(s) dict_keys(['extract_csv_dag']) retrieved from /workspaces/hands-on-introduction-data-engineering-4395021/airflow/dags/extract_csv_dag.py
[2025-04-09T17:29:29.785+0000] {logging_mixin.py:150} INFO - [2025-04-09T17:29:29.785+0000] {dag.py:2742} INFO - Sync 1 DAGs
[2025-04-09T17:29:29.798+0000] {logging_mixin.py:150} INFO - [2025-04-09T17:29:29.798+0000] {dag.py:3504} INFO - Setting next_dagrun for extract_csv_dag to None, run_after=None
[2025-04-09T17:29:29.813+0000] {processor.py:179} INFO - Processing /workspaces/hands-on-introduction-data-engineering-4395021/airflow/dags/extract_csv_dag.py took 0.057 seconds
[2025-04-09T17:29:59.966+0000] {processor.py:157} INFO - Started process (PID=17969) to work on /workspaces/hands-on-introduction-data-engineering-4395021/airflow/dags/extract_csv_dag.py
[2025-04-09T17:29:59.967+0000] {processor.py:826} INFO - Processing file /workspaces/hands-on-introduction-data-engineering-4395021/airflow/dags/extract_csv_dag.py for tasks to queue
[2025-04-09T17:29:59.968+0000] {logging_mixin.py:150} INFO - [2025-04-09T17:29:59.968+0000] {dagbag.py:541} INFO - Filling up the DagBag from /workspaces/hands-on-introduction-data-engineering-4395021/airflow/dags/extract_csv_dag.py
[2025-04-09T17:29:59.975+0000] {processor.py:836} INFO - DAG(s) dict_keys(['extract_csv_dag']) retrieved from /workspaces/hands-on-introduction-data-engineering-4395021/airflow/dags/extract_csv_dag.py
[2025-04-09T17:29:59.992+0000] {logging_mixin.py:150} INFO - [2025-04-09T17:29:59.992+0000] {dag.py:2742} INFO - Sync 1 DAGs
[2025-04-09T17:30:00.006+0000] {logging_mixin.py:150} INFO - [2025-04-09T17:30:00.006+0000] {dag.py:3504} INFO - Setting next_dagrun for extract_csv_dag to None, run_after=None
[2025-04-09T17:30:00.020+0000] {processor.py:179} INFO - Processing /workspaces/hands-on-introduction-data-engineering-4395021/airflow/dags/extract_csv_dag.py took 0.056 seconds
[2025-04-09T17:30:30.263+0000] {processor.py:157} INFO - Started process (PID=18150) to work on /workspaces/hands-on-introduction-data-engineering-4395021/airflow/dags/extract_csv_dag.py
[2025-04-09T17:30:30.264+0000] {processor.py:826} INFO - Processing file /workspaces/hands-on-introduction-data-engineering-4395021/airflow/dags/extract_csv_dag.py for tasks to queue
[2025-04-09T17:30:30.264+0000] {logging_mixin.py:150} INFO - [2025-04-09T17:30:30.264+0000] {dagbag.py:541} INFO - Filling up the DagBag from /workspaces/hands-on-introduction-data-engineering-4395021/airflow/dags/extract_csv_dag.py
[2025-04-09T17:30:30.271+0000] {processor.py:836} INFO - DAG(s) dict_keys(['extract_csv_dag']) retrieved from /workspaces/hands-on-introduction-data-engineering-4395021/airflow/dags/extract_csv_dag.py
[2025-04-09T17:30:30.289+0000] {logging_mixin.py:150} INFO - [2025-04-09T17:30:30.289+0000] {dag.py:2742} INFO - Sync 1 DAGs
[2025-04-09T17:30:30.302+0000] {logging_mixin.py:150} INFO - [2025-04-09T17:30:30.302+0000] {dag.py:3504} INFO - Setting next_dagrun for extract_csv_dag to None, run_after=None
[2025-04-09T17:30:30.316+0000] {processor.py:179} INFO - Processing /workspaces/hands-on-introduction-data-engineering-4395021/airflow/dags/extract_csv_dag.py took 0.056 seconds
[2025-04-09T17:30:36.501+0000] {processor.py:157} INFO - Started process (PID=18186) to work on /workspaces/hands-on-introduction-data-engineering-4395021/airflow/dags/extract_csv_dag.py
[2025-04-09T17:30:36.502+0000] {processor.py:826} INFO - Processing file /workspaces/hands-on-introduction-data-engineering-4395021/airflow/dags/extract_csv_dag.py for tasks to queue
[2025-04-09T17:30:36.503+0000] {logging_mixin.py:150} INFO - [2025-04-09T17:30:36.502+0000] {dagbag.py:541} INFO - Filling up the DagBag from /workspaces/hands-on-introduction-data-engineering-4395021/airflow/dags/extract_csv_dag.py
[2025-04-09T17:30:36.514+0000] {processor.py:836} INFO - DAG(s) dict_keys(['extract_csv_dag']) retrieved from /workspaces/hands-on-introduction-data-engineering-4395021/airflow/dags/extract_csv_dag.py
[2025-04-09T17:30:36.607+0000] {logging_mixin.py:150} INFO - [2025-04-09T17:30:36.606+0000] {dag.py:2742} INFO - Sync 1 DAGs
[2025-04-09T17:30:36.619+0000] {logging_mixin.py:150} INFO - [2025-04-09T17:30:36.619+0000] {dag.py:3504} INFO - Setting next_dagrun for extract_csv_dag to None, run_after=None
[2025-04-09T17:30:36.635+0000] {processor.py:179} INFO - Processing /workspaces/hands-on-introduction-data-engineering-4395021/airflow/dags/extract_csv_dag.py took 0.142 seconds
[2025-04-09T17:30:37.718+0000] {processor.py:157} INFO - Started process (PID=18199) to work on /workspaces/hands-on-introduction-data-engineering-4395021/airflow/dags/extract_csv_dag.py
[2025-04-09T17:30:37.719+0000] {processor.py:826} INFO - Processing file /workspaces/hands-on-introduction-data-engineering-4395021/airflow/dags/extract_csv_dag.py for tasks to queue
[2025-04-09T17:30:37.719+0000] {logging_mixin.py:150} INFO - [2025-04-09T17:30:37.719+0000] {dagbag.py:541} INFO - Filling up the DagBag from /workspaces/hands-on-introduction-data-engineering-4395021/airflow/dags/extract_csv_dag.py
[2025-04-09T17:30:37.727+0000] {processor.py:836} INFO - DAG(s) dict_keys(['extract_csv_dag']) retrieved from /workspaces/hands-on-introduction-data-engineering-4395021/airflow/dags/extract_csv_dag.py
[2025-04-09T17:30:37.734+0000] {logging_mixin.py:150} INFO - [2025-04-09T17:30:37.733+0000] {dag.py:2742} INFO - Sync 1 DAGs
[2025-04-09T17:30:37.749+0000] {logging_mixin.py:150} INFO - [2025-04-09T17:30:37.748+0000] {dag.py:3504} INFO - Setting next_dagrun for extract_csv_dag to None, run_after=None
[2025-04-09T17:30:37.763+0000] {processor.py:179} INFO - Processing /workspaces/hands-on-introduction-data-engineering-4395021/airflow/dags/extract_csv_dag.py took 0.048 seconds
[2025-04-09T17:30:41.825+0000] {processor.py:157} INFO - Started process (PID=18227) to work on /workspaces/hands-on-introduction-data-engineering-4395021/airflow/dags/extract_csv_dag.py
[2025-04-09T17:30:41.826+0000] {processor.py:826} INFO - Processing file /workspaces/hands-on-introduction-data-engineering-4395021/airflow/dags/extract_csv_dag.py for tasks to queue
[2025-04-09T17:30:41.826+0000] {logging_mixin.py:150} INFO - [2025-04-09T17:30:41.826+0000] {dagbag.py:541} INFO - Filling up the DagBag from /workspaces/hands-on-introduction-data-engineering-4395021/airflow/dags/extract_csv_dag.py
[2025-04-09T17:30:41.834+0000] {processor.py:836} INFO - DAG(s) dict_keys(['extract_csv_dag']) retrieved from /workspaces/hands-on-introduction-data-engineering-4395021/airflow/dags/extract_csv_dag.py
[2025-04-09T17:30:41.841+0000] {logging_mixin.py:150} INFO - [2025-04-09T17:30:41.841+0000] {dag.py:2742} INFO - Sync 1 DAGs
[2025-04-09T17:30:41.856+0000] {logging_mixin.py:150} INFO - [2025-04-09T17:30:41.856+0000] {dag.py:3504} INFO - Setting next_dagrun for extract_csv_dag to None, run_after=None
[2025-04-09T17:30:41.872+0000] {processor.py:179} INFO - Processing /workspaces/hands-on-introduction-data-engineering-4395021/airflow/dags/extract_csv_dag.py took 0.049 seconds
[2025-04-09T17:30:43.993+0000] {processor.py:157} INFO - Started process (PID=18245) to work on /workspaces/hands-on-introduction-data-engineering-4395021/airflow/dags/extract_csv_dag.py
[2025-04-09T17:30:43.995+0000] {processor.py:826} INFO - Processing file /workspaces/hands-on-introduction-data-engineering-4395021/airflow/dags/extract_csv_dag.py for tasks to queue
[2025-04-09T17:30:43.996+0000] {logging_mixin.py:150} INFO - [2025-04-09T17:30:43.996+0000] {dagbag.py:541} INFO - Filling up the DagBag from /workspaces/hands-on-introduction-data-engineering-4395021/airflow/dags/extract_csv_dag.py
[2025-04-09T17:30:44.007+0000] {processor.py:836} INFO - DAG(s) dict_keys(['extract_csv_dag']) retrieved from /workspaces/hands-on-introduction-data-engineering-4395021/airflow/dags/extract_csv_dag.py
[2025-04-09T17:30:44.017+0000] {logging_mixin.py:150} INFO - [2025-04-09T17:30:44.017+0000] {dag.py:2742} INFO - Sync 1 DAGs
[2025-04-09T17:30:44.033+0000] {logging_mixin.py:150} INFO - [2025-04-09T17:30:44.033+0000] {dag.py:3504} INFO - Setting next_dagrun for extract_csv_dag to None, run_after=None
[2025-04-09T17:30:44.047+0000] {processor.py:179} INFO - Processing /workspaces/hands-on-introduction-data-engineering-4395021/airflow/dags/extract_csv_dag.py took 0.060 seconds
[2025-04-09T17:30:49.674+0000] {processor.py:157} INFO - Started process (PID=18287) to work on /workspaces/hands-on-introduction-data-engineering-4395021/airflow/dags/extract_csv_dag.py
[2025-04-09T17:30:49.675+0000] {processor.py:826} INFO - Processing file /workspaces/hands-on-introduction-data-engineering-4395021/airflow/dags/extract_csv_dag.py for tasks to queue
[2025-04-09T17:30:49.675+0000] {logging_mixin.py:150} INFO - [2025-04-09T17:30:49.675+0000] {dagbag.py:541} INFO - Filling up the DagBag from /workspaces/hands-on-introduction-data-engineering-4395021/airflow/dags/extract_csv_dag.py
[2025-04-09T17:30:49.683+0000] {processor.py:836} INFO - DAG(s) dict_keys(['extract_csv_dag']) retrieved from /workspaces/hands-on-introduction-data-engineering-4395021/airflow/dags/extract_csv_dag.py
[2025-04-09T17:30:49.689+0000] {logging_mixin.py:150} INFO - [2025-04-09T17:30:49.689+0000] {dag.py:2742} INFO - Sync 1 DAGs
[2025-04-09T17:30:49.705+0000] {logging_mixin.py:150} INFO - [2025-04-09T17:30:49.705+0000] {dag.py:3504} INFO - Setting next_dagrun for extract_csv_dag to None, run_after=None
[2025-04-09T17:30:49.719+0000] {processor.py:179} INFO - Processing /workspaces/hands-on-introduction-data-engineering-4395021/airflow/dags/extract_csv_dag.py took 0.048 seconds
[2025-04-09T17:31:19.832+0000] {processor.py:157} INFO - Started process (PID=18476) to work on /workspaces/hands-on-introduction-data-engineering-4395021/airflow/dags/extract_csv_dag.py
[2025-04-09T17:31:19.833+0000] {processor.py:826} INFO - Processing file /workspaces/hands-on-introduction-data-engineering-4395021/airflow/dags/extract_csv_dag.py for tasks to queue
[2025-04-09T17:31:19.833+0000] {logging_mixin.py:150} INFO - [2025-04-09T17:31:19.833+0000] {dagbag.py:541} INFO - Filling up the DagBag from /workspaces/hands-on-introduction-data-engineering-4395021/airflow/dags/extract_csv_dag.py
[2025-04-09T17:31:19.843+0000] {processor.py:836} INFO - DAG(s) dict_keys(['extract_csv_dag']) retrieved from /workspaces/hands-on-introduction-data-engineering-4395021/airflow/dags/extract_csv_dag.py
[2025-04-09T17:31:20.067+0000] {logging_mixin.py:150} INFO - [2025-04-09T17:31:20.066+0000] {dag.py:2742} INFO - Sync 1 DAGs
[2025-04-09T17:31:20.102+0000] {logging_mixin.py:150} INFO - [2025-04-09T17:31:20.102+0000] {dag.py:3504} INFO - Setting next_dagrun for extract_csv_dag to None, run_after=None
[2025-04-09T17:31:20.150+0000] {processor.py:179} INFO - Processing /workspaces/hands-on-introduction-data-engineering-4395021/airflow/dags/extract_csv_dag.py took 0.320 seconds
[2025-04-09T17:31:21.785+0000] {processor.py:157} INFO - Started process (PID=18491) to work on /workspaces/hands-on-introduction-data-engineering-4395021/airflow/dags/extract_csv_dag.py
[2025-04-09T17:31:21.786+0000] {processor.py:826} INFO - Processing file /workspaces/hands-on-introduction-data-engineering-4395021/airflow/dags/extract_csv_dag.py for tasks to queue
[2025-04-09T17:31:21.786+0000] {logging_mixin.py:150} INFO - [2025-04-09T17:31:21.786+0000] {dagbag.py:541} INFO - Filling up the DagBag from /workspaces/hands-on-introduction-data-engineering-4395021/airflow/dags/extract_csv_dag.py
[2025-04-09T17:31:21.794+0000] {processor.py:836} INFO - DAG(s) dict_keys(['extract_csv_dag']) retrieved from /workspaces/hands-on-introduction-data-engineering-4395021/airflow/dags/extract_csv_dag.py
[2025-04-09T17:31:21.801+0000] {logging_mixin.py:150} INFO - [2025-04-09T17:31:21.800+0000] {dag.py:2742} INFO - Sync 1 DAGs
[2025-04-09T17:31:21.815+0000] {logging_mixin.py:150} INFO - [2025-04-09T17:31:21.815+0000] {dag.py:3504} INFO - Setting next_dagrun for extract_csv_dag to None, run_after=None
[2025-04-09T17:31:21.830+0000] {processor.py:179} INFO - Processing /workspaces/hands-on-introduction-data-engineering-4395021/airflow/dags/extract_csv_dag.py took 0.048 seconds
[2025-04-09T17:31:22.917+0000] {processor.py:157} INFO - Started process (PID=18499) to work on /workspaces/hands-on-introduction-data-engineering-4395021/airflow/dags/extract_csv_dag.py
[2025-04-09T17:31:22.920+0000] {processor.py:826} INFO - Processing file /workspaces/hands-on-introduction-data-engineering-4395021/airflow/dags/extract_csv_dag.py for tasks to queue
[2025-04-09T17:31:22.921+0000] {logging_mixin.py:150} INFO - [2025-04-09T17:31:22.920+0000] {dagbag.py:541} INFO - Filling up the DagBag from /workspaces/hands-on-introduction-data-engineering-4395021/airflow/dags/extract_csv_dag.py
[2025-04-09T17:31:22.933+0000] {processor.py:836} INFO - DAG(s) dict_keys(['extract_csv_dag']) retrieved from /workspaces/hands-on-introduction-data-engineering-4395021/airflow/dags/extract_csv_dag.py
[2025-04-09T17:31:22.942+0000] {logging_mixin.py:150} INFO - [2025-04-09T17:31:22.942+0000] {dag.py:2742} INFO - Sync 1 DAGs
[2025-04-09T17:31:22.969+0000] {logging_mixin.py:150} INFO - [2025-04-09T17:31:22.969+0000] {dag.py:3504} INFO - Setting next_dagrun for extract_csv_dag to None, run_after=None
[2025-04-09T17:31:23.013+0000] {processor.py:179} INFO - Processing /workspaces/hands-on-introduction-data-engineering-4395021/airflow/dags/extract_csv_dag.py took 0.099 seconds
[2025-04-09T17:31:25.273+0000] {processor.py:157} INFO - Started process (PID=18513) to work on /workspaces/hands-on-introduction-data-engineering-4395021/airflow/dags/extract_csv_dag.py
[2025-04-09T17:31:25.274+0000] {processor.py:826} INFO - Processing file /workspaces/hands-on-introduction-data-engineering-4395021/airflow/dags/extract_csv_dag.py for tasks to queue
[2025-04-09T17:31:25.274+0000] {logging_mixin.py:150} INFO - [2025-04-09T17:31:25.274+0000] {dagbag.py:541} INFO - Filling up the DagBag from /workspaces/hands-on-introduction-data-engineering-4395021/airflow/dags/extract_csv_dag.py
[2025-04-09T17:31:25.282+0000] {processor.py:836} INFO - DAG(s) dict_keys(['extract_csv_dag']) retrieved from /workspaces/hands-on-introduction-data-engineering-4395021/airflow/dags/extract_csv_dag.py
[2025-04-09T17:31:25.288+0000] {logging_mixin.py:150} INFO - [2025-04-09T17:31:25.288+0000] {dag.py:2742} INFO - Sync 1 DAGs
[2025-04-09T17:31:25.303+0000] {logging_mixin.py:150} INFO - [2025-04-09T17:31:25.303+0000] {dag.py:3504} INFO - Setting next_dagrun for extract_csv_dag to None, run_after=None
[2025-04-09T17:31:25.318+0000] {processor.py:179} INFO - Processing /workspaces/hands-on-introduction-data-engineering-4395021/airflow/dags/extract_csv_dag.py took 0.048 seconds
[2025-04-09T17:31:31.845+0000] {processor.py:157} INFO - Started process (PID=18553) to work on /workspaces/hands-on-introduction-data-engineering-4395021/airflow/dags/extract_csv_dag.py
[2025-04-09T17:31:31.847+0000] {processor.py:826} INFO - Processing file /workspaces/hands-on-introduction-data-engineering-4395021/airflow/dags/extract_csv_dag.py for tasks to queue
[2025-04-09T17:31:31.848+0000] {logging_mixin.py:150} INFO - [2025-04-09T17:31:31.848+0000] {dagbag.py:541} INFO - Filling up the DagBag from /workspaces/hands-on-introduction-data-engineering-4395021/airflow/dags/extract_csv_dag.py
[2025-04-09T17:31:31.866+0000] {processor.py:836} INFO - DAG(s) dict_keys(['extract_csv_dag']) retrieved from /workspaces/hands-on-introduction-data-engineering-4395021/airflow/dags/extract_csv_dag.py
[2025-04-09T17:31:31.873+0000] {logging_mixin.py:150} INFO - [2025-04-09T17:31:31.873+0000] {dag.py:2742} INFO - Sync 1 DAGs
[2025-04-09T17:31:31.888+0000] {logging_mixin.py:150} INFO - [2025-04-09T17:31:31.888+0000] {dag.py:3504} INFO - Setting next_dagrun for extract_csv_dag to None, run_after=None
[2025-04-09T17:31:31.902+0000] {processor.py:179} INFO - Processing /workspaces/hands-on-introduction-data-engineering-4395021/airflow/dags/extract_csv_dag.py took 0.060 seconds
[2025-04-09T17:31:37.914+0000] {processor.py:157} INFO - Started process (PID=18601) to work on /workspaces/hands-on-introduction-data-engineering-4395021/airflow/dags/extract_csv_dag.py
[2025-04-09T17:31:37.914+0000] {processor.py:826} INFO - Processing file /workspaces/hands-on-introduction-data-engineering-4395021/airflow/dags/extract_csv_dag.py for tasks to queue
[2025-04-09T17:31:37.915+0000] {logging_mixin.py:150} INFO - [2025-04-09T17:31:37.915+0000] {dagbag.py:541} INFO - Filling up the DagBag from /workspaces/hands-on-introduction-data-engineering-4395021/airflow/dags/extract_csv_dag.py
[2025-04-09T17:31:37.923+0000] {processor.py:836} INFO - DAG(s) dict_keys(['extract_csv_dag']) retrieved from /workspaces/hands-on-introduction-data-engineering-4395021/airflow/dags/extract_csv_dag.py
[2025-04-09T17:31:37.929+0000] {logging_mixin.py:150} INFO - [2025-04-09T17:31:37.929+0000] {dag.py:2742} INFO - Sync 1 DAGs
[2025-04-09T17:31:37.945+0000] {logging_mixin.py:150} INFO - [2025-04-09T17:31:37.945+0000] {dag.py:3504} INFO - Setting next_dagrun for extract_csv_dag to None, run_after=None
[2025-04-09T17:31:37.959+0000] {processor.py:179} INFO - Processing /workspaces/hands-on-introduction-data-engineering-4395021/airflow/dags/extract_csv_dag.py took 0.048 seconds
[2025-04-09T17:32:08.408+0000] {processor.py:157} INFO - Started process (PID=18782) to work on /workspaces/hands-on-introduction-data-engineering-4395021/airflow/dags/extract_csv_dag.py
[2025-04-09T17:32:08.408+0000] {processor.py:826} INFO - Processing file /workspaces/hands-on-introduction-data-engineering-4395021/airflow/dags/extract_csv_dag.py for tasks to queue
[2025-04-09T17:32:08.409+0000] {logging_mixin.py:150} INFO - [2025-04-09T17:32:08.409+0000] {dagbag.py:541} INFO - Filling up the DagBag from /workspaces/hands-on-introduction-data-engineering-4395021/airflow/dags/extract_csv_dag.py
[2025-04-09T17:32:08.416+0000] {processor.py:836} INFO - DAG(s) dict_keys(['extract_csv_dag']) retrieved from /workspaces/hands-on-introduction-data-engineering-4395021/airflow/dags/extract_csv_dag.py
[2025-04-09T17:32:08.488+0000] {logging_mixin.py:150} INFO - [2025-04-09T17:32:08.488+0000] {dag.py:2742} INFO - Sync 1 DAGs
[2025-04-09T17:32:08.500+0000] {logging_mixin.py:150} INFO - [2025-04-09T17:32:08.499+0000] {dag.py:3504} INFO - Setting next_dagrun for extract_csv_dag to None, run_after=None
[2025-04-09T17:32:08.513+0000] {processor.py:179} INFO - Processing /workspaces/hands-on-introduction-data-engineering-4395021/airflow/dags/extract_csv_dag.py took 0.108 seconds
[2025-04-09T17:32:39.281+0000] {processor.py:157} INFO - Started process (PID=18964) to work on /workspaces/hands-on-introduction-data-engineering-4395021/airflow/dags/extract_csv_dag.py
[2025-04-09T17:32:39.282+0000] {processor.py:826} INFO - Processing file /workspaces/hands-on-introduction-data-engineering-4395021/airflow/dags/extract_csv_dag.py for tasks to queue
[2025-04-09T17:32:39.282+0000] {logging_mixin.py:150} INFO - [2025-04-09T17:32:39.282+0000] {dagbag.py:541} INFO - Filling up the DagBag from /workspaces/hands-on-introduction-data-engineering-4395021/airflow/dags/extract_csv_dag.py
[2025-04-09T17:32:39.290+0000] {processor.py:836} INFO - DAG(s) dict_keys(['extract_csv_dag']) retrieved from /workspaces/hands-on-introduction-data-engineering-4395021/airflow/dags/extract_csv_dag.py
[2025-04-09T17:32:39.308+0000] {logging_mixin.py:150} INFO - [2025-04-09T17:32:39.308+0000] {dag.py:2742} INFO - Sync 1 DAGs
[2025-04-09T17:32:39.321+0000] {logging_mixin.py:150} INFO - [2025-04-09T17:32:39.321+0000] {dag.py:3504} INFO - Setting next_dagrun for extract_csv_dag to None, run_after=None
[2025-04-09T17:32:39.335+0000] {processor.py:179} INFO - Processing /workspaces/hands-on-introduction-data-engineering-4395021/airflow/dags/extract_csv_dag.py took 0.056 seconds
[2025-04-09T17:33:09.461+0000] {processor.py:157} INFO - Started process (PID=19143) to work on /workspaces/hands-on-introduction-data-engineering-4395021/airflow/dags/extract_csv_dag.py
[2025-04-09T17:33:09.462+0000] {processor.py:826} INFO - Processing file /workspaces/hands-on-introduction-data-engineering-4395021/airflow/dags/extract_csv_dag.py for tasks to queue
[2025-04-09T17:33:09.463+0000] {logging_mixin.py:150} INFO - [2025-04-09T17:33:09.462+0000] {dagbag.py:541} INFO - Filling up the DagBag from /workspaces/hands-on-introduction-data-engineering-4395021/airflow/dags/extract_csv_dag.py
[2025-04-09T17:33:09.470+0000] {processor.py:836} INFO - DAG(s) dict_keys(['extract_csv_dag']) retrieved from /workspaces/hands-on-introduction-data-engineering-4395021/airflow/dags/extract_csv_dag.py
[2025-04-09T17:33:09.487+0000] {logging_mixin.py:150} INFO - [2025-04-09T17:33:09.487+0000] {dag.py:2742} INFO - Sync 1 DAGs
[2025-04-09T17:33:09.500+0000] {logging_mixin.py:150} INFO - [2025-04-09T17:33:09.500+0000] {dag.py:3504} INFO - Setting next_dagrun for extract_csv_dag to None, run_after=None
[2025-04-09T17:33:09.514+0000] {processor.py:179} INFO - Processing /workspaces/hands-on-introduction-data-engineering-4395021/airflow/dags/extract_csv_dag.py took 0.055 seconds
[2025-04-09T17:33:39.644+0000] {processor.py:157} INFO - Started process (PID=19331) to work on /workspaces/hands-on-introduction-data-engineering-4395021/airflow/dags/extract_csv_dag.py
[2025-04-09T17:33:39.645+0000] {processor.py:826} INFO - Processing file /workspaces/hands-on-introduction-data-engineering-4395021/airflow/dags/extract_csv_dag.py for tasks to queue
[2025-04-09T17:33:39.645+0000] {logging_mixin.py:150} INFO - [2025-04-09T17:33:39.645+0000] {dagbag.py:541} INFO - Filling up the DagBag from /workspaces/hands-on-introduction-data-engineering-4395021/airflow/dags/extract_csv_dag.py
[2025-04-09T17:33:39.653+0000] {processor.py:836} INFO - DAG(s) dict_keys(['extract_csv_dag']) retrieved from /workspaces/hands-on-introduction-data-engineering-4395021/airflow/dags/extract_csv_dag.py
[2025-04-09T17:33:39.670+0000] {logging_mixin.py:150} INFO - [2025-04-09T17:33:39.670+0000] {dag.py:2742} INFO - Sync 1 DAGs
[2025-04-09T17:33:39.684+0000] {logging_mixin.py:150} INFO - [2025-04-09T17:33:39.684+0000] {dag.py:3504} INFO - Setting next_dagrun for extract_csv_dag to None, run_after=None
[2025-04-09T17:33:39.698+0000] {processor.py:179} INFO - Processing /workspaces/hands-on-introduction-data-engineering-4395021/airflow/dags/extract_csv_dag.py took 0.056 seconds
[2025-04-09T17:34:09.828+0000] {processor.py:157} INFO - Started process (PID=19528) to work on /workspaces/hands-on-introduction-data-engineering-4395021/airflow/dags/extract_csv_dag.py
[2025-04-09T17:34:09.829+0000] {processor.py:826} INFO - Processing file /workspaces/hands-on-introduction-data-engineering-4395021/airflow/dags/extract_csv_dag.py for tasks to queue
[2025-04-09T17:34:09.829+0000] {logging_mixin.py:150} INFO - [2025-04-09T17:34:09.829+0000] {dagbag.py:541} INFO - Filling up the DagBag from /workspaces/hands-on-introduction-data-engineering-4395021/airflow/dags/extract_csv_dag.py
[2025-04-09T17:34:09.837+0000] {processor.py:836} INFO - DAG(s) dict_keys(['extract_csv_dag']) retrieved from /workspaces/hands-on-introduction-data-engineering-4395021/airflow/dags/extract_csv_dag.py
[2025-04-09T17:34:09.854+0000] {logging_mixin.py:150} INFO - [2025-04-09T17:34:09.854+0000] {dag.py:2742} INFO - Sync 1 DAGs
[2025-04-09T17:34:09.868+0000] {logging_mixin.py:150} INFO - [2025-04-09T17:34:09.868+0000] {dag.py:3504} INFO - Setting next_dagrun for extract_csv_dag to None, run_after=None
[2025-04-09T17:34:09.882+0000] {processor.py:179} INFO - Processing /workspaces/hands-on-introduction-data-engineering-4395021/airflow/dags/extract_csv_dag.py took 0.057 seconds
[2025-04-09T17:34:40.014+0000] {processor.py:157} INFO - Started process (PID=19711) to work on /workspaces/hands-on-introduction-data-engineering-4395021/airflow/dags/extract_csv_dag.py
[2025-04-09T17:34:40.015+0000] {processor.py:826} INFO - Processing file /workspaces/hands-on-introduction-data-engineering-4395021/airflow/dags/extract_csv_dag.py for tasks to queue
[2025-04-09T17:34:40.016+0000] {logging_mixin.py:150} INFO - [2025-04-09T17:34:40.015+0000] {dagbag.py:541} INFO - Filling up the DagBag from /workspaces/hands-on-introduction-data-engineering-4395021/airflow/dags/extract_csv_dag.py
[2025-04-09T17:34:40.023+0000] {processor.py:836} INFO - DAG(s) dict_keys(['extract_csv_dag']) retrieved from /workspaces/hands-on-introduction-data-engineering-4395021/airflow/dags/extract_csv_dag.py
[2025-04-09T17:34:40.040+0000] {logging_mixin.py:150} INFO - [2025-04-09T17:34:40.040+0000] {dag.py:2742} INFO - Sync 1 DAGs
[2025-04-09T17:34:40.054+0000] {logging_mixin.py:150} INFO - [2025-04-09T17:34:40.054+0000] {dag.py:3504} INFO - Setting next_dagrun for extract_csv_dag to None, run_after=None
[2025-04-09T17:34:40.068+0000] {processor.py:179} INFO - Processing /workspaces/hands-on-introduction-data-engineering-4395021/airflow/dags/extract_csv_dag.py took 0.056 seconds
[2025-04-09T17:35:10.537+0000] {processor.py:157} INFO - Started process (PID=19945) to work on /workspaces/hands-on-introduction-data-engineering-4395021/airflow/dags/extract_csv_dag.py
[2025-04-09T17:35:10.538+0000] {processor.py:826} INFO - Processing file /workspaces/hands-on-introduction-data-engineering-4395021/airflow/dags/extract_csv_dag.py for tasks to queue
[2025-04-09T17:35:10.539+0000] {logging_mixin.py:150} INFO - [2025-04-09T17:35:10.538+0000] {dagbag.py:541} INFO - Filling up the DagBag from /workspaces/hands-on-introduction-data-engineering-4395021/airflow/dags/extract_csv_dag.py
[2025-04-09T17:35:10.547+0000] {processor.py:836} INFO - DAG(s) dict_keys(['extract_csv_dag']) retrieved from /workspaces/hands-on-introduction-data-engineering-4395021/airflow/dags/extract_csv_dag.py
[2025-04-09T17:35:10.565+0000] {logging_mixin.py:150} INFO - [2025-04-09T17:35:10.565+0000] {dag.py:2742} INFO - Sync 1 DAGs
[2025-04-09T17:35:10.580+0000] {logging_mixin.py:150} INFO - [2025-04-09T17:35:10.580+0000] {dag.py:3504} INFO - Setting next_dagrun for extract_csv_dag to None, run_after=None
[2025-04-09T17:35:10.593+0000] {processor.py:179} INFO - Processing /workspaces/hands-on-introduction-data-engineering-4395021/airflow/dags/extract_csv_dag.py took 0.059 seconds
[2025-04-09T17:35:40.765+0000] {processor.py:157} INFO - Started process (PID=20128) to work on /workspaces/hands-on-introduction-data-engineering-4395021/airflow/dags/extract_csv_dag.py
[2025-04-09T17:35:40.765+0000] {processor.py:826} INFO - Processing file /workspaces/hands-on-introduction-data-engineering-4395021/airflow/dags/extract_csv_dag.py for tasks to queue
[2025-04-09T17:35:40.766+0000] {logging_mixin.py:150} INFO - [2025-04-09T17:35:40.766+0000] {dagbag.py:541} INFO - Filling up the DagBag from /workspaces/hands-on-introduction-data-engineering-4395021/airflow/dags/extract_csv_dag.py
[2025-04-09T17:35:40.773+0000] {processor.py:836} INFO - DAG(s) dict_keys(['extract_csv_dag']) retrieved from /workspaces/hands-on-introduction-data-engineering-4395021/airflow/dags/extract_csv_dag.py
[2025-04-09T17:35:40.791+0000] {logging_mixin.py:150} INFO - [2025-04-09T17:35:40.791+0000] {dag.py:2742} INFO - Sync 1 DAGs
[2025-04-09T17:35:40.804+0000] {logging_mixin.py:150} INFO - [2025-04-09T17:35:40.804+0000] {dag.py:3504} INFO - Setting next_dagrun for extract_csv_dag to None, run_after=None
[2025-04-09T17:35:40.818+0000] {processor.py:179} INFO - Processing /workspaces/hands-on-introduction-data-engineering-4395021/airflow/dags/extract_csv_dag.py took 0.055 seconds
[2025-04-09T17:36:03.873+0000] {processor.py:157} INFO - Started process (PID=20277) to work on /workspaces/hands-on-introduction-data-engineering-4395021/airflow/dags/extract_csv_dag.py
[2025-04-09T17:36:03.874+0000] {processor.py:826} INFO - Processing file /workspaces/hands-on-introduction-data-engineering-4395021/airflow/dags/extract_csv_dag.py for tasks to queue
[2025-04-09T17:36:03.878+0000] {logging_mixin.py:150} INFO - [2025-04-09T17:36:03.877+0000] {dagbag.py:541} INFO - Filling up the DagBag from /workspaces/hands-on-introduction-data-engineering-4395021/airflow/dags/extract_csv_dag.py
[2025-04-09T17:36:03.903+0000] {processor.py:836} INFO - DAG(s) dict_keys(['extract_csv_dag']) retrieved from /workspaces/hands-on-introduction-data-engineering-4395021/airflow/dags/extract_csv_dag.py
[2025-04-09T17:36:04.147+0000] {logging_mixin.py:150} INFO - [2025-04-09T17:36:04.147+0000] {dag.py:2742} INFO - Sync 1 DAGs
[2025-04-09T17:36:04.166+0000] {logging_mixin.py:150} INFO - [2025-04-09T17:36:04.166+0000] {dag.py:3504} INFO - Setting next_dagrun for extract_csv_dag to None, run_after=None
[2025-04-09T17:36:04.221+0000] {processor.py:179} INFO - Processing /workspaces/hands-on-introduction-data-engineering-4395021/airflow/dags/extract_csv_dag.py took 0.355 seconds
[2025-04-09T17:36:06.362+0000] {processor.py:157} INFO - Started process (PID=20286) to work on /workspaces/hands-on-introduction-data-engineering-4395021/airflow/dags/extract_csv_dag.py
[2025-04-09T17:36:06.363+0000] {processor.py:826} INFO - Processing file /workspaces/hands-on-introduction-data-engineering-4395021/airflow/dags/extract_csv_dag.py for tasks to queue
[2025-04-09T17:36:06.364+0000] {logging_mixin.py:150} INFO - [2025-04-09T17:36:06.363+0000] {dagbag.py:541} INFO - Filling up the DagBag from /workspaces/hands-on-introduction-data-engineering-4395021/airflow/dags/extract_csv_dag.py
[2025-04-09T17:36:06.383+0000] {processor.py:836} INFO - DAG(s) dict_keys(['extract_csv_dag']) retrieved from /workspaces/hands-on-introduction-data-engineering-4395021/airflow/dags/extract_csv_dag.py
[2025-04-09T17:36:06.404+0000] {logging_mixin.py:150} INFO - [2025-04-09T17:36:06.403+0000] {dag.py:2742} INFO - Sync 1 DAGs
[2025-04-09T17:36:06.438+0000] {logging_mixin.py:150} INFO - [2025-04-09T17:36:06.437+0000] {dag.py:3504} INFO - Setting next_dagrun for extract_csv_dag to None, run_after=None
[2025-04-09T17:36:06.472+0000] {processor.py:179} INFO - Processing /workspaces/hands-on-introduction-data-engineering-4395021/airflow/dags/extract_csv_dag.py took 0.117 seconds
[2025-04-09T17:36:08.768+0000] {processor.py:157} INFO - Started process (PID=20307) to work on /workspaces/hands-on-introduction-data-engineering-4395021/airflow/dags/extract_csv_dag.py
[2025-04-09T17:36:08.769+0000] {processor.py:826} INFO - Processing file /workspaces/hands-on-introduction-data-engineering-4395021/airflow/dags/extract_csv_dag.py for tasks to queue
[2025-04-09T17:36:08.770+0000] {logging_mixin.py:150} INFO - [2025-04-09T17:36:08.769+0000] {dagbag.py:541} INFO - Filling up the DagBag from /workspaces/hands-on-introduction-data-engineering-4395021/airflow/dags/extract_csv_dag.py
[2025-04-09T17:36:08.777+0000] {processor.py:836} INFO - DAG(s) dict_keys(['extract_csv_dag']) retrieved from /workspaces/hands-on-introduction-data-engineering-4395021/airflow/dags/extract_csv_dag.py
[2025-04-09T17:36:08.783+0000] {logging_mixin.py:150} INFO - [2025-04-09T17:36:08.783+0000] {dag.py:2742} INFO - Sync 1 DAGs
[2025-04-09T17:36:08.798+0000] {logging_mixin.py:150} INFO - [2025-04-09T17:36:08.798+0000] {dag.py:3504} INFO - Setting next_dagrun for extract_csv_dag to None, run_after=None
[2025-04-09T17:36:08.813+0000] {processor.py:179} INFO - Processing /workspaces/hands-on-introduction-data-engineering-4395021/airflow/dags/extract_csv_dag.py took 0.047 seconds
[2025-04-09T17:36:39.491+0000] {processor.py:157} INFO - Started process (PID=20501) to work on /workspaces/hands-on-introduction-data-engineering-4395021/airflow/dags/extract_csv_dag.py
[2025-04-09T17:36:39.492+0000] {processor.py:826} INFO - Processing file /workspaces/hands-on-introduction-data-engineering-4395021/airflow/dags/extract_csv_dag.py for tasks to queue
[2025-04-09T17:36:39.493+0000] {logging_mixin.py:150} INFO - [2025-04-09T17:36:39.492+0000] {dagbag.py:541} INFO - Filling up the DagBag from /workspaces/hands-on-introduction-data-engineering-4395021/airflow/dags/extract_csv_dag.py
[2025-04-09T17:36:39.500+0000] {processor.py:836} INFO - DAG(s) dict_keys(['extract_csv_dag']) retrieved from /workspaces/hands-on-introduction-data-engineering-4395021/airflow/dags/extract_csv_dag.py
[2025-04-09T17:36:39.573+0000] {logging_mixin.py:150} INFO - [2025-04-09T17:36:39.573+0000] {dag.py:2742} INFO - Sync 1 DAGs
[2025-04-09T17:36:39.585+0000] {logging_mixin.py:150} INFO - [2025-04-09T17:36:39.585+0000] {dag.py:3504} INFO - Setting next_dagrun for extract_csv_dag to None, run_after=None
[2025-04-09T17:36:39.598+0000] {processor.py:179} INFO - Processing /workspaces/hands-on-introduction-data-engineering-4395021/airflow/dags/extract_csv_dag.py took 0.110 seconds
[2025-04-09T17:37:10.134+0000] {processor.py:157} INFO - Started process (PID=20684) to work on /workspaces/hands-on-introduction-data-engineering-4395021/airflow/dags/extract_csv_dag.py
[2025-04-09T17:37:10.134+0000] {processor.py:826} INFO - Processing file /workspaces/hands-on-introduction-data-engineering-4395021/airflow/dags/extract_csv_dag.py for tasks to queue
[2025-04-09T17:37:10.135+0000] {logging_mixin.py:150} INFO - [2025-04-09T17:37:10.135+0000] {dagbag.py:541} INFO - Filling up the DagBag from /workspaces/hands-on-introduction-data-engineering-4395021/airflow/dags/extract_csv_dag.py
[2025-04-09T17:37:10.142+0000] {processor.py:836} INFO - DAG(s) dict_keys(['extract_csv_dag']) retrieved from /workspaces/hands-on-introduction-data-engineering-4395021/airflow/dags/extract_csv_dag.py
[2025-04-09T17:37:10.159+0000] {logging_mixin.py:150} INFO - [2025-04-09T17:37:10.159+0000] {dag.py:2742} INFO - Sync 1 DAGs
[2025-04-09T17:37:10.172+0000] {logging_mixin.py:150} INFO - [2025-04-09T17:37:10.172+0000] {dag.py:3504} INFO - Setting next_dagrun for extract_csv_dag to None, run_after=None
[2025-04-09T17:37:10.186+0000] {processor.py:179} INFO - Processing /workspaces/hands-on-introduction-data-engineering-4395021/airflow/dags/extract_csv_dag.py took 0.055 seconds
[2025-04-09T17:37:40.288+0000] {processor.py:157} INFO - Started process (PID=20861) to work on /workspaces/hands-on-introduction-data-engineering-4395021/airflow/dags/extract_csv_dag.py
[2025-04-09T17:37:40.289+0000] {processor.py:826} INFO - Processing file /workspaces/hands-on-introduction-data-engineering-4395021/airflow/dags/extract_csv_dag.py for tasks to queue
[2025-04-09T17:37:40.290+0000] {logging_mixin.py:150} INFO - [2025-04-09T17:37:40.290+0000] {dagbag.py:541} INFO - Filling up the DagBag from /workspaces/hands-on-introduction-data-engineering-4395021/airflow/dags/extract_csv_dag.py
[2025-04-09T17:37:40.297+0000] {processor.py:836} INFO - DAG(s) dict_keys(['extract_csv_dag']) retrieved from /workspaces/hands-on-introduction-data-engineering-4395021/airflow/dags/extract_csv_dag.py
[2025-04-09T17:37:40.315+0000] {logging_mixin.py:150} INFO - [2025-04-09T17:37:40.314+0000] {dag.py:2742} INFO - Sync 1 DAGs
[2025-04-09T17:37:40.328+0000] {logging_mixin.py:150} INFO - [2025-04-09T17:37:40.328+0000] {dag.py:3504} INFO - Setting next_dagrun for extract_csv_dag to None, run_after=None
[2025-04-09T17:37:40.341+0000] {processor.py:179} INFO - Processing /workspaces/hands-on-introduction-data-engineering-4395021/airflow/dags/extract_csv_dag.py took 0.055 seconds
[2025-04-09T17:38:10.585+0000] {processor.py:157} INFO - Started process (PID=21033) to work on /workspaces/hands-on-introduction-data-engineering-4395021/airflow/dags/extract_csv_dag.py
[2025-04-09T17:38:10.586+0000] {processor.py:826} INFO - Processing file /workspaces/hands-on-introduction-data-engineering-4395021/airflow/dags/extract_csv_dag.py for tasks to queue
[2025-04-09T17:38:10.587+0000] {logging_mixin.py:150} INFO - [2025-04-09T17:38:10.586+0000] {dagbag.py:541} INFO - Filling up the DagBag from /workspaces/hands-on-introduction-data-engineering-4395021/airflow/dags/extract_csv_dag.py
[2025-04-09T17:38:10.595+0000] {processor.py:836} INFO - DAG(s) dict_keys(['extract_csv_dag']) retrieved from /workspaces/hands-on-introduction-data-engineering-4395021/airflow/dags/extract_csv_dag.py
[2025-04-09T17:38:10.612+0000] {logging_mixin.py:150} INFO - [2025-04-09T17:38:10.611+0000] {dag.py:2742} INFO - Sync 1 DAGs
[2025-04-09T17:38:10.625+0000] {logging_mixin.py:150} INFO - [2025-04-09T17:38:10.625+0000] {dag.py:3504} INFO - Setting next_dagrun for extract_csv_dag to None, run_after=None
[2025-04-09T17:38:10.638+0000] {processor.py:179} INFO - Processing /workspaces/hands-on-introduction-data-engineering-4395021/airflow/dags/extract_csv_dag.py took 0.056 seconds
[2025-04-09T17:38:40.873+0000] {processor.py:157} INFO - Started process (PID=21210) to work on /workspaces/hands-on-introduction-data-engineering-4395021/airflow/dags/extract_csv_dag.py
[2025-04-09T17:38:40.874+0000] {processor.py:826} INFO - Processing file /workspaces/hands-on-introduction-data-engineering-4395021/airflow/dags/extract_csv_dag.py for tasks to queue
[2025-04-09T17:38:40.874+0000] {logging_mixin.py:150} INFO - [2025-04-09T17:38:40.874+0000] {dagbag.py:541} INFO - Filling up the DagBag from /workspaces/hands-on-introduction-data-engineering-4395021/airflow/dags/extract_csv_dag.py
[2025-04-09T17:38:40.881+0000] {processor.py:836} INFO - DAG(s) dict_keys(['extract_csv_dag']) retrieved from /workspaces/hands-on-introduction-data-engineering-4395021/airflow/dags/extract_csv_dag.py
[2025-04-09T17:38:40.898+0000] {logging_mixin.py:150} INFO - [2025-04-09T17:38:40.898+0000] {dag.py:2742} INFO - Sync 1 DAGs
[2025-04-09T17:38:40.912+0000] {logging_mixin.py:150} INFO - [2025-04-09T17:38:40.912+0000] {dag.py:3504} INFO - Setting next_dagrun for extract_csv_dag to None, run_after=None
[2025-04-09T17:38:40.925+0000] {processor.py:179} INFO - Processing /workspaces/hands-on-introduction-data-engineering-4395021/airflow/dags/extract_csv_dag.py took 0.054 seconds
[2025-04-09T17:39:11.178+0000] {processor.py:157} INFO - Started process (PID=21381) to work on /workspaces/hands-on-introduction-data-engineering-4395021/airflow/dags/extract_csv_dag.py
[2025-04-09T17:39:11.180+0000] {processor.py:826} INFO - Processing file /workspaces/hands-on-introduction-data-engineering-4395021/airflow/dags/extract_csv_dag.py for tasks to queue
[2025-04-09T17:39:11.182+0000] {logging_mixin.py:150} INFO - [2025-04-09T17:39:11.181+0000] {dagbag.py:541} INFO - Filling up the DagBag from /workspaces/hands-on-introduction-data-engineering-4395021/airflow/dags/extract_csv_dag.py
[2025-04-09T17:39:11.192+0000] {processor.py:836} INFO - DAG(s) dict_keys(['extract_csv_dag']) retrieved from /workspaces/hands-on-introduction-data-engineering-4395021/airflow/dags/extract_csv_dag.py
[2025-04-09T17:39:11.209+0000] {logging_mixin.py:150} INFO - [2025-04-09T17:39:11.209+0000] {dag.py:2742} INFO - Sync 1 DAGs
[2025-04-09T17:39:11.222+0000] {logging_mixin.py:150} INFO - [2025-04-09T17:39:11.222+0000] {dag.py:3504} INFO - Setting next_dagrun for extract_csv_dag to None, run_after=None
[2025-04-09T17:39:11.235+0000] {processor.py:179} INFO - Processing /workspaces/hands-on-introduction-data-engineering-4395021/airflow/dags/extract_csv_dag.py took 0.059 seconds
[2025-04-09T17:39:21.342+0000] {processor.py:157} INFO - Started process (PID=21449) to work on /workspaces/hands-on-introduction-data-engineering-4395021/airflow/dags/extract_csv_dag.py
[2025-04-09T17:39:21.342+0000] {processor.py:826} INFO - Processing file /workspaces/hands-on-introduction-data-engineering-4395021/airflow/dags/extract_csv_dag.py for tasks to queue
[2025-04-09T17:39:21.343+0000] {logging_mixin.py:150} INFO - [2025-04-09T17:39:21.343+0000] {dagbag.py:541} INFO - Filling up the DagBag from /workspaces/hands-on-introduction-data-engineering-4395021/airflow/dags/extract_csv_dag.py
[2025-04-09T17:39:21.352+0000] {processor.py:836} INFO - DAG(s) dict_keys(['extract_csv_dag']) retrieved from /workspaces/hands-on-introduction-data-engineering-4395021/airflow/dags/extract_csv_dag.py
[2025-04-09T17:39:21.424+0000] {logging_mixin.py:150} INFO - [2025-04-09T17:39:21.424+0000] {dag.py:2742} INFO - Sync 1 DAGs
[2025-04-09T17:39:21.436+0000] {logging_mixin.py:150} INFO - [2025-04-09T17:39:21.436+0000] {dag.py:3504} INFO - Setting next_dagrun for extract_csv_dag to None, run_after=None
[2025-04-09T17:39:21.452+0000] {processor.py:179} INFO - Processing /workspaces/hands-on-introduction-data-engineering-4395021/airflow/dags/extract_csv_dag.py took 0.113 seconds
[2025-04-09T17:39:29.703+0000] {processor.py:157} INFO - Started process (PID=21503) to work on /workspaces/hands-on-introduction-data-engineering-4395021/airflow/dags/extract_csv_dag.py
[2025-04-09T17:39:29.706+0000] {processor.py:826} INFO - Processing file /workspaces/hands-on-introduction-data-engineering-4395021/airflow/dags/extract_csv_dag.py for tasks to queue
[2025-04-09T17:39:29.707+0000] {logging_mixin.py:150} INFO - [2025-04-09T17:39:29.707+0000] {dagbag.py:541} INFO - Filling up the DagBag from /workspaces/hands-on-introduction-data-engineering-4395021/airflow/dags/extract_csv_dag.py
[2025-04-09T17:39:29.718+0000] {processor.py:836} INFO - DAG(s) dict_keys(['extract_csv_dag']) retrieved from /workspaces/hands-on-introduction-data-engineering-4395021/airflow/dags/extract_csv_dag.py
[2025-04-09T17:39:29.742+0000] {logging_mixin.py:150} INFO - [2025-04-09T17:39:29.740+0000] {dag.py:2742} INFO - Sync 1 DAGs
[2025-04-09T17:39:29.794+0000] {logging_mixin.py:150} INFO - [2025-04-09T17:39:29.794+0000] {dag.py:3504} INFO - Setting next_dagrun for extract_csv_dag to None, run_after=None
[2025-04-09T17:39:29.822+0000] {processor.py:179} INFO - Processing /workspaces/hands-on-introduction-data-engineering-4395021/airflow/dags/extract_csv_dag.py took 0.126 seconds
[2025-04-09T17:39:32.645+0000] {processor.py:157} INFO - Started process (PID=21522) to work on /workspaces/hands-on-introduction-data-engineering-4395021/airflow/dags/extract_csv_dag.py
[2025-04-09T17:39:32.646+0000] {processor.py:826} INFO - Processing file /workspaces/hands-on-introduction-data-engineering-4395021/airflow/dags/extract_csv_dag.py for tasks to queue
[2025-04-09T17:39:32.647+0000] {logging_mixin.py:150} INFO - [2025-04-09T17:39:32.647+0000] {dagbag.py:541} INFO - Filling up the DagBag from /workspaces/hands-on-introduction-data-engineering-4395021/airflow/dags/extract_csv_dag.py
[2025-04-09T17:39:32.659+0000] {processor.py:836} INFO - DAG(s) dict_keys(['extract_csv_dag']) retrieved from /workspaces/hands-on-introduction-data-engineering-4395021/airflow/dags/extract_csv_dag.py
[2025-04-09T17:39:32.669+0000] {logging_mixin.py:150} INFO - [2025-04-09T17:39:32.669+0000] {dag.py:2742} INFO - Sync 1 DAGs
[2025-04-09T17:39:32.702+0000] {logging_mixin.py:150} INFO - [2025-04-09T17:39:32.702+0000] {dag.py:3504} INFO - Setting next_dagrun for extract_csv_dag to None, run_after=None
[2025-04-09T17:39:32.736+0000] {processor.py:179} INFO - Processing /workspaces/hands-on-introduction-data-engineering-4395021/airflow/dags/extract_csv_dag.py took 0.094 seconds
[2025-04-09T17:39:34.837+0000] {processor.py:157} INFO - Started process (PID=21543) to work on /workspaces/hands-on-introduction-data-engineering-4395021/airflow/dags/extract_csv_dag.py
[2025-04-09T17:39:34.837+0000] {processor.py:826} INFO - Processing file /workspaces/hands-on-introduction-data-engineering-4395021/airflow/dags/extract_csv_dag.py for tasks to queue
[2025-04-09T17:39:34.838+0000] {logging_mixin.py:150} INFO - [2025-04-09T17:39:34.838+0000] {dagbag.py:541} INFO - Filling up the DagBag from /workspaces/hands-on-introduction-data-engineering-4395021/airflow/dags/extract_csv_dag.py
[2025-04-09T17:39:34.846+0000] {processor.py:836} INFO - DAG(s) dict_keys(['extract_csv_dag']) retrieved from /workspaces/hands-on-introduction-data-engineering-4395021/airflow/dags/extract_csv_dag.py
[2025-04-09T17:39:34.852+0000] {logging_mixin.py:150} INFO - [2025-04-09T17:39:34.852+0000] {dag.py:2742} INFO - Sync 1 DAGs
[2025-04-09T17:39:34.867+0000] {logging_mixin.py:150} INFO - [2025-04-09T17:39:34.867+0000] {dag.py:3504} INFO - Setting next_dagrun for extract_csv_dag to None, run_after=None
[2025-04-09T17:39:34.881+0000] {processor.py:179} INFO - Processing /workspaces/hands-on-introduction-data-engineering-4395021/airflow/dags/extract_csv_dag.py took 0.047 seconds
[2025-04-09T17:39:38.764+0000] {processor.py:157} INFO - Started process (PID=21558) to work on /workspaces/hands-on-introduction-data-engineering-4395021/airflow/dags/extract_csv_dag.py
[2025-04-09T17:39:38.765+0000] {processor.py:826} INFO - Processing file /workspaces/hands-on-introduction-data-engineering-4395021/airflow/dags/extract_csv_dag.py for tasks to queue
[2025-04-09T17:39:38.766+0000] {logging_mixin.py:150} INFO - [2025-04-09T17:39:38.766+0000] {dagbag.py:541} INFO - Filling up the DagBag from /workspaces/hands-on-introduction-data-engineering-4395021/airflow/dags/extract_csv_dag.py
[2025-04-09T17:39:38.777+0000] {processor.py:836} INFO - DAG(s) dict_keys(['extract_csv_dag']) retrieved from /workspaces/hands-on-introduction-data-engineering-4395021/airflow/dags/extract_csv_dag.py
[2025-04-09T17:39:38.784+0000] {logging_mixin.py:150} INFO - [2025-04-09T17:39:38.784+0000] {dag.py:2742} INFO - Sync 1 DAGs
[2025-04-09T17:39:38.798+0000] {logging_mixin.py:150} INFO - [2025-04-09T17:39:38.798+0000] {dag.py:3504} INFO - Setting next_dagrun for extract_csv_dag to None, run_after=None
[2025-04-09T17:39:38.813+0000] {processor.py:179} INFO - Processing /workspaces/hands-on-introduction-data-engineering-4395021/airflow/dags/extract_csv_dag.py took 0.052 seconds
[2025-04-09T17:39:44.966+0000] {processor.py:157} INFO - Started process (PID=21606) to work on /workspaces/hands-on-introduction-data-engineering-4395021/airflow/dags/extract_csv_dag.py
[2025-04-09T17:39:44.967+0000] {processor.py:826} INFO - Processing file /workspaces/hands-on-introduction-data-engineering-4395021/airflow/dags/extract_csv_dag.py for tasks to queue
[2025-04-09T17:39:44.968+0000] {logging_mixin.py:150} INFO - [2025-04-09T17:39:44.968+0000] {dagbag.py:541} INFO - Filling up the DagBag from /workspaces/hands-on-introduction-data-engineering-4395021/airflow/dags/extract_csv_dag.py
[2025-04-09T17:39:44.977+0000] {processor.py:836} INFO - DAG(s) dict_keys(['extract_csv_dag']) retrieved from /workspaces/hands-on-introduction-data-engineering-4395021/airflow/dags/extract_csv_dag.py
[2025-04-09T17:39:44.983+0000] {logging_mixin.py:150} INFO - [2025-04-09T17:39:44.983+0000] {dag.py:2742} INFO - Sync 1 DAGs
[2025-04-09T17:39:45.004+0000] {logging_mixin.py:150} INFO - [2025-04-09T17:39:45.003+0000] {dag.py:3504} INFO - Setting next_dagrun for extract_csv_dag to None, run_after=None
[2025-04-09T17:39:45.024+0000] {processor.py:179} INFO - Processing /workspaces/hands-on-introduction-data-engineering-4395021/airflow/dags/extract_csv_dag.py took 0.062 seconds
[2025-04-09T17:39:46.809+0000] {processor.py:157} INFO - Started process (PID=21617) to work on /workspaces/hands-on-introduction-data-engineering-4395021/airflow/dags/extract_csv_dag.py
[2025-04-09T17:39:46.810+0000] {processor.py:826} INFO - Processing file /workspaces/hands-on-introduction-data-engineering-4395021/airflow/dags/extract_csv_dag.py for tasks to queue
[2025-04-09T17:39:46.811+0000] {logging_mixin.py:150} INFO - [2025-04-09T17:39:46.811+0000] {dagbag.py:541} INFO - Filling up the DagBag from /workspaces/hands-on-introduction-data-engineering-4395021/airflow/dags/extract_csv_dag.py
[2025-04-09T17:39:46.821+0000] {processor.py:836} INFO - DAG(s) dict_keys(['extract_csv_dag']) retrieved from /workspaces/hands-on-introduction-data-engineering-4395021/airflow/dags/extract_csv_dag.py
[2025-04-09T17:39:46.831+0000] {logging_mixin.py:150} INFO - [2025-04-09T17:39:46.831+0000] {dag.py:2742} INFO - Sync 1 DAGs
[2025-04-09T17:39:46.852+0000] {logging_mixin.py:150} INFO - [2025-04-09T17:39:46.852+0000] {dag.py:3504} INFO - Setting next_dagrun for extract_csv_dag to None, run_after=None
[2025-04-09T17:39:46.879+0000] {processor.py:179} INFO - Processing /workspaces/hands-on-introduction-data-engineering-4395021/airflow/dags/extract_csv_dag.py took 0.073 seconds
[2025-04-09T17:39:48.981+0000] {processor.py:157} INFO - Started process (PID=21629) to work on /workspaces/hands-on-introduction-data-engineering-4395021/airflow/dags/extract_csv_dag.py
[2025-04-09T17:39:48.986+0000] {processor.py:826} INFO - Processing file /workspaces/hands-on-introduction-data-engineering-4395021/airflow/dags/extract_csv_dag.py for tasks to queue
[2025-04-09T17:39:48.989+0000] {logging_mixin.py:150} INFO - [2025-04-09T17:39:48.988+0000] {dagbag.py:541} INFO - Filling up the DagBag from /workspaces/hands-on-introduction-data-engineering-4395021/airflow/dags/extract_csv_dag.py
[2025-04-09T17:39:49.017+0000] {processor.py:836} INFO - DAG(s) dict_keys(['extract_csv_dag']) retrieved from /workspaces/hands-on-introduction-data-engineering-4395021/airflow/dags/extract_csv_dag.py
[2025-04-09T17:39:49.036+0000] {logging_mixin.py:150} INFO - [2025-04-09T17:39:49.034+0000] {dag.py:2742} INFO - Sync 1 DAGs
[2025-04-09T17:39:49.074+0000] {logging_mixin.py:150} INFO - [2025-04-09T17:39:49.074+0000] {dag.py:3504} INFO - Setting next_dagrun for extract_csv_dag to None, run_after=None
[2025-04-09T17:39:49.101+0000] {processor.py:179} INFO - Processing /workspaces/hands-on-introduction-data-engineering-4395021/airflow/dags/extract_csv_dag.py took 0.128 seconds
[2025-04-09T17:39:51.811+0000] {processor.py:157} INFO - Started process (PID=21657) to work on /workspaces/hands-on-introduction-data-engineering-4395021/airflow/dags/extract_csv_dag.py
[2025-04-09T17:39:51.812+0000] {processor.py:826} INFO - Processing file /workspaces/hands-on-introduction-data-engineering-4395021/airflow/dags/extract_csv_dag.py for tasks to queue
[2025-04-09T17:39:51.813+0000] {logging_mixin.py:150} INFO - [2025-04-09T17:39:51.812+0000] {dagbag.py:541} INFO - Filling up the DagBag from /workspaces/hands-on-introduction-data-engineering-4395021/airflow/dags/extract_csv_dag.py
[2025-04-09T17:39:51.820+0000] {processor.py:836} INFO - DAG(s) dict_keys(['extract_csv_dag']) retrieved from /workspaces/hands-on-introduction-data-engineering-4395021/airflow/dags/extract_csv_dag.py
[2025-04-09T17:39:51.900+0000] {logging_mixin.py:150} INFO - [2025-04-09T17:39:51.900+0000] {dag.py:2742} INFO - Sync 1 DAGs
[2025-04-09T17:39:51.918+0000] {logging_mixin.py:150} INFO - [2025-04-09T17:39:51.918+0000] {dag.py:3504} INFO - Setting next_dagrun for extract_csv_dag to None, run_after=None
[2025-04-09T17:39:51.933+0000] {processor.py:179} INFO - Processing /workspaces/hands-on-introduction-data-engineering-4395021/airflow/dags/extract_csv_dag.py took 0.124 seconds
[2025-04-09T17:39:56.356+0000] {processor.py:157} INFO - Started process (PID=21684) to work on /workspaces/hands-on-introduction-data-engineering-4395021/airflow/dags/extract_csv_dag.py
[2025-04-09T17:39:56.357+0000] {processor.py:826} INFO - Processing file /workspaces/hands-on-introduction-data-engineering-4395021/airflow/dags/extract_csv_dag.py for tasks to queue
[2025-04-09T17:39:56.358+0000] {logging_mixin.py:150} INFO - [2025-04-09T17:39:56.358+0000] {dagbag.py:541} INFO - Filling up the DagBag from /workspaces/hands-on-introduction-data-engineering-4395021/airflow/dags/extract_csv_dag.py
[2025-04-09T17:39:56.365+0000] {processor.py:836} INFO - DAG(s) dict_keys(['extract_csv_dag']) retrieved from /workspaces/hands-on-introduction-data-engineering-4395021/airflow/dags/extract_csv_dag.py
[2025-04-09T17:39:56.372+0000] {logging_mixin.py:150} INFO - [2025-04-09T17:39:56.372+0000] {dag.py:2742} INFO - Sync 1 DAGs
[2025-04-09T17:39:56.387+0000] {logging_mixin.py:150} INFO - [2025-04-09T17:39:56.387+0000] {dag.py:3504} INFO - Setting next_dagrun for extract_csv_dag to None, run_after=None
[2025-04-09T17:39:56.404+0000] {processor.py:179} INFO - Processing /workspaces/hands-on-introduction-data-engineering-4395021/airflow/dags/extract_csv_dag.py took 0.049 seconds
[2025-04-09T17:40:06.382+0000] {processor.py:157} INFO - Started process (PID=21751) to work on /workspaces/hands-on-introduction-data-engineering-4395021/airflow/dags/extract_csv_dag.py
[2025-04-09T17:40:06.383+0000] {processor.py:826} INFO - Processing file /workspaces/hands-on-introduction-data-engineering-4395021/airflow/dags/extract_csv_dag.py for tasks to queue
[2025-04-09T17:40:06.384+0000] {logging_mixin.py:150} INFO - [2025-04-09T17:40:06.383+0000] {dagbag.py:541} INFO - Filling up the DagBag from /workspaces/hands-on-introduction-data-engineering-4395021/airflow/dags/extract_csv_dag.py
[2025-04-09T17:40:06.391+0000] {processor.py:836} INFO - DAG(s) dict_keys(['extract_csv_dag']) retrieved from /workspaces/hands-on-introduction-data-engineering-4395021/airflow/dags/extract_csv_dag.py
[2025-04-09T17:40:06.398+0000] {logging_mixin.py:150} INFO - [2025-04-09T17:40:06.397+0000] {dag.py:2742} INFO - Sync 1 DAGs
[2025-04-09T17:40:06.412+0000] {logging_mixin.py:150} INFO - [2025-04-09T17:40:06.412+0000] {dag.py:3504} INFO - Setting next_dagrun for extract_csv_dag to None, run_after=None
[2025-04-09T17:40:06.426+0000] {processor.py:179} INFO - Processing /workspaces/hands-on-introduction-data-engineering-4395021/airflow/dags/extract_csv_dag.py took 0.046 seconds
[2025-04-09T17:40:09.169+0000] {processor.py:157} INFO - Started process (PID=21765) to work on /workspaces/hands-on-introduction-data-engineering-4395021/airflow/dags/extract_csv_dag.py
[2025-04-09T17:40:09.169+0000] {processor.py:826} INFO - Processing file /workspaces/hands-on-introduction-data-engineering-4395021/airflow/dags/extract_csv_dag.py for tasks to queue
[2025-04-09T17:40:09.170+0000] {logging_mixin.py:150} INFO - [2025-04-09T17:40:09.170+0000] {dagbag.py:541} INFO - Filling up the DagBag from /workspaces/hands-on-introduction-data-engineering-4395021/airflow/dags/extract_csv_dag.py
[2025-04-09T17:40:09.178+0000] {processor.py:836} INFO - DAG(s) dict_keys(['extract_csv_dag']) retrieved from /workspaces/hands-on-introduction-data-engineering-4395021/airflow/dags/extract_csv_dag.py
[2025-04-09T17:40:09.184+0000] {logging_mixin.py:150} INFO - [2025-04-09T17:40:09.184+0000] {dag.py:2742} INFO - Sync 1 DAGs
[2025-04-09T17:40:09.198+0000] {logging_mixin.py:150} INFO - [2025-04-09T17:40:09.198+0000] {dag.py:3504} INFO - Setting next_dagrun for extract_csv_dag to None, run_after=None
[2025-04-09T17:40:09.213+0000] {processor.py:179} INFO - Processing /workspaces/hands-on-introduction-data-engineering-4395021/airflow/dags/extract_csv_dag.py took 0.047 seconds
[2025-04-09T17:40:21.281+0000] {processor.py:157} INFO - Started process (PID=21848) to work on /workspaces/hands-on-introduction-data-engineering-4395021/airflow/dags/extract_csv_dag.py
[2025-04-09T17:40:21.281+0000] {processor.py:826} INFO - Processing file /workspaces/hands-on-introduction-data-engineering-4395021/airflow/dags/extract_csv_dag.py for tasks to queue
[2025-04-09T17:40:21.282+0000] {logging_mixin.py:150} INFO - [2025-04-09T17:40:21.282+0000] {dagbag.py:541} INFO - Filling up the DagBag from /workspaces/hands-on-introduction-data-engineering-4395021/airflow/dags/extract_csv_dag.py
[2025-04-09T17:40:21.285+0000] {logging_mixin.py:150} INFO - [2025-04-09T17:40:21.284+0000] {dagbag.py:350} ERROR - Failed to import: /workspaces/hands-on-introduction-data-engineering-4395021/airflow/dags/extract_csv_dag.py
Traceback (most recent call last):
  File "/home/vscode/.local/lib/python3.10/site-packages/airflow/models/dagbag.py", line 346, in parse
    loader.exec_module(new_module)
  File "<frozen importlib._bootstrap_external>", line 879, in exec_module
  File "<frozen importlib._bootstrap_external>", line 1017, in get_code
  File "<frozen importlib._bootstrap_external>", line 947, in source_to_code
  File "<frozen importlib._bootstrap>", line 241, in _call_with_frames_removed
  File "/workspaces/hands-on-introduction-data-engineering-4395021/airflow/dags/extract_csv_dag.py", line 24
    '
    ^
SyntaxError: unterminated string literal (detected at line 24)
[2025-04-09T17:40:21.285+0000] {processor.py:838} WARNING - No viable dags retrieved from /workspaces/hands-on-introduction-data-engineering-4395021/airflow/dags/extract_csv_dag.py
[2025-04-09T17:40:21.298+0000] {processor.py:179} INFO - Processing /workspaces/hands-on-introduction-data-engineering-4395021/airflow/dags/extract_csv_dag.py took 0.020 seconds
[2025-04-09T17:40:25.302+0000] {processor.py:157} INFO - Started process (PID=21875) to work on /workspaces/hands-on-introduction-data-engineering-4395021/airflow/dags/extract_csv_dag.py
[2025-04-09T17:40:25.303+0000] {processor.py:826} INFO - Processing file /workspaces/hands-on-introduction-data-engineering-4395021/airflow/dags/extract_csv_dag.py for tasks to queue
[2025-04-09T17:40:25.303+0000] {logging_mixin.py:150} INFO - [2025-04-09T17:40:25.303+0000] {dagbag.py:541} INFO - Filling up the DagBag from /workspaces/hands-on-introduction-data-engineering-4395021/airflow/dags/extract_csv_dag.py
[2025-04-09T17:40:25.307+0000] {logging_mixin.py:150} INFO - [2025-04-09T17:40:25.305+0000] {dagbag.py:350} ERROR - Failed to import: /workspaces/hands-on-introduction-data-engineering-4395021/airflow/dags/extract_csv_dag.py
Traceback (most recent call last):
  File "/home/vscode/.local/lib/python3.10/site-packages/airflow/models/dagbag.py", line 346, in parse
    loader.exec_module(new_module)
  File "<frozen importlib._bootstrap_external>", line 879, in exec_module
  File "<frozen importlib._bootstrap_external>", line 1017, in get_code
  File "<frozen importlib._bootstrap_external>", line 947, in source_to_code
  File "<frozen importlib._bootstrap>", line 241, in _call_with_frames_removed
  File "/workspaces/hands-on-introduction-data-engineering-4395021/airflow/dags/extract_csv_dag.py", line 23
    bash_command='wget -c https://datahub.io/core/top-level-domain-names/r/top-level-domain-names.csv.csv -O ' $AIRFLOW_HOME/../lab/manual/top_level_domain_$(date +%Y%m%d%H%M%S).csv',
                                                                                                                                                                                     ^
SyntaxError: unterminated string literal (detected at line 23)
[2025-04-09T17:40:25.307+0000] {processor.py:838} WARNING - No viable dags retrieved from /workspaces/hands-on-introduction-data-engineering-4395021/airflow/dags/extract_csv_dag.py
[2025-04-09T17:40:25.319+0000] {processor.py:179} INFO - Processing /workspaces/hands-on-introduction-data-engineering-4395021/airflow/dags/extract_csv_dag.py took 0.020 seconds
[2025-04-09T17:40:35.363+0000] {processor.py:157} INFO - Started process (PID=21942) to work on /workspaces/hands-on-introduction-data-engineering-4395021/airflow/dags/extract_csv_dag.py
[2025-04-09T17:40:35.363+0000] {processor.py:826} INFO - Processing file /workspaces/hands-on-introduction-data-engineering-4395021/airflow/dags/extract_csv_dag.py for tasks to queue
[2025-04-09T17:40:35.364+0000] {logging_mixin.py:150} INFO - [2025-04-09T17:40:35.364+0000] {dagbag.py:541} INFO - Filling up the DagBag from /workspaces/hands-on-introduction-data-engineering-4395021/airflow/dags/extract_csv_dag.py
[2025-04-09T17:40:35.372+0000] {processor.py:836} INFO - DAG(s) dict_keys(['extract_csv_dag']) retrieved from /workspaces/hands-on-introduction-data-engineering-4395021/airflow/dags/extract_csv_dag.py
[2025-04-09T17:40:35.443+0000] {logging_mixin.py:150} INFO - [2025-04-09T17:40:35.443+0000] {dag.py:2742} INFO - Sync 1 DAGs
[2025-04-09T17:40:35.455+0000] {logging_mixin.py:150} INFO - [2025-04-09T17:40:35.455+0000] {dag.py:3504} INFO - Setting next_dagrun for extract_csv_dag to None, run_after=None
[2025-04-09T17:40:35.472+0000] {processor.py:179} INFO - Processing /workspaces/hands-on-introduction-data-engineering-4395021/airflow/dags/extract_csv_dag.py took 0.112 seconds
[2025-04-09T17:40:44.498+0000] {processor.py:157} INFO - Started process (PID=22005) to work on /workspaces/hands-on-introduction-data-engineering-4395021/airflow/dags/extract_csv_dag.py
[2025-04-09T17:40:44.499+0000] {processor.py:826} INFO - Processing file /workspaces/hands-on-introduction-data-engineering-4395021/airflow/dags/extract_csv_dag.py for tasks to queue
[2025-04-09T17:40:44.499+0000] {logging_mixin.py:150} INFO - [2025-04-09T17:40:44.499+0000] {dagbag.py:541} INFO - Filling up the DagBag from /workspaces/hands-on-introduction-data-engineering-4395021/airflow/dags/extract_csv_dag.py
[2025-04-09T17:40:44.507+0000] {processor.py:836} INFO - DAG(s) dict_keys(['extract_csv_dag']) retrieved from /workspaces/hands-on-introduction-data-engineering-4395021/airflow/dags/extract_csv_dag.py
[2025-04-09T17:40:44.513+0000] {logging_mixin.py:150} INFO - [2025-04-09T17:40:44.513+0000] {dag.py:2742} INFO - Sync 1 DAGs
[2025-04-09T17:40:44.528+0000] {logging_mixin.py:150} INFO - [2025-04-09T17:40:44.528+0000] {dag.py:3504} INFO - Setting next_dagrun for extract_csv_dag to None, run_after=None
[2025-04-09T17:40:44.543+0000] {processor.py:179} INFO - Processing /workspaces/hands-on-introduction-data-engineering-4395021/airflow/dags/extract_csv_dag.py took 0.047 seconds
[2025-04-09T17:40:49.423+0000] {processor.py:157} INFO - Started process (PID=22028) to work on /workspaces/hands-on-introduction-data-engineering-4395021/airflow/dags/extract_csv_dag.py
[2025-04-09T17:40:49.424+0000] {processor.py:826} INFO - Processing file /workspaces/hands-on-introduction-data-engineering-4395021/airflow/dags/extract_csv_dag.py for tasks to queue
[2025-04-09T17:40:49.425+0000] {logging_mixin.py:150} INFO - [2025-04-09T17:40:49.424+0000] {dagbag.py:541} INFO - Filling up the DagBag from /workspaces/hands-on-introduction-data-engineering-4395021/airflow/dags/extract_csv_dag.py
[2025-04-09T17:40:49.433+0000] {processor.py:836} INFO - DAG(s) dict_keys(['extract_csv_dag']) retrieved from /workspaces/hands-on-introduction-data-engineering-4395021/airflow/dags/extract_csv_dag.py
[2025-04-09T17:40:49.439+0000] {logging_mixin.py:150} INFO - [2025-04-09T17:40:49.439+0000] {dag.py:2742} INFO - Sync 1 DAGs
[2025-04-09T17:40:49.456+0000] {logging_mixin.py:150} INFO - [2025-04-09T17:40:49.456+0000] {dag.py:3504} INFO - Setting next_dagrun for extract_csv_dag to None, run_after=None
[2025-04-09T17:40:49.476+0000] {processor.py:179} INFO - Processing /workspaces/hands-on-introduction-data-engineering-4395021/airflow/dags/extract_csv_dag.py took 0.055 seconds
[2025-04-09T17:40:50.810+0000] {processor.py:157} INFO - Started process (PID=22043) to work on /workspaces/hands-on-introduction-data-engineering-4395021/airflow/dags/extract_csv_dag.py
[2025-04-09T17:40:50.810+0000] {processor.py:826} INFO - Processing file /workspaces/hands-on-introduction-data-engineering-4395021/airflow/dags/extract_csv_dag.py for tasks to queue
[2025-04-09T17:40:50.811+0000] {logging_mixin.py:150} INFO - [2025-04-09T17:40:50.811+0000] {dagbag.py:541} INFO - Filling up the DagBag from /workspaces/hands-on-introduction-data-engineering-4395021/airflow/dags/extract_csv_dag.py
[2025-04-09T17:40:50.819+0000] {processor.py:836} INFO - DAG(s) dict_keys(['extract_csv_dag']) retrieved from /workspaces/hands-on-introduction-data-engineering-4395021/airflow/dags/extract_csv_dag.py
[2025-04-09T17:40:50.825+0000] {logging_mixin.py:150} INFO - [2025-04-09T17:40:50.825+0000] {dag.py:2742} INFO - Sync 1 DAGs
[2025-04-09T17:40:50.840+0000] {logging_mixin.py:150} INFO - [2025-04-09T17:40:50.840+0000] {dag.py:3504} INFO - Setting next_dagrun for extract_csv_dag to None, run_after=None
[2025-04-09T17:40:50.855+0000] {processor.py:179} INFO - Processing /workspaces/hands-on-introduction-data-engineering-4395021/airflow/dags/extract_csv_dag.py took 0.048 seconds
[2025-04-09T17:41:21.682+0000] {processor.py:157} INFO - Started process (PID=22236) to work on /workspaces/hands-on-introduction-data-engineering-4395021/airflow/dags/extract_csv_dag.py
[2025-04-09T17:41:21.682+0000] {processor.py:826} INFO - Processing file /workspaces/hands-on-introduction-data-engineering-4395021/airflow/dags/extract_csv_dag.py for tasks to queue
[2025-04-09T17:41:21.683+0000] {logging_mixin.py:150} INFO - [2025-04-09T17:41:21.683+0000] {dagbag.py:541} INFO - Filling up the DagBag from /workspaces/hands-on-introduction-data-engineering-4395021/airflow/dags/extract_csv_dag.py
[2025-04-09T17:41:21.690+0000] {processor.py:836} INFO - DAG(s) dict_keys(['extract_csv_dag']) retrieved from /workspaces/hands-on-introduction-data-engineering-4395021/airflow/dags/extract_csv_dag.py
[2025-04-09T17:41:21.762+0000] {logging_mixin.py:150} INFO - [2025-04-09T17:41:21.762+0000] {dag.py:2742} INFO - Sync 1 DAGs
[2025-04-09T17:41:21.774+0000] {logging_mixin.py:150} INFO - [2025-04-09T17:41:21.774+0000] {dag.py:3504} INFO - Setting next_dagrun for extract_csv_dag to None, run_after=None
[2025-04-09T17:41:21.788+0000] {processor.py:179} INFO - Processing /workspaces/hands-on-introduction-data-engineering-4395021/airflow/dags/extract_csv_dag.py took 0.109 seconds
[2025-04-09T17:41:25.778+0000] {processor.py:157} INFO - Started process (PID=22263) to work on /workspaces/hands-on-introduction-data-engineering-4395021/airflow/dags/extract_csv_dag.py
[2025-04-09T17:41:25.779+0000] {processor.py:826} INFO - Processing file /workspaces/hands-on-introduction-data-engineering-4395021/airflow/dags/extract_csv_dag.py for tasks to queue
[2025-04-09T17:41:25.779+0000] {logging_mixin.py:150} INFO - [2025-04-09T17:41:25.779+0000] {dagbag.py:541} INFO - Filling up the DagBag from /workspaces/hands-on-introduction-data-engineering-4395021/airflow/dags/extract_csv_dag.py
[2025-04-09T17:41:25.787+0000] {processor.py:836} INFO - DAG(s) dict_keys(['extract_csv_dag']) retrieved from /workspaces/hands-on-introduction-data-engineering-4395021/airflow/dags/extract_csv_dag.py
[2025-04-09T17:41:25.793+0000] {logging_mixin.py:150} INFO - [2025-04-09T17:41:25.793+0000] {dag.py:2742} INFO - Sync 1 DAGs
[2025-04-09T17:41:25.808+0000] {logging_mixin.py:150} INFO - [2025-04-09T17:41:25.808+0000] {dag.py:3504} INFO - Setting next_dagrun for extract_csv_dag to None, run_after=None
[2025-04-09T17:41:25.824+0000] {processor.py:179} INFO - Processing /workspaces/hands-on-introduction-data-engineering-4395021/airflow/dags/extract_csv_dag.py took 0.049 seconds
[2025-04-09T17:41:29.698+0000] {processor.py:157} INFO - Started process (PID=22290) to work on /workspaces/hands-on-introduction-data-engineering-4395021/airflow/dags/extract_csv_dag.py
[2025-04-09T17:41:29.699+0000] {processor.py:826} INFO - Processing file /workspaces/hands-on-introduction-data-engineering-4395021/airflow/dags/extract_csv_dag.py for tasks to queue
[2025-04-09T17:41:29.700+0000] {logging_mixin.py:150} INFO - [2025-04-09T17:41:29.700+0000] {dagbag.py:541} INFO - Filling up the DagBag from /workspaces/hands-on-introduction-data-engineering-4395021/airflow/dags/extract_csv_dag.py
[2025-04-09T17:41:29.708+0000] {processor.py:836} INFO - DAG(s) dict_keys(['extract_csv_dag']) retrieved from /workspaces/hands-on-introduction-data-engineering-4395021/airflow/dags/extract_csv_dag.py
[2025-04-09T17:41:29.714+0000] {logging_mixin.py:150} INFO - [2025-04-09T17:41:29.714+0000] {dag.py:2742} INFO - Sync 1 DAGs
[2025-04-09T17:41:29.729+0000] {logging_mixin.py:150} INFO - [2025-04-09T17:41:29.728+0000] {dag.py:3504} INFO - Setting next_dagrun for extract_csv_dag to None, run_after=None
[2025-04-09T17:41:29.743+0000] {processor.py:179} INFO - Processing /workspaces/hands-on-introduction-data-engineering-4395021/airflow/dags/extract_csv_dag.py took 0.047 seconds
[2025-04-09T17:41:59.885+0000] {processor.py:157} INFO - Started process (PID=22468) to work on /workspaces/hands-on-introduction-data-engineering-4395021/airflow/dags/extract_csv_dag.py
[2025-04-09T17:41:59.886+0000] {processor.py:826} INFO - Processing file /workspaces/hands-on-introduction-data-engineering-4395021/airflow/dags/extract_csv_dag.py for tasks to queue
[2025-04-09T17:41:59.887+0000] {logging_mixin.py:150} INFO - [2025-04-09T17:41:59.886+0000] {dagbag.py:541} INFO - Filling up the DagBag from /workspaces/hands-on-introduction-data-engineering-4395021/airflow/dags/extract_csv_dag.py
[2025-04-09T17:41:59.894+0000] {processor.py:836} INFO - DAG(s) dict_keys(['extract_csv_dag']) retrieved from /workspaces/hands-on-introduction-data-engineering-4395021/airflow/dags/extract_csv_dag.py
[2025-04-09T17:41:59.974+0000] {logging_mixin.py:150} INFO - [2025-04-09T17:41:59.974+0000] {dag.py:2742} INFO - Sync 1 DAGs
[2025-04-09T17:41:59.987+0000] {logging_mixin.py:150} INFO - [2025-04-09T17:41:59.987+0000] {dag.py:3504} INFO - Setting next_dagrun for extract_csv_dag to None, run_after=None
[2025-04-09T17:42:00.000+0000] {processor.py:179} INFO - Processing /workspaces/hands-on-introduction-data-engineering-4395021/airflow/dags/extract_csv_dag.py took 0.118 seconds
[2025-04-09T17:42:31.093+0000] {processor.py:157} INFO - Started process (PID=22640) to work on /workspaces/hands-on-introduction-data-engineering-4395021/airflow/dags/extract_csv_dag.py
[2025-04-09T17:42:31.094+0000] {processor.py:826} INFO - Processing file /workspaces/hands-on-introduction-data-engineering-4395021/airflow/dags/extract_csv_dag.py for tasks to queue
[2025-04-09T17:42:31.094+0000] {logging_mixin.py:150} INFO - [2025-04-09T17:42:31.094+0000] {dagbag.py:541} INFO - Filling up the DagBag from /workspaces/hands-on-introduction-data-engineering-4395021/airflow/dags/extract_csv_dag.py
[2025-04-09T17:42:31.101+0000] {processor.py:836} INFO - DAG(s) dict_keys(['extract_csv_dag']) retrieved from /workspaces/hands-on-introduction-data-engineering-4395021/airflow/dags/extract_csv_dag.py
[2025-04-09T17:42:31.120+0000] {logging_mixin.py:150} INFO - [2025-04-09T17:42:31.120+0000] {dag.py:2742} INFO - Sync 1 DAGs
[2025-04-09T17:42:31.133+0000] {logging_mixin.py:150} INFO - [2025-04-09T17:42:31.133+0000] {dag.py:3504} INFO - Setting next_dagrun for extract_csv_dag to None, run_after=None
[2025-04-09T17:42:31.146+0000] {processor.py:179} INFO - Processing /workspaces/hands-on-introduction-data-engineering-4395021/airflow/dags/extract_csv_dag.py took 0.056 seconds
[2025-04-09T17:43:01.280+0000] {processor.py:157} INFO - Started process (PID=22817) to work on /workspaces/hands-on-introduction-data-engineering-4395021/airflow/dags/extract_csv_dag.py
[2025-04-09T17:43:01.280+0000] {processor.py:826} INFO - Processing file /workspaces/hands-on-introduction-data-engineering-4395021/airflow/dags/extract_csv_dag.py for tasks to queue
[2025-04-09T17:43:01.281+0000] {logging_mixin.py:150} INFO - [2025-04-09T17:43:01.281+0000] {dagbag.py:541} INFO - Filling up the DagBag from /workspaces/hands-on-introduction-data-engineering-4395021/airflow/dags/extract_csv_dag.py
[2025-04-09T17:43:01.288+0000] {processor.py:836} INFO - DAG(s) dict_keys(['extract_csv_dag']) retrieved from /workspaces/hands-on-introduction-data-engineering-4395021/airflow/dags/extract_csv_dag.py
[2025-04-09T17:43:01.306+0000] {logging_mixin.py:150} INFO - [2025-04-09T17:43:01.306+0000] {dag.py:2742} INFO - Sync 1 DAGs
[2025-04-09T17:43:01.319+0000] {logging_mixin.py:150} INFO - [2025-04-09T17:43:01.319+0000] {dag.py:3504} INFO - Setting next_dagrun for extract_csv_dag to None, run_after=None
[2025-04-09T17:43:01.333+0000] {processor.py:179} INFO - Processing /workspaces/hands-on-introduction-data-engineering-4395021/airflow/dags/extract_csv_dag.py took 0.056 seconds
[2025-04-09T17:43:31.463+0000] {processor.py:157} INFO - Started process (PID=22988) to work on /workspaces/hands-on-introduction-data-engineering-4395021/airflow/dags/extract_csv_dag.py
[2025-04-09T17:43:31.464+0000] {processor.py:826} INFO - Processing file /workspaces/hands-on-introduction-data-engineering-4395021/airflow/dags/extract_csv_dag.py for tasks to queue
[2025-04-09T17:43:31.464+0000] {logging_mixin.py:150} INFO - [2025-04-09T17:43:31.464+0000] {dagbag.py:541} INFO - Filling up the DagBag from /workspaces/hands-on-introduction-data-engineering-4395021/airflow/dags/extract_csv_dag.py
[2025-04-09T17:43:31.471+0000] {processor.py:836} INFO - DAG(s) dict_keys(['extract_csv_dag']) retrieved from /workspaces/hands-on-introduction-data-engineering-4395021/airflow/dags/extract_csv_dag.py
[2025-04-09T17:43:31.488+0000] {logging_mixin.py:150} INFO - [2025-04-09T17:43:31.488+0000] {dag.py:2742} INFO - Sync 1 DAGs
[2025-04-09T17:43:31.501+0000] {logging_mixin.py:150} INFO - [2025-04-09T17:43:31.501+0000] {dag.py:3504} INFO - Setting next_dagrun for extract_csv_dag to None, run_after=None
[2025-04-09T17:43:31.517+0000] {processor.py:179} INFO - Processing /workspaces/hands-on-introduction-data-engineering-4395021/airflow/dags/extract_csv_dag.py took 0.057 seconds
[2025-04-09T17:44:01.650+0000] {processor.py:157} INFO - Started process (PID=23165) to work on /workspaces/hands-on-introduction-data-engineering-4395021/airflow/dags/extract_csv_dag.py
[2025-04-09T17:44:01.651+0000] {processor.py:826} INFO - Processing file /workspaces/hands-on-introduction-data-engineering-4395021/airflow/dags/extract_csv_dag.py for tasks to queue
[2025-04-09T17:44:01.652+0000] {logging_mixin.py:150} INFO - [2025-04-09T17:44:01.651+0000] {dagbag.py:541} INFO - Filling up the DagBag from /workspaces/hands-on-introduction-data-engineering-4395021/airflow/dags/extract_csv_dag.py
[2025-04-09T17:44:01.659+0000] {processor.py:836} INFO - DAG(s) dict_keys(['extract_csv_dag']) retrieved from /workspaces/hands-on-introduction-data-engineering-4395021/airflow/dags/extract_csv_dag.py
[2025-04-09T17:44:01.676+0000] {logging_mixin.py:150} INFO - [2025-04-09T17:44:01.676+0000] {dag.py:2742} INFO - Sync 1 DAGs
[2025-04-09T17:44:01.690+0000] {logging_mixin.py:150} INFO - [2025-04-09T17:44:01.689+0000] {dag.py:3504} INFO - Setting next_dagrun for extract_csv_dag to None, run_after=None
[2025-04-09T17:44:01.703+0000] {processor.py:179} INFO - Processing /workspaces/hands-on-introduction-data-engineering-4395021/airflow/dags/extract_csv_dag.py took 0.055 seconds
[2025-04-09T17:44:31.836+0000] {processor.py:157} INFO - Started process (PID=23366) to work on /workspaces/hands-on-introduction-data-engineering-4395021/airflow/dags/extract_csv_dag.py
[2025-04-09T17:44:31.836+0000] {processor.py:826} INFO - Processing file /workspaces/hands-on-introduction-data-engineering-4395021/airflow/dags/extract_csv_dag.py for tasks to queue
[2025-04-09T17:44:31.837+0000] {logging_mixin.py:150} INFO - [2025-04-09T17:44:31.837+0000] {dagbag.py:541} INFO - Filling up the DagBag from /workspaces/hands-on-introduction-data-engineering-4395021/airflow/dags/extract_csv_dag.py
[2025-04-09T17:44:31.844+0000] {processor.py:836} INFO - DAG(s) dict_keys(['extract_csv_dag']) retrieved from /workspaces/hands-on-introduction-data-engineering-4395021/airflow/dags/extract_csv_dag.py
[2025-04-09T17:44:31.861+0000] {logging_mixin.py:150} INFO - [2025-04-09T17:44:31.861+0000] {dag.py:2742} INFO - Sync 1 DAGs
[2025-04-09T17:44:31.875+0000] {logging_mixin.py:150} INFO - [2025-04-09T17:44:31.874+0000] {dag.py:3504} INFO - Setting next_dagrun for extract_csv_dag to None, run_after=None
[2025-04-09T17:44:31.889+0000] {processor.py:179} INFO - Processing /workspaces/hands-on-introduction-data-engineering-4395021/airflow/dags/extract_csv_dag.py took 0.056 seconds
[2025-04-09T17:45:02.018+0000] {processor.py:157} INFO - Started process (PID=23565) to work on /workspaces/hands-on-introduction-data-engineering-4395021/airflow/dags/extract_csv_dag.py
[2025-04-09T17:45:02.019+0000] {processor.py:826} INFO - Processing file /workspaces/hands-on-introduction-data-engineering-4395021/airflow/dags/extract_csv_dag.py for tasks to queue
[2025-04-09T17:45:02.019+0000] {logging_mixin.py:150} INFO - [2025-04-09T17:45:02.019+0000] {dagbag.py:541} INFO - Filling up the DagBag from /workspaces/hands-on-introduction-data-engineering-4395021/airflow/dags/extract_csv_dag.py
[2025-04-09T17:45:02.027+0000] {processor.py:836} INFO - DAG(s) dict_keys(['extract_csv_dag']) retrieved from /workspaces/hands-on-introduction-data-engineering-4395021/airflow/dags/extract_csv_dag.py
[2025-04-09T17:45:02.044+0000] {logging_mixin.py:150} INFO - [2025-04-09T17:45:02.044+0000] {dag.py:2742} INFO - Sync 1 DAGs
[2025-04-09T17:45:02.057+0000] {logging_mixin.py:150} INFO - [2025-04-09T17:45:02.057+0000] {dag.py:3504} INFO - Setting next_dagrun for extract_csv_dag to None, run_after=None
[2025-04-09T17:45:02.071+0000] {processor.py:179} INFO - Processing /workspaces/hands-on-introduction-data-engineering-4395021/airflow/dags/extract_csv_dag.py took 0.056 seconds
[2025-04-09T17:45:32.203+0000] {processor.py:157} INFO - Started process (PID=23737) to work on /workspaces/hands-on-introduction-data-engineering-4395021/airflow/dags/extract_csv_dag.py
[2025-04-09T17:45:32.203+0000] {processor.py:826} INFO - Processing file /workspaces/hands-on-introduction-data-engineering-4395021/airflow/dags/extract_csv_dag.py for tasks to queue
[2025-04-09T17:45:32.204+0000] {logging_mixin.py:150} INFO - [2025-04-09T17:45:32.204+0000] {dagbag.py:541} INFO - Filling up the DagBag from /workspaces/hands-on-introduction-data-engineering-4395021/airflow/dags/extract_csv_dag.py
[2025-04-09T17:45:32.211+0000] {processor.py:836} INFO - DAG(s) dict_keys(['extract_csv_dag']) retrieved from /workspaces/hands-on-introduction-data-engineering-4395021/airflow/dags/extract_csv_dag.py
[2025-04-09T17:45:32.229+0000] {logging_mixin.py:150} INFO - [2025-04-09T17:45:32.228+0000] {dag.py:2742} INFO - Sync 1 DAGs
[2025-04-09T17:45:32.242+0000] {logging_mixin.py:150} INFO - [2025-04-09T17:45:32.242+0000] {dag.py:3504} INFO - Setting next_dagrun for extract_csv_dag to None, run_after=None
[2025-04-09T17:45:32.256+0000] {processor.py:179} INFO - Processing /workspaces/hands-on-introduction-data-engineering-4395021/airflow/dags/extract_csv_dag.py took 0.056 seconds
[2025-04-09T17:46:02.386+0000] {processor.py:157} INFO - Started process (PID=23907) to work on /workspaces/hands-on-introduction-data-engineering-4395021/airflow/dags/extract_csv_dag.py
[2025-04-09T17:46:02.387+0000] {processor.py:826} INFO - Processing file /workspaces/hands-on-introduction-data-engineering-4395021/airflow/dags/extract_csv_dag.py for tasks to queue
[2025-04-09T17:46:02.388+0000] {logging_mixin.py:150} INFO - [2025-04-09T17:46:02.388+0000] {dagbag.py:541} INFO - Filling up the DagBag from /workspaces/hands-on-introduction-data-engineering-4395021/airflow/dags/extract_csv_dag.py
[2025-04-09T17:46:02.395+0000] {processor.py:836} INFO - DAG(s) dict_keys(['extract_csv_dag']) retrieved from /workspaces/hands-on-introduction-data-engineering-4395021/airflow/dags/extract_csv_dag.py
[2025-04-09T17:46:02.412+0000] {logging_mixin.py:150} INFO - [2025-04-09T17:46:02.412+0000] {dag.py:2742} INFO - Sync 1 DAGs
[2025-04-09T17:46:02.426+0000] {logging_mixin.py:150} INFO - [2025-04-09T17:46:02.426+0000] {dag.py:3504} INFO - Setting next_dagrun for extract_csv_dag to None, run_after=None
[2025-04-09T17:46:02.440+0000] {processor.py:179} INFO - Processing /workspaces/hands-on-introduction-data-engineering-4395021/airflow/dags/extract_csv_dag.py took 0.056 seconds
[2025-04-09T17:46:32.580+0000] {processor.py:157} INFO - Started process (PID=24216) to work on /workspaces/hands-on-introduction-data-engineering-4395021/airflow/dags/extract_csv_dag.py
[2025-04-09T17:46:32.581+0000] {processor.py:826} INFO - Processing file /workspaces/hands-on-introduction-data-engineering-4395021/airflow/dags/extract_csv_dag.py for tasks to queue
[2025-04-09T17:46:32.582+0000] {logging_mixin.py:150} INFO - [2025-04-09T17:46:32.582+0000] {dagbag.py:541} INFO - Filling up the DagBag from /workspaces/hands-on-introduction-data-engineering-4395021/airflow/dags/extract_csv_dag.py
[2025-04-09T17:46:32.590+0000] {processor.py:836} INFO - DAG(s) dict_keys(['extract_csv_dag']) retrieved from /workspaces/hands-on-introduction-data-engineering-4395021/airflow/dags/extract_csv_dag.py
[2025-04-09T17:46:32.607+0000] {logging_mixin.py:150} INFO - [2025-04-09T17:46:32.607+0000] {dag.py:2742} INFO - Sync 1 DAGs
[2025-04-09T17:46:32.620+0000] {logging_mixin.py:150} INFO - [2025-04-09T17:46:32.620+0000] {dag.py:3504} INFO - Setting next_dagrun for extract_csv_dag to None, run_after=None
[2025-04-09T17:46:32.633+0000] {processor.py:179} INFO - Processing /workspaces/hands-on-introduction-data-engineering-4395021/airflow/dags/extract_csv_dag.py took 0.055 seconds
[2025-04-09T17:47:02.763+0000] {processor.py:157} INFO - Started process (PID=24581) to work on /workspaces/hands-on-introduction-data-engineering-4395021/airflow/dags/extract_csv_dag.py
[2025-04-09T17:47:02.764+0000] {processor.py:826} INFO - Processing file /workspaces/hands-on-introduction-data-engineering-4395021/airflow/dags/extract_csv_dag.py for tasks to queue
[2025-04-09T17:47:02.765+0000] {logging_mixin.py:150} INFO - [2025-04-09T17:47:02.765+0000] {dagbag.py:541} INFO - Filling up the DagBag from /workspaces/hands-on-introduction-data-engineering-4395021/airflow/dags/extract_csv_dag.py
[2025-04-09T17:47:02.773+0000] {processor.py:836} INFO - DAG(s) dict_keys(['extract_csv_dag']) retrieved from /workspaces/hands-on-introduction-data-engineering-4395021/airflow/dags/extract_csv_dag.py
[2025-04-09T17:47:02.791+0000] {logging_mixin.py:150} INFO - [2025-04-09T17:47:02.791+0000] {dag.py:2742} INFO - Sync 1 DAGs
[2025-04-09T17:47:02.804+0000] {logging_mixin.py:150} INFO - [2025-04-09T17:47:02.804+0000] {dag.py:3504} INFO - Setting next_dagrun for extract_csv_dag to None, run_after=None
[2025-04-09T17:47:02.818+0000] {processor.py:179} INFO - Processing /workspaces/hands-on-introduction-data-engineering-4395021/airflow/dags/extract_csv_dag.py took 0.057 seconds
[2025-04-09T17:47:32.954+0000] {processor.py:157} INFO - Started process (PID=24872) to work on /workspaces/hands-on-introduction-data-engineering-4395021/airflow/dags/extract_csv_dag.py
[2025-04-09T17:47:32.955+0000] {processor.py:826} INFO - Processing file /workspaces/hands-on-introduction-data-engineering-4395021/airflow/dags/extract_csv_dag.py for tasks to queue
[2025-04-09T17:47:32.955+0000] {logging_mixin.py:150} INFO - [2025-04-09T17:47:32.955+0000] {dagbag.py:541} INFO - Filling up the DagBag from /workspaces/hands-on-introduction-data-engineering-4395021/airflow/dags/extract_csv_dag.py
[2025-04-09T17:47:32.963+0000] {processor.py:836} INFO - DAG(s) dict_keys(['extract_csv_dag']) retrieved from /workspaces/hands-on-introduction-data-engineering-4395021/airflow/dags/extract_csv_dag.py
[2025-04-09T17:47:32.981+0000] {logging_mixin.py:150} INFO - [2025-04-09T17:47:32.981+0000] {dag.py:2742} INFO - Sync 1 DAGs
[2025-04-09T17:47:32.995+0000] {logging_mixin.py:150} INFO - [2025-04-09T17:47:32.994+0000] {dag.py:3504} INFO - Setting next_dagrun for extract_csv_dag to None, run_after=None
[2025-04-09T17:47:33.008+0000] {processor.py:179} INFO - Processing /workspaces/hands-on-introduction-data-engineering-4395021/airflow/dags/extract_csv_dag.py took 0.057 seconds
[2025-04-09T17:48:03.136+0000] {processor.py:157} INFO - Started process (PID=25152) to work on /workspaces/hands-on-introduction-data-engineering-4395021/airflow/dags/extract_csv_dag.py
[2025-04-09T17:48:03.137+0000] {processor.py:826} INFO - Processing file /workspaces/hands-on-introduction-data-engineering-4395021/airflow/dags/extract_csv_dag.py for tasks to queue
[2025-04-09T17:48:03.138+0000] {logging_mixin.py:150} INFO - [2025-04-09T17:48:03.137+0000] {dagbag.py:541} INFO - Filling up the DagBag from /workspaces/hands-on-introduction-data-engineering-4395021/airflow/dags/extract_csv_dag.py
[2025-04-09T17:48:03.145+0000] {processor.py:836} INFO - DAG(s) dict_keys(['extract_csv_dag']) retrieved from /workspaces/hands-on-introduction-data-engineering-4395021/airflow/dags/extract_csv_dag.py
[2025-04-09T17:48:03.162+0000] {logging_mixin.py:150} INFO - [2025-04-09T17:48:03.162+0000] {dag.py:2742} INFO - Sync 1 DAGs
[2025-04-09T17:48:03.176+0000] {logging_mixin.py:150} INFO - [2025-04-09T17:48:03.175+0000] {dag.py:3504} INFO - Setting next_dagrun for extract_csv_dag to None, run_after=None
[2025-04-09T17:48:03.190+0000] {processor.py:179} INFO - Processing /workspaces/hands-on-introduction-data-engineering-4395021/airflow/dags/extract_csv_dag.py took 0.056 seconds
[2025-04-09T17:48:33.326+0000] {processor.py:157} INFO - Started process (PID=25458) to work on /workspaces/hands-on-introduction-data-engineering-4395021/airflow/dags/extract_csv_dag.py
[2025-04-09T17:48:33.327+0000] {processor.py:826} INFO - Processing file /workspaces/hands-on-introduction-data-engineering-4395021/airflow/dags/extract_csv_dag.py for tasks to queue
[2025-04-09T17:48:33.327+0000] {logging_mixin.py:150} INFO - [2025-04-09T17:48:33.327+0000] {dagbag.py:541} INFO - Filling up the DagBag from /workspaces/hands-on-introduction-data-engineering-4395021/airflow/dags/extract_csv_dag.py
[2025-04-09T17:48:33.335+0000] {processor.py:836} INFO - DAG(s) dict_keys(['extract_csv_dag']) retrieved from /workspaces/hands-on-introduction-data-engineering-4395021/airflow/dags/extract_csv_dag.py
[2025-04-09T17:48:33.352+0000] {logging_mixin.py:150} INFO - [2025-04-09T17:48:33.352+0000] {dag.py:2742} INFO - Sync 1 DAGs
[2025-04-09T17:48:33.365+0000] {logging_mixin.py:150} INFO - [2025-04-09T17:48:33.365+0000] {dag.py:3504} INFO - Setting next_dagrun for extract_csv_dag to None, run_after=None
[2025-04-09T17:48:33.378+0000] {processor.py:179} INFO - Processing /workspaces/hands-on-introduction-data-engineering-4395021/airflow/dags/extract_csv_dag.py took 0.055 seconds
[2025-04-09T17:49:03.512+0000] {processor.py:157} INFO - Started process (PID=25795) to work on /workspaces/hands-on-introduction-data-engineering-4395021/airflow/dags/extract_csv_dag.py
[2025-04-09T17:49:03.513+0000] {processor.py:826} INFO - Processing file /workspaces/hands-on-introduction-data-engineering-4395021/airflow/dags/extract_csv_dag.py for tasks to queue
[2025-04-09T17:49:03.514+0000] {logging_mixin.py:150} INFO - [2025-04-09T17:49:03.513+0000] {dagbag.py:541} INFO - Filling up the DagBag from /workspaces/hands-on-introduction-data-engineering-4395021/airflow/dags/extract_csv_dag.py
[2025-04-09T17:49:03.521+0000] {processor.py:836} INFO - DAG(s) dict_keys(['extract_csv_dag']) retrieved from /workspaces/hands-on-introduction-data-engineering-4395021/airflow/dags/extract_csv_dag.py
[2025-04-09T17:49:03.538+0000] {logging_mixin.py:150} INFO - [2025-04-09T17:49:03.538+0000] {dag.py:2742} INFO - Sync 1 DAGs
[2025-04-09T17:49:03.552+0000] {logging_mixin.py:150} INFO - [2025-04-09T17:49:03.552+0000] {dag.py:3504} INFO - Setting next_dagrun for extract_csv_dag to None, run_after=None
[2025-04-09T17:49:03.565+0000] {processor.py:179} INFO - Processing /workspaces/hands-on-introduction-data-engineering-4395021/airflow/dags/extract_csv_dag.py took 0.056 seconds
[2025-04-09T17:49:33.697+0000] {processor.py:157} INFO - Started process (PID=26152) to work on /workspaces/hands-on-introduction-data-engineering-4395021/airflow/dags/extract_csv_dag.py
[2025-04-09T17:49:33.697+0000] {processor.py:826} INFO - Processing file /workspaces/hands-on-introduction-data-engineering-4395021/airflow/dags/extract_csv_dag.py for tasks to queue
[2025-04-09T17:49:33.698+0000] {logging_mixin.py:150} INFO - [2025-04-09T17:49:33.698+0000] {dagbag.py:541} INFO - Filling up the DagBag from /workspaces/hands-on-introduction-data-engineering-4395021/airflow/dags/extract_csv_dag.py
[2025-04-09T17:49:33.705+0000] {processor.py:836} INFO - DAG(s) dict_keys(['extract_csv_dag']) retrieved from /workspaces/hands-on-introduction-data-engineering-4395021/airflow/dags/extract_csv_dag.py
[2025-04-09T17:49:33.723+0000] {logging_mixin.py:150} INFO - [2025-04-09T17:49:33.722+0000] {dag.py:2742} INFO - Sync 1 DAGs
[2025-04-09T17:49:33.736+0000] {logging_mixin.py:150} INFO - [2025-04-09T17:49:33.736+0000] {dag.py:3504} INFO - Setting next_dagrun for extract_csv_dag to None, run_after=None
[2025-04-09T17:49:33.750+0000] {processor.py:179} INFO - Processing /workspaces/hands-on-introduction-data-engineering-4395021/airflow/dags/extract_csv_dag.py took 0.056 seconds
[2025-04-09T17:50:03.969+0000] {processor.py:157} INFO - Started process (PID=26583) to work on /workspaces/hands-on-introduction-data-engineering-4395021/airflow/dags/extract_csv_dag.py
[2025-04-09T17:50:03.970+0000] {processor.py:826} INFO - Processing file /workspaces/hands-on-introduction-data-engineering-4395021/airflow/dags/extract_csv_dag.py for tasks to queue
[2025-04-09T17:50:03.972+0000] {logging_mixin.py:150} INFO - [2025-04-09T17:50:03.971+0000] {dagbag.py:541} INFO - Filling up the DagBag from /workspaces/hands-on-introduction-data-engineering-4395021/airflow/dags/extract_csv_dag.py
[2025-04-09T17:50:03.984+0000] {processor.py:836} INFO - DAG(s) dict_keys(['extract_csv_dag']) retrieved from /workspaces/hands-on-introduction-data-engineering-4395021/airflow/dags/extract_csv_dag.py
[2025-04-09T17:50:04.012+0000] {logging_mixin.py:150} INFO - [2025-04-09T17:50:04.012+0000] {dag.py:2742} INFO - Sync 1 DAGs
[2025-04-09T17:50:04.036+0000] {logging_mixin.py:150} INFO - [2025-04-09T17:50:04.036+0000] {dag.py:3504} INFO - Setting next_dagrun for extract_csv_dag to None, run_after=None
[2025-04-09T17:50:04.051+0000] {processor.py:179} INFO - Processing /workspaces/hands-on-introduction-data-engineering-4395021/airflow/dags/extract_csv_dag.py took 0.085 seconds
[2025-04-09T17:50:34.229+0000] {processor.py:157} INFO - Started process (PID=27000) to work on /workspaces/hands-on-introduction-data-engineering-4395021/airflow/dags/extract_csv_dag.py
[2025-04-09T17:50:34.230+0000] {processor.py:826} INFO - Processing file /workspaces/hands-on-introduction-data-engineering-4395021/airflow/dags/extract_csv_dag.py for tasks to queue
[2025-04-09T17:50:34.230+0000] {logging_mixin.py:150} INFO - [2025-04-09T17:50:34.230+0000] {dagbag.py:541} INFO - Filling up the DagBag from /workspaces/hands-on-introduction-data-engineering-4395021/airflow/dags/extract_csv_dag.py
[2025-04-09T17:50:34.238+0000] {processor.py:836} INFO - DAG(s) dict_keys(['extract_csv_dag']) retrieved from /workspaces/hands-on-introduction-data-engineering-4395021/airflow/dags/extract_csv_dag.py
[2025-04-09T17:50:34.258+0000] {logging_mixin.py:150} INFO - [2025-04-09T17:50:34.258+0000] {dag.py:2742} INFO - Sync 1 DAGs
[2025-04-09T17:50:34.271+0000] {logging_mixin.py:150} INFO - [2025-04-09T17:50:34.271+0000] {dag.py:3504} INFO - Setting next_dagrun for extract_csv_dag to None, run_after=None
[2025-04-09T17:50:34.285+0000] {processor.py:179} INFO - Processing /workspaces/hands-on-introduction-data-engineering-4395021/airflow/dags/extract_csv_dag.py took 0.058 seconds
[2025-04-09T17:51:04.492+0000] {processor.py:157} INFO - Started process (PID=27361) to work on /workspaces/hands-on-introduction-data-engineering-4395021/airflow/dags/extract_csv_dag.py
[2025-04-09T17:51:04.493+0000] {processor.py:826} INFO - Processing file /workspaces/hands-on-introduction-data-engineering-4395021/airflow/dags/extract_csv_dag.py for tasks to queue
[2025-04-09T17:51:04.494+0000] {logging_mixin.py:150} INFO - [2025-04-09T17:51:04.493+0000] {dagbag.py:541} INFO - Filling up the DagBag from /workspaces/hands-on-introduction-data-engineering-4395021/airflow/dags/extract_csv_dag.py
[2025-04-09T17:51:04.501+0000] {processor.py:836} INFO - DAG(s) dict_keys(['extract_csv_dag']) retrieved from /workspaces/hands-on-introduction-data-engineering-4395021/airflow/dags/extract_csv_dag.py
[2025-04-09T17:51:04.518+0000] {logging_mixin.py:150} INFO - [2025-04-09T17:51:04.518+0000] {dag.py:2742} INFO - Sync 1 DAGs
[2025-04-09T17:51:04.532+0000] {logging_mixin.py:150} INFO - [2025-04-09T17:51:04.532+0000] {dag.py:3504} INFO - Setting next_dagrun for extract_csv_dag to None, run_after=None
[2025-04-09T17:51:04.547+0000] {processor.py:179} INFO - Processing /workspaces/hands-on-introduction-data-engineering-4395021/airflow/dags/extract_csv_dag.py took 0.057 seconds
[2025-04-09T17:51:34.755+0000] {processor.py:157} INFO - Started process (PID=27680) to work on /workspaces/hands-on-introduction-data-engineering-4395021/airflow/dags/extract_csv_dag.py
[2025-04-09T17:51:34.756+0000] {processor.py:826} INFO - Processing file /workspaces/hands-on-introduction-data-engineering-4395021/airflow/dags/extract_csv_dag.py for tasks to queue
[2025-04-09T17:51:34.757+0000] {logging_mixin.py:150} INFO - [2025-04-09T17:51:34.757+0000] {dagbag.py:541} INFO - Filling up the DagBag from /workspaces/hands-on-introduction-data-engineering-4395021/airflow/dags/extract_csv_dag.py
[2025-04-09T17:51:34.764+0000] {processor.py:836} INFO - DAG(s) dict_keys(['extract_csv_dag']) retrieved from /workspaces/hands-on-introduction-data-engineering-4395021/airflow/dags/extract_csv_dag.py
[2025-04-09T17:51:34.782+0000] {logging_mixin.py:150} INFO - [2025-04-09T17:51:34.782+0000] {dag.py:2742} INFO - Sync 1 DAGs
[2025-04-09T17:51:34.795+0000] {logging_mixin.py:150} INFO - [2025-04-09T17:51:34.795+0000] {dag.py:3504} INFO - Setting next_dagrun for extract_csv_dag to None, run_after=None
[2025-04-09T17:51:34.809+0000] {processor.py:179} INFO - Processing /workspaces/hands-on-introduction-data-engineering-4395021/airflow/dags/extract_csv_dag.py took 0.056 seconds
[2025-04-09T17:52:05.018+0000] {processor.py:157} INFO - Started process (PID=27966) to work on /workspaces/hands-on-introduction-data-engineering-4395021/airflow/dags/extract_csv_dag.py
[2025-04-09T17:52:05.018+0000] {processor.py:826} INFO - Processing file /workspaces/hands-on-introduction-data-engineering-4395021/airflow/dags/extract_csv_dag.py for tasks to queue
[2025-04-09T17:52:05.019+0000] {logging_mixin.py:150} INFO - [2025-04-09T17:52:05.019+0000] {dagbag.py:541} INFO - Filling up the DagBag from /workspaces/hands-on-introduction-data-engineering-4395021/airflow/dags/extract_csv_dag.py
[2025-04-09T17:52:05.026+0000] {processor.py:836} INFO - DAG(s) dict_keys(['extract_csv_dag']) retrieved from /workspaces/hands-on-introduction-data-engineering-4395021/airflow/dags/extract_csv_dag.py
[2025-04-09T17:52:05.044+0000] {logging_mixin.py:150} INFO - [2025-04-09T17:52:05.044+0000] {dag.py:2742} INFO - Sync 1 DAGs
[2025-04-09T17:52:05.058+0000] {logging_mixin.py:150} INFO - [2025-04-09T17:52:05.058+0000] {dag.py:3504} INFO - Setting next_dagrun for extract_csv_dag to None, run_after=None
[2025-04-09T17:52:05.073+0000] {processor.py:179} INFO - Processing /workspaces/hands-on-introduction-data-engineering-4395021/airflow/dags/extract_csv_dag.py took 0.058 seconds
[2025-04-09T17:52:35.292+0000] {processor.py:157} INFO - Started process (PID=28229) to work on /workspaces/hands-on-introduction-data-engineering-4395021/airflow/dags/extract_csv_dag.py
[2025-04-09T17:52:35.293+0000] {processor.py:826} INFO - Processing file /workspaces/hands-on-introduction-data-engineering-4395021/airflow/dags/extract_csv_dag.py for tasks to queue
[2025-04-09T17:52:35.293+0000] {logging_mixin.py:150} INFO - [2025-04-09T17:52:35.293+0000] {dagbag.py:541} INFO - Filling up the DagBag from /workspaces/hands-on-introduction-data-engineering-4395021/airflow/dags/extract_csv_dag.py
[2025-04-09T17:52:35.300+0000] {processor.py:836} INFO - DAG(s) dict_keys(['extract_csv_dag']) retrieved from /workspaces/hands-on-introduction-data-engineering-4395021/airflow/dags/extract_csv_dag.py
[2025-04-09T17:52:35.318+0000] {logging_mixin.py:150} INFO - [2025-04-09T17:52:35.318+0000] {dag.py:2742} INFO - Sync 1 DAGs
[2025-04-09T17:52:35.331+0000] {logging_mixin.py:150} INFO - [2025-04-09T17:52:35.331+0000] {dag.py:3504} INFO - Setting next_dagrun for extract_csv_dag to None, run_after=None
[2025-04-09T17:52:35.346+0000] {processor.py:179} INFO - Processing /workspaces/hands-on-introduction-data-engineering-4395021/airflow/dags/extract_csv_dag.py took 0.056 seconds
[2025-04-09T17:53:05.555+0000] {processor.py:157} INFO - Started process (PID=28457) to work on /workspaces/hands-on-introduction-data-engineering-4395021/airflow/dags/extract_csv_dag.py
[2025-04-09T17:53:05.555+0000] {processor.py:826} INFO - Processing file /workspaces/hands-on-introduction-data-engineering-4395021/airflow/dags/extract_csv_dag.py for tasks to queue
[2025-04-09T17:53:05.556+0000] {logging_mixin.py:150} INFO - [2025-04-09T17:53:05.556+0000] {dagbag.py:541} INFO - Filling up the DagBag from /workspaces/hands-on-introduction-data-engineering-4395021/airflow/dags/extract_csv_dag.py
[2025-04-09T17:53:05.563+0000] {processor.py:836} INFO - DAG(s) dict_keys(['extract_csv_dag']) retrieved from /workspaces/hands-on-introduction-data-engineering-4395021/airflow/dags/extract_csv_dag.py
[2025-04-09T17:53:05.581+0000] {logging_mixin.py:150} INFO - [2025-04-09T17:53:05.581+0000] {dag.py:2742} INFO - Sync 1 DAGs
[2025-04-09T17:53:05.595+0000] {logging_mixin.py:150} INFO - [2025-04-09T17:53:05.595+0000] {dag.py:3504} INFO - Setting next_dagrun for extract_csv_dag to None, run_after=None
[2025-04-09T17:53:05.609+0000] {processor.py:179} INFO - Processing /workspaces/hands-on-introduction-data-engineering-4395021/airflow/dags/extract_csv_dag.py took 0.057 seconds
[2025-04-09T17:53:35.820+0000] {processor.py:157} INFO - Started process (PID=28629) to work on /workspaces/hands-on-introduction-data-engineering-4395021/airflow/dags/extract_csv_dag.py
[2025-04-09T17:53:35.820+0000] {processor.py:826} INFO - Processing file /workspaces/hands-on-introduction-data-engineering-4395021/airflow/dags/extract_csv_dag.py for tasks to queue
[2025-04-09T17:53:35.821+0000] {logging_mixin.py:150} INFO - [2025-04-09T17:53:35.821+0000] {dagbag.py:541} INFO - Filling up the DagBag from /workspaces/hands-on-introduction-data-engineering-4395021/airflow/dags/extract_csv_dag.py
[2025-04-09T17:53:35.828+0000] {processor.py:836} INFO - DAG(s) dict_keys(['extract_csv_dag']) retrieved from /workspaces/hands-on-introduction-data-engineering-4395021/airflow/dags/extract_csv_dag.py
[2025-04-09T17:53:35.849+0000] {logging_mixin.py:150} INFO - [2025-04-09T17:53:35.848+0000] {dag.py:2742} INFO - Sync 1 DAGs
[2025-04-09T17:53:35.862+0000] {logging_mixin.py:150} INFO - [2025-04-09T17:53:35.862+0000] {dag.py:3504} INFO - Setting next_dagrun for extract_csv_dag to None, run_after=None
[2025-04-09T17:53:35.876+0000] {processor.py:179} INFO - Processing /workspaces/hands-on-introduction-data-engineering-4395021/airflow/dags/extract_csv_dag.py took 0.059 seconds
[2025-04-09T17:54:06.082+0000] {processor.py:157} INFO - Started process (PID=28806) to work on /workspaces/hands-on-introduction-data-engineering-4395021/airflow/dags/extract_csv_dag.py
[2025-04-09T17:54:06.083+0000] {processor.py:826} INFO - Processing file /workspaces/hands-on-introduction-data-engineering-4395021/airflow/dags/extract_csv_dag.py for tasks to queue
[2025-04-09T17:54:06.084+0000] {logging_mixin.py:150} INFO - [2025-04-09T17:54:06.084+0000] {dagbag.py:541} INFO - Filling up the DagBag from /workspaces/hands-on-introduction-data-engineering-4395021/airflow/dags/extract_csv_dag.py
[2025-04-09T17:54:06.091+0000] {processor.py:836} INFO - DAG(s) dict_keys(['extract_csv_dag']) retrieved from /workspaces/hands-on-introduction-data-engineering-4395021/airflow/dags/extract_csv_dag.py
[2025-04-09T17:54:06.109+0000] {logging_mixin.py:150} INFO - [2025-04-09T17:54:06.108+0000] {dag.py:2742} INFO - Sync 1 DAGs
[2025-04-09T17:54:06.122+0000] {logging_mixin.py:150} INFO - [2025-04-09T17:54:06.122+0000] {dag.py:3504} INFO - Setting next_dagrun for extract_csv_dag to None, run_after=None
[2025-04-09T17:54:06.136+0000] {processor.py:179} INFO - Processing /workspaces/hands-on-introduction-data-engineering-4395021/airflow/dags/extract_csv_dag.py took 0.057 seconds
[2025-04-09T17:54:36.345+0000] {processor.py:157} INFO - Started process (PID=28976) to work on /workspaces/hands-on-introduction-data-engineering-4395021/airflow/dags/extract_csv_dag.py
[2025-04-09T17:54:36.346+0000] {processor.py:826} INFO - Processing file /workspaces/hands-on-introduction-data-engineering-4395021/airflow/dags/extract_csv_dag.py for tasks to queue
[2025-04-09T17:54:36.346+0000] {logging_mixin.py:150} INFO - [2025-04-09T17:54:36.346+0000] {dagbag.py:541} INFO - Filling up the DagBag from /workspaces/hands-on-introduction-data-engineering-4395021/airflow/dags/extract_csv_dag.py
[2025-04-09T17:54:36.354+0000] {processor.py:836} INFO - DAG(s) dict_keys(['extract_csv_dag']) retrieved from /workspaces/hands-on-introduction-data-engineering-4395021/airflow/dags/extract_csv_dag.py
[2025-04-09T17:54:36.372+0000] {logging_mixin.py:150} INFO - [2025-04-09T17:54:36.371+0000] {dag.py:2742} INFO - Sync 1 DAGs
[2025-04-09T17:54:36.385+0000] {logging_mixin.py:150} INFO - [2025-04-09T17:54:36.385+0000] {dag.py:3504} INFO - Setting next_dagrun for extract_csv_dag to None, run_after=None
[2025-04-09T17:54:36.398+0000] {processor.py:179} INFO - Processing /workspaces/hands-on-introduction-data-engineering-4395021/airflow/dags/extract_csv_dag.py took 0.056 seconds
[2025-04-09T17:55:06.606+0000] {processor.py:157} INFO - Started process (PID=29153) to work on /workspaces/hands-on-introduction-data-engineering-4395021/airflow/dags/extract_csv_dag.py
[2025-04-09T17:55:06.607+0000] {processor.py:826} INFO - Processing file /workspaces/hands-on-introduction-data-engineering-4395021/airflow/dags/extract_csv_dag.py for tasks to queue
[2025-04-09T17:55:06.607+0000] {logging_mixin.py:150} INFO - [2025-04-09T17:55:06.607+0000] {dagbag.py:541} INFO - Filling up the DagBag from /workspaces/hands-on-introduction-data-engineering-4395021/airflow/dags/extract_csv_dag.py
[2025-04-09T17:55:06.615+0000] {processor.py:836} INFO - DAG(s) dict_keys(['extract_csv_dag']) retrieved from /workspaces/hands-on-introduction-data-engineering-4395021/airflow/dags/extract_csv_dag.py
[2025-04-09T17:55:06.633+0000] {logging_mixin.py:150} INFO - [2025-04-09T17:55:06.633+0000] {dag.py:2742} INFO - Sync 1 DAGs
[2025-04-09T17:55:06.646+0000] {logging_mixin.py:150} INFO - [2025-04-09T17:55:06.646+0000] {dag.py:3504} INFO - Setting next_dagrun for extract_csv_dag to None, run_after=None
[2025-04-09T17:55:06.659+0000] {processor.py:179} INFO - Processing /workspaces/hands-on-introduction-data-engineering-4395021/airflow/dags/extract_csv_dag.py took 0.056 seconds
[2025-04-09T17:55:36.870+0000] {processor.py:157} INFO - Started process (PID=29330) to work on /workspaces/hands-on-introduction-data-engineering-4395021/airflow/dags/extract_csv_dag.py
[2025-04-09T17:55:36.871+0000] {processor.py:826} INFO - Processing file /workspaces/hands-on-introduction-data-engineering-4395021/airflow/dags/extract_csv_dag.py for tasks to queue
[2025-04-09T17:55:36.871+0000] {logging_mixin.py:150} INFO - [2025-04-09T17:55:36.871+0000] {dagbag.py:541} INFO - Filling up the DagBag from /workspaces/hands-on-introduction-data-engineering-4395021/airflow/dags/extract_csv_dag.py
[2025-04-09T17:55:36.878+0000] {processor.py:836} INFO - DAG(s) dict_keys(['extract_csv_dag']) retrieved from /workspaces/hands-on-introduction-data-engineering-4395021/airflow/dags/extract_csv_dag.py
[2025-04-09T17:55:36.896+0000] {logging_mixin.py:150} INFO - [2025-04-09T17:55:36.896+0000] {dag.py:2742} INFO - Sync 1 DAGs
[2025-04-09T17:55:36.909+0000] {logging_mixin.py:150} INFO - [2025-04-09T17:55:36.909+0000] {dag.py:3504} INFO - Setting next_dagrun for extract_csv_dag to None, run_after=None
[2025-04-09T17:55:36.923+0000] {processor.py:179} INFO - Processing /workspaces/hands-on-introduction-data-engineering-4395021/airflow/dags/extract_csv_dag.py took 0.056 seconds
[2025-04-09T17:56:07.083+0000] {processor.py:157} INFO - Started process (PID=29496) to work on /workspaces/hands-on-introduction-data-engineering-4395021/airflow/dags/extract_csv_dag.py
[2025-04-09T17:56:07.084+0000] {processor.py:826} INFO - Processing file /workspaces/hands-on-introduction-data-engineering-4395021/airflow/dags/extract_csv_dag.py for tasks to queue
[2025-04-09T17:56:07.085+0000] {logging_mixin.py:150} INFO - [2025-04-09T17:56:07.084+0000] {dagbag.py:541} INFO - Filling up the DagBag from /workspaces/hands-on-introduction-data-engineering-4395021/airflow/dags/extract_csv_dag.py
[2025-04-09T17:56:07.092+0000] {processor.py:836} INFO - DAG(s) dict_keys(['extract_csv_dag']) retrieved from /workspaces/hands-on-introduction-data-engineering-4395021/airflow/dags/extract_csv_dag.py
[2025-04-09T17:56:07.109+0000] {logging_mixin.py:150} INFO - [2025-04-09T17:56:07.109+0000] {dag.py:2742} INFO - Sync 1 DAGs
[2025-04-09T17:56:07.122+0000] {logging_mixin.py:150} INFO - [2025-04-09T17:56:07.122+0000] {dag.py:3504} INFO - Setting next_dagrun for extract_csv_dag to None, run_after=None
[2025-04-09T17:56:07.136+0000] {processor.py:179} INFO - Processing /workspaces/hands-on-introduction-data-engineering-4395021/airflow/dags/extract_csv_dag.py took 0.056 seconds
[2025-04-09T17:56:37.267+0000] {processor.py:157} INFO - Started process (PID=29673) to work on /workspaces/hands-on-introduction-data-engineering-4395021/airflow/dags/extract_csv_dag.py
[2025-04-09T17:56:37.268+0000] {processor.py:826} INFO - Processing file /workspaces/hands-on-introduction-data-engineering-4395021/airflow/dags/extract_csv_dag.py for tasks to queue
[2025-04-09T17:56:37.269+0000] {logging_mixin.py:150} INFO - [2025-04-09T17:56:37.268+0000] {dagbag.py:541} INFO - Filling up the DagBag from /workspaces/hands-on-introduction-data-engineering-4395021/airflow/dags/extract_csv_dag.py
[2025-04-09T17:56:37.276+0000] {processor.py:836} INFO - DAG(s) dict_keys(['extract_csv_dag']) retrieved from /workspaces/hands-on-introduction-data-engineering-4395021/airflow/dags/extract_csv_dag.py
[2025-04-09T17:56:37.294+0000] {logging_mixin.py:150} INFO - [2025-04-09T17:56:37.294+0000] {dag.py:2742} INFO - Sync 1 DAGs
[2025-04-09T17:56:37.307+0000] {logging_mixin.py:150} INFO - [2025-04-09T17:56:37.307+0000] {dag.py:3504} INFO - Setting next_dagrun for extract_csv_dag to None, run_after=None
[2025-04-09T17:56:37.321+0000] {processor.py:179} INFO - Processing /workspaces/hands-on-introduction-data-engineering-4395021/airflow/dags/extract_csv_dag.py took 0.057 seconds
[2025-04-09T17:57:07.455+0000] {processor.py:157} INFO - Started process (PID=29843) to work on /workspaces/hands-on-introduction-data-engineering-4395021/airflow/dags/extract_csv_dag.py
[2025-04-09T17:57:07.456+0000] {processor.py:826} INFO - Processing file /workspaces/hands-on-introduction-data-engineering-4395021/airflow/dags/extract_csv_dag.py for tasks to queue
[2025-04-09T17:57:07.457+0000] {logging_mixin.py:150} INFO - [2025-04-09T17:57:07.457+0000] {dagbag.py:541} INFO - Filling up the DagBag from /workspaces/hands-on-introduction-data-engineering-4395021/airflow/dags/extract_csv_dag.py
[2025-04-09T17:57:07.464+0000] {processor.py:836} INFO - DAG(s) dict_keys(['extract_csv_dag']) retrieved from /workspaces/hands-on-introduction-data-engineering-4395021/airflow/dags/extract_csv_dag.py
[2025-04-09T17:57:07.482+0000] {logging_mixin.py:150} INFO - [2025-04-09T17:57:07.482+0000] {dag.py:2742} INFO - Sync 1 DAGs
[2025-04-09T17:57:07.496+0000] {logging_mixin.py:150} INFO - [2025-04-09T17:57:07.496+0000] {dag.py:3504} INFO - Setting next_dagrun for extract_csv_dag to None, run_after=None
[2025-04-09T17:57:07.510+0000] {processor.py:179} INFO - Processing /workspaces/hands-on-introduction-data-engineering-4395021/airflow/dags/extract_csv_dag.py took 0.057 seconds
[2025-04-09T17:57:37.645+0000] {processor.py:157} INFO - Started process (PID=30020) to work on /workspaces/hands-on-introduction-data-engineering-4395021/airflow/dags/extract_csv_dag.py
[2025-04-09T17:57:37.646+0000] {processor.py:826} INFO - Processing file /workspaces/hands-on-introduction-data-engineering-4395021/airflow/dags/extract_csv_dag.py for tasks to queue
[2025-04-09T17:57:37.646+0000] {logging_mixin.py:150} INFO - [2025-04-09T17:57:37.646+0000] {dagbag.py:541} INFO - Filling up the DagBag from /workspaces/hands-on-introduction-data-engineering-4395021/airflow/dags/extract_csv_dag.py
[2025-04-09T17:57:37.654+0000] {processor.py:836} INFO - DAG(s) dict_keys(['extract_csv_dag']) retrieved from /workspaces/hands-on-introduction-data-engineering-4395021/airflow/dags/extract_csv_dag.py
[2025-04-09T17:57:37.672+0000] {logging_mixin.py:150} INFO - [2025-04-09T17:57:37.672+0000] {dag.py:2742} INFO - Sync 1 DAGs
[2025-04-09T17:57:37.686+0000] {logging_mixin.py:150} INFO - [2025-04-09T17:57:37.686+0000] {dag.py:3504} INFO - Setting next_dagrun for extract_csv_dag to None, run_after=None
[2025-04-09T17:57:37.699+0000] {processor.py:179} INFO - Processing /workspaces/hands-on-introduction-data-engineering-4395021/airflow/dags/extract_csv_dag.py took 0.057 seconds
[2025-04-09T17:58:07.834+0000] {processor.py:157} INFO - Started process (PID=30196) to work on /workspaces/hands-on-introduction-data-engineering-4395021/airflow/dags/extract_csv_dag.py
[2025-04-09T17:58:07.835+0000] {processor.py:826} INFO - Processing file /workspaces/hands-on-introduction-data-engineering-4395021/airflow/dags/extract_csv_dag.py for tasks to queue
[2025-04-09T17:58:07.836+0000] {logging_mixin.py:150} INFO - [2025-04-09T17:58:07.836+0000] {dagbag.py:541} INFO - Filling up the DagBag from /workspaces/hands-on-introduction-data-engineering-4395021/airflow/dags/extract_csv_dag.py
[2025-04-09T17:58:07.843+0000] {processor.py:836} INFO - DAG(s) dict_keys(['extract_csv_dag']) retrieved from /workspaces/hands-on-introduction-data-engineering-4395021/airflow/dags/extract_csv_dag.py
[2025-04-09T17:58:07.861+0000] {logging_mixin.py:150} INFO - [2025-04-09T17:58:07.861+0000] {dag.py:2742} INFO - Sync 1 DAGs
[2025-04-09T17:58:07.875+0000] {logging_mixin.py:150} INFO - [2025-04-09T17:58:07.875+0000] {dag.py:3504} INFO - Setting next_dagrun for extract_csv_dag to None, run_after=None
[2025-04-09T17:58:07.889+0000] {processor.py:179} INFO - Processing /workspaces/hands-on-introduction-data-engineering-4395021/airflow/dags/extract_csv_dag.py took 0.057 seconds
[2025-04-09T17:58:38.026+0000] {processor.py:157} INFO - Started process (PID=30366) to work on /workspaces/hands-on-introduction-data-engineering-4395021/airflow/dags/extract_csv_dag.py
[2025-04-09T17:58:38.026+0000] {processor.py:826} INFO - Processing file /workspaces/hands-on-introduction-data-engineering-4395021/airflow/dags/extract_csv_dag.py for tasks to queue
[2025-04-09T17:58:38.027+0000] {logging_mixin.py:150} INFO - [2025-04-09T17:58:38.027+0000] {dagbag.py:541} INFO - Filling up the DagBag from /workspaces/hands-on-introduction-data-engineering-4395021/airflow/dags/extract_csv_dag.py
[2025-04-09T17:58:38.034+0000] {processor.py:836} INFO - DAG(s) dict_keys(['extract_csv_dag']) retrieved from /workspaces/hands-on-introduction-data-engineering-4395021/airflow/dags/extract_csv_dag.py
[2025-04-09T17:58:38.052+0000] {logging_mixin.py:150} INFO - [2025-04-09T17:58:38.052+0000] {dag.py:2742} INFO - Sync 1 DAGs
[2025-04-09T17:58:38.065+0000] {logging_mixin.py:150} INFO - [2025-04-09T17:58:38.065+0000] {dag.py:3504} INFO - Setting next_dagrun for extract_csv_dag to None, run_after=None
[2025-04-09T17:58:38.079+0000] {processor.py:179} INFO - Processing /workspaces/hands-on-introduction-data-engineering-4395021/airflow/dags/extract_csv_dag.py took 0.056 seconds
[2025-04-09T17:59:08.212+0000] {processor.py:157} INFO - Started process (PID=30544) to work on /workspaces/hands-on-introduction-data-engineering-4395021/airflow/dags/extract_csv_dag.py
[2025-04-09T17:59:08.213+0000] {processor.py:826} INFO - Processing file /workspaces/hands-on-introduction-data-engineering-4395021/airflow/dags/extract_csv_dag.py for tasks to queue
[2025-04-09T17:59:08.214+0000] {logging_mixin.py:150} INFO - [2025-04-09T17:59:08.213+0000] {dagbag.py:541} INFO - Filling up the DagBag from /workspaces/hands-on-introduction-data-engineering-4395021/airflow/dags/extract_csv_dag.py
[2025-04-09T17:59:08.221+0000] {processor.py:836} INFO - DAG(s) dict_keys(['extract_csv_dag']) retrieved from /workspaces/hands-on-introduction-data-engineering-4395021/airflow/dags/extract_csv_dag.py
[2025-04-09T17:59:08.239+0000] {logging_mixin.py:150} INFO - [2025-04-09T17:59:08.239+0000] {dag.py:2742} INFO - Sync 1 DAGs
[2025-04-09T17:59:08.253+0000] {logging_mixin.py:150} INFO - [2025-04-09T17:59:08.253+0000] {dag.py:3504} INFO - Setting next_dagrun for extract_csv_dag to None, run_after=None
[2025-04-09T17:59:08.267+0000] {processor.py:179} INFO - Processing /workspaces/hands-on-introduction-data-engineering-4395021/airflow/dags/extract_csv_dag.py took 0.057 seconds
[2025-04-09T17:59:38.394+0000] {processor.py:157} INFO - Started process (PID=30709) to work on /workspaces/hands-on-introduction-data-engineering-4395021/airflow/dags/extract_csv_dag.py
[2025-04-09T17:59:38.394+0000] {processor.py:826} INFO - Processing file /workspaces/hands-on-introduction-data-engineering-4395021/airflow/dags/extract_csv_dag.py for tasks to queue
[2025-04-09T17:59:38.395+0000] {logging_mixin.py:150} INFO - [2025-04-09T17:59:38.395+0000] {dagbag.py:541} INFO - Filling up the DagBag from /workspaces/hands-on-introduction-data-engineering-4395021/airflow/dags/extract_csv_dag.py
[2025-04-09T17:59:38.402+0000] {processor.py:836} INFO - DAG(s) dict_keys(['extract_csv_dag']) retrieved from /workspaces/hands-on-introduction-data-engineering-4395021/airflow/dags/extract_csv_dag.py
[2025-04-09T17:59:38.420+0000] {logging_mixin.py:150} INFO - [2025-04-09T17:59:38.420+0000] {dag.py:2742} INFO - Sync 1 DAGs
[2025-04-09T17:59:38.433+0000] {logging_mixin.py:150} INFO - [2025-04-09T17:59:38.433+0000] {dag.py:3504} INFO - Setting next_dagrun for extract_csv_dag to None, run_after=None
[2025-04-09T17:59:38.446+0000] {processor.py:179} INFO - Processing /workspaces/hands-on-introduction-data-engineering-4395021/airflow/dags/extract_csv_dag.py took 0.055 seconds
[2025-04-09T18:00:08.584+0000] {processor.py:157} INFO - Started process (PID=30886) to work on /workspaces/hands-on-introduction-data-engineering-4395021/airflow/dags/extract_csv_dag.py
[2025-04-09T18:00:08.584+0000] {processor.py:826} INFO - Processing file /workspaces/hands-on-introduction-data-engineering-4395021/airflow/dags/extract_csv_dag.py for tasks to queue
[2025-04-09T18:00:08.585+0000] {logging_mixin.py:150} INFO - [2025-04-09T18:00:08.585+0000] {dagbag.py:541} INFO - Filling up the DagBag from /workspaces/hands-on-introduction-data-engineering-4395021/airflow/dags/extract_csv_dag.py
[2025-04-09T18:00:08.592+0000] {processor.py:836} INFO - DAG(s) dict_keys(['extract_csv_dag']) retrieved from /workspaces/hands-on-introduction-data-engineering-4395021/airflow/dags/extract_csv_dag.py
[2025-04-09T18:00:08.610+0000] {logging_mixin.py:150} INFO - [2025-04-09T18:00:08.610+0000] {dag.py:2742} INFO - Sync 1 DAGs
[2025-04-09T18:00:08.623+0000] {logging_mixin.py:150} INFO - [2025-04-09T18:00:08.623+0000] {dag.py:3504} INFO - Setting next_dagrun for extract_csv_dag to None, run_after=None
[2025-04-09T18:00:08.636+0000] {processor.py:179} INFO - Processing /workspaces/hands-on-introduction-data-engineering-4395021/airflow/dags/extract_csv_dag.py took 0.055 seconds
[2025-04-09T18:00:38.766+0000] {processor.py:157} INFO - Started process (PID=31063) to work on /workspaces/hands-on-introduction-data-engineering-4395021/airflow/dags/extract_csv_dag.py
[2025-04-09T18:00:38.767+0000] {processor.py:826} INFO - Processing file /workspaces/hands-on-introduction-data-engineering-4395021/airflow/dags/extract_csv_dag.py for tasks to queue
[2025-04-09T18:00:38.767+0000] {logging_mixin.py:150} INFO - [2025-04-09T18:00:38.767+0000] {dagbag.py:541} INFO - Filling up the DagBag from /workspaces/hands-on-introduction-data-engineering-4395021/airflow/dags/extract_csv_dag.py
[2025-04-09T18:00:38.774+0000] {processor.py:836} INFO - DAG(s) dict_keys(['extract_csv_dag']) retrieved from /workspaces/hands-on-introduction-data-engineering-4395021/airflow/dags/extract_csv_dag.py
[2025-04-09T18:00:38.792+0000] {logging_mixin.py:150} INFO - [2025-04-09T18:00:38.792+0000] {dag.py:2742} INFO - Sync 1 DAGs
[2025-04-09T18:00:38.805+0000] {logging_mixin.py:150} INFO - [2025-04-09T18:00:38.805+0000] {dag.py:3504} INFO - Setting next_dagrun for extract_csv_dag to None, run_after=None
[2025-04-09T18:00:38.820+0000] {processor.py:179} INFO - Processing /workspaces/hands-on-introduction-data-engineering-4395021/airflow/dags/extract_csv_dag.py took 0.057 seconds
[2025-04-09T18:01:08.958+0000] {processor.py:157} INFO - Started process (PID=31234) to work on /workspaces/hands-on-introduction-data-engineering-4395021/airflow/dags/extract_csv_dag.py
[2025-04-09T18:01:08.959+0000] {processor.py:826} INFO - Processing file /workspaces/hands-on-introduction-data-engineering-4395021/airflow/dags/extract_csv_dag.py for tasks to queue
[2025-04-09T18:01:08.960+0000] {logging_mixin.py:150} INFO - [2025-04-09T18:01:08.959+0000] {dagbag.py:541} INFO - Filling up the DagBag from /workspaces/hands-on-introduction-data-engineering-4395021/airflow/dags/extract_csv_dag.py
[2025-04-09T18:01:08.967+0000] {processor.py:836} INFO - DAG(s) dict_keys(['extract_csv_dag']) retrieved from /workspaces/hands-on-introduction-data-engineering-4395021/airflow/dags/extract_csv_dag.py
[2025-04-09T18:01:08.985+0000] {logging_mixin.py:150} INFO - [2025-04-09T18:01:08.985+0000] {dag.py:2742} INFO - Sync 1 DAGs
[2025-04-09T18:01:08.998+0000] {logging_mixin.py:150} INFO - [2025-04-09T18:01:08.998+0000] {dag.py:3504} INFO - Setting next_dagrun for extract_csv_dag to None, run_after=None
[2025-04-09T18:01:09.012+0000] {processor.py:179} INFO - Processing /workspaces/hands-on-introduction-data-engineering-4395021/airflow/dags/extract_csv_dag.py took 0.056 seconds
[2025-04-09T18:01:39.148+0000] {processor.py:157} INFO - Started process (PID=31411) to work on /workspaces/hands-on-introduction-data-engineering-4395021/airflow/dags/extract_csv_dag.py
[2025-04-09T18:01:39.149+0000] {processor.py:826} INFO - Processing file /workspaces/hands-on-introduction-data-engineering-4395021/airflow/dags/extract_csv_dag.py for tasks to queue
[2025-04-09T18:01:39.149+0000] {logging_mixin.py:150} INFO - [2025-04-09T18:01:39.149+0000] {dagbag.py:541} INFO - Filling up the DagBag from /workspaces/hands-on-introduction-data-engineering-4395021/airflow/dags/extract_csv_dag.py
[2025-04-09T18:01:39.157+0000] {processor.py:836} INFO - DAG(s) dict_keys(['extract_csv_dag']) retrieved from /workspaces/hands-on-introduction-data-engineering-4395021/airflow/dags/extract_csv_dag.py
[2025-04-09T18:01:39.175+0000] {logging_mixin.py:150} INFO - [2025-04-09T18:01:39.175+0000] {dag.py:2742} INFO - Sync 1 DAGs
[2025-04-09T18:01:39.189+0000] {logging_mixin.py:150} INFO - [2025-04-09T18:01:39.189+0000] {dag.py:3504} INFO - Setting next_dagrun for extract_csv_dag to None, run_after=None
[2025-04-09T18:01:39.202+0000] {processor.py:179} INFO - Processing /workspaces/hands-on-introduction-data-engineering-4395021/airflow/dags/extract_csv_dag.py took 0.057 seconds
[2025-04-09T18:02:09.355+0000] {processor.py:157} INFO - Started process (PID=31582) to work on /workspaces/hands-on-introduction-data-engineering-4395021/airflow/dags/extract_csv_dag.py
[2025-04-09T18:02:09.356+0000] {processor.py:826} INFO - Processing file /workspaces/hands-on-introduction-data-engineering-4395021/airflow/dags/extract_csv_dag.py for tasks to queue
[2025-04-09T18:02:09.357+0000] {logging_mixin.py:150} INFO - [2025-04-09T18:02:09.357+0000] {dagbag.py:541} INFO - Filling up the DagBag from /workspaces/hands-on-introduction-data-engineering-4395021/airflow/dags/extract_csv_dag.py
[2025-04-09T18:02:09.364+0000] {processor.py:836} INFO - DAG(s) dict_keys(['extract_csv_dag']) retrieved from /workspaces/hands-on-introduction-data-engineering-4395021/airflow/dags/extract_csv_dag.py
[2025-04-09T18:02:09.382+0000] {logging_mixin.py:150} INFO - [2025-04-09T18:02:09.382+0000] {dag.py:2742} INFO - Sync 1 DAGs
[2025-04-09T18:02:09.395+0000] {logging_mixin.py:150} INFO - [2025-04-09T18:02:09.395+0000] {dag.py:3504} INFO - Setting next_dagrun for extract_csv_dag to None, run_after=None
[2025-04-09T18:02:09.409+0000] {processor.py:179} INFO - Processing /workspaces/hands-on-introduction-data-engineering-4395021/airflow/dags/extract_csv_dag.py took 0.056 seconds
[2025-04-09T18:02:39.519+0000] {processor.py:157} INFO - Started process (PID=31760) to work on /workspaces/hands-on-introduction-data-engineering-4395021/airflow/dags/extract_csv_dag.py
[2025-04-09T18:02:39.520+0000] {processor.py:826} INFO - Processing file /workspaces/hands-on-introduction-data-engineering-4395021/airflow/dags/extract_csv_dag.py for tasks to queue
[2025-04-09T18:02:39.521+0000] {logging_mixin.py:150} INFO - [2025-04-09T18:02:39.520+0000] {dagbag.py:541} INFO - Filling up the DagBag from /workspaces/hands-on-introduction-data-engineering-4395021/airflow/dags/extract_csv_dag.py
[2025-04-09T18:02:39.528+0000] {processor.py:836} INFO - DAG(s) dict_keys(['extract_csv_dag']) retrieved from /workspaces/hands-on-introduction-data-engineering-4395021/airflow/dags/extract_csv_dag.py
[2025-04-09T18:02:39.546+0000] {logging_mixin.py:150} INFO - [2025-04-09T18:02:39.546+0000] {dag.py:2742} INFO - Sync 1 DAGs
[2025-04-09T18:02:39.560+0000] {logging_mixin.py:150} INFO - [2025-04-09T18:02:39.560+0000] {dag.py:3504} INFO - Setting next_dagrun for extract_csv_dag to None, run_after=None
[2025-04-09T18:02:39.573+0000] {processor.py:179} INFO - Processing /workspaces/hands-on-introduction-data-engineering-4395021/airflow/dags/extract_csv_dag.py took 0.056 seconds
[2025-04-09T18:03:09.703+0000] {processor.py:157} INFO - Started process (PID=31924) to work on /workspaces/hands-on-introduction-data-engineering-4395021/airflow/dags/extract_csv_dag.py
[2025-04-09T18:03:09.704+0000] {processor.py:826} INFO - Processing file /workspaces/hands-on-introduction-data-engineering-4395021/airflow/dags/extract_csv_dag.py for tasks to queue
[2025-04-09T18:03:09.705+0000] {logging_mixin.py:150} INFO - [2025-04-09T18:03:09.704+0000] {dagbag.py:541} INFO - Filling up the DagBag from /workspaces/hands-on-introduction-data-engineering-4395021/airflow/dags/extract_csv_dag.py
[2025-04-09T18:03:09.715+0000] {processor.py:836} INFO - DAG(s) dict_keys(['extract_csv_dag']) retrieved from /workspaces/hands-on-introduction-data-engineering-4395021/airflow/dags/extract_csv_dag.py
[2025-04-09T18:03:09.743+0000] {logging_mixin.py:150} INFO - [2025-04-09T18:03:09.742+0000] {dag.py:2742} INFO - Sync 1 DAGs
[2025-04-09T18:03:09.763+0000] {logging_mixin.py:150} INFO - [2025-04-09T18:03:09.763+0000] {dag.py:3504} INFO - Setting next_dagrun for extract_csv_dag to None, run_after=None
[2025-04-09T18:03:09.782+0000] {processor.py:179} INFO - Processing /workspaces/hands-on-introduction-data-engineering-4395021/airflow/dags/extract_csv_dag.py took 0.081 seconds
[2025-04-09T18:03:39.888+0000] {processor.py:157} INFO - Started process (PID=32100) to work on /workspaces/hands-on-introduction-data-engineering-4395021/airflow/dags/extract_csv_dag.py
[2025-04-09T18:03:39.889+0000] {processor.py:826} INFO - Processing file /workspaces/hands-on-introduction-data-engineering-4395021/airflow/dags/extract_csv_dag.py for tasks to queue
[2025-04-09T18:03:39.890+0000] {logging_mixin.py:150} INFO - [2025-04-09T18:03:39.890+0000] {dagbag.py:541} INFO - Filling up the DagBag from /workspaces/hands-on-introduction-data-engineering-4395021/airflow/dags/extract_csv_dag.py
[2025-04-09T18:03:39.897+0000] {processor.py:836} INFO - DAG(s) dict_keys(['extract_csv_dag']) retrieved from /workspaces/hands-on-introduction-data-engineering-4395021/airflow/dags/extract_csv_dag.py
[2025-04-09T18:03:39.915+0000] {logging_mixin.py:150} INFO - [2025-04-09T18:03:39.915+0000] {dag.py:2742} INFO - Sync 1 DAGs
[2025-04-09T18:03:39.928+0000] {logging_mixin.py:150} INFO - [2025-04-09T18:03:39.928+0000] {dag.py:3504} INFO - Setting next_dagrun for extract_csv_dag to None, run_after=None
[2025-04-09T18:03:39.942+0000] {processor.py:179} INFO - Processing /workspaces/hands-on-introduction-data-engineering-4395021/airflow/dags/extract_csv_dag.py took 0.056 seconds
[2025-04-09T18:04:10.074+0000] {processor.py:157} INFO - Started process (PID=32276) to work on /workspaces/hands-on-introduction-data-engineering-4395021/airflow/dags/extract_csv_dag.py
[2025-04-09T18:04:10.075+0000] {processor.py:826} INFO - Processing file /workspaces/hands-on-introduction-data-engineering-4395021/airflow/dags/extract_csv_dag.py for tasks to queue
[2025-04-09T18:04:10.076+0000] {logging_mixin.py:150} INFO - [2025-04-09T18:04:10.075+0000] {dagbag.py:541} INFO - Filling up the DagBag from /workspaces/hands-on-introduction-data-engineering-4395021/airflow/dags/extract_csv_dag.py
[2025-04-09T18:04:10.083+0000] {processor.py:836} INFO - DAG(s) dict_keys(['extract_csv_dag']) retrieved from /workspaces/hands-on-introduction-data-engineering-4395021/airflow/dags/extract_csv_dag.py
[2025-04-09T18:04:10.101+0000] {logging_mixin.py:150} INFO - [2025-04-09T18:04:10.101+0000] {dag.py:2742} INFO - Sync 1 DAGs
[2025-04-09T18:04:10.114+0000] {logging_mixin.py:150} INFO - [2025-04-09T18:04:10.114+0000] {dag.py:3504} INFO - Setting next_dagrun for extract_csv_dag to None, run_after=None
[2025-04-09T18:04:10.128+0000] {processor.py:179} INFO - Processing /workspaces/hands-on-introduction-data-engineering-4395021/airflow/dags/extract_csv_dag.py took 0.056 seconds
[2025-04-09T18:04:40.258+0000] {processor.py:157} INFO - Started process (PID=32447) to work on /workspaces/hands-on-introduction-data-engineering-4395021/airflow/dags/extract_csv_dag.py
[2025-04-09T18:04:40.259+0000] {processor.py:826} INFO - Processing file /workspaces/hands-on-introduction-data-engineering-4395021/airflow/dags/extract_csv_dag.py for tasks to queue
[2025-04-09T18:04:40.260+0000] {logging_mixin.py:150} INFO - [2025-04-09T18:04:40.259+0000] {dagbag.py:541} INFO - Filling up the DagBag from /workspaces/hands-on-introduction-data-engineering-4395021/airflow/dags/extract_csv_dag.py
[2025-04-09T18:04:40.267+0000] {processor.py:836} INFO - DAG(s) dict_keys(['extract_csv_dag']) retrieved from /workspaces/hands-on-introduction-data-engineering-4395021/airflow/dags/extract_csv_dag.py
[2025-04-09T18:04:40.284+0000] {logging_mixin.py:150} INFO - [2025-04-09T18:04:40.284+0000] {dag.py:2742} INFO - Sync 1 DAGs
[2025-04-09T18:04:40.298+0000] {logging_mixin.py:150} INFO - [2025-04-09T18:04:40.298+0000] {dag.py:3504} INFO - Setting next_dagrun for extract_csv_dag to None, run_after=None
[2025-04-09T18:04:40.313+0000] {processor.py:179} INFO - Processing /workspaces/hands-on-introduction-data-engineering-4395021/airflow/dags/extract_csv_dag.py took 0.057 seconds
[2025-04-09T18:05:10.444+0000] {processor.py:157} INFO - Started process (PID=32624) to work on /workspaces/hands-on-introduction-data-engineering-4395021/airflow/dags/extract_csv_dag.py
[2025-04-09T18:05:10.445+0000] {processor.py:826} INFO - Processing file /workspaces/hands-on-introduction-data-engineering-4395021/airflow/dags/extract_csv_dag.py for tasks to queue
[2025-04-09T18:05:10.446+0000] {logging_mixin.py:150} INFO - [2025-04-09T18:05:10.445+0000] {dagbag.py:541} INFO - Filling up the DagBag from /workspaces/hands-on-introduction-data-engineering-4395021/airflow/dags/extract_csv_dag.py
[2025-04-09T18:05:10.453+0000] {processor.py:836} INFO - DAG(s) dict_keys(['extract_csv_dag']) retrieved from /workspaces/hands-on-introduction-data-engineering-4395021/airflow/dags/extract_csv_dag.py
[2025-04-09T18:05:10.471+0000] {logging_mixin.py:150} INFO - [2025-04-09T18:05:10.470+0000] {dag.py:2742} INFO - Sync 1 DAGs
[2025-04-09T18:05:10.485+0000] {logging_mixin.py:150} INFO - [2025-04-09T18:05:10.485+0000] {dag.py:3504} INFO - Setting next_dagrun for extract_csv_dag to None, run_after=None
[2025-04-09T18:05:10.503+0000] {processor.py:179} INFO - Processing /workspaces/hands-on-introduction-data-engineering-4395021/airflow/dags/extract_csv_dag.py took 0.062 seconds
[2025-04-09T18:05:40.630+0000] {processor.py:157} INFO - Started process (PID=32795) to work on /workspaces/hands-on-introduction-data-engineering-4395021/airflow/dags/extract_csv_dag.py
[2025-04-09T18:05:40.631+0000] {processor.py:826} INFO - Processing file /workspaces/hands-on-introduction-data-engineering-4395021/airflow/dags/extract_csv_dag.py for tasks to queue
[2025-04-09T18:05:40.632+0000] {logging_mixin.py:150} INFO - [2025-04-09T18:05:40.632+0000] {dagbag.py:541} INFO - Filling up the DagBag from /workspaces/hands-on-introduction-data-engineering-4395021/airflow/dags/extract_csv_dag.py
[2025-04-09T18:05:40.640+0000] {processor.py:836} INFO - DAG(s) dict_keys(['extract_csv_dag']) retrieved from /workspaces/hands-on-introduction-data-engineering-4395021/airflow/dags/extract_csv_dag.py
[2025-04-09T18:05:40.658+0000] {logging_mixin.py:150} INFO - [2025-04-09T18:05:40.658+0000] {dag.py:2742} INFO - Sync 1 DAGs
[2025-04-09T18:05:40.672+0000] {logging_mixin.py:150} INFO - [2025-04-09T18:05:40.672+0000] {dag.py:3504} INFO - Setting next_dagrun for extract_csv_dag to None, run_after=None
[2025-04-09T18:05:40.686+0000] {processor.py:179} INFO - Processing /workspaces/hands-on-introduction-data-engineering-4395021/airflow/dags/extract_csv_dag.py took 0.058 seconds
[2025-04-09T18:06:10.815+0000] {processor.py:157} INFO - Started process (PID=32967) to work on /workspaces/hands-on-introduction-data-engineering-4395021/airflow/dags/extract_csv_dag.py
[2025-04-09T18:06:10.815+0000] {processor.py:826} INFO - Processing file /workspaces/hands-on-introduction-data-engineering-4395021/airflow/dags/extract_csv_dag.py for tasks to queue
[2025-04-09T18:06:10.816+0000] {logging_mixin.py:150} INFO - [2025-04-09T18:06:10.816+0000] {dagbag.py:541} INFO - Filling up the DagBag from /workspaces/hands-on-introduction-data-engineering-4395021/airflow/dags/extract_csv_dag.py
[2025-04-09T18:06:10.823+0000] {processor.py:836} INFO - DAG(s) dict_keys(['extract_csv_dag']) retrieved from /workspaces/hands-on-introduction-data-engineering-4395021/airflow/dags/extract_csv_dag.py
[2025-04-09T18:06:10.841+0000] {logging_mixin.py:150} INFO - [2025-04-09T18:06:10.840+0000] {dag.py:2742} INFO - Sync 1 DAGs
[2025-04-09T18:06:10.854+0000] {logging_mixin.py:150} INFO - [2025-04-09T18:06:10.854+0000] {dag.py:3504} INFO - Setting next_dagrun for extract_csv_dag to None, run_after=None
[2025-04-09T18:06:10.868+0000] {processor.py:179} INFO - Processing /workspaces/hands-on-introduction-data-engineering-4395021/airflow/dags/extract_csv_dag.py took 0.056 seconds
[2025-04-09T18:06:41.001+0000] {processor.py:157} INFO - Started process (PID=33144) to work on /workspaces/hands-on-introduction-data-engineering-4395021/airflow/dags/extract_csv_dag.py
[2025-04-09T18:06:41.002+0000] {processor.py:826} INFO - Processing file /workspaces/hands-on-introduction-data-engineering-4395021/airflow/dags/extract_csv_dag.py for tasks to queue
[2025-04-09T18:06:41.002+0000] {logging_mixin.py:150} INFO - [2025-04-09T18:06:41.002+0000] {dagbag.py:541} INFO - Filling up the DagBag from /workspaces/hands-on-introduction-data-engineering-4395021/airflow/dags/extract_csv_dag.py
[2025-04-09T18:06:41.009+0000] {processor.py:836} INFO - DAG(s) dict_keys(['extract_csv_dag']) retrieved from /workspaces/hands-on-introduction-data-engineering-4395021/airflow/dags/extract_csv_dag.py
[2025-04-09T18:06:41.026+0000] {logging_mixin.py:150} INFO - [2025-04-09T18:06:41.026+0000] {dag.py:2742} INFO - Sync 1 DAGs
[2025-04-09T18:06:41.040+0000] {logging_mixin.py:150} INFO - [2025-04-09T18:06:41.040+0000] {dag.py:3504} INFO - Setting next_dagrun for extract_csv_dag to None, run_after=None
[2025-04-09T18:06:41.053+0000] {processor.py:179} INFO - Processing /workspaces/hands-on-introduction-data-engineering-4395021/airflow/dags/extract_csv_dag.py took 0.055 seconds
[2025-04-09T18:07:11.186+0000] {processor.py:157} INFO - Started process (PID=33315) to work on /workspaces/hands-on-introduction-data-engineering-4395021/airflow/dags/extract_csv_dag.py
[2025-04-09T18:07:11.187+0000] {processor.py:826} INFO - Processing file /workspaces/hands-on-introduction-data-engineering-4395021/airflow/dags/extract_csv_dag.py for tasks to queue
[2025-04-09T18:07:11.188+0000] {logging_mixin.py:150} INFO - [2025-04-09T18:07:11.187+0000] {dagbag.py:541} INFO - Filling up the DagBag from /workspaces/hands-on-introduction-data-engineering-4395021/airflow/dags/extract_csv_dag.py
[2025-04-09T18:07:11.195+0000] {processor.py:836} INFO - DAG(s) dict_keys(['extract_csv_dag']) retrieved from /workspaces/hands-on-introduction-data-engineering-4395021/airflow/dags/extract_csv_dag.py
[2025-04-09T18:07:11.214+0000] {logging_mixin.py:150} INFO - [2025-04-09T18:07:11.214+0000] {dag.py:2742} INFO - Sync 1 DAGs
[2025-04-09T18:07:11.227+0000] {logging_mixin.py:150} INFO - [2025-04-09T18:07:11.227+0000] {dag.py:3504} INFO - Setting next_dagrun for extract_csv_dag to None, run_after=None
[2025-04-09T18:07:11.242+0000] {processor.py:179} INFO - Processing /workspaces/hands-on-introduction-data-engineering-4395021/airflow/dags/extract_csv_dag.py took 0.059 seconds
[2025-04-09T18:07:41.369+0000] {processor.py:157} INFO - Started process (PID=33492) to work on /workspaces/hands-on-introduction-data-engineering-4395021/airflow/dags/extract_csv_dag.py
[2025-04-09T18:07:41.370+0000] {processor.py:826} INFO - Processing file /workspaces/hands-on-introduction-data-engineering-4395021/airflow/dags/extract_csv_dag.py for tasks to queue
[2025-04-09T18:07:41.371+0000] {logging_mixin.py:150} INFO - [2025-04-09T18:07:41.370+0000] {dagbag.py:541} INFO - Filling up the DagBag from /workspaces/hands-on-introduction-data-engineering-4395021/airflow/dags/extract_csv_dag.py
[2025-04-09T18:07:41.378+0000] {processor.py:836} INFO - DAG(s) dict_keys(['extract_csv_dag']) retrieved from /workspaces/hands-on-introduction-data-engineering-4395021/airflow/dags/extract_csv_dag.py
[2025-04-09T18:07:41.396+0000] {logging_mixin.py:150} INFO - [2025-04-09T18:07:41.396+0000] {dag.py:2742} INFO - Sync 1 DAGs
[2025-04-09T18:07:41.409+0000] {logging_mixin.py:150} INFO - [2025-04-09T18:07:41.409+0000] {dag.py:3504} INFO - Setting next_dagrun for extract_csv_dag to None, run_after=None
[2025-04-09T18:07:41.423+0000] {processor.py:179} INFO - Processing /workspaces/hands-on-introduction-data-engineering-4395021/airflow/dags/extract_csv_dag.py took 0.057 seconds
[2025-04-09T18:08:11.555+0000] {processor.py:157} INFO - Started process (PID=33663) to work on /workspaces/hands-on-introduction-data-engineering-4395021/airflow/dags/extract_csv_dag.py
[2025-04-09T18:08:11.556+0000] {processor.py:826} INFO - Processing file /workspaces/hands-on-introduction-data-engineering-4395021/airflow/dags/extract_csv_dag.py for tasks to queue
[2025-04-09T18:08:11.557+0000] {logging_mixin.py:150} INFO - [2025-04-09T18:08:11.556+0000] {dagbag.py:541} INFO - Filling up the DagBag from /workspaces/hands-on-introduction-data-engineering-4395021/airflow/dags/extract_csv_dag.py
[2025-04-09T18:08:11.564+0000] {processor.py:836} INFO - DAG(s) dict_keys(['extract_csv_dag']) retrieved from /workspaces/hands-on-introduction-data-engineering-4395021/airflow/dags/extract_csv_dag.py
[2025-04-09T18:08:11.581+0000] {logging_mixin.py:150} INFO - [2025-04-09T18:08:11.581+0000] {dag.py:2742} INFO - Sync 1 DAGs
[2025-04-09T18:08:11.594+0000] {logging_mixin.py:150} INFO - [2025-04-09T18:08:11.594+0000] {dag.py:3504} INFO - Setting next_dagrun for extract_csv_dag to None, run_after=None
[2025-04-09T18:08:11.608+0000] {processor.py:179} INFO - Processing /workspaces/hands-on-introduction-data-engineering-4395021/airflow/dags/extract_csv_dag.py took 0.055 seconds
[2025-04-09T18:08:41.739+0000] {processor.py:157} INFO - Started process (PID=33840) to work on /workspaces/hands-on-introduction-data-engineering-4395021/airflow/dags/extract_csv_dag.py
[2025-04-09T18:08:41.740+0000] {processor.py:826} INFO - Processing file /workspaces/hands-on-introduction-data-engineering-4395021/airflow/dags/extract_csv_dag.py for tasks to queue
[2025-04-09T18:08:41.741+0000] {logging_mixin.py:150} INFO - [2025-04-09T18:08:41.740+0000] {dagbag.py:541} INFO - Filling up the DagBag from /workspaces/hands-on-introduction-data-engineering-4395021/airflow/dags/extract_csv_dag.py
[2025-04-09T18:08:41.748+0000] {processor.py:836} INFO - DAG(s) dict_keys(['extract_csv_dag']) retrieved from /workspaces/hands-on-introduction-data-engineering-4395021/airflow/dags/extract_csv_dag.py
[2025-04-09T18:08:41.765+0000] {logging_mixin.py:150} INFO - [2025-04-09T18:08:41.765+0000] {dag.py:2742} INFO - Sync 1 DAGs
[2025-04-09T18:08:41.778+0000] {logging_mixin.py:150} INFO - [2025-04-09T18:08:41.778+0000] {dag.py:3504} INFO - Setting next_dagrun for extract_csv_dag to None, run_after=None
[2025-04-09T18:08:41.791+0000] {processor.py:179} INFO - Processing /workspaces/hands-on-introduction-data-engineering-4395021/airflow/dags/extract_csv_dag.py took 0.055 seconds
[2025-04-09T18:09:11.923+0000] {processor.py:157} INFO - Started process (PID=34017) to work on /workspaces/hands-on-introduction-data-engineering-4395021/airflow/dags/extract_csv_dag.py
[2025-04-09T18:09:11.923+0000] {processor.py:826} INFO - Processing file /workspaces/hands-on-introduction-data-engineering-4395021/airflow/dags/extract_csv_dag.py for tasks to queue
[2025-04-09T18:09:11.924+0000] {logging_mixin.py:150} INFO - [2025-04-09T18:09:11.924+0000] {dagbag.py:541} INFO - Filling up the DagBag from /workspaces/hands-on-introduction-data-engineering-4395021/airflow/dags/extract_csv_dag.py
[2025-04-09T18:09:11.931+0000] {processor.py:836} INFO - DAG(s) dict_keys(['extract_csv_dag']) retrieved from /workspaces/hands-on-introduction-data-engineering-4395021/airflow/dags/extract_csv_dag.py
[2025-04-09T18:09:11.949+0000] {logging_mixin.py:150} INFO - [2025-04-09T18:09:11.949+0000] {dag.py:2742} INFO - Sync 1 DAGs
[2025-04-09T18:09:11.963+0000] {logging_mixin.py:150} INFO - [2025-04-09T18:09:11.962+0000] {dag.py:3504} INFO - Setting next_dagrun for extract_csv_dag to None, run_after=None
[2025-04-09T18:09:11.977+0000] {processor.py:179} INFO - Processing /workspaces/hands-on-introduction-data-engineering-4395021/airflow/dags/extract_csv_dag.py took 0.057 seconds
[2025-04-09T18:09:42.106+0000] {processor.py:157} INFO - Started process (PID=34182) to work on /workspaces/hands-on-introduction-data-engineering-4395021/airflow/dags/extract_csv_dag.py
[2025-04-09T18:09:42.107+0000] {processor.py:826} INFO - Processing file /workspaces/hands-on-introduction-data-engineering-4395021/airflow/dags/extract_csv_dag.py for tasks to queue
[2025-04-09T18:09:42.108+0000] {logging_mixin.py:150} INFO - [2025-04-09T18:09:42.107+0000] {dagbag.py:541} INFO - Filling up the DagBag from /workspaces/hands-on-introduction-data-engineering-4395021/airflow/dags/extract_csv_dag.py
[2025-04-09T18:09:42.115+0000] {processor.py:836} INFO - DAG(s) dict_keys(['extract_csv_dag']) retrieved from /workspaces/hands-on-introduction-data-engineering-4395021/airflow/dags/extract_csv_dag.py
[2025-04-09T18:09:42.132+0000] {logging_mixin.py:150} INFO - [2025-04-09T18:09:42.132+0000] {dag.py:2742} INFO - Sync 1 DAGs
[2025-04-09T18:09:42.149+0000] {logging_mixin.py:150} INFO - [2025-04-09T18:09:42.149+0000] {dag.py:3504} INFO - Setting next_dagrun for extract_csv_dag to None, run_after=None
[2025-04-09T18:09:42.168+0000] {processor.py:179} INFO - Processing /workspaces/hands-on-introduction-data-engineering-4395021/airflow/dags/extract_csv_dag.py took 0.064 seconds
[2025-04-09T18:10:12.300+0000] {processor.py:157} INFO - Started process (PID=34359) to work on /workspaces/hands-on-introduction-data-engineering-4395021/airflow/dags/extract_csv_dag.py
[2025-04-09T18:10:12.301+0000] {processor.py:826} INFO - Processing file /workspaces/hands-on-introduction-data-engineering-4395021/airflow/dags/extract_csv_dag.py for tasks to queue
[2025-04-09T18:10:12.301+0000] {logging_mixin.py:150} INFO - [2025-04-09T18:10:12.301+0000] {dagbag.py:541} INFO - Filling up the DagBag from /workspaces/hands-on-introduction-data-engineering-4395021/airflow/dags/extract_csv_dag.py
[2025-04-09T18:10:12.308+0000] {processor.py:836} INFO - DAG(s) dict_keys(['extract_csv_dag']) retrieved from /workspaces/hands-on-introduction-data-engineering-4395021/airflow/dags/extract_csv_dag.py
[2025-04-09T18:10:12.326+0000] {logging_mixin.py:150} INFO - [2025-04-09T18:10:12.325+0000] {dag.py:2742} INFO - Sync 1 DAGs
[2025-04-09T18:10:12.339+0000] {logging_mixin.py:150} INFO - [2025-04-09T18:10:12.339+0000] {dag.py:3504} INFO - Setting next_dagrun for extract_csv_dag to None, run_after=None
[2025-04-09T18:10:12.352+0000] {processor.py:179} INFO - Processing /workspaces/hands-on-introduction-data-engineering-4395021/airflow/dags/extract_csv_dag.py took 0.056 seconds
[2025-04-09T18:10:42.485+0000] {processor.py:157} INFO - Started process (PID=34530) to work on /workspaces/hands-on-introduction-data-engineering-4395021/airflow/dags/extract_csv_dag.py
[2025-04-09T18:10:42.486+0000] {processor.py:826} INFO - Processing file /workspaces/hands-on-introduction-data-engineering-4395021/airflow/dags/extract_csv_dag.py for tasks to queue
[2025-04-09T18:10:42.486+0000] {logging_mixin.py:150} INFO - [2025-04-09T18:10:42.486+0000] {dagbag.py:541} INFO - Filling up the DagBag from /workspaces/hands-on-introduction-data-engineering-4395021/airflow/dags/extract_csv_dag.py
[2025-04-09T18:10:42.494+0000] {processor.py:836} INFO - DAG(s) dict_keys(['extract_csv_dag']) retrieved from /workspaces/hands-on-introduction-data-engineering-4395021/airflow/dags/extract_csv_dag.py
[2025-04-09T18:10:42.511+0000] {logging_mixin.py:150} INFO - [2025-04-09T18:10:42.511+0000] {dag.py:2742} INFO - Sync 1 DAGs
[2025-04-09T18:10:42.525+0000] {logging_mixin.py:150} INFO - [2025-04-09T18:10:42.525+0000] {dag.py:3504} INFO - Setting next_dagrun for extract_csv_dag to None, run_after=None
[2025-04-09T18:10:42.538+0000] {processor.py:179} INFO - Processing /workspaces/hands-on-introduction-data-engineering-4395021/airflow/dags/extract_csv_dag.py took 0.055 seconds
[2025-04-09T18:11:12.672+0000] {processor.py:157} INFO - Started process (PID=34707) to work on /workspaces/hands-on-introduction-data-engineering-4395021/airflow/dags/extract_csv_dag.py
[2025-04-09T18:11:12.673+0000] {processor.py:826} INFO - Processing file /workspaces/hands-on-introduction-data-engineering-4395021/airflow/dags/extract_csv_dag.py for tasks to queue
[2025-04-09T18:11:12.673+0000] {logging_mixin.py:150} INFO - [2025-04-09T18:11:12.673+0000] {dagbag.py:541} INFO - Filling up the DagBag from /workspaces/hands-on-introduction-data-engineering-4395021/airflow/dags/extract_csv_dag.py
[2025-04-09T18:11:12.681+0000] {processor.py:836} INFO - DAG(s) dict_keys(['extract_csv_dag']) retrieved from /workspaces/hands-on-introduction-data-engineering-4395021/airflow/dags/extract_csv_dag.py
[2025-04-09T18:11:12.698+0000] {logging_mixin.py:150} INFO - [2025-04-09T18:11:12.698+0000] {dag.py:2742} INFO - Sync 1 DAGs
[2025-04-09T18:11:12.712+0000] {logging_mixin.py:150} INFO - [2025-04-09T18:11:12.712+0000] {dag.py:3504} INFO - Setting next_dagrun for extract_csv_dag to None, run_after=None
[2025-04-09T18:11:12.725+0000] {processor.py:179} INFO - Processing /workspaces/hands-on-introduction-data-engineering-4395021/airflow/dags/extract_csv_dag.py took 0.056 seconds
[2025-04-09T18:11:42.855+0000] {processor.py:157} INFO - Started process (PID=34878) to work on /workspaces/hands-on-introduction-data-engineering-4395021/airflow/dags/extract_csv_dag.py
[2025-04-09T18:11:42.856+0000] {processor.py:826} INFO - Processing file /workspaces/hands-on-introduction-data-engineering-4395021/airflow/dags/extract_csv_dag.py for tasks to queue
[2025-04-09T18:11:42.857+0000] {logging_mixin.py:150} INFO - [2025-04-09T18:11:42.856+0000] {dagbag.py:541} INFO - Filling up the DagBag from /workspaces/hands-on-introduction-data-engineering-4395021/airflow/dags/extract_csv_dag.py
[2025-04-09T18:11:42.864+0000] {processor.py:836} INFO - DAG(s) dict_keys(['extract_csv_dag']) retrieved from /workspaces/hands-on-introduction-data-engineering-4395021/airflow/dags/extract_csv_dag.py
[2025-04-09T18:11:42.890+0000] {logging_mixin.py:150} INFO - [2025-04-09T18:11:42.890+0000] {dag.py:2742} INFO - Sync 1 DAGs
[2025-04-09T18:11:42.910+0000] {logging_mixin.py:150} INFO - [2025-04-09T18:11:42.910+0000] {dag.py:3504} INFO - Setting next_dagrun for extract_csv_dag to None, run_after=None
[2025-04-09T18:11:42.928+0000] {processor.py:179} INFO - Processing /workspaces/hands-on-introduction-data-engineering-4395021/airflow/dags/extract_csv_dag.py took 0.076 seconds
[2025-04-09T18:12:13.039+0000] {processor.py:157} INFO - Started process (PID=35055) to work on /workspaces/hands-on-introduction-data-engineering-4395021/airflow/dags/extract_csv_dag.py
[2025-04-09T18:12:13.039+0000] {processor.py:826} INFO - Processing file /workspaces/hands-on-introduction-data-engineering-4395021/airflow/dags/extract_csv_dag.py for tasks to queue
[2025-04-09T18:12:13.040+0000] {logging_mixin.py:150} INFO - [2025-04-09T18:12:13.040+0000] {dagbag.py:541} INFO - Filling up the DagBag from /workspaces/hands-on-introduction-data-engineering-4395021/airflow/dags/extract_csv_dag.py
[2025-04-09T18:12:13.047+0000] {processor.py:836} INFO - DAG(s) dict_keys(['extract_csv_dag']) retrieved from /workspaces/hands-on-introduction-data-engineering-4395021/airflow/dags/extract_csv_dag.py
[2025-04-09T18:12:13.065+0000] {logging_mixin.py:150} INFO - [2025-04-09T18:12:13.065+0000] {dag.py:2742} INFO - Sync 1 DAGs
[2025-04-09T18:12:13.078+0000] {logging_mixin.py:150} INFO - [2025-04-09T18:12:13.078+0000] {dag.py:3504} INFO - Setting next_dagrun for extract_csv_dag to None, run_after=None
[2025-04-09T18:12:13.092+0000] {processor.py:179} INFO - Processing /workspaces/hands-on-introduction-data-engineering-4395021/airflow/dags/extract_csv_dag.py took 0.055 seconds
[2025-04-09T18:12:43.222+0000] {processor.py:157} INFO - Started process (PID=35233) to work on /workspaces/hands-on-introduction-data-engineering-4395021/airflow/dags/extract_csv_dag.py
[2025-04-09T18:12:43.223+0000] {processor.py:826} INFO - Processing file /workspaces/hands-on-introduction-data-engineering-4395021/airflow/dags/extract_csv_dag.py for tasks to queue
[2025-04-09T18:12:43.224+0000] {logging_mixin.py:150} INFO - [2025-04-09T18:12:43.224+0000] {dagbag.py:541} INFO - Filling up the DagBag from /workspaces/hands-on-introduction-data-engineering-4395021/airflow/dags/extract_csv_dag.py
[2025-04-09T18:12:43.231+0000] {processor.py:836} INFO - DAG(s) dict_keys(['extract_csv_dag']) retrieved from /workspaces/hands-on-introduction-data-engineering-4395021/airflow/dags/extract_csv_dag.py
[2025-04-09T18:12:43.249+0000] {logging_mixin.py:150} INFO - [2025-04-09T18:12:43.248+0000] {dag.py:2742} INFO - Sync 1 DAGs
[2025-04-09T18:12:43.262+0000] {logging_mixin.py:150} INFO - [2025-04-09T18:12:43.262+0000] {dag.py:3504} INFO - Setting next_dagrun for extract_csv_dag to None, run_after=None
[2025-04-09T18:12:43.276+0000] {processor.py:179} INFO - Processing /workspaces/hands-on-introduction-data-engineering-4395021/airflow/dags/extract_csv_dag.py took 0.056 seconds
[2025-04-09T18:13:13.407+0000] {processor.py:157} INFO - Started process (PID=35398) to work on /workspaces/hands-on-introduction-data-engineering-4395021/airflow/dags/extract_csv_dag.py
[2025-04-09T18:13:13.408+0000] {processor.py:826} INFO - Processing file /workspaces/hands-on-introduction-data-engineering-4395021/airflow/dags/extract_csv_dag.py for tasks to queue
[2025-04-09T18:13:13.409+0000] {logging_mixin.py:150} INFO - [2025-04-09T18:13:13.409+0000] {dagbag.py:541} INFO - Filling up the DagBag from /workspaces/hands-on-introduction-data-engineering-4395021/airflow/dags/extract_csv_dag.py
[2025-04-09T18:13:13.416+0000] {processor.py:836} INFO - DAG(s) dict_keys(['extract_csv_dag']) retrieved from /workspaces/hands-on-introduction-data-engineering-4395021/airflow/dags/extract_csv_dag.py
[2025-04-09T18:13:13.434+0000] {logging_mixin.py:150} INFO - [2025-04-09T18:13:13.433+0000] {dag.py:2742} INFO - Sync 1 DAGs
[2025-04-09T18:13:13.447+0000] {logging_mixin.py:150} INFO - [2025-04-09T18:13:13.447+0000] {dag.py:3504} INFO - Setting next_dagrun for extract_csv_dag to None, run_after=None
[2025-04-09T18:13:13.462+0000] {processor.py:179} INFO - Processing /workspaces/hands-on-introduction-data-engineering-4395021/airflow/dags/extract_csv_dag.py took 0.057 seconds
[2025-04-09T18:13:43.590+0000] {processor.py:157} INFO - Started process (PID=35574) to work on /workspaces/hands-on-introduction-data-engineering-4395021/airflow/dags/extract_csv_dag.py
[2025-04-09T18:13:43.591+0000] {processor.py:826} INFO - Processing file /workspaces/hands-on-introduction-data-engineering-4395021/airflow/dags/extract_csv_dag.py for tasks to queue
[2025-04-09T18:13:43.592+0000] {logging_mixin.py:150} INFO - [2025-04-09T18:13:43.591+0000] {dagbag.py:541} INFO - Filling up the DagBag from /workspaces/hands-on-introduction-data-engineering-4395021/airflow/dags/extract_csv_dag.py
[2025-04-09T18:13:43.599+0000] {processor.py:836} INFO - DAG(s) dict_keys(['extract_csv_dag']) retrieved from /workspaces/hands-on-introduction-data-engineering-4395021/airflow/dags/extract_csv_dag.py
[2025-04-09T18:13:43.616+0000] {logging_mixin.py:150} INFO - [2025-04-09T18:13:43.616+0000] {dag.py:2742} INFO - Sync 1 DAGs
[2025-04-09T18:13:43.630+0000] {logging_mixin.py:150} INFO - [2025-04-09T18:13:43.630+0000] {dag.py:3504} INFO - Setting next_dagrun for extract_csv_dag to None, run_after=None
[2025-04-09T18:13:43.644+0000] {processor.py:179} INFO - Processing /workspaces/hands-on-introduction-data-engineering-4395021/airflow/dags/extract_csv_dag.py took 0.057 seconds
[2025-04-09T18:14:13.777+0000] {processor.py:157} INFO - Started process (PID=35745) to work on /workspaces/hands-on-introduction-data-engineering-4395021/airflow/dags/extract_csv_dag.py
[2025-04-09T18:14:13.778+0000] {processor.py:826} INFO - Processing file /workspaces/hands-on-introduction-data-engineering-4395021/airflow/dags/extract_csv_dag.py for tasks to queue
[2025-04-09T18:14:13.779+0000] {logging_mixin.py:150} INFO - [2025-04-09T18:14:13.778+0000] {dagbag.py:541} INFO - Filling up the DagBag from /workspaces/hands-on-introduction-data-engineering-4395021/airflow/dags/extract_csv_dag.py
[2025-04-09T18:14:13.786+0000] {processor.py:836} INFO - DAG(s) dict_keys(['extract_csv_dag']) retrieved from /workspaces/hands-on-introduction-data-engineering-4395021/airflow/dags/extract_csv_dag.py
[2025-04-09T18:14:13.803+0000] {logging_mixin.py:150} INFO - [2025-04-09T18:14:13.803+0000] {dag.py:2742} INFO - Sync 1 DAGs
[2025-04-09T18:14:13.817+0000] {logging_mixin.py:150} INFO - [2025-04-09T18:14:13.817+0000] {dag.py:3504} INFO - Setting next_dagrun for extract_csv_dag to None, run_after=None
[2025-04-09T18:14:13.831+0000] {processor.py:179} INFO - Processing /workspaces/hands-on-introduction-data-engineering-4395021/airflow/dags/extract_csv_dag.py took 0.056 seconds
[2025-04-09T18:14:43.965+0000] {processor.py:157} INFO - Started process (PID=35923) to work on /workspaces/hands-on-introduction-data-engineering-4395021/airflow/dags/extract_csv_dag.py
[2025-04-09T18:14:43.966+0000] {processor.py:826} INFO - Processing file /workspaces/hands-on-introduction-data-engineering-4395021/airflow/dags/extract_csv_dag.py for tasks to queue
[2025-04-09T18:14:43.966+0000] {logging_mixin.py:150} INFO - [2025-04-09T18:14:43.966+0000] {dagbag.py:541} INFO - Filling up the DagBag from /workspaces/hands-on-introduction-data-engineering-4395021/airflow/dags/extract_csv_dag.py
[2025-04-09T18:14:43.973+0000] {processor.py:836} INFO - DAG(s) dict_keys(['extract_csv_dag']) retrieved from /workspaces/hands-on-introduction-data-engineering-4395021/airflow/dags/extract_csv_dag.py
[2025-04-09T18:14:43.991+0000] {logging_mixin.py:150} INFO - [2025-04-09T18:14:43.991+0000] {dag.py:2742} INFO - Sync 1 DAGs
[2025-04-09T18:14:44.004+0000] {logging_mixin.py:150} INFO - [2025-04-09T18:14:44.004+0000] {dag.py:3504} INFO - Setting next_dagrun for extract_csv_dag to None, run_after=None
[2025-04-09T18:14:44.017+0000] {processor.py:179} INFO - Processing /workspaces/hands-on-introduction-data-engineering-4395021/airflow/dags/extract_csv_dag.py took 0.056 seconds
[2025-04-09T18:15:14.177+0000] {processor.py:157} INFO - Started process (PID=36101) to work on /workspaces/hands-on-introduction-data-engineering-4395021/airflow/dags/extract_csv_dag.py
[2025-04-09T18:15:14.177+0000] {processor.py:826} INFO - Processing file /workspaces/hands-on-introduction-data-engineering-4395021/airflow/dags/extract_csv_dag.py for tasks to queue
[2025-04-09T18:15:14.178+0000] {logging_mixin.py:150} INFO - [2025-04-09T18:15:14.178+0000] {dagbag.py:541} INFO - Filling up the DagBag from /workspaces/hands-on-introduction-data-engineering-4395021/airflow/dags/extract_csv_dag.py
[2025-04-09T18:15:14.186+0000] {processor.py:836} INFO - DAG(s) dict_keys(['extract_csv_dag']) retrieved from /workspaces/hands-on-introduction-data-engineering-4395021/airflow/dags/extract_csv_dag.py
[2025-04-09T18:15:14.204+0000] {logging_mixin.py:150} INFO - [2025-04-09T18:15:14.204+0000] {dag.py:2742} INFO - Sync 1 DAGs
[2025-04-09T18:15:14.218+0000] {logging_mixin.py:150} INFO - [2025-04-09T18:15:14.218+0000] {dag.py:3504} INFO - Setting next_dagrun for extract_csv_dag to None, run_after=None
[2025-04-09T18:15:14.231+0000] {processor.py:179} INFO - Processing /workspaces/hands-on-introduction-data-engineering-4395021/airflow/dags/extract_csv_dag.py took 0.057 seconds
[2025-04-09T18:15:44.357+0000] {processor.py:157} INFO - Started process (PID=36272) to work on /workspaces/hands-on-introduction-data-engineering-4395021/airflow/dags/extract_csv_dag.py
[2025-04-09T18:15:44.357+0000] {processor.py:826} INFO - Processing file /workspaces/hands-on-introduction-data-engineering-4395021/airflow/dags/extract_csv_dag.py for tasks to queue
[2025-04-09T18:15:44.358+0000] {logging_mixin.py:150} INFO - [2025-04-09T18:15:44.358+0000] {dagbag.py:541} INFO - Filling up the DagBag from /workspaces/hands-on-introduction-data-engineering-4395021/airflow/dags/extract_csv_dag.py
[2025-04-09T18:15:44.365+0000] {processor.py:836} INFO - DAG(s) dict_keys(['extract_csv_dag']) retrieved from /workspaces/hands-on-introduction-data-engineering-4395021/airflow/dags/extract_csv_dag.py
[2025-04-09T18:15:44.383+0000] {logging_mixin.py:150} INFO - [2025-04-09T18:15:44.383+0000] {dag.py:2742} INFO - Sync 1 DAGs
[2025-04-09T18:15:44.400+0000] {logging_mixin.py:150} INFO - [2025-04-09T18:15:44.399+0000] {dag.py:3504} INFO - Setting next_dagrun for extract_csv_dag to None, run_after=None
[2025-04-09T18:15:44.419+0000] {processor.py:179} INFO - Processing /workspaces/hands-on-introduction-data-engineering-4395021/airflow/dags/extract_csv_dag.py took 0.065 seconds
[2025-04-09T18:16:14.542+0000] {processor.py:157} INFO - Started process (PID=36449) to work on /workspaces/hands-on-introduction-data-engineering-4395021/airflow/dags/extract_csv_dag.py
[2025-04-09T18:16:14.542+0000] {processor.py:826} INFO - Processing file /workspaces/hands-on-introduction-data-engineering-4395021/airflow/dags/extract_csv_dag.py for tasks to queue
[2025-04-09T18:16:14.543+0000] {logging_mixin.py:150} INFO - [2025-04-09T18:16:14.543+0000] {dagbag.py:541} INFO - Filling up the DagBag from /workspaces/hands-on-introduction-data-engineering-4395021/airflow/dags/extract_csv_dag.py
[2025-04-09T18:16:14.554+0000] {processor.py:836} INFO - DAG(s) dict_keys(['extract_csv_dag']) retrieved from /workspaces/hands-on-introduction-data-engineering-4395021/airflow/dags/extract_csv_dag.py
[2025-04-09T18:16:14.580+0000] {logging_mixin.py:150} INFO - [2025-04-09T18:16:14.580+0000] {dag.py:2742} INFO - Sync 1 DAGs
[2025-04-09T18:16:14.594+0000] {logging_mixin.py:150} INFO - [2025-04-09T18:16:14.593+0000] {dag.py:3504} INFO - Setting next_dagrun for extract_csv_dag to None, run_after=None
[2025-04-09T18:16:14.607+0000] {processor.py:179} INFO - Processing /workspaces/hands-on-introduction-data-engineering-4395021/airflow/dags/extract_csv_dag.py took 0.067 seconds
[2025-04-09T18:16:44.730+0000] {processor.py:157} INFO - Started process (PID=36614) to work on /workspaces/hands-on-introduction-data-engineering-4395021/airflow/dags/extract_csv_dag.py
[2025-04-09T18:16:44.731+0000] {processor.py:826} INFO - Processing file /workspaces/hands-on-introduction-data-engineering-4395021/airflow/dags/extract_csv_dag.py for tasks to queue
[2025-04-09T18:16:44.732+0000] {logging_mixin.py:150} INFO - [2025-04-09T18:16:44.732+0000] {dagbag.py:541} INFO - Filling up the DagBag from /workspaces/hands-on-introduction-data-engineering-4395021/airflow/dags/extract_csv_dag.py
[2025-04-09T18:16:44.742+0000] {processor.py:836} INFO - DAG(s) dict_keys(['extract_csv_dag']) retrieved from /workspaces/hands-on-introduction-data-engineering-4395021/airflow/dags/extract_csv_dag.py
[2025-04-09T18:16:44.764+0000] {logging_mixin.py:150} INFO - [2025-04-09T18:16:44.763+0000] {dag.py:2742} INFO - Sync 1 DAGs
[2025-04-09T18:16:44.780+0000] {logging_mixin.py:150} INFO - [2025-04-09T18:16:44.780+0000] {dag.py:3504} INFO - Setting next_dagrun for extract_csv_dag to None, run_after=None
[2025-04-09T18:16:44.799+0000] {processor.py:179} INFO - Processing /workspaces/hands-on-introduction-data-engineering-4395021/airflow/dags/extract_csv_dag.py took 0.071 seconds
[2025-04-09T18:17:14.919+0000] {processor.py:157} INFO - Started process (PID=36791) to work on /workspaces/hands-on-introduction-data-engineering-4395021/airflow/dags/extract_csv_dag.py
[2025-04-09T18:17:14.920+0000] {processor.py:826} INFO - Processing file /workspaces/hands-on-introduction-data-engineering-4395021/airflow/dags/extract_csv_dag.py for tasks to queue
[2025-04-09T18:17:14.921+0000] {logging_mixin.py:150} INFO - [2025-04-09T18:17:14.921+0000] {dagbag.py:541} INFO - Filling up the DagBag from /workspaces/hands-on-introduction-data-engineering-4395021/airflow/dags/extract_csv_dag.py
[2025-04-09T18:17:14.928+0000] {processor.py:836} INFO - DAG(s) dict_keys(['extract_csv_dag']) retrieved from /workspaces/hands-on-introduction-data-engineering-4395021/airflow/dags/extract_csv_dag.py
[2025-04-09T18:17:14.946+0000] {logging_mixin.py:150} INFO - [2025-04-09T18:17:14.946+0000] {dag.py:2742} INFO - Sync 1 DAGs
[2025-04-09T18:17:14.959+0000] {logging_mixin.py:150} INFO - [2025-04-09T18:17:14.959+0000] {dag.py:3504} INFO - Setting next_dagrun for extract_csv_dag to None, run_after=None
[2025-04-09T18:17:14.973+0000] {processor.py:179} INFO - Processing /workspaces/hands-on-introduction-data-engineering-4395021/airflow/dags/extract_csv_dag.py took 0.057 seconds
[2025-04-09T18:17:45.099+0000] {processor.py:157} INFO - Started process (PID=36969) to work on /workspaces/hands-on-introduction-data-engineering-4395021/airflow/dags/extract_csv_dag.py
[2025-04-09T18:17:45.100+0000] {processor.py:826} INFO - Processing file /workspaces/hands-on-introduction-data-engineering-4395021/airflow/dags/extract_csv_dag.py for tasks to queue
[2025-04-09T18:17:45.100+0000] {logging_mixin.py:150} INFO - [2025-04-09T18:17:45.100+0000] {dagbag.py:541} INFO - Filling up the DagBag from /workspaces/hands-on-introduction-data-engineering-4395021/airflow/dags/extract_csv_dag.py
[2025-04-09T18:17:45.107+0000] {processor.py:836} INFO - DAG(s) dict_keys(['extract_csv_dag']) retrieved from /workspaces/hands-on-introduction-data-engineering-4395021/airflow/dags/extract_csv_dag.py
[2025-04-09T18:17:45.125+0000] {logging_mixin.py:150} INFO - [2025-04-09T18:17:45.125+0000] {dag.py:2742} INFO - Sync 1 DAGs
[2025-04-09T18:17:45.139+0000] {logging_mixin.py:150} INFO - [2025-04-09T18:17:45.139+0000] {dag.py:3504} INFO - Setting next_dagrun for extract_csv_dag to None, run_after=None
[2025-04-09T18:17:45.153+0000] {processor.py:179} INFO - Processing /workspaces/hands-on-introduction-data-engineering-4395021/airflow/dags/extract_csv_dag.py took 0.057 seconds
[2025-04-09T18:18:15.292+0000] {processor.py:157} INFO - Started process (PID=37140) to work on /workspaces/hands-on-introduction-data-engineering-4395021/airflow/dags/extract_csv_dag.py
[2025-04-09T18:18:15.293+0000] {processor.py:826} INFO - Processing file /workspaces/hands-on-introduction-data-engineering-4395021/airflow/dags/extract_csv_dag.py for tasks to queue
[2025-04-09T18:18:15.293+0000] {logging_mixin.py:150} INFO - [2025-04-09T18:18:15.293+0000] {dagbag.py:541} INFO - Filling up the DagBag from /workspaces/hands-on-introduction-data-engineering-4395021/airflow/dags/extract_csv_dag.py
[2025-04-09T18:18:15.301+0000] {processor.py:836} INFO - DAG(s) dict_keys(['extract_csv_dag']) retrieved from /workspaces/hands-on-introduction-data-engineering-4395021/airflow/dags/extract_csv_dag.py
[2025-04-09T18:18:15.320+0000] {logging_mixin.py:150} INFO - [2025-04-09T18:18:15.320+0000] {dag.py:2742} INFO - Sync 1 DAGs
[2025-04-09T18:18:15.334+0000] {logging_mixin.py:150} INFO - [2025-04-09T18:18:15.333+0000] {dag.py:3504} INFO - Setting next_dagrun for extract_csv_dag to None, run_after=None
[2025-04-09T18:18:15.347+0000] {processor.py:179} INFO - Processing /workspaces/hands-on-introduction-data-engineering-4395021/airflow/dags/extract_csv_dag.py took 0.058 seconds
[2025-04-09T18:18:45.478+0000] {processor.py:157} INFO - Started process (PID=37317) to work on /workspaces/hands-on-introduction-data-engineering-4395021/airflow/dags/extract_csv_dag.py
[2025-04-09T18:18:45.479+0000] {processor.py:826} INFO - Processing file /workspaces/hands-on-introduction-data-engineering-4395021/airflow/dags/extract_csv_dag.py for tasks to queue
[2025-04-09T18:18:45.479+0000] {logging_mixin.py:150} INFO - [2025-04-09T18:18:45.479+0000] {dagbag.py:541} INFO - Filling up the DagBag from /workspaces/hands-on-introduction-data-engineering-4395021/airflow/dags/extract_csv_dag.py
[2025-04-09T18:18:45.487+0000] {processor.py:836} INFO - DAG(s) dict_keys(['extract_csv_dag']) retrieved from /workspaces/hands-on-introduction-data-engineering-4395021/airflow/dags/extract_csv_dag.py
[2025-04-09T18:18:45.504+0000] {logging_mixin.py:150} INFO - [2025-04-09T18:18:45.504+0000] {dag.py:2742} INFO - Sync 1 DAGs
[2025-04-09T18:18:45.517+0000] {logging_mixin.py:150} INFO - [2025-04-09T18:18:45.517+0000] {dag.py:3504} INFO - Setting next_dagrun for extract_csv_dag to None, run_after=None
[2025-04-09T18:18:45.531+0000] {processor.py:179} INFO - Processing /workspaces/hands-on-introduction-data-engineering-4395021/airflow/dags/extract_csv_dag.py took 0.055 seconds
[2025-04-09T18:19:15.654+0000] {processor.py:157} INFO - Started process (PID=37489) to work on /workspaces/hands-on-introduction-data-engineering-4395021/airflow/dags/extract_csv_dag.py
[2025-04-09T18:19:15.655+0000] {processor.py:826} INFO - Processing file /workspaces/hands-on-introduction-data-engineering-4395021/airflow/dags/extract_csv_dag.py for tasks to queue
[2025-04-09T18:19:15.656+0000] {logging_mixin.py:150} INFO - [2025-04-09T18:19:15.656+0000] {dagbag.py:541} INFO - Filling up the DagBag from /workspaces/hands-on-introduction-data-engineering-4395021/airflow/dags/extract_csv_dag.py
[2025-04-09T18:19:15.663+0000] {processor.py:836} INFO - DAG(s) dict_keys(['extract_csv_dag']) retrieved from /workspaces/hands-on-introduction-data-engineering-4395021/airflow/dags/extract_csv_dag.py
[2025-04-09T18:19:15.681+0000] {logging_mixin.py:150} INFO - [2025-04-09T18:19:15.680+0000] {dag.py:2742} INFO - Sync 1 DAGs
[2025-04-09T18:19:15.695+0000] {logging_mixin.py:150} INFO - [2025-04-09T18:19:15.695+0000] {dag.py:3504} INFO - Setting next_dagrun for extract_csv_dag to None, run_after=None
[2025-04-09T18:19:15.708+0000] {processor.py:179} INFO - Processing /workspaces/hands-on-introduction-data-engineering-4395021/airflow/dags/extract_csv_dag.py took 0.057 seconds
[2025-04-09T18:19:45.844+0000] {processor.py:157} INFO - Started process (PID=37667) to work on /workspaces/hands-on-introduction-data-engineering-4395021/airflow/dags/extract_csv_dag.py
[2025-04-09T18:19:45.845+0000] {processor.py:826} INFO - Processing file /workspaces/hands-on-introduction-data-engineering-4395021/airflow/dags/extract_csv_dag.py for tasks to queue
[2025-04-09T18:19:45.846+0000] {logging_mixin.py:150} INFO - [2025-04-09T18:19:45.845+0000] {dagbag.py:541} INFO - Filling up the DagBag from /workspaces/hands-on-introduction-data-engineering-4395021/airflow/dags/extract_csv_dag.py
[2025-04-09T18:19:45.853+0000] {processor.py:836} INFO - DAG(s) dict_keys(['extract_csv_dag']) retrieved from /workspaces/hands-on-introduction-data-engineering-4395021/airflow/dags/extract_csv_dag.py
[2025-04-09T18:19:45.871+0000] {logging_mixin.py:150} INFO - [2025-04-09T18:19:45.871+0000] {dag.py:2742} INFO - Sync 1 DAGs
[2025-04-09T18:19:45.884+0000] {logging_mixin.py:150} INFO - [2025-04-09T18:19:45.884+0000] {dag.py:3504} INFO - Setting next_dagrun for extract_csv_dag to None, run_after=None
[2025-04-09T18:19:45.897+0000] {processor.py:179} INFO - Processing /workspaces/hands-on-introduction-data-engineering-4395021/airflow/dags/extract_csv_dag.py took 0.055 seconds
[2025-04-09T18:20:16.020+0000] {processor.py:157} INFO - Started process (PID=37832) to work on /workspaces/hands-on-introduction-data-engineering-4395021/airflow/dags/extract_csv_dag.py
[2025-04-09T18:20:16.021+0000] {processor.py:826} INFO - Processing file /workspaces/hands-on-introduction-data-engineering-4395021/airflow/dags/extract_csv_dag.py for tasks to queue
[2025-04-09T18:20:16.022+0000] {logging_mixin.py:150} INFO - [2025-04-09T18:20:16.022+0000] {dagbag.py:541} INFO - Filling up the DagBag from /workspaces/hands-on-introduction-data-engineering-4395021/airflow/dags/extract_csv_dag.py
[2025-04-09T18:20:16.029+0000] {processor.py:836} INFO - DAG(s) dict_keys(['extract_csv_dag']) retrieved from /workspaces/hands-on-introduction-data-engineering-4395021/airflow/dags/extract_csv_dag.py
[2025-04-09T18:20:16.047+0000] {logging_mixin.py:150} INFO - [2025-04-09T18:20:16.046+0000] {dag.py:2742} INFO - Sync 1 DAGs
[2025-04-09T18:20:16.060+0000] {logging_mixin.py:150} INFO - [2025-04-09T18:20:16.060+0000] {dag.py:3504} INFO - Setting next_dagrun for extract_csv_dag to None, run_after=None
[2025-04-09T18:20:16.073+0000] {processor.py:179} INFO - Processing /workspaces/hands-on-introduction-data-engineering-4395021/airflow/dags/extract_csv_dag.py took 0.055 seconds
[2025-04-09T18:20:46.221+0000] {processor.py:157} INFO - Started process (PID=38008) to work on /workspaces/hands-on-introduction-data-engineering-4395021/airflow/dags/extract_csv_dag.py
[2025-04-09T18:20:46.222+0000] {processor.py:826} INFO - Processing file /workspaces/hands-on-introduction-data-engineering-4395021/airflow/dags/extract_csv_dag.py for tasks to queue
[2025-04-09T18:20:46.223+0000] {logging_mixin.py:150} INFO - [2025-04-09T18:20:46.222+0000] {dagbag.py:541} INFO - Filling up the DagBag from /workspaces/hands-on-introduction-data-engineering-4395021/airflow/dags/extract_csv_dag.py
[2025-04-09T18:20:46.230+0000] {processor.py:836} INFO - DAG(s) dict_keys(['extract_csv_dag']) retrieved from /workspaces/hands-on-introduction-data-engineering-4395021/airflow/dags/extract_csv_dag.py
[2025-04-09T18:20:46.247+0000] {logging_mixin.py:150} INFO - [2025-04-09T18:20:46.247+0000] {dag.py:2742} INFO - Sync 1 DAGs
[2025-04-09T18:20:46.260+0000] {logging_mixin.py:150} INFO - [2025-04-09T18:20:46.260+0000] {dag.py:3504} INFO - Setting next_dagrun for extract_csv_dag to None, run_after=None
[2025-04-09T18:20:46.274+0000] {processor.py:179} INFO - Processing /workspaces/hands-on-introduction-data-engineering-4395021/airflow/dags/extract_csv_dag.py took 0.055 seconds
[2025-04-09T18:21:16.405+0000] {processor.py:157} INFO - Started process (PID=38185) to work on /workspaces/hands-on-introduction-data-engineering-4395021/airflow/dags/extract_csv_dag.py
[2025-04-09T18:21:16.406+0000] {processor.py:826} INFO - Processing file /workspaces/hands-on-introduction-data-engineering-4395021/airflow/dags/extract_csv_dag.py for tasks to queue
[2025-04-09T18:21:16.407+0000] {logging_mixin.py:150} INFO - [2025-04-09T18:21:16.406+0000] {dagbag.py:541} INFO - Filling up the DagBag from /workspaces/hands-on-introduction-data-engineering-4395021/airflow/dags/extract_csv_dag.py
[2025-04-09T18:21:16.414+0000] {processor.py:836} INFO - DAG(s) dict_keys(['extract_csv_dag']) retrieved from /workspaces/hands-on-introduction-data-engineering-4395021/airflow/dags/extract_csv_dag.py
[2025-04-09T18:21:16.431+0000] {logging_mixin.py:150} INFO - [2025-04-09T18:21:16.431+0000] {dag.py:2742} INFO - Sync 1 DAGs
[2025-04-09T18:21:16.444+0000] {logging_mixin.py:150} INFO - [2025-04-09T18:21:16.444+0000] {dag.py:3504} INFO - Setting next_dagrun for extract_csv_dag to None, run_after=None
[2025-04-09T18:21:16.457+0000] {processor.py:179} INFO - Processing /workspaces/hands-on-introduction-data-engineering-4395021/airflow/dags/extract_csv_dag.py took 0.055 seconds
[2025-04-09T18:21:46.580+0000] {processor.py:157} INFO - Started process (PID=38356) to work on /workspaces/hands-on-introduction-data-engineering-4395021/airflow/dags/extract_csv_dag.py
[2025-04-09T18:21:46.581+0000] {processor.py:826} INFO - Processing file /workspaces/hands-on-introduction-data-engineering-4395021/airflow/dags/extract_csv_dag.py for tasks to queue
[2025-04-09T18:21:46.582+0000] {logging_mixin.py:150} INFO - [2025-04-09T18:21:46.582+0000] {dagbag.py:541} INFO - Filling up the DagBag from /workspaces/hands-on-introduction-data-engineering-4395021/airflow/dags/extract_csv_dag.py
[2025-04-09T18:21:46.589+0000] {processor.py:836} INFO - DAG(s) dict_keys(['extract_csv_dag']) retrieved from /workspaces/hands-on-introduction-data-engineering-4395021/airflow/dags/extract_csv_dag.py
[2025-04-09T18:21:46.607+0000] {logging_mixin.py:150} INFO - [2025-04-09T18:21:46.607+0000] {dag.py:2742} INFO - Sync 1 DAGs
[2025-04-09T18:21:46.620+0000] {logging_mixin.py:150} INFO - [2025-04-09T18:21:46.620+0000] {dag.py:3504} INFO - Setting next_dagrun for extract_csv_dag to None, run_after=None
[2025-04-09T18:21:46.634+0000] {processor.py:179} INFO - Processing /workspaces/hands-on-introduction-data-engineering-4395021/airflow/dags/extract_csv_dag.py took 0.057 seconds
[2025-04-09T18:22:16.766+0000] {processor.py:157} INFO - Started process (PID=38533) to work on /workspaces/hands-on-introduction-data-engineering-4395021/airflow/dags/extract_csv_dag.py
[2025-04-09T18:22:16.767+0000] {processor.py:826} INFO - Processing file /workspaces/hands-on-introduction-data-engineering-4395021/airflow/dags/extract_csv_dag.py for tasks to queue
[2025-04-09T18:22:16.767+0000] {logging_mixin.py:150} INFO - [2025-04-09T18:22:16.767+0000] {dagbag.py:541} INFO - Filling up the DagBag from /workspaces/hands-on-introduction-data-engineering-4395021/airflow/dags/extract_csv_dag.py
[2025-04-09T18:22:16.775+0000] {processor.py:836} INFO - DAG(s) dict_keys(['extract_csv_dag']) retrieved from /workspaces/hands-on-introduction-data-engineering-4395021/airflow/dags/extract_csv_dag.py
[2025-04-09T18:22:16.793+0000] {logging_mixin.py:150} INFO - [2025-04-09T18:22:16.793+0000] {dag.py:2742} INFO - Sync 1 DAGs
[2025-04-09T18:22:16.807+0000] {logging_mixin.py:150} INFO - [2025-04-09T18:22:16.807+0000] {dag.py:3504} INFO - Setting next_dagrun for extract_csv_dag to None, run_after=None
[2025-04-09T18:22:16.820+0000] {processor.py:179} INFO - Processing /workspaces/hands-on-introduction-data-engineering-4395021/airflow/dags/extract_csv_dag.py took 0.057 seconds
