[2025-04-09T16:58:50.704+0000] {processor.py:157} INFO - Started process (PID=3452) to work on /workspaces/hands-on-introduction-data-engineering-4395021/airflow/dags/one_task_dag.py
[2025-04-09T16:58:50.704+0000] {processor.py:826} INFO - Processing file /workspaces/hands-on-introduction-data-engineering-4395021/airflow/dags/one_task_dag.py for tasks to queue
[2025-04-09T16:58:50.705+0000] {logging_mixin.py:150} INFO - [2025-04-09T16:58:50.705+0000] {dagbag.py:541} INFO - Filling up the DagBag from /workspaces/hands-on-introduction-data-engineering-4395021/airflow/dags/one_task_dag.py
[2025-04-09T16:58:50.797+0000] {processor.py:836} INFO - DAG(s) dict_keys(['one_task_dag']) retrieved from /workspaces/hands-on-introduction-data-engineering-4395021/airflow/dags/one_task_dag.py
[2025-04-09T16:58:50.815+0000] {logging_mixin.py:150} INFO - [2025-04-09T16:58:50.815+0000] {dag.py:2742} INFO - Sync 1 DAGs
[2025-04-09T16:58:50.830+0000] {logging_mixin.py:150} INFO - [2025-04-09T16:58:50.830+0000] {dag.py:3504} INFO - Setting next_dagrun for one_task_dag to None, run_after=None
[2025-04-09T16:58:50.844+0000] {processor.py:179} INFO - Processing /workspaces/hands-on-introduction-data-engineering-4395021/airflow/dags/one_task_dag.py took 0.142 seconds
[2025-04-09T16:59:22.048+0000] {processor.py:157} INFO - Started process (PID=3748) to work on /workspaces/hands-on-introduction-data-engineering-4395021/airflow/dags/one_task_dag.py
[2025-04-09T16:59:22.049+0000] {processor.py:826} INFO - Processing file /workspaces/hands-on-introduction-data-engineering-4395021/airflow/dags/one_task_dag.py for tasks to queue
[2025-04-09T16:59:22.050+0000] {logging_mixin.py:150} INFO - [2025-04-09T16:59:22.049+0000] {dagbag.py:541} INFO - Filling up the DagBag from /workspaces/hands-on-introduction-data-engineering-4395021/airflow/dags/one_task_dag.py
[2025-04-09T16:59:22.057+0000] {processor.py:836} INFO - DAG(s) dict_keys(['one_task_dag']) retrieved from /workspaces/hands-on-introduction-data-engineering-4395021/airflow/dags/one_task_dag.py
[2025-04-09T16:59:22.078+0000] {logging_mixin.py:150} INFO - [2025-04-09T16:59:22.077+0000] {dag.py:2742} INFO - Sync 1 DAGs
[2025-04-09T16:59:22.091+0000] {logging_mixin.py:150} INFO - [2025-04-09T16:59:22.091+0000] {dag.py:3504} INFO - Setting next_dagrun for one_task_dag to None, run_after=None
[2025-04-09T16:59:22.105+0000] {processor.py:179} INFO - Processing /workspaces/hands-on-introduction-data-engineering-4395021/airflow/dags/one_task_dag.py took 0.059 seconds
[2025-04-09T16:59:53.138+0000] {processor.py:157} INFO - Started process (PID=3984) to work on /workspaces/hands-on-introduction-data-engineering-4395021/airflow/dags/one_task_dag.py
[2025-04-09T16:59:53.139+0000] {processor.py:826} INFO - Processing file /workspaces/hands-on-introduction-data-engineering-4395021/airflow/dags/one_task_dag.py for tasks to queue
[2025-04-09T16:59:53.140+0000] {logging_mixin.py:150} INFO - [2025-04-09T16:59:53.140+0000] {dagbag.py:541} INFO - Filling up the DagBag from /workspaces/hands-on-introduction-data-engineering-4395021/airflow/dags/one_task_dag.py
[2025-04-09T16:59:53.151+0000] {processor.py:836} INFO - DAG(s) dict_keys(['one_task_dag']) retrieved from /workspaces/hands-on-introduction-data-engineering-4395021/airflow/dags/one_task_dag.py
[2025-04-09T16:59:53.178+0000] {logging_mixin.py:150} INFO - [2025-04-09T16:59:53.178+0000] {dag.py:2742} INFO - Sync 1 DAGs
[2025-04-09T16:59:53.192+0000] {logging_mixin.py:150} INFO - [2025-04-09T16:59:53.192+0000] {dag.py:3504} INFO - Setting next_dagrun for one_task_dag to None, run_after=None
[2025-04-09T16:59:53.207+0000] {processor.py:179} INFO - Processing /workspaces/hands-on-introduction-data-engineering-4395021/airflow/dags/one_task_dag.py took 0.072 seconds
[2025-04-09T17:00:23.439+0000] {processor.py:157} INFO - Started process (PID=4194) to work on /workspaces/hands-on-introduction-data-engineering-4395021/airflow/dags/one_task_dag.py
[2025-04-09T17:00:23.440+0000] {processor.py:826} INFO - Processing file /workspaces/hands-on-introduction-data-engineering-4395021/airflow/dags/one_task_dag.py for tasks to queue
[2025-04-09T17:00:23.440+0000] {logging_mixin.py:150} INFO - [2025-04-09T17:00:23.440+0000] {dagbag.py:541} INFO - Filling up the DagBag from /workspaces/hands-on-introduction-data-engineering-4395021/airflow/dags/one_task_dag.py
[2025-04-09T17:00:23.448+0000] {processor.py:836} INFO - DAG(s) dict_keys(['one_task_dag']) retrieved from /workspaces/hands-on-introduction-data-engineering-4395021/airflow/dags/one_task_dag.py
[2025-04-09T17:00:23.465+0000] {logging_mixin.py:150} INFO - [2025-04-09T17:00:23.465+0000] {dag.py:2742} INFO - Sync 1 DAGs
[2025-04-09T17:00:23.478+0000] {logging_mixin.py:150} INFO - [2025-04-09T17:00:23.478+0000] {dag.py:3504} INFO - Setting next_dagrun for one_task_dag to None, run_after=None
[2025-04-09T17:00:23.491+0000] {processor.py:179} INFO - Processing /workspaces/hands-on-introduction-data-engineering-4395021/airflow/dags/one_task_dag.py took 0.055 seconds
[2025-04-09T17:00:53.772+0000] {processor.py:157} INFO - Started process (PID=4400) to work on /workspaces/hands-on-introduction-data-engineering-4395021/airflow/dags/one_task_dag.py
[2025-04-09T17:00:53.773+0000] {processor.py:826} INFO - Processing file /workspaces/hands-on-introduction-data-engineering-4395021/airflow/dags/one_task_dag.py for tasks to queue
[2025-04-09T17:00:53.773+0000] {logging_mixin.py:150} INFO - [2025-04-09T17:00:53.773+0000] {dagbag.py:541} INFO - Filling up the DagBag from /workspaces/hands-on-introduction-data-engineering-4395021/airflow/dags/one_task_dag.py
[2025-04-09T17:00:53.781+0000] {processor.py:836} INFO - DAG(s) dict_keys(['one_task_dag']) retrieved from /workspaces/hands-on-introduction-data-engineering-4395021/airflow/dags/one_task_dag.py
[2025-04-09T17:00:53.798+0000] {logging_mixin.py:150} INFO - [2025-04-09T17:00:53.798+0000] {dag.py:2742} INFO - Sync 1 DAGs
[2025-04-09T17:00:53.812+0000] {logging_mixin.py:150} INFO - [2025-04-09T17:00:53.811+0000] {dag.py:3504} INFO - Setting next_dagrun for one_task_dag to None, run_after=None
[2025-04-09T17:00:53.825+0000] {processor.py:179} INFO - Processing /workspaces/hands-on-introduction-data-engineering-4395021/airflow/dags/one_task_dag.py took 0.055 seconds
[2025-04-09T17:01:23.972+0000] {processor.py:157} INFO - Started process (PID=4601) to work on /workspaces/hands-on-introduction-data-engineering-4395021/airflow/dags/one_task_dag.py
[2025-04-09T17:01:23.973+0000] {processor.py:826} INFO - Processing file /workspaces/hands-on-introduction-data-engineering-4395021/airflow/dags/one_task_dag.py for tasks to queue
[2025-04-09T17:01:23.974+0000] {logging_mixin.py:150} INFO - [2025-04-09T17:01:23.974+0000] {dagbag.py:541} INFO - Filling up the DagBag from /workspaces/hands-on-introduction-data-engineering-4395021/airflow/dags/one_task_dag.py
[2025-04-09T17:01:23.983+0000] {processor.py:836} INFO - DAG(s) dict_keys(['one_task_dag']) retrieved from /workspaces/hands-on-introduction-data-engineering-4395021/airflow/dags/one_task_dag.py
[2025-04-09T17:01:24.009+0000] {logging_mixin.py:150} INFO - [2025-04-09T17:01:24.009+0000] {dag.py:2742} INFO - Sync 1 DAGs
[2025-04-09T17:01:24.023+0000] {logging_mixin.py:150} INFO - [2025-04-09T17:01:24.023+0000] {dag.py:3504} INFO - Setting next_dagrun for one_task_dag to None, run_after=None
[2025-04-09T17:01:24.036+0000] {processor.py:179} INFO - Processing /workspaces/hands-on-introduction-data-engineering-4395021/airflow/dags/one_task_dag.py took 0.066 seconds
[2025-04-09T17:01:54.265+0000] {processor.py:157} INFO - Started process (PID=4801) to work on /workspaces/hands-on-introduction-data-engineering-4395021/airflow/dags/one_task_dag.py
[2025-04-09T17:01:54.266+0000] {processor.py:826} INFO - Processing file /workspaces/hands-on-introduction-data-engineering-4395021/airflow/dags/one_task_dag.py for tasks to queue
[2025-04-09T17:01:54.267+0000] {logging_mixin.py:150} INFO - [2025-04-09T17:01:54.266+0000] {dagbag.py:541} INFO - Filling up the DagBag from /workspaces/hands-on-introduction-data-engineering-4395021/airflow/dags/one_task_dag.py
[2025-04-09T17:01:54.274+0000] {processor.py:836} INFO - DAG(s) dict_keys(['one_task_dag']) retrieved from /workspaces/hands-on-introduction-data-engineering-4395021/airflow/dags/one_task_dag.py
[2025-04-09T17:01:54.291+0000] {logging_mixin.py:150} INFO - [2025-04-09T17:01:54.291+0000] {dag.py:2742} INFO - Sync 1 DAGs
[2025-04-09T17:01:54.305+0000] {logging_mixin.py:150} INFO - [2025-04-09T17:01:54.305+0000] {dag.py:3504} INFO - Setting next_dagrun for one_task_dag to None, run_after=None
[2025-04-09T17:01:54.319+0000] {processor.py:179} INFO - Processing /workspaces/hands-on-introduction-data-engineering-4395021/airflow/dags/one_task_dag.py took 0.056 seconds
[2025-04-09T17:02:24.556+0000] {processor.py:157} INFO - Started process (PID=5007) to work on /workspaces/hands-on-introduction-data-engineering-4395021/airflow/dags/one_task_dag.py
[2025-04-09T17:02:24.557+0000] {processor.py:826} INFO - Processing file /workspaces/hands-on-introduction-data-engineering-4395021/airflow/dags/one_task_dag.py for tasks to queue
[2025-04-09T17:02:24.558+0000] {logging_mixin.py:150} INFO - [2025-04-09T17:02:24.558+0000] {dagbag.py:541} INFO - Filling up the DagBag from /workspaces/hands-on-introduction-data-engineering-4395021/airflow/dags/one_task_dag.py
[2025-04-09T17:02:24.565+0000] {processor.py:836} INFO - DAG(s) dict_keys(['one_task_dag']) retrieved from /workspaces/hands-on-introduction-data-engineering-4395021/airflow/dags/one_task_dag.py
[2025-04-09T17:02:24.583+0000] {logging_mixin.py:150} INFO - [2025-04-09T17:02:24.583+0000] {dag.py:2742} INFO - Sync 1 DAGs
[2025-04-09T17:02:24.596+0000] {logging_mixin.py:150} INFO - [2025-04-09T17:02:24.596+0000] {dag.py:3504} INFO - Setting next_dagrun for one_task_dag to None, run_after=None
[2025-04-09T17:02:24.609+0000] {processor.py:179} INFO - Processing /workspaces/hands-on-introduction-data-engineering-4395021/airflow/dags/one_task_dag.py took 0.056 seconds
[2025-04-09T17:02:54.924+0000] {processor.py:157} INFO - Started process (PID=5208) to work on /workspaces/hands-on-introduction-data-engineering-4395021/airflow/dags/one_task_dag.py
[2025-04-09T17:02:54.925+0000] {processor.py:826} INFO - Processing file /workspaces/hands-on-introduction-data-engineering-4395021/airflow/dags/one_task_dag.py for tasks to queue
[2025-04-09T17:02:54.926+0000] {logging_mixin.py:150} INFO - [2025-04-09T17:02:54.925+0000] {dagbag.py:541} INFO - Filling up the DagBag from /workspaces/hands-on-introduction-data-engineering-4395021/airflow/dags/one_task_dag.py
[2025-04-09T17:02:54.932+0000] {processor.py:836} INFO - DAG(s) dict_keys(['one_task_dag']) retrieved from /workspaces/hands-on-introduction-data-engineering-4395021/airflow/dags/one_task_dag.py
[2025-04-09T17:02:54.950+0000] {logging_mixin.py:150} INFO - [2025-04-09T17:02:54.950+0000] {dag.py:2742} INFO - Sync 1 DAGs
[2025-04-09T17:02:54.963+0000] {logging_mixin.py:150} INFO - [2025-04-09T17:02:54.963+0000] {dag.py:3504} INFO - Setting next_dagrun for one_task_dag to None, run_after=None
[2025-04-09T17:02:54.978+0000] {processor.py:179} INFO - Processing /workspaces/hands-on-introduction-data-engineering-4395021/airflow/dags/one_task_dag.py took 0.057 seconds
[2025-04-09T17:03:25.237+0000] {processor.py:157} INFO - Started process (PID=5414) to work on /workspaces/hands-on-introduction-data-engineering-4395021/airflow/dags/one_task_dag.py
[2025-04-09T17:03:25.238+0000] {processor.py:826} INFO - Processing file /workspaces/hands-on-introduction-data-engineering-4395021/airflow/dags/one_task_dag.py for tasks to queue
[2025-04-09T17:03:25.238+0000] {logging_mixin.py:150} INFO - [2025-04-09T17:03:25.238+0000] {dagbag.py:541} INFO - Filling up the DagBag from /workspaces/hands-on-introduction-data-engineering-4395021/airflow/dags/one_task_dag.py
[2025-04-09T17:03:25.246+0000] {processor.py:836} INFO - DAG(s) dict_keys(['one_task_dag']) retrieved from /workspaces/hands-on-introduction-data-engineering-4395021/airflow/dags/one_task_dag.py
[2025-04-09T17:03:25.263+0000] {logging_mixin.py:150} INFO - [2025-04-09T17:03:25.263+0000] {dag.py:2742} INFO - Sync 1 DAGs
[2025-04-09T17:03:25.276+0000] {logging_mixin.py:150} INFO - [2025-04-09T17:03:25.276+0000] {dag.py:3504} INFO - Setting next_dagrun for one_task_dag to None, run_after=None
[2025-04-09T17:03:25.290+0000] {processor.py:179} INFO - Processing /workspaces/hands-on-introduction-data-engineering-4395021/airflow/dags/one_task_dag.py took 0.055 seconds
[2025-04-09T17:03:56.878+0000] {processor.py:157} INFO - Started process (PID=5630) to work on /workspaces/hands-on-introduction-data-engineering-4395021/airflow/dags/one_task_dag.py
[2025-04-09T17:03:56.879+0000] {processor.py:826} INFO - Processing file /workspaces/hands-on-introduction-data-engineering-4395021/airflow/dags/one_task_dag.py for tasks to queue
[2025-04-09T17:03:56.880+0000] {logging_mixin.py:150} INFO - [2025-04-09T17:03:56.879+0000] {dagbag.py:541} INFO - Filling up the DagBag from /workspaces/hands-on-introduction-data-engineering-4395021/airflow/dags/one_task_dag.py
[2025-04-09T17:03:56.910+0000] {processor.py:836} INFO - DAG(s) dict_keys(['one_task_dag']) retrieved from /workspaces/hands-on-introduction-data-engineering-4395021/airflow/dags/one_task_dag.py
[2025-04-09T17:03:56.969+0000] {logging_mixin.py:150} INFO - [2025-04-09T17:03:56.969+0000] {dag.py:2742} INFO - Sync 1 DAGs
[2025-04-09T17:03:56.992+0000] {logging_mixin.py:150} INFO - [2025-04-09T17:03:56.992+0000] {dag.py:3504} INFO - Setting next_dagrun for one_task_dag to None, run_after=None
[2025-04-09T17:03:57.012+0000] {processor.py:179} INFO - Processing /workspaces/hands-on-introduction-data-engineering-4395021/airflow/dags/one_task_dag.py took 0.139 seconds
[2025-04-09T17:04:27.350+0000] {processor.py:157} INFO - Started process (PID=5827) to work on /workspaces/hands-on-introduction-data-engineering-4395021/airflow/dags/one_task_dag.py
[2025-04-09T17:04:27.351+0000] {processor.py:826} INFO - Processing file /workspaces/hands-on-introduction-data-engineering-4395021/airflow/dags/one_task_dag.py for tasks to queue
[2025-04-09T17:04:27.352+0000] {logging_mixin.py:150} INFO - [2025-04-09T17:04:27.351+0000] {dagbag.py:541} INFO - Filling up the DagBag from /workspaces/hands-on-introduction-data-engineering-4395021/airflow/dags/one_task_dag.py
[2025-04-09T17:04:27.362+0000] {processor.py:836} INFO - DAG(s) dict_keys(['one_task_dag']) retrieved from /workspaces/hands-on-introduction-data-engineering-4395021/airflow/dags/one_task_dag.py
[2025-04-09T17:04:27.424+0000] {logging_mixin.py:150} INFO - [2025-04-09T17:04:27.423+0000] {dag.py:2742} INFO - Sync 1 DAGs
[2025-04-09T17:04:27.449+0000] {logging_mixin.py:150} INFO - [2025-04-09T17:04:27.449+0000] {dag.py:3504} INFO - Setting next_dagrun for one_task_dag to None, run_after=None
[2025-04-09T17:04:27.506+0000] {processor.py:179} INFO - Processing /workspaces/hands-on-introduction-data-engineering-4395021/airflow/dags/one_task_dag.py took 0.160 seconds
[2025-04-09T17:04:57.770+0000] {processor.py:157} INFO - Started process (PID=6039) to work on /workspaces/hands-on-introduction-data-engineering-4395021/airflow/dags/one_task_dag.py
[2025-04-09T17:04:57.771+0000] {processor.py:826} INFO - Processing file /workspaces/hands-on-introduction-data-engineering-4395021/airflow/dags/one_task_dag.py for tasks to queue
[2025-04-09T17:04:57.771+0000] {logging_mixin.py:150} INFO - [2025-04-09T17:04:57.771+0000] {dagbag.py:541} INFO - Filling up the DagBag from /workspaces/hands-on-introduction-data-engineering-4395021/airflow/dags/one_task_dag.py
[2025-04-09T17:04:57.779+0000] {processor.py:836} INFO - DAG(s) dict_keys(['one_task_dag']) retrieved from /workspaces/hands-on-introduction-data-engineering-4395021/airflow/dags/one_task_dag.py
[2025-04-09T17:04:57.797+0000] {logging_mixin.py:150} INFO - [2025-04-09T17:04:57.797+0000] {dag.py:2742} INFO - Sync 1 DAGs
[2025-04-09T17:04:57.811+0000] {logging_mixin.py:150} INFO - [2025-04-09T17:04:57.810+0000] {dag.py:3504} INFO - Setting next_dagrun for one_task_dag to None, run_after=None
[2025-04-09T17:04:57.824+0000] {processor.py:179} INFO - Processing /workspaces/hands-on-introduction-data-engineering-4395021/airflow/dags/one_task_dag.py took 0.057 seconds
[2025-04-09T17:05:27.947+0000] {processor.py:157} INFO - Started process (PID=6245) to work on /workspaces/hands-on-introduction-data-engineering-4395021/airflow/dags/one_task_dag.py
[2025-04-09T17:05:27.948+0000] {processor.py:826} INFO - Processing file /workspaces/hands-on-introduction-data-engineering-4395021/airflow/dags/one_task_dag.py for tasks to queue
[2025-04-09T17:05:27.949+0000] {logging_mixin.py:150} INFO - [2025-04-09T17:05:27.948+0000] {dagbag.py:541} INFO - Filling up the DagBag from /workspaces/hands-on-introduction-data-engineering-4395021/airflow/dags/one_task_dag.py
[2025-04-09T17:05:27.956+0000] {processor.py:836} INFO - DAG(s) dict_keys(['one_task_dag']) retrieved from /workspaces/hands-on-introduction-data-engineering-4395021/airflow/dags/one_task_dag.py
[2025-04-09T17:05:27.973+0000] {logging_mixin.py:150} INFO - [2025-04-09T17:05:27.973+0000] {dag.py:2742} INFO - Sync 1 DAGs
[2025-04-09T17:05:27.986+0000] {logging_mixin.py:150} INFO - [2025-04-09T17:05:27.986+0000] {dag.py:3504} INFO - Setting next_dagrun for one_task_dag to None, run_after=None
[2025-04-09T17:05:28.000+0000] {processor.py:179} INFO - Processing /workspaces/hands-on-introduction-data-engineering-4395021/airflow/dags/one_task_dag.py took 0.055 seconds
[2025-04-09T17:05:58.333+0000] {processor.py:157} INFO - Started process (PID=6461) to work on /workspaces/hands-on-introduction-data-engineering-4395021/airflow/dags/one_task_dag.py
[2025-04-09T17:05:58.333+0000] {processor.py:826} INFO - Processing file /workspaces/hands-on-introduction-data-engineering-4395021/airflow/dags/one_task_dag.py for tasks to queue
[2025-04-09T17:05:58.334+0000] {logging_mixin.py:150} INFO - [2025-04-09T17:05:58.334+0000] {dagbag.py:541} INFO - Filling up the DagBag from /workspaces/hands-on-introduction-data-engineering-4395021/airflow/dags/one_task_dag.py
[2025-04-09T17:05:58.341+0000] {processor.py:836} INFO - DAG(s) dict_keys(['one_task_dag']) retrieved from /workspaces/hands-on-introduction-data-engineering-4395021/airflow/dags/one_task_dag.py
[2025-04-09T17:05:58.359+0000] {logging_mixin.py:150} INFO - [2025-04-09T17:05:58.359+0000] {dag.py:2742} INFO - Sync 1 DAGs
[2025-04-09T17:05:58.372+0000] {logging_mixin.py:150} INFO - [2025-04-09T17:05:58.372+0000] {dag.py:3504} INFO - Setting next_dagrun for one_task_dag to None, run_after=None
[2025-04-09T17:05:58.387+0000] {processor.py:179} INFO - Processing /workspaces/hands-on-introduction-data-engineering-4395021/airflow/dags/one_task_dag.py took 0.057 seconds
[2025-04-09T17:06:28.669+0000] {processor.py:157} INFO - Started process (PID=6669) to work on /workspaces/hands-on-introduction-data-engineering-4395021/airflow/dags/one_task_dag.py
[2025-04-09T17:06:28.670+0000] {processor.py:826} INFO - Processing file /workspaces/hands-on-introduction-data-engineering-4395021/airflow/dags/one_task_dag.py for tasks to queue
[2025-04-09T17:06:28.670+0000] {logging_mixin.py:150} INFO - [2025-04-09T17:06:28.670+0000] {dagbag.py:541} INFO - Filling up the DagBag from /workspaces/hands-on-introduction-data-engineering-4395021/airflow/dags/one_task_dag.py
[2025-04-09T17:06:28.677+0000] {processor.py:836} INFO - DAG(s) dict_keys(['one_task_dag']) retrieved from /workspaces/hands-on-introduction-data-engineering-4395021/airflow/dags/one_task_dag.py
[2025-04-09T17:06:28.694+0000] {logging_mixin.py:150} INFO - [2025-04-09T17:06:28.694+0000] {dag.py:2742} INFO - Sync 1 DAGs
[2025-04-09T17:06:28.708+0000] {logging_mixin.py:150} INFO - [2025-04-09T17:06:28.708+0000] {dag.py:3504} INFO - Setting next_dagrun for one_task_dag to None, run_after=None
[2025-04-09T17:06:28.723+0000] {processor.py:179} INFO - Processing /workspaces/hands-on-introduction-data-engineering-4395021/airflow/dags/one_task_dag.py took 0.056 seconds
[2025-04-09T17:06:58.986+0000] {processor.py:157} INFO - Started process (PID=6930) to work on /workspaces/hands-on-introduction-data-engineering-4395021/airflow/dags/one_task_dag.py
[2025-04-09T17:06:58.987+0000] {processor.py:826} INFO - Processing file /workspaces/hands-on-introduction-data-engineering-4395021/airflow/dags/one_task_dag.py for tasks to queue
[2025-04-09T17:06:58.988+0000] {logging_mixin.py:150} INFO - [2025-04-09T17:06:58.987+0000] {dagbag.py:541} INFO - Filling up the DagBag from /workspaces/hands-on-introduction-data-engineering-4395021/airflow/dags/one_task_dag.py
[2025-04-09T17:06:58.995+0000] {processor.py:836} INFO - DAG(s) dict_keys(['one_task_dag']) retrieved from /workspaces/hands-on-introduction-data-engineering-4395021/airflow/dags/one_task_dag.py
[2025-04-09T17:06:59.012+0000] {logging_mixin.py:150} INFO - [2025-04-09T17:06:59.012+0000] {dag.py:2742} INFO - Sync 1 DAGs
[2025-04-09T17:06:59.025+0000] {logging_mixin.py:150} INFO - [2025-04-09T17:06:59.025+0000] {dag.py:3504} INFO - Setting next_dagrun for one_task_dag to None, run_after=None
[2025-04-09T17:06:59.040+0000] {processor.py:179} INFO - Processing /workspaces/hands-on-introduction-data-engineering-4395021/airflow/dags/one_task_dag.py took 0.056 seconds
[2025-04-09T17:07:29.427+0000] {processor.py:157} INFO - Started process (PID=7145) to work on /workspaces/hands-on-introduction-data-engineering-4395021/airflow/dags/one_task_dag.py
[2025-04-09T17:07:29.428+0000] {processor.py:826} INFO - Processing file /workspaces/hands-on-introduction-data-engineering-4395021/airflow/dags/one_task_dag.py for tasks to queue
[2025-04-09T17:07:29.428+0000] {logging_mixin.py:150} INFO - [2025-04-09T17:07:29.428+0000] {dagbag.py:541} INFO - Filling up the DagBag from /workspaces/hands-on-introduction-data-engineering-4395021/airflow/dags/one_task_dag.py
[2025-04-09T17:07:29.435+0000] {processor.py:836} INFO - DAG(s) dict_keys(['one_task_dag']) retrieved from /workspaces/hands-on-introduction-data-engineering-4395021/airflow/dags/one_task_dag.py
[2025-04-09T17:07:29.453+0000] {logging_mixin.py:150} INFO - [2025-04-09T17:07:29.453+0000] {dag.py:2742} INFO - Sync 1 DAGs
[2025-04-09T17:07:29.467+0000] {logging_mixin.py:150} INFO - [2025-04-09T17:07:29.467+0000] {dag.py:3504} INFO - Setting next_dagrun for one_task_dag to None, run_after=None
[2025-04-09T17:07:29.480+0000] {processor.py:179} INFO - Processing /workspaces/hands-on-introduction-data-engineering-4395021/airflow/dags/one_task_dag.py took 0.056 seconds
[2025-04-09T17:07:59.737+0000] {processor.py:157} INFO - Started process (PID=7347) to work on /workspaces/hands-on-introduction-data-engineering-4395021/airflow/dags/one_task_dag.py
[2025-04-09T17:07:59.737+0000] {processor.py:826} INFO - Processing file /workspaces/hands-on-introduction-data-engineering-4395021/airflow/dags/one_task_dag.py for tasks to queue
[2025-04-09T17:07:59.738+0000] {logging_mixin.py:150} INFO - [2025-04-09T17:07:59.738+0000] {dagbag.py:541} INFO - Filling up the DagBag from /workspaces/hands-on-introduction-data-engineering-4395021/airflow/dags/one_task_dag.py
[2025-04-09T17:07:59.745+0000] {processor.py:836} INFO - DAG(s) dict_keys(['one_task_dag']) retrieved from /workspaces/hands-on-introduction-data-engineering-4395021/airflow/dags/one_task_dag.py
[2025-04-09T17:07:59.762+0000] {logging_mixin.py:150} INFO - [2025-04-09T17:07:59.762+0000] {dag.py:2742} INFO - Sync 1 DAGs
[2025-04-09T17:07:59.776+0000] {logging_mixin.py:150} INFO - [2025-04-09T17:07:59.776+0000] {dag.py:3504} INFO - Setting next_dagrun for one_task_dag to None, run_after=None
[2025-04-09T17:07:59.789+0000] {processor.py:179} INFO - Processing /workspaces/hands-on-introduction-data-engineering-4395021/airflow/dags/one_task_dag.py took 0.055 seconds
[2025-04-09T17:08:30.001+0000] {processor.py:157} INFO - Started process (PID=7546) to work on /workspaces/hands-on-introduction-data-engineering-4395021/airflow/dags/one_task_dag.py
[2025-04-09T17:08:30.002+0000] {processor.py:826} INFO - Processing file /workspaces/hands-on-introduction-data-engineering-4395021/airflow/dags/one_task_dag.py for tasks to queue
[2025-04-09T17:08:30.002+0000] {logging_mixin.py:150} INFO - [2025-04-09T17:08:30.002+0000] {dagbag.py:541} INFO - Filling up the DagBag from /workspaces/hands-on-introduction-data-engineering-4395021/airflow/dags/one_task_dag.py
[2025-04-09T17:08:30.010+0000] {processor.py:836} INFO - DAG(s) dict_keys(['one_task_dag']) retrieved from /workspaces/hands-on-introduction-data-engineering-4395021/airflow/dags/one_task_dag.py
[2025-04-09T17:08:30.027+0000] {logging_mixin.py:150} INFO - [2025-04-09T17:08:30.027+0000] {dag.py:2742} INFO - Sync 1 DAGs
[2025-04-09T17:08:30.040+0000] {logging_mixin.py:150} INFO - [2025-04-09T17:08:30.040+0000] {dag.py:3504} INFO - Setting next_dagrun for one_task_dag to None, run_after=None
[2025-04-09T17:08:30.054+0000] {processor.py:179} INFO - Processing /workspaces/hands-on-introduction-data-engineering-4395021/airflow/dags/one_task_dag.py took 0.056 seconds
[2025-04-09T17:09:00.290+0000] {processor.py:157} INFO - Started process (PID=7881) to work on /workspaces/hands-on-introduction-data-engineering-4395021/airflow/dags/one_task_dag.py
[2025-04-09T17:09:00.291+0000] {processor.py:826} INFO - Processing file /workspaces/hands-on-introduction-data-engineering-4395021/airflow/dags/one_task_dag.py for tasks to queue
[2025-04-09T17:09:00.291+0000] {logging_mixin.py:150} INFO - [2025-04-09T17:09:00.291+0000] {dagbag.py:541} INFO - Filling up the DagBag from /workspaces/hands-on-introduction-data-engineering-4395021/airflow/dags/one_task_dag.py
[2025-04-09T17:09:00.299+0000] {processor.py:836} INFO - DAG(s) dict_keys(['one_task_dag']) retrieved from /workspaces/hands-on-introduction-data-engineering-4395021/airflow/dags/one_task_dag.py
[2025-04-09T17:09:00.316+0000] {logging_mixin.py:150} INFO - [2025-04-09T17:09:00.316+0000] {dag.py:2742} INFO - Sync 1 DAGs
[2025-04-09T17:09:00.329+0000] {logging_mixin.py:150} INFO - [2025-04-09T17:09:00.329+0000] {dag.py:3504} INFO - Setting next_dagrun for one_task_dag to None, run_after=None
[2025-04-09T17:09:00.342+0000] {processor.py:179} INFO - Processing /workspaces/hands-on-introduction-data-engineering-4395021/airflow/dags/one_task_dag.py took 0.055 seconds
[2025-04-09T17:09:30.615+0000] {processor.py:157} INFO - Started process (PID=8208) to work on /workspaces/hands-on-introduction-data-engineering-4395021/airflow/dags/one_task_dag.py
[2025-04-09T17:09:30.616+0000] {processor.py:826} INFO - Processing file /workspaces/hands-on-introduction-data-engineering-4395021/airflow/dags/one_task_dag.py for tasks to queue
[2025-04-09T17:09:30.616+0000] {logging_mixin.py:150} INFO - [2025-04-09T17:09:30.616+0000] {dagbag.py:541} INFO - Filling up the DagBag from /workspaces/hands-on-introduction-data-engineering-4395021/airflow/dags/one_task_dag.py
[2025-04-09T17:09:30.624+0000] {processor.py:836} INFO - DAG(s) dict_keys(['one_task_dag']) retrieved from /workspaces/hands-on-introduction-data-engineering-4395021/airflow/dags/one_task_dag.py
[2025-04-09T17:09:30.641+0000] {logging_mixin.py:150} INFO - [2025-04-09T17:09:30.641+0000] {dag.py:2742} INFO - Sync 1 DAGs
[2025-04-09T17:09:30.654+0000] {logging_mixin.py:150} INFO - [2025-04-09T17:09:30.654+0000] {dag.py:3504} INFO - Setting next_dagrun for one_task_dag to None, run_after=None
[2025-04-09T17:09:30.671+0000] {processor.py:179} INFO - Processing /workspaces/hands-on-introduction-data-engineering-4395021/airflow/dags/one_task_dag.py took 0.058 seconds
[2025-04-09T17:10:00.898+0000] {processor.py:157} INFO - Started process (PID=8516) to work on /workspaces/hands-on-introduction-data-engineering-4395021/airflow/dags/one_task_dag.py
[2025-04-09T17:10:00.899+0000] {processor.py:826} INFO - Processing file /workspaces/hands-on-introduction-data-engineering-4395021/airflow/dags/one_task_dag.py for tasks to queue
[2025-04-09T17:10:00.900+0000] {logging_mixin.py:150} INFO - [2025-04-09T17:10:00.900+0000] {dagbag.py:541} INFO - Filling up the DagBag from /workspaces/hands-on-introduction-data-engineering-4395021/airflow/dags/one_task_dag.py
[2025-04-09T17:10:00.907+0000] {processor.py:836} INFO - DAG(s) dict_keys(['one_task_dag']) retrieved from /workspaces/hands-on-introduction-data-engineering-4395021/airflow/dags/one_task_dag.py
[2025-04-09T17:10:00.924+0000] {logging_mixin.py:150} INFO - [2025-04-09T17:10:00.924+0000] {dag.py:2742} INFO - Sync 1 DAGs
[2025-04-09T17:10:00.938+0000] {logging_mixin.py:150} INFO - [2025-04-09T17:10:00.938+0000] {dag.py:3504} INFO - Setting next_dagrun for one_task_dag to None, run_after=None
[2025-04-09T17:10:00.951+0000] {processor.py:179} INFO - Processing /workspaces/hands-on-introduction-data-engineering-4395021/airflow/dags/one_task_dag.py took 0.056 seconds
[2025-04-09T17:10:31.191+0000] {processor.py:157} INFO - Started process (PID=8778) to work on /workspaces/hands-on-introduction-data-engineering-4395021/airflow/dags/one_task_dag.py
[2025-04-09T17:10:31.192+0000] {processor.py:826} INFO - Processing file /workspaces/hands-on-introduction-data-engineering-4395021/airflow/dags/one_task_dag.py for tasks to queue
[2025-04-09T17:10:31.193+0000] {logging_mixin.py:150} INFO - [2025-04-09T17:10:31.192+0000] {dagbag.py:541} INFO - Filling up the DagBag from /workspaces/hands-on-introduction-data-engineering-4395021/airflow/dags/one_task_dag.py
[2025-04-09T17:10:31.200+0000] {processor.py:836} INFO - DAG(s) dict_keys(['one_task_dag']) retrieved from /workspaces/hands-on-introduction-data-engineering-4395021/airflow/dags/one_task_dag.py
[2025-04-09T17:10:31.218+0000] {logging_mixin.py:150} INFO - [2025-04-09T17:10:31.218+0000] {dag.py:2742} INFO - Sync 1 DAGs
[2025-04-09T17:10:31.231+0000] {logging_mixin.py:150} INFO - [2025-04-09T17:10:31.231+0000] {dag.py:3504} INFO - Setting next_dagrun for one_task_dag to None, run_after=None
[2025-04-09T17:10:31.245+0000] {processor.py:179} INFO - Processing /workspaces/hands-on-introduction-data-engineering-4395021/airflow/dags/one_task_dag.py took 0.057 seconds
[2025-04-09T17:11:01.491+0000] {processor.py:157} INFO - Started process (PID=9072) to work on /workspaces/hands-on-introduction-data-engineering-4395021/airflow/dags/one_task_dag.py
[2025-04-09T17:11:01.492+0000] {processor.py:826} INFO - Processing file /workspaces/hands-on-introduction-data-engineering-4395021/airflow/dags/one_task_dag.py for tasks to queue
[2025-04-09T17:11:01.493+0000] {logging_mixin.py:150} INFO - [2025-04-09T17:11:01.492+0000] {dagbag.py:541} INFO - Filling up the DagBag from /workspaces/hands-on-introduction-data-engineering-4395021/airflow/dags/one_task_dag.py
[2025-04-09T17:11:01.500+0000] {processor.py:836} INFO - DAG(s) dict_keys(['one_task_dag']) retrieved from /workspaces/hands-on-introduction-data-engineering-4395021/airflow/dags/one_task_dag.py
[2025-04-09T17:11:01.517+0000] {logging_mixin.py:150} INFO - [2025-04-09T17:11:01.517+0000] {dag.py:2742} INFO - Sync 1 DAGs
[2025-04-09T17:11:01.531+0000] {logging_mixin.py:150} INFO - [2025-04-09T17:11:01.531+0000] {dag.py:3504} INFO - Setting next_dagrun for one_task_dag to None, run_after=None
[2025-04-09T17:11:01.544+0000] {processor.py:179} INFO - Processing /workspaces/hands-on-introduction-data-engineering-4395021/airflow/dags/one_task_dag.py took 0.055 seconds
[2025-04-09T17:11:31.674+0000] {processor.py:157} INFO - Started process (PID=9380) to work on /workspaces/hands-on-introduction-data-engineering-4395021/airflow/dags/one_task_dag.py
[2025-04-09T17:11:31.675+0000] {processor.py:826} INFO - Processing file /workspaces/hands-on-introduction-data-engineering-4395021/airflow/dags/one_task_dag.py for tasks to queue
[2025-04-09T17:11:31.675+0000] {logging_mixin.py:150} INFO - [2025-04-09T17:11:31.675+0000] {dagbag.py:541} INFO - Filling up the DagBag from /workspaces/hands-on-introduction-data-engineering-4395021/airflow/dags/one_task_dag.py
[2025-04-09T17:11:31.683+0000] {processor.py:836} INFO - DAG(s) dict_keys(['one_task_dag']) retrieved from /workspaces/hands-on-introduction-data-engineering-4395021/airflow/dags/one_task_dag.py
[2025-04-09T17:11:31.700+0000] {logging_mixin.py:150} INFO - [2025-04-09T17:11:31.699+0000] {dag.py:2742} INFO - Sync 1 DAGs
[2025-04-09T17:11:31.713+0000] {logging_mixin.py:150} INFO - [2025-04-09T17:11:31.713+0000] {dag.py:3504} INFO - Setting next_dagrun for one_task_dag to None, run_after=None
[2025-04-09T17:11:31.726+0000] {processor.py:179} INFO - Processing /workspaces/hands-on-introduction-data-engineering-4395021/airflow/dags/one_task_dag.py took 0.055 seconds
[2025-04-09T17:12:01.857+0000] {processor.py:157} INFO - Started process (PID=9633) to work on /workspaces/hands-on-introduction-data-engineering-4395021/airflow/dags/one_task_dag.py
[2025-04-09T17:12:01.858+0000] {processor.py:826} INFO - Processing file /workspaces/hands-on-introduction-data-engineering-4395021/airflow/dags/one_task_dag.py for tasks to queue
[2025-04-09T17:12:01.859+0000] {logging_mixin.py:150} INFO - [2025-04-09T17:12:01.858+0000] {dagbag.py:541} INFO - Filling up the DagBag from /workspaces/hands-on-introduction-data-engineering-4395021/airflow/dags/one_task_dag.py
[2025-04-09T17:12:01.866+0000] {processor.py:836} INFO - DAG(s) dict_keys(['one_task_dag']) retrieved from /workspaces/hands-on-introduction-data-engineering-4395021/airflow/dags/one_task_dag.py
[2025-04-09T17:12:01.883+0000] {logging_mixin.py:150} INFO - [2025-04-09T17:12:01.883+0000] {dag.py:2742} INFO - Sync 1 DAGs
[2025-04-09T17:12:01.896+0000] {logging_mixin.py:150} INFO - [2025-04-09T17:12:01.896+0000] {dag.py:3504} INFO - Setting next_dagrun for one_task_dag to None, run_after=None
[2025-04-09T17:12:01.911+0000] {processor.py:179} INFO - Processing /workspaces/hands-on-introduction-data-engineering-4395021/airflow/dags/one_task_dag.py took 0.056 seconds
[2025-04-09T17:12:32.040+0000] {processor.py:157} INFO - Started process (PID=10024) to work on /workspaces/hands-on-introduction-data-engineering-4395021/airflow/dags/one_task_dag.py
[2025-04-09T17:12:32.041+0000] {processor.py:826} INFO - Processing file /workspaces/hands-on-introduction-data-engineering-4395021/airflow/dags/one_task_dag.py for tasks to queue
[2025-04-09T17:12:32.041+0000] {logging_mixin.py:150} INFO - [2025-04-09T17:12:32.041+0000] {dagbag.py:541} INFO - Filling up the DagBag from /workspaces/hands-on-introduction-data-engineering-4395021/airflow/dags/one_task_dag.py
[2025-04-09T17:12:32.049+0000] {processor.py:836} INFO - DAG(s) dict_keys(['one_task_dag']) retrieved from /workspaces/hands-on-introduction-data-engineering-4395021/airflow/dags/one_task_dag.py
[2025-04-09T17:12:32.066+0000] {logging_mixin.py:150} INFO - [2025-04-09T17:12:32.066+0000] {dag.py:2742} INFO - Sync 1 DAGs
[2025-04-09T17:12:32.080+0000] {logging_mixin.py:150} INFO - [2025-04-09T17:12:32.079+0000] {dag.py:3504} INFO - Setting next_dagrun for one_task_dag to None, run_after=None
[2025-04-09T17:12:32.093+0000] {processor.py:179} INFO - Processing /workspaces/hands-on-introduction-data-engineering-4395021/airflow/dags/one_task_dag.py took 0.056 seconds
[2025-04-09T17:13:03.279+0000] {processor.py:157} INFO - Started process (PID=10249) to work on /workspaces/hands-on-introduction-data-engineering-4395021/airflow/dags/one_task_dag.py
[2025-04-09T17:13:03.279+0000] {processor.py:826} INFO - Processing file /workspaces/hands-on-introduction-data-engineering-4395021/airflow/dags/one_task_dag.py for tasks to queue
[2025-04-09T17:13:03.280+0000] {logging_mixin.py:150} INFO - [2025-04-09T17:13:03.280+0000] {dagbag.py:541} INFO - Filling up the DagBag from /workspaces/hands-on-introduction-data-engineering-4395021/airflow/dags/one_task_dag.py
[2025-04-09T17:13:03.287+0000] {processor.py:836} INFO - DAG(s) dict_keys(['one_task_dag']) retrieved from /workspaces/hands-on-introduction-data-engineering-4395021/airflow/dags/one_task_dag.py
[2025-04-09T17:13:03.305+0000] {logging_mixin.py:150} INFO - [2025-04-09T17:13:03.305+0000] {dag.py:2742} INFO - Sync 1 DAGs
[2025-04-09T17:13:03.318+0000] {logging_mixin.py:150} INFO - [2025-04-09T17:13:03.318+0000] {dag.py:3504} INFO - Setting next_dagrun for one_task_dag to None, run_after=None
[2025-04-09T17:13:03.332+0000] {processor.py:179} INFO - Processing /workspaces/hands-on-introduction-data-engineering-4395021/airflow/dags/one_task_dag.py took 0.056 seconds
[2025-04-09T17:13:34.261+0000] {processor.py:157} INFO - Started process (PID=10458) to work on /workspaces/hands-on-introduction-data-engineering-4395021/airflow/dags/one_task_dag.py
[2025-04-09T17:13:34.261+0000] {processor.py:826} INFO - Processing file /workspaces/hands-on-introduction-data-engineering-4395021/airflow/dags/one_task_dag.py for tasks to queue
[2025-04-09T17:13:34.262+0000] {logging_mixin.py:150} INFO - [2025-04-09T17:13:34.262+0000] {dagbag.py:541} INFO - Filling up the DagBag from /workspaces/hands-on-introduction-data-engineering-4395021/airflow/dags/one_task_dag.py
[2025-04-09T17:13:34.269+0000] {processor.py:836} INFO - DAG(s) dict_keys(['one_task_dag']) retrieved from /workspaces/hands-on-introduction-data-engineering-4395021/airflow/dags/one_task_dag.py
[2025-04-09T17:13:34.287+0000] {logging_mixin.py:150} INFO - [2025-04-09T17:13:34.287+0000] {dag.py:2742} INFO - Sync 1 DAGs
[2025-04-09T17:13:34.300+0000] {logging_mixin.py:150} INFO - [2025-04-09T17:13:34.300+0000] {dag.py:3504} INFO - Setting next_dagrun for one_task_dag to None, run_after=None
[2025-04-09T17:13:34.314+0000] {processor.py:179} INFO - Processing /workspaces/hands-on-introduction-data-engineering-4395021/airflow/dags/one_task_dag.py took 0.056 seconds
[2025-04-09T17:14:04.461+0000] {processor.py:157} INFO - Started process (PID=10661) to work on /workspaces/hands-on-introduction-data-engineering-4395021/airflow/dags/one_task_dag.py
[2025-04-09T17:14:04.461+0000] {processor.py:826} INFO - Processing file /workspaces/hands-on-introduction-data-engineering-4395021/airflow/dags/one_task_dag.py for tasks to queue
[2025-04-09T17:14:04.462+0000] {logging_mixin.py:150} INFO - [2025-04-09T17:14:04.462+0000] {dagbag.py:541} INFO - Filling up the DagBag from /workspaces/hands-on-introduction-data-engineering-4395021/airflow/dags/one_task_dag.py
[2025-04-09T17:14:04.469+0000] {processor.py:836} INFO - DAG(s) dict_keys(['one_task_dag']) retrieved from /workspaces/hands-on-introduction-data-engineering-4395021/airflow/dags/one_task_dag.py
[2025-04-09T17:14:04.486+0000] {logging_mixin.py:150} INFO - [2025-04-09T17:14:04.486+0000] {dag.py:2742} INFO - Sync 1 DAGs
[2025-04-09T17:14:04.500+0000] {logging_mixin.py:150} INFO - [2025-04-09T17:14:04.499+0000] {dag.py:3504} INFO - Setting next_dagrun for one_task_dag to None, run_after=None
[2025-04-09T17:14:04.514+0000] {processor.py:179} INFO - Processing /workspaces/hands-on-introduction-data-engineering-4395021/airflow/dags/one_task_dag.py took 0.056 seconds
[2025-04-09T17:14:35.562+0000] {processor.py:157} INFO - Started process (PID=10851) to work on /workspaces/hands-on-introduction-data-engineering-4395021/airflow/dags/one_task_dag.py
[2025-04-09T17:14:35.563+0000] {processor.py:826} INFO - Processing file /workspaces/hands-on-introduction-data-engineering-4395021/airflow/dags/one_task_dag.py for tasks to queue
[2025-04-09T17:14:35.564+0000] {logging_mixin.py:150} INFO - [2025-04-09T17:14:35.563+0000] {dagbag.py:541} INFO - Filling up the DagBag from /workspaces/hands-on-introduction-data-engineering-4395021/airflow/dags/one_task_dag.py
[2025-04-09T17:14:35.571+0000] {processor.py:836} INFO - DAG(s) dict_keys(['one_task_dag']) retrieved from /workspaces/hands-on-introduction-data-engineering-4395021/airflow/dags/one_task_dag.py
[2025-04-09T17:14:35.588+0000] {logging_mixin.py:150} INFO - [2025-04-09T17:14:35.588+0000] {dag.py:2742} INFO - Sync 1 DAGs
[2025-04-09T17:14:35.601+0000] {logging_mixin.py:150} INFO - [2025-04-09T17:14:35.601+0000] {dag.py:3504} INFO - Setting next_dagrun for one_task_dag to None, run_after=None
[2025-04-09T17:14:35.615+0000] {processor.py:179} INFO - Processing /workspaces/hands-on-introduction-data-engineering-4395021/airflow/dags/one_task_dag.py took 0.055 seconds
[2025-04-09T17:15:06.527+0000] {processor.py:157} INFO - Started process (PID=11023) to work on /workspaces/hands-on-introduction-data-engineering-4395021/airflow/dags/one_task_dag.py
[2025-04-09T17:15:06.527+0000] {processor.py:826} INFO - Processing file /workspaces/hands-on-introduction-data-engineering-4395021/airflow/dags/one_task_dag.py for tasks to queue
[2025-04-09T17:15:06.528+0000] {logging_mixin.py:150} INFO - [2025-04-09T17:15:06.528+0000] {dagbag.py:541} INFO - Filling up the DagBag from /workspaces/hands-on-introduction-data-engineering-4395021/airflow/dags/one_task_dag.py
[2025-04-09T17:15:06.535+0000] {processor.py:836} INFO - DAG(s) dict_keys(['one_task_dag']) retrieved from /workspaces/hands-on-introduction-data-engineering-4395021/airflow/dags/one_task_dag.py
[2025-04-09T17:15:06.552+0000] {logging_mixin.py:150} INFO - [2025-04-09T17:15:06.552+0000] {dag.py:2742} INFO - Sync 1 DAGs
[2025-04-09T17:15:06.565+0000] {logging_mixin.py:150} INFO - [2025-04-09T17:15:06.565+0000] {dag.py:3504} INFO - Setting next_dagrun for one_task_dag to None, run_after=None
[2025-04-09T17:15:06.579+0000] {processor.py:179} INFO - Processing /workspaces/hands-on-introduction-data-engineering-4395021/airflow/dags/one_task_dag.py took 0.056 seconds
[2025-04-09T17:15:36.690+0000] {processor.py:157} INFO - Started process (PID=11227) to work on /workspaces/hands-on-introduction-data-engineering-4395021/airflow/dags/one_task_dag.py
[2025-04-09T17:15:36.691+0000] {processor.py:826} INFO - Processing file /workspaces/hands-on-introduction-data-engineering-4395021/airflow/dags/one_task_dag.py for tasks to queue
[2025-04-09T17:15:36.692+0000] {logging_mixin.py:150} INFO - [2025-04-09T17:15:36.691+0000] {dagbag.py:541} INFO - Filling up the DagBag from /workspaces/hands-on-introduction-data-engineering-4395021/airflow/dags/one_task_dag.py
[2025-04-09T17:15:36.699+0000] {processor.py:836} INFO - DAG(s) dict_keys(['one_task_dag']) retrieved from /workspaces/hands-on-introduction-data-engineering-4395021/airflow/dags/one_task_dag.py
[2025-04-09T17:15:36.716+0000] {logging_mixin.py:150} INFO - [2025-04-09T17:15:36.716+0000] {dag.py:2742} INFO - Sync 1 DAGs
[2025-04-09T17:15:36.730+0000] {logging_mixin.py:150} INFO - [2025-04-09T17:15:36.730+0000] {dag.py:3504} INFO - Setting next_dagrun for one_task_dag to None, run_after=None
[2025-04-09T17:15:36.743+0000] {processor.py:179} INFO - Processing /workspaces/hands-on-introduction-data-engineering-4395021/airflow/dags/one_task_dag.py took 0.056 seconds
[2025-04-09T17:16:06.831+0000] {processor.py:157} INFO - Started process (PID=11565) to work on /workspaces/hands-on-introduction-data-engineering-4395021/airflow/dags/one_task_dag.py
[2025-04-09T17:16:06.832+0000] {processor.py:826} INFO - Processing file /workspaces/hands-on-introduction-data-engineering-4395021/airflow/dags/one_task_dag.py for tasks to queue
[2025-04-09T17:16:06.832+0000] {logging_mixin.py:150} INFO - [2025-04-09T17:16:06.832+0000] {dagbag.py:541} INFO - Filling up the DagBag from /workspaces/hands-on-introduction-data-engineering-4395021/airflow/dags/one_task_dag.py
[2025-04-09T17:16:06.840+0000] {processor.py:836} INFO - DAG(s) dict_keys(['one_task_dag']) retrieved from /workspaces/hands-on-introduction-data-engineering-4395021/airflow/dags/one_task_dag.py
[2025-04-09T17:16:06.857+0000] {logging_mixin.py:150} INFO - [2025-04-09T17:16:06.857+0000] {dag.py:2742} INFO - Sync 1 DAGs
[2025-04-09T17:16:06.871+0000] {logging_mixin.py:150} INFO - [2025-04-09T17:16:06.870+0000] {dag.py:3504} INFO - Setting next_dagrun for one_task_dag to None, run_after=None
[2025-04-09T17:16:06.884+0000] {processor.py:179} INFO - Processing /workspaces/hands-on-introduction-data-engineering-4395021/airflow/dags/one_task_dag.py took 0.056 seconds
[2025-04-09T17:16:36.996+0000] {processor.py:157} INFO - Started process (PID=11876) to work on /workspaces/hands-on-introduction-data-engineering-4395021/airflow/dags/one_task_dag.py
[2025-04-09T17:16:36.997+0000] {processor.py:826} INFO - Processing file /workspaces/hands-on-introduction-data-engineering-4395021/airflow/dags/one_task_dag.py for tasks to queue
[2025-04-09T17:16:36.998+0000] {logging_mixin.py:150} INFO - [2025-04-09T17:16:36.998+0000] {dagbag.py:541} INFO - Filling up the DagBag from /workspaces/hands-on-introduction-data-engineering-4395021/airflow/dags/one_task_dag.py
[2025-04-09T17:16:37.005+0000] {processor.py:836} INFO - DAG(s) dict_keys(['one_task_dag']) retrieved from /workspaces/hands-on-introduction-data-engineering-4395021/airflow/dags/one_task_dag.py
[2025-04-09T17:16:37.022+0000] {logging_mixin.py:150} INFO - [2025-04-09T17:16:37.022+0000] {dag.py:2742} INFO - Sync 1 DAGs
[2025-04-09T17:16:37.039+0000] {logging_mixin.py:150} INFO - [2025-04-09T17:16:37.039+0000] {dag.py:3504} INFO - Setting next_dagrun for one_task_dag to None, run_after=None
[2025-04-09T17:16:37.052+0000] {processor.py:179} INFO - Processing /workspaces/hands-on-introduction-data-engineering-4395021/airflow/dags/one_task_dag.py took 0.058 seconds
[2025-04-09T17:17:07.159+0000] {processor.py:157} INFO - Started process (PID=12086) to work on /workspaces/hands-on-introduction-data-engineering-4395021/airflow/dags/one_task_dag.py
[2025-04-09T17:17:07.160+0000] {processor.py:826} INFO - Processing file /workspaces/hands-on-introduction-data-engineering-4395021/airflow/dags/one_task_dag.py for tasks to queue
[2025-04-09T17:17:07.161+0000] {logging_mixin.py:150} INFO - [2025-04-09T17:17:07.160+0000] {dagbag.py:541} INFO - Filling up the DagBag from /workspaces/hands-on-introduction-data-engineering-4395021/airflow/dags/one_task_dag.py
[2025-04-09T17:17:07.168+0000] {processor.py:836} INFO - DAG(s) dict_keys(['one_task_dag']) retrieved from /workspaces/hands-on-introduction-data-engineering-4395021/airflow/dags/one_task_dag.py
[2025-04-09T17:17:07.185+0000] {logging_mixin.py:150} INFO - [2025-04-09T17:17:07.185+0000] {dag.py:2742} INFO - Sync 1 DAGs
[2025-04-09T17:17:07.198+0000] {logging_mixin.py:150} INFO - [2025-04-09T17:17:07.198+0000] {dag.py:3504} INFO - Setting next_dagrun for one_task_dag to None, run_after=None
[2025-04-09T17:17:07.212+0000] {processor.py:179} INFO - Processing /workspaces/hands-on-introduction-data-engineering-4395021/airflow/dags/one_task_dag.py took 0.055 seconds
[2025-04-09T17:17:37.362+0000] {processor.py:157} INFO - Started process (PID=12292) to work on /workspaces/hands-on-introduction-data-engineering-4395021/airflow/dags/one_task_dag.py
[2025-04-09T17:17:37.363+0000] {processor.py:826} INFO - Processing file /workspaces/hands-on-introduction-data-engineering-4395021/airflow/dags/one_task_dag.py for tasks to queue
[2025-04-09T17:17:37.364+0000] {logging_mixin.py:150} INFO - [2025-04-09T17:17:37.363+0000] {dagbag.py:541} INFO - Filling up the DagBag from /workspaces/hands-on-introduction-data-engineering-4395021/airflow/dags/one_task_dag.py
[2025-04-09T17:17:37.371+0000] {processor.py:836} INFO - DAG(s) dict_keys(['one_task_dag']) retrieved from /workspaces/hands-on-introduction-data-engineering-4395021/airflow/dags/one_task_dag.py
[2025-04-09T17:17:37.388+0000] {logging_mixin.py:150} INFO - [2025-04-09T17:17:37.388+0000] {dag.py:2742} INFO - Sync 1 DAGs
[2025-04-09T17:17:37.401+0000] {logging_mixin.py:150} INFO - [2025-04-09T17:17:37.401+0000] {dag.py:3504} INFO - Setting next_dagrun for one_task_dag to None, run_after=None
[2025-04-09T17:17:37.415+0000] {processor.py:179} INFO - Processing /workspaces/hands-on-introduction-data-engineering-4395021/airflow/dags/one_task_dag.py took 0.056 seconds
[2025-04-09T17:17:50.094+0000] {processor.py:157} INFO - Started process (PID=12376) to work on /workspaces/hands-on-introduction-data-engineering-4395021/airflow/dags/one_task_dag.py
[2025-04-09T17:17:50.095+0000] {processor.py:826} INFO - Processing file /workspaces/hands-on-introduction-data-engineering-4395021/airflow/dags/one_task_dag.py for tasks to queue
[2025-04-09T17:17:50.096+0000] {logging_mixin.py:150} INFO - [2025-04-09T17:17:50.096+0000] {dagbag.py:541} INFO - Filling up the DagBag from /workspaces/hands-on-introduction-data-engineering-4395021/airflow/dags/one_task_dag.py
[2025-04-09T17:17:50.104+0000] {processor.py:836} INFO - DAG(s) dict_keys(['one_task_dag']) retrieved from /workspaces/hands-on-introduction-data-engineering-4395021/airflow/dags/one_task_dag.py
[2025-04-09T17:17:50.125+0000] {logging_mixin.py:150} INFO - [2025-04-09T17:17:50.124+0000] {dag.py:2742} INFO - Sync 1 DAGs
[2025-04-09T17:17:50.139+0000] {logging_mixin.py:150} INFO - [2025-04-09T17:17:50.139+0000] {dag.py:3504} INFO - Setting next_dagrun for one_task_dag to None, run_after=None
[2025-04-09T17:17:50.155+0000] {processor.py:179} INFO - Processing /workspaces/hands-on-introduction-data-engineering-4395021/airflow/dags/one_task_dag.py took 0.063 seconds
[2025-04-09T17:18:21.176+0000] {processor.py:157} INFO - Started process (PID=12638) to work on /workspaces/hands-on-introduction-data-engineering-4395021/airflow/dags/one_task_dag.py
[2025-04-09T17:18:21.181+0000] {processor.py:826} INFO - Processing file /workspaces/hands-on-introduction-data-engineering-4395021/airflow/dags/one_task_dag.py for tasks to queue
[2025-04-09T17:18:21.181+0000] {logging_mixin.py:150} INFO - [2025-04-09T17:18:21.181+0000] {dagbag.py:541} INFO - Filling up the DagBag from /workspaces/hands-on-introduction-data-engineering-4395021/airflow/dags/one_task_dag.py
[2025-04-09T17:18:21.210+0000] {processor.py:836} INFO - DAG(s) dict_keys(['one_task_dag']) retrieved from /workspaces/hands-on-introduction-data-engineering-4395021/airflow/dags/one_task_dag.py
[2025-04-09T17:18:21.278+0000] {logging_mixin.py:150} INFO - [2025-04-09T17:18:21.277+0000] {dag.py:2742} INFO - Sync 1 DAGs
[2025-04-09T17:18:21.325+0000] {logging_mixin.py:150} INFO - [2025-04-09T17:18:21.324+0000] {dag.py:3504} INFO - Setting next_dagrun for one_task_dag to None, run_after=None
[2025-04-09T17:18:21.384+0000] {processor.py:179} INFO - Processing /workspaces/hands-on-introduction-data-engineering-4395021/airflow/dags/one_task_dag.py took 0.220 seconds
[2025-04-09T17:18:52.278+0000] {processor.py:157} INFO - Started process (PID=12830) to work on /workspaces/hands-on-introduction-data-engineering-4395021/airflow/dags/one_task_dag.py
[2025-04-09T17:18:52.279+0000] {processor.py:826} INFO - Processing file /workspaces/hands-on-introduction-data-engineering-4395021/airflow/dags/one_task_dag.py for tasks to queue
[2025-04-09T17:18:52.280+0000] {logging_mixin.py:150} INFO - [2025-04-09T17:18:52.280+0000] {dagbag.py:541} INFO - Filling up the DagBag from /workspaces/hands-on-introduction-data-engineering-4395021/airflow/dags/one_task_dag.py
[2025-04-09T17:18:52.287+0000] {processor.py:836} INFO - DAG(s) dict_keys(['one_task_dag']) retrieved from /workspaces/hands-on-introduction-data-engineering-4395021/airflow/dags/one_task_dag.py
[2025-04-09T17:18:52.305+0000] {logging_mixin.py:150} INFO - [2025-04-09T17:18:52.304+0000] {dag.py:2742} INFO - Sync 1 DAGs
[2025-04-09T17:18:52.318+0000] {logging_mixin.py:150} INFO - [2025-04-09T17:18:52.318+0000] {dag.py:3504} INFO - Setting next_dagrun for one_task_dag to None, run_after=None
[2025-04-09T17:18:52.332+0000] {processor.py:179} INFO - Processing /workspaces/hands-on-introduction-data-engineering-4395021/airflow/dags/one_task_dag.py took 0.056 seconds
[2025-04-09T17:19:22.651+0000] {processor.py:157} INFO - Started process (PID=13146) to work on /workspaces/hands-on-introduction-data-engineering-4395021/airflow/dags/one_task_dag.py
[2025-04-09T17:19:22.652+0000] {processor.py:826} INFO - Processing file /workspaces/hands-on-introduction-data-engineering-4395021/airflow/dags/one_task_dag.py for tasks to queue
[2025-04-09T17:19:22.653+0000] {logging_mixin.py:150} INFO - [2025-04-09T17:19:22.653+0000] {dagbag.py:541} INFO - Filling up the DagBag from /workspaces/hands-on-introduction-data-engineering-4395021/airflow/dags/one_task_dag.py
[2025-04-09T17:19:22.660+0000] {processor.py:836} INFO - DAG(s) dict_keys(['one_task_dag']) retrieved from /workspaces/hands-on-introduction-data-engineering-4395021/airflow/dags/one_task_dag.py
[2025-04-09T17:19:22.682+0000] {logging_mixin.py:150} INFO - [2025-04-09T17:19:22.682+0000] {dag.py:2742} INFO - Sync 1 DAGs
[2025-04-09T17:19:22.696+0000] {logging_mixin.py:150} INFO - [2025-04-09T17:19:22.696+0000] {dag.py:3504} INFO - Setting next_dagrun for one_task_dag to None, run_after=None
[2025-04-09T17:19:22.710+0000] {processor.py:179} INFO - Processing /workspaces/hands-on-introduction-data-engineering-4395021/airflow/dags/one_task_dag.py took 0.061 seconds
[2025-04-09T17:19:52.808+0000] {processor.py:157} INFO - Started process (PID=13402) to work on /workspaces/hands-on-introduction-data-engineering-4395021/airflow/dags/one_task_dag.py
[2025-04-09T17:19:52.808+0000] {processor.py:826} INFO - Processing file /workspaces/hands-on-introduction-data-engineering-4395021/airflow/dags/one_task_dag.py for tasks to queue
[2025-04-09T17:19:52.809+0000] {logging_mixin.py:150} INFO - [2025-04-09T17:19:52.809+0000] {dagbag.py:541} INFO - Filling up the DagBag from /workspaces/hands-on-introduction-data-engineering-4395021/airflow/dags/one_task_dag.py
[2025-04-09T17:19:52.816+0000] {processor.py:836} INFO - DAG(s) dict_keys(['one_task_dag']) retrieved from /workspaces/hands-on-introduction-data-engineering-4395021/airflow/dags/one_task_dag.py
[2025-04-09T17:19:52.834+0000] {logging_mixin.py:150} INFO - [2025-04-09T17:19:52.834+0000] {dag.py:2742} INFO - Sync 1 DAGs
[2025-04-09T17:19:52.847+0000] {logging_mixin.py:150} INFO - [2025-04-09T17:19:52.847+0000] {dag.py:3504} INFO - Setting next_dagrun for one_task_dag to None, run_after=None
[2025-04-09T17:19:52.860+0000] {processor.py:179} INFO - Processing /workspaces/hands-on-introduction-data-engineering-4395021/airflow/dags/one_task_dag.py took 0.055 seconds
[2025-04-09T17:20:22.972+0000] {processor.py:157} INFO - Started process (PID=13579) to work on /workspaces/hands-on-introduction-data-engineering-4395021/airflow/dags/one_task_dag.py
[2025-04-09T17:20:22.972+0000] {processor.py:826} INFO - Processing file /workspaces/hands-on-introduction-data-engineering-4395021/airflow/dags/one_task_dag.py for tasks to queue
[2025-04-09T17:20:22.973+0000] {logging_mixin.py:150} INFO - [2025-04-09T17:20:22.973+0000] {dagbag.py:541} INFO - Filling up the DagBag from /workspaces/hands-on-introduction-data-engineering-4395021/airflow/dags/one_task_dag.py
[2025-04-09T17:20:22.980+0000] {processor.py:836} INFO - DAG(s) dict_keys(['one_task_dag']) retrieved from /workspaces/hands-on-introduction-data-engineering-4395021/airflow/dags/one_task_dag.py
[2025-04-09T17:20:22.998+0000] {logging_mixin.py:150} INFO - [2025-04-09T17:20:22.998+0000] {dag.py:2742} INFO - Sync 1 DAGs
[2025-04-09T17:20:23.012+0000] {logging_mixin.py:150} INFO - [2025-04-09T17:20:23.011+0000] {dag.py:3504} INFO - Setting next_dagrun for one_task_dag to None, run_after=None
[2025-04-09T17:20:23.025+0000] {processor.py:179} INFO - Processing /workspaces/hands-on-introduction-data-engineering-4395021/airflow/dags/one_task_dag.py took 0.056 seconds
[2025-04-09T17:20:53.130+0000] {processor.py:157} INFO - Started process (PID=13750) to work on /workspaces/hands-on-introduction-data-engineering-4395021/airflow/dags/one_task_dag.py
[2025-04-09T17:20:53.131+0000] {processor.py:826} INFO - Processing file /workspaces/hands-on-introduction-data-engineering-4395021/airflow/dags/one_task_dag.py for tasks to queue
[2025-04-09T17:20:53.132+0000] {logging_mixin.py:150} INFO - [2025-04-09T17:20:53.131+0000] {dagbag.py:541} INFO - Filling up the DagBag from /workspaces/hands-on-introduction-data-engineering-4395021/airflow/dags/one_task_dag.py
[2025-04-09T17:20:53.139+0000] {processor.py:836} INFO - DAG(s) dict_keys(['one_task_dag']) retrieved from /workspaces/hands-on-introduction-data-engineering-4395021/airflow/dags/one_task_dag.py
[2025-04-09T17:20:53.156+0000] {logging_mixin.py:150} INFO - [2025-04-09T17:20:53.156+0000] {dag.py:2742} INFO - Sync 1 DAGs
[2025-04-09T17:20:53.170+0000] {logging_mixin.py:150} INFO - [2025-04-09T17:20:53.170+0000] {dag.py:3504} INFO - Setting next_dagrun for one_task_dag to None, run_after=None
[2025-04-09T17:20:53.184+0000] {processor.py:179} INFO - Processing /workspaces/hands-on-introduction-data-engineering-4395021/airflow/dags/one_task_dag.py took 0.056 seconds
[2025-04-09T17:21:23.287+0000] {processor.py:157} INFO - Started process (PID=13928) to work on /workspaces/hands-on-introduction-data-engineering-4395021/airflow/dags/one_task_dag.py
[2025-04-09T17:21:23.288+0000] {processor.py:826} INFO - Processing file /workspaces/hands-on-introduction-data-engineering-4395021/airflow/dags/one_task_dag.py for tasks to queue
[2025-04-09T17:21:23.289+0000] {logging_mixin.py:150} INFO - [2025-04-09T17:21:23.289+0000] {dagbag.py:541} INFO - Filling up the DagBag from /workspaces/hands-on-introduction-data-engineering-4395021/airflow/dags/one_task_dag.py
[2025-04-09T17:21:23.296+0000] {processor.py:836} INFO - DAG(s) dict_keys(['one_task_dag']) retrieved from /workspaces/hands-on-introduction-data-engineering-4395021/airflow/dags/one_task_dag.py
[2025-04-09T17:21:23.313+0000] {logging_mixin.py:150} INFO - [2025-04-09T17:21:23.313+0000] {dag.py:2742} INFO - Sync 1 DAGs
[2025-04-09T17:21:23.326+0000] {logging_mixin.py:150} INFO - [2025-04-09T17:21:23.326+0000] {dag.py:3504} INFO - Setting next_dagrun for one_task_dag to None, run_after=None
[2025-04-09T17:21:23.340+0000] {processor.py:179} INFO - Processing /workspaces/hands-on-introduction-data-engineering-4395021/airflow/dags/one_task_dag.py took 0.055 seconds
[2025-04-09T17:21:54.881+0000] {processor.py:157} INFO - Started process (PID=14125) to work on /workspaces/hands-on-introduction-data-engineering-4395021/airflow/dags/one_task_dag.py
[2025-04-09T17:21:54.882+0000] {processor.py:826} INFO - Processing file /workspaces/hands-on-introduction-data-engineering-4395021/airflow/dags/one_task_dag.py for tasks to queue
[2025-04-09T17:21:54.883+0000] {logging_mixin.py:150} INFO - [2025-04-09T17:21:54.882+0000] {dagbag.py:541} INFO - Filling up the DagBag from /workspaces/hands-on-introduction-data-engineering-4395021/airflow/dags/one_task_dag.py
[2025-04-09T17:21:54.890+0000] {processor.py:836} INFO - DAG(s) dict_keys(['one_task_dag']) retrieved from /workspaces/hands-on-introduction-data-engineering-4395021/airflow/dags/one_task_dag.py
[2025-04-09T17:21:54.907+0000] {logging_mixin.py:150} INFO - [2025-04-09T17:21:54.907+0000] {dag.py:2742} INFO - Sync 1 DAGs
[2025-04-09T17:21:54.920+0000] {logging_mixin.py:150} INFO - [2025-04-09T17:21:54.920+0000] {dag.py:3504} INFO - Setting next_dagrun for one_task_dag to None, run_after=None
[2025-04-09T17:21:54.934+0000] {processor.py:179} INFO - Processing /workspaces/hands-on-introduction-data-engineering-4395021/airflow/dags/one_task_dag.py took 0.055 seconds
[2025-04-09T17:22:25.042+0000] {processor.py:157} INFO - Started process (PID=14290) to work on /workspaces/hands-on-introduction-data-engineering-4395021/airflow/dags/one_task_dag.py
[2025-04-09T17:22:25.043+0000] {processor.py:826} INFO - Processing file /workspaces/hands-on-introduction-data-engineering-4395021/airflow/dags/one_task_dag.py for tasks to queue
[2025-04-09T17:22:25.044+0000] {logging_mixin.py:150} INFO - [2025-04-09T17:22:25.043+0000] {dagbag.py:541} INFO - Filling up the DagBag from /workspaces/hands-on-introduction-data-engineering-4395021/airflow/dags/one_task_dag.py
[2025-04-09T17:22:25.051+0000] {processor.py:836} INFO - DAG(s) dict_keys(['one_task_dag']) retrieved from /workspaces/hands-on-introduction-data-engineering-4395021/airflow/dags/one_task_dag.py
[2025-04-09T17:22:25.069+0000] {logging_mixin.py:150} INFO - [2025-04-09T17:22:25.069+0000] {dag.py:2742} INFO - Sync 1 DAGs
[2025-04-09T17:22:25.083+0000] {logging_mixin.py:150} INFO - [2025-04-09T17:22:25.083+0000] {dag.py:3504} INFO - Setting next_dagrun for one_task_dag to None, run_after=None
[2025-04-09T17:22:25.097+0000] {processor.py:179} INFO - Processing /workspaces/hands-on-introduction-data-engineering-4395021/airflow/dags/one_task_dag.py took 0.057 seconds
[2025-04-09T17:22:55.339+0000] {processor.py:157} INFO - Started process (PID=14481) to work on /workspaces/hands-on-introduction-data-engineering-4395021/airflow/dags/one_task_dag.py
[2025-04-09T17:22:55.340+0000] {processor.py:826} INFO - Processing file /workspaces/hands-on-introduction-data-engineering-4395021/airflow/dags/one_task_dag.py for tasks to queue
[2025-04-09T17:22:55.341+0000] {logging_mixin.py:150} INFO - [2025-04-09T17:22:55.340+0000] {dagbag.py:541} INFO - Filling up the DagBag from /workspaces/hands-on-introduction-data-engineering-4395021/airflow/dags/one_task_dag.py
[2025-04-09T17:22:55.348+0000] {processor.py:836} INFO - DAG(s) dict_keys(['one_task_dag']) retrieved from /workspaces/hands-on-introduction-data-engineering-4395021/airflow/dags/one_task_dag.py
[2025-04-09T17:22:55.372+0000] {logging_mixin.py:150} INFO - [2025-04-09T17:22:55.371+0000] {dag.py:2742} INFO - Sync 1 DAGs
[2025-04-09T17:22:55.391+0000] {logging_mixin.py:150} INFO - [2025-04-09T17:22:55.390+0000] {dag.py:3504} INFO - Setting next_dagrun for one_task_dag to None, run_after=None
[2025-04-09T17:22:55.405+0000] {processor.py:179} INFO - Processing /workspaces/hands-on-introduction-data-engineering-4395021/airflow/dags/one_task_dag.py took 0.068 seconds
[2025-04-09T17:23:25.644+0000] {processor.py:157} INFO - Started process (PID=14717) to work on /workspaces/hands-on-introduction-data-engineering-4395021/airflow/dags/one_task_dag.py
[2025-04-09T17:23:25.645+0000] {processor.py:826} INFO - Processing file /workspaces/hands-on-introduction-data-engineering-4395021/airflow/dags/one_task_dag.py for tasks to queue
[2025-04-09T17:23:25.646+0000] {logging_mixin.py:150} INFO - [2025-04-09T17:23:25.646+0000] {dagbag.py:541} INFO - Filling up the DagBag from /workspaces/hands-on-introduction-data-engineering-4395021/airflow/dags/one_task_dag.py
[2025-04-09T17:23:25.653+0000] {processor.py:836} INFO - DAG(s) dict_keys(['one_task_dag']) retrieved from /workspaces/hands-on-introduction-data-engineering-4395021/airflow/dags/one_task_dag.py
[2025-04-09T17:23:25.671+0000] {logging_mixin.py:150} INFO - [2025-04-09T17:23:25.670+0000] {dag.py:2742} INFO - Sync 1 DAGs
[2025-04-09T17:23:25.685+0000] {logging_mixin.py:150} INFO - [2025-04-09T17:23:25.684+0000] {dag.py:3504} INFO - Setting next_dagrun for one_task_dag to None, run_after=None
[2025-04-09T17:23:25.698+0000] {processor.py:179} INFO - Processing /workspaces/hands-on-introduction-data-engineering-4395021/airflow/dags/one_task_dag.py took 0.056 seconds
[2025-04-09T17:23:55.970+0000] {processor.py:157} INFO - Started process (PID=14944) to work on /workspaces/hands-on-introduction-data-engineering-4395021/airflow/dags/one_task_dag.py
[2025-04-09T17:23:55.971+0000] {processor.py:826} INFO - Processing file /workspaces/hands-on-introduction-data-engineering-4395021/airflow/dags/one_task_dag.py for tasks to queue
[2025-04-09T17:23:55.972+0000] {logging_mixin.py:150} INFO - [2025-04-09T17:23:55.971+0000] {dagbag.py:541} INFO - Filling up the DagBag from /workspaces/hands-on-introduction-data-engineering-4395021/airflow/dags/one_task_dag.py
[2025-04-09T17:23:55.983+0000] {processor.py:836} INFO - DAG(s) dict_keys(['one_task_dag']) retrieved from /workspaces/hands-on-introduction-data-engineering-4395021/airflow/dags/one_task_dag.py
[2025-04-09T17:23:56.033+0000] {logging_mixin.py:150} INFO - [2025-04-09T17:23:56.033+0000] {dag.py:2742} INFO - Sync 1 DAGs
[2025-04-09T17:23:56.080+0000] {logging_mixin.py:150} INFO - [2025-04-09T17:23:56.080+0000] {dag.py:3504} INFO - Setting next_dagrun for one_task_dag to None, run_after=None
[2025-04-09T17:23:56.092+0000] {processor.py:179} INFO - Processing /workspaces/hands-on-introduction-data-engineering-4395021/airflow/dags/one_task_dag.py took 0.127 seconds
[2025-04-09T17:24:27.170+0000] {processor.py:157} INFO - Started process (PID=15126) to work on /workspaces/hands-on-introduction-data-engineering-4395021/airflow/dags/one_task_dag.py
[2025-04-09T17:24:27.171+0000] {processor.py:826} INFO - Processing file /workspaces/hands-on-introduction-data-engineering-4395021/airflow/dags/one_task_dag.py for tasks to queue
[2025-04-09T17:24:27.172+0000] {logging_mixin.py:150} INFO - [2025-04-09T17:24:27.172+0000] {dagbag.py:541} INFO - Filling up the DagBag from /workspaces/hands-on-introduction-data-engineering-4395021/airflow/dags/one_task_dag.py
[2025-04-09T17:24:27.179+0000] {processor.py:836} INFO - DAG(s) dict_keys(['one_task_dag']) retrieved from /workspaces/hands-on-introduction-data-engineering-4395021/airflow/dags/one_task_dag.py
[2025-04-09T17:24:27.199+0000] {logging_mixin.py:150} INFO - [2025-04-09T17:24:27.198+0000] {dag.py:2742} INFO - Sync 1 DAGs
[2025-04-09T17:24:27.212+0000] {logging_mixin.py:150} INFO - [2025-04-09T17:24:27.212+0000] {dag.py:3504} INFO - Setting next_dagrun for one_task_dag to None, run_after=None
[2025-04-09T17:24:27.225+0000] {processor.py:179} INFO - Processing /workspaces/hands-on-introduction-data-engineering-4395021/airflow/dags/one_task_dag.py took 0.058 seconds
[2025-04-09T17:24:57.863+0000] {processor.py:157} INFO - Started process (PID=15313) to work on /workspaces/hands-on-introduction-data-engineering-4395021/airflow/dags/one_task_dag.py
[2025-04-09T17:24:57.863+0000] {processor.py:826} INFO - Processing file /workspaces/hands-on-introduction-data-engineering-4395021/airflow/dags/one_task_dag.py for tasks to queue
[2025-04-09T17:24:57.864+0000] {logging_mixin.py:150} INFO - [2025-04-09T17:24:57.864+0000] {dagbag.py:541} INFO - Filling up the DagBag from /workspaces/hands-on-introduction-data-engineering-4395021/airflow/dags/one_task_dag.py
[2025-04-09T17:24:57.871+0000] {processor.py:836} INFO - DAG(s) dict_keys(['one_task_dag']) retrieved from /workspaces/hands-on-introduction-data-engineering-4395021/airflow/dags/one_task_dag.py
[2025-04-09T17:24:57.889+0000] {logging_mixin.py:150} INFO - [2025-04-09T17:24:57.889+0000] {dag.py:2742} INFO - Sync 1 DAGs
[2025-04-09T17:24:57.902+0000] {logging_mixin.py:150} INFO - [2025-04-09T17:24:57.902+0000] {dag.py:3504} INFO - Setting next_dagrun for one_task_dag to None, run_after=None
[2025-04-09T17:24:57.916+0000] {processor.py:179} INFO - Processing /workspaces/hands-on-introduction-data-engineering-4395021/airflow/dags/one_task_dag.py took 0.057 seconds
[2025-04-09T17:25:28.170+0000] {processor.py:157} INFO - Started process (PID=15515) to work on /workspaces/hands-on-introduction-data-engineering-4395021/airflow/dags/one_task_dag.py
[2025-04-09T17:25:28.171+0000] {processor.py:826} INFO - Processing file /workspaces/hands-on-introduction-data-engineering-4395021/airflow/dags/one_task_dag.py for tasks to queue
[2025-04-09T17:25:28.172+0000] {logging_mixin.py:150} INFO - [2025-04-09T17:25:28.171+0000] {dagbag.py:541} INFO - Filling up the DagBag from /workspaces/hands-on-introduction-data-engineering-4395021/airflow/dags/one_task_dag.py
[2025-04-09T17:25:28.179+0000] {processor.py:836} INFO - DAG(s) dict_keys(['one_task_dag']) retrieved from /workspaces/hands-on-introduction-data-engineering-4395021/airflow/dags/one_task_dag.py
[2025-04-09T17:25:28.197+0000] {logging_mixin.py:150} INFO - [2025-04-09T17:25:28.197+0000] {dag.py:2742} INFO - Sync 1 DAGs
[2025-04-09T17:25:28.211+0000] {logging_mixin.py:150} INFO - [2025-04-09T17:25:28.211+0000] {dag.py:3504} INFO - Setting next_dagrun for one_task_dag to None, run_after=None
[2025-04-09T17:25:28.226+0000] {processor.py:179} INFO - Processing /workspaces/hands-on-introduction-data-engineering-4395021/airflow/dags/one_task_dag.py took 0.058 seconds
[2025-04-09T17:25:59.593+0000] {processor.py:157} INFO - Started process (PID=15926) to work on /workspaces/hands-on-introduction-data-engineering-4395021/airflow/dags/one_task_dag.py
[2025-04-09T17:25:59.593+0000] {processor.py:826} INFO - Processing file /workspaces/hands-on-introduction-data-engineering-4395021/airflow/dags/one_task_dag.py for tasks to queue
[2025-04-09T17:25:59.594+0000] {logging_mixin.py:150} INFO - [2025-04-09T17:25:59.594+0000] {dagbag.py:541} INFO - Filling up the DagBag from /workspaces/hands-on-introduction-data-engineering-4395021/airflow/dags/one_task_dag.py
[2025-04-09T17:25:59.601+0000] {processor.py:836} INFO - DAG(s) dict_keys(['one_task_dag']) retrieved from /workspaces/hands-on-introduction-data-engineering-4395021/airflow/dags/one_task_dag.py
[2025-04-09T17:25:59.618+0000] {logging_mixin.py:150} INFO - [2025-04-09T17:25:59.618+0000] {dag.py:2742} INFO - Sync 1 DAGs
[2025-04-09T17:25:59.631+0000] {logging_mixin.py:150} INFO - [2025-04-09T17:25:59.631+0000] {dag.py:3504} INFO - Setting next_dagrun for one_task_dag to None, run_after=None
[2025-04-09T17:25:59.645+0000] {processor.py:179} INFO - Processing /workspaces/hands-on-introduction-data-engineering-4395021/airflow/dags/one_task_dag.py took 0.055 seconds
[2025-04-09T17:26:29.787+0000] {processor.py:157} INFO - Started process (PID=16259) to work on /workspaces/hands-on-introduction-data-engineering-4395021/airflow/dags/one_task_dag.py
[2025-04-09T17:26:29.787+0000] {processor.py:826} INFO - Processing file /workspaces/hands-on-introduction-data-engineering-4395021/airflow/dags/one_task_dag.py for tasks to queue
[2025-04-09T17:26:29.788+0000] {logging_mixin.py:150} INFO - [2025-04-09T17:26:29.788+0000] {dagbag.py:541} INFO - Filling up the DagBag from /workspaces/hands-on-introduction-data-engineering-4395021/airflow/dags/one_task_dag.py
[2025-04-09T17:26:29.795+0000] {processor.py:836} INFO - DAG(s) dict_keys(['one_task_dag']) retrieved from /workspaces/hands-on-introduction-data-engineering-4395021/airflow/dags/one_task_dag.py
[2025-04-09T17:26:29.812+0000] {logging_mixin.py:150} INFO - [2025-04-09T17:26:29.812+0000] {dag.py:2742} INFO - Sync 1 DAGs
[2025-04-09T17:26:29.826+0000] {logging_mixin.py:150} INFO - [2025-04-09T17:26:29.826+0000] {dag.py:3504} INFO - Setting next_dagrun for one_task_dag to None, run_after=None
[2025-04-09T17:26:29.840+0000] {processor.py:179} INFO - Processing /workspaces/hands-on-introduction-data-engineering-4395021/airflow/dags/one_task_dag.py took 0.056 seconds
[2025-04-09T17:26:59.974+0000] {processor.py:157} INFO - Started process (PID=16453) to work on /workspaces/hands-on-introduction-data-engineering-4395021/airflow/dags/one_task_dag.py
[2025-04-09T17:26:59.975+0000] {processor.py:826} INFO - Processing file /workspaces/hands-on-introduction-data-engineering-4395021/airflow/dags/one_task_dag.py for tasks to queue
[2025-04-09T17:26:59.975+0000] {logging_mixin.py:150} INFO - [2025-04-09T17:26:59.975+0000] {dagbag.py:541} INFO - Filling up the DagBag from /workspaces/hands-on-introduction-data-engineering-4395021/airflow/dags/one_task_dag.py
[2025-04-09T17:26:59.983+0000] {processor.py:836} INFO - DAG(s) dict_keys(['one_task_dag']) retrieved from /workspaces/hands-on-introduction-data-engineering-4395021/airflow/dags/one_task_dag.py
[2025-04-09T17:27:00.001+0000] {logging_mixin.py:150} INFO - [2025-04-09T17:27:00.001+0000] {dag.py:2742} INFO - Sync 1 DAGs
[2025-04-09T17:27:00.016+0000] {logging_mixin.py:150} INFO - [2025-04-09T17:27:00.015+0000] {dag.py:3504} INFO - Setting next_dagrun for one_task_dag to None, run_after=None
[2025-04-09T17:27:00.030+0000] {processor.py:179} INFO - Processing /workspaces/hands-on-introduction-data-engineering-4395021/airflow/dags/one_task_dag.py took 0.059 seconds
[2025-04-09T17:27:30.163+0000] {processor.py:157} INFO - Started process (PID=16628) to work on /workspaces/hands-on-introduction-data-engineering-4395021/airflow/dags/one_task_dag.py
[2025-04-09T17:27:30.164+0000] {processor.py:826} INFO - Processing file /workspaces/hands-on-introduction-data-engineering-4395021/airflow/dags/one_task_dag.py for tasks to queue
[2025-04-09T17:27:30.164+0000] {logging_mixin.py:150} INFO - [2025-04-09T17:27:30.164+0000] {dagbag.py:541} INFO - Filling up the DagBag from /workspaces/hands-on-introduction-data-engineering-4395021/airflow/dags/one_task_dag.py
[2025-04-09T17:27:30.172+0000] {processor.py:836} INFO - DAG(s) dict_keys(['one_task_dag']) retrieved from /workspaces/hands-on-introduction-data-engineering-4395021/airflow/dags/one_task_dag.py
[2025-04-09T17:27:30.189+0000] {logging_mixin.py:150} INFO - [2025-04-09T17:27:30.189+0000] {dag.py:2742} INFO - Sync 1 DAGs
[2025-04-09T17:27:30.203+0000] {logging_mixin.py:150} INFO - [2025-04-09T17:27:30.202+0000] {dag.py:3504} INFO - Setting next_dagrun for one_task_dag to None, run_after=None
[2025-04-09T17:27:30.216+0000] {processor.py:179} INFO - Processing /workspaces/hands-on-introduction-data-engineering-4395021/airflow/dags/one_task_dag.py took 0.055 seconds
[2025-04-09T17:28:00.352+0000] {processor.py:157} INFO - Started process (PID=16799) to work on /workspaces/hands-on-introduction-data-engineering-4395021/airflow/dags/one_task_dag.py
[2025-04-09T17:28:00.352+0000] {processor.py:826} INFO - Processing file /workspaces/hands-on-introduction-data-engineering-4395021/airflow/dags/one_task_dag.py for tasks to queue
[2025-04-09T17:28:00.353+0000] {logging_mixin.py:150} INFO - [2025-04-09T17:28:00.353+0000] {dagbag.py:541} INFO - Filling up the DagBag from /workspaces/hands-on-introduction-data-engineering-4395021/airflow/dags/one_task_dag.py
[2025-04-09T17:28:00.361+0000] {processor.py:836} INFO - DAG(s) dict_keys(['one_task_dag']) retrieved from /workspaces/hands-on-introduction-data-engineering-4395021/airflow/dags/one_task_dag.py
[2025-04-09T17:28:00.378+0000] {logging_mixin.py:150} INFO - [2025-04-09T17:28:00.378+0000] {dag.py:2742} INFO - Sync 1 DAGs
[2025-04-09T17:28:00.392+0000] {logging_mixin.py:150} INFO - [2025-04-09T17:28:00.392+0000] {dag.py:3504} INFO - Setting next_dagrun for one_task_dag to None, run_after=None
[2025-04-09T17:28:00.406+0000] {processor.py:179} INFO - Processing /workspaces/hands-on-introduction-data-engineering-4395021/airflow/dags/one_task_dag.py took 0.057 seconds
[2025-04-09T17:28:30.543+0000] {processor.py:157} INFO - Started process (PID=17144) to work on /workspaces/hands-on-introduction-data-engineering-4395021/airflow/dags/one_task_dag.py
[2025-04-09T17:28:30.544+0000] {processor.py:826} INFO - Processing file /workspaces/hands-on-introduction-data-engineering-4395021/airflow/dags/one_task_dag.py for tasks to queue
[2025-04-09T17:28:30.545+0000] {logging_mixin.py:150} INFO - [2025-04-09T17:28:30.544+0000] {dagbag.py:541} INFO - Filling up the DagBag from /workspaces/hands-on-introduction-data-engineering-4395021/airflow/dags/one_task_dag.py
[2025-04-09T17:28:30.552+0000] {processor.py:836} INFO - DAG(s) dict_keys(['one_task_dag']) retrieved from /workspaces/hands-on-introduction-data-engineering-4395021/airflow/dags/one_task_dag.py
[2025-04-09T17:28:30.569+0000] {logging_mixin.py:150} INFO - [2025-04-09T17:28:30.569+0000] {dag.py:2742} INFO - Sync 1 DAGs
[2025-04-09T17:28:30.583+0000] {logging_mixin.py:150} INFO - [2025-04-09T17:28:30.582+0000] {dag.py:3504} INFO - Setting next_dagrun for one_task_dag to None, run_after=None
[2025-04-09T17:28:30.596+0000] {processor.py:179} INFO - Processing /workspaces/hands-on-introduction-data-engineering-4395021/airflow/dags/one_task_dag.py took 0.055 seconds
[2025-04-09T17:29:00.746+0000] {processor.py:157} INFO - Started process (PID=17494) to work on /workspaces/hands-on-introduction-data-engineering-4395021/airflow/dags/one_task_dag.py
[2025-04-09T17:29:00.747+0000] {processor.py:826} INFO - Processing file /workspaces/hands-on-introduction-data-engineering-4395021/airflow/dags/one_task_dag.py for tasks to queue
[2025-04-09T17:29:00.748+0000] {logging_mixin.py:150} INFO - [2025-04-09T17:29:00.747+0000] {dagbag.py:541} INFO - Filling up the DagBag from /workspaces/hands-on-introduction-data-engineering-4395021/airflow/dags/one_task_dag.py
[2025-04-09T17:29:00.758+0000] {processor.py:836} INFO - DAG(s) dict_keys(['one_task_dag']) retrieved from /workspaces/hands-on-introduction-data-engineering-4395021/airflow/dags/one_task_dag.py
[2025-04-09T17:29:00.782+0000] {logging_mixin.py:150} INFO - [2025-04-09T17:29:00.782+0000] {dag.py:2742} INFO - Sync 1 DAGs
[2025-04-09T17:29:00.796+0000] {logging_mixin.py:150} INFO - [2025-04-09T17:29:00.796+0000] {dag.py:3504} INFO - Setting next_dagrun for one_task_dag to None, run_after=None
[2025-04-09T17:29:00.809+0000] {processor.py:179} INFO - Processing /workspaces/hands-on-introduction-data-engineering-4395021/airflow/dags/one_task_dag.py took 0.067 seconds
[2025-04-09T17:29:30.914+0000] {processor.py:157} INFO - Started process (PID=17803) to work on /workspaces/hands-on-introduction-data-engineering-4395021/airflow/dags/one_task_dag.py
[2025-04-09T17:29:30.914+0000] {processor.py:826} INFO - Processing file /workspaces/hands-on-introduction-data-engineering-4395021/airflow/dags/one_task_dag.py for tasks to queue
[2025-04-09T17:29:30.915+0000] {logging_mixin.py:150} INFO - [2025-04-09T17:29:30.915+0000] {dagbag.py:541} INFO - Filling up the DagBag from /workspaces/hands-on-introduction-data-engineering-4395021/airflow/dags/one_task_dag.py
[2025-04-09T17:29:30.922+0000] {processor.py:836} INFO - DAG(s) dict_keys(['one_task_dag']) retrieved from /workspaces/hands-on-introduction-data-engineering-4395021/airflow/dags/one_task_dag.py
[2025-04-09T17:29:30.940+0000] {logging_mixin.py:150} INFO - [2025-04-09T17:29:30.940+0000] {dag.py:2742} INFO - Sync 1 DAGs
[2025-04-09T17:29:30.954+0000] {logging_mixin.py:150} INFO - [2025-04-09T17:29:30.954+0000] {dag.py:3504} INFO - Setting next_dagrun for one_task_dag to None, run_after=None
[2025-04-09T17:29:30.968+0000] {processor.py:179} INFO - Processing /workspaces/hands-on-introduction-data-engineering-4395021/airflow/dags/one_task_dag.py took 0.057 seconds
[2025-04-09T17:30:01.105+0000] {processor.py:157} INFO - Started process (PID=17983) to work on /workspaces/hands-on-introduction-data-engineering-4395021/airflow/dags/one_task_dag.py
[2025-04-09T17:30:01.105+0000] {processor.py:826} INFO - Processing file /workspaces/hands-on-introduction-data-engineering-4395021/airflow/dags/one_task_dag.py for tasks to queue
[2025-04-09T17:30:01.106+0000] {logging_mixin.py:150} INFO - [2025-04-09T17:30:01.106+0000] {dagbag.py:541} INFO - Filling up the DagBag from /workspaces/hands-on-introduction-data-engineering-4395021/airflow/dags/one_task_dag.py
[2025-04-09T17:30:01.114+0000] {processor.py:836} INFO - DAG(s) dict_keys(['one_task_dag']) retrieved from /workspaces/hands-on-introduction-data-engineering-4395021/airflow/dags/one_task_dag.py
[2025-04-09T17:30:01.132+0000] {logging_mixin.py:150} INFO - [2025-04-09T17:30:01.132+0000] {dag.py:2742} INFO - Sync 1 DAGs
[2025-04-09T17:30:01.146+0000] {logging_mixin.py:150} INFO - [2025-04-09T17:30:01.146+0000] {dag.py:3504} INFO - Setting next_dagrun for one_task_dag to None, run_after=None
[2025-04-09T17:30:01.160+0000] {processor.py:179} INFO - Processing /workspaces/hands-on-introduction-data-engineering-4395021/airflow/dags/one_task_dag.py took 0.058 seconds
[2025-04-09T17:30:31.403+0000] {processor.py:157} INFO - Started process (PID=18158) to work on /workspaces/hands-on-introduction-data-engineering-4395021/airflow/dags/one_task_dag.py
[2025-04-09T17:30:31.404+0000] {processor.py:826} INFO - Processing file /workspaces/hands-on-introduction-data-engineering-4395021/airflow/dags/one_task_dag.py for tasks to queue
[2025-04-09T17:30:31.404+0000] {logging_mixin.py:150} INFO - [2025-04-09T17:30:31.404+0000] {dagbag.py:541} INFO - Filling up the DagBag from /workspaces/hands-on-introduction-data-engineering-4395021/airflow/dags/one_task_dag.py
[2025-04-09T17:30:31.411+0000] {processor.py:836} INFO - DAG(s) dict_keys(['one_task_dag']) retrieved from /workspaces/hands-on-introduction-data-engineering-4395021/airflow/dags/one_task_dag.py
[2025-04-09T17:30:31.429+0000] {logging_mixin.py:150} INFO - [2025-04-09T17:30:31.429+0000] {dag.py:2742} INFO - Sync 1 DAGs
[2025-04-09T17:30:31.443+0000] {logging_mixin.py:150} INFO - [2025-04-09T17:30:31.443+0000] {dag.py:3504} INFO - Setting next_dagrun for one_task_dag to None, run_after=None
[2025-04-09T17:30:31.456+0000] {processor.py:179} INFO - Processing /workspaces/hands-on-introduction-data-engineering-4395021/airflow/dags/one_task_dag.py took 0.056 seconds
[2025-04-09T17:31:01.659+0000] {processor.py:157} INFO - Started process (PID=18356) to work on /workspaces/hands-on-introduction-data-engineering-4395021/airflow/dags/one_task_dag.py
[2025-04-09T17:31:01.659+0000] {processor.py:826} INFO - Processing file /workspaces/hands-on-introduction-data-engineering-4395021/airflow/dags/one_task_dag.py for tasks to queue
[2025-04-09T17:31:01.660+0000] {logging_mixin.py:150} INFO - [2025-04-09T17:31:01.660+0000] {dagbag.py:541} INFO - Filling up the DagBag from /workspaces/hands-on-introduction-data-engineering-4395021/airflow/dags/one_task_dag.py
[2025-04-09T17:31:01.668+0000] {processor.py:836} INFO - DAG(s) dict_keys(['one_task_dag']) retrieved from /workspaces/hands-on-introduction-data-engineering-4395021/airflow/dags/one_task_dag.py
[2025-04-09T17:31:01.686+0000] {logging_mixin.py:150} INFO - [2025-04-09T17:31:01.685+0000] {dag.py:2742} INFO - Sync 1 DAGs
[2025-04-09T17:31:01.700+0000] {logging_mixin.py:150} INFO - [2025-04-09T17:31:01.700+0000] {dag.py:3504} INFO - Setting next_dagrun for one_task_dag to None, run_after=None
[2025-04-09T17:31:01.714+0000] {processor.py:179} INFO - Processing /workspaces/hands-on-introduction-data-engineering-4395021/airflow/dags/one_task_dag.py took 0.058 seconds
[2025-04-09T17:31:32.975+0000] {processor.py:157} INFO - Started process (PID=18567) to work on /workspaces/hands-on-introduction-data-engineering-4395021/airflow/dags/one_task_dag.py
[2025-04-09T17:31:32.976+0000] {processor.py:826} INFO - Processing file /workspaces/hands-on-introduction-data-engineering-4395021/airflow/dags/one_task_dag.py for tasks to queue
[2025-04-09T17:31:32.977+0000] {logging_mixin.py:150} INFO - [2025-04-09T17:31:32.977+0000] {dagbag.py:541} INFO - Filling up the DagBag from /workspaces/hands-on-introduction-data-engineering-4395021/airflow/dags/one_task_dag.py
[2025-04-09T17:31:32.984+0000] {processor.py:836} INFO - DAG(s) dict_keys(['one_task_dag']) retrieved from /workspaces/hands-on-introduction-data-engineering-4395021/airflow/dags/one_task_dag.py
[2025-04-09T17:31:33.002+0000] {logging_mixin.py:150} INFO - [2025-04-09T17:31:33.002+0000] {dag.py:2742} INFO - Sync 1 DAGs
[2025-04-09T17:31:33.017+0000] {logging_mixin.py:150} INFO - [2025-04-09T17:31:33.016+0000] {dag.py:3504} INFO - Setting next_dagrun for one_task_dag to None, run_after=None
[2025-04-09T17:31:33.034+0000] {processor.py:179} INFO - Processing /workspaces/hands-on-introduction-data-engineering-4395021/airflow/dags/one_task_dag.py took 0.061 seconds
[2025-04-09T17:32:04.084+0000] {processor.py:157} INFO - Started process (PID=18753) to work on /workspaces/hands-on-introduction-data-engineering-4395021/airflow/dags/one_task_dag.py
[2025-04-09T17:32:04.085+0000] {processor.py:826} INFO - Processing file /workspaces/hands-on-introduction-data-engineering-4395021/airflow/dags/one_task_dag.py for tasks to queue
[2025-04-09T17:32:04.085+0000] {logging_mixin.py:150} INFO - [2025-04-09T17:32:04.085+0000] {dagbag.py:541} INFO - Filling up the DagBag from /workspaces/hands-on-introduction-data-engineering-4395021/airflow/dags/one_task_dag.py
[2025-04-09T17:32:04.093+0000] {processor.py:836} INFO - DAG(s) dict_keys(['one_task_dag']) retrieved from /workspaces/hands-on-introduction-data-engineering-4395021/airflow/dags/one_task_dag.py
[2025-04-09T17:32:04.110+0000] {logging_mixin.py:150} INFO - [2025-04-09T17:32:04.110+0000] {dag.py:2742} INFO - Sync 1 DAGs
[2025-04-09T17:32:04.123+0000] {logging_mixin.py:150} INFO - [2025-04-09T17:32:04.123+0000] {dag.py:3504} INFO - Setting next_dagrun for one_task_dag to None, run_after=None
[2025-04-09T17:32:04.136+0000] {processor.py:179} INFO - Processing /workspaces/hands-on-introduction-data-engineering-4395021/airflow/dags/one_task_dag.py took 0.055 seconds
[2025-04-09T17:32:34.250+0000] {processor.py:157} INFO - Started process (PID=18934) to work on /workspaces/hands-on-introduction-data-engineering-4395021/airflow/dags/one_task_dag.py
[2025-04-09T17:32:34.251+0000] {processor.py:826} INFO - Processing file /workspaces/hands-on-introduction-data-engineering-4395021/airflow/dags/one_task_dag.py for tasks to queue
[2025-04-09T17:32:34.252+0000] {logging_mixin.py:150} INFO - [2025-04-09T17:32:34.251+0000] {dagbag.py:541} INFO - Filling up the DagBag from /workspaces/hands-on-introduction-data-engineering-4395021/airflow/dags/one_task_dag.py
[2025-04-09T17:32:34.259+0000] {processor.py:836} INFO - DAG(s) dict_keys(['one_task_dag']) retrieved from /workspaces/hands-on-introduction-data-engineering-4395021/airflow/dags/one_task_dag.py
[2025-04-09T17:32:34.276+0000] {logging_mixin.py:150} INFO - [2025-04-09T17:32:34.276+0000] {dag.py:2742} INFO - Sync 1 DAGs
[2025-04-09T17:32:34.290+0000] {logging_mixin.py:150} INFO - [2025-04-09T17:32:34.290+0000] {dag.py:3504} INFO - Setting next_dagrun for one_task_dag to None, run_after=None
[2025-04-09T17:32:34.304+0000] {processor.py:179} INFO - Processing /workspaces/hands-on-introduction-data-engineering-4395021/airflow/dags/one_task_dag.py took 0.056 seconds
[2025-04-09T17:33:04.431+0000] {processor.py:157} INFO - Started process (PID=19115) to work on /workspaces/hands-on-introduction-data-engineering-4395021/airflow/dags/one_task_dag.py
[2025-04-09T17:33:04.432+0000] {processor.py:826} INFO - Processing file /workspaces/hands-on-introduction-data-engineering-4395021/airflow/dags/one_task_dag.py for tasks to queue
[2025-04-09T17:33:04.433+0000] {logging_mixin.py:150} INFO - [2025-04-09T17:33:04.432+0000] {dagbag.py:541} INFO - Filling up the DagBag from /workspaces/hands-on-introduction-data-engineering-4395021/airflow/dags/one_task_dag.py
[2025-04-09T17:33:04.440+0000] {processor.py:836} INFO - DAG(s) dict_keys(['one_task_dag']) retrieved from /workspaces/hands-on-introduction-data-engineering-4395021/airflow/dags/one_task_dag.py
[2025-04-09T17:33:04.457+0000] {logging_mixin.py:150} INFO - [2025-04-09T17:33:04.457+0000] {dag.py:2742} INFO - Sync 1 DAGs
[2025-04-09T17:33:04.470+0000] {logging_mixin.py:150} INFO - [2025-04-09T17:33:04.470+0000] {dag.py:3504} INFO - Setting next_dagrun for one_task_dag to None, run_after=None
[2025-04-09T17:33:04.485+0000] {processor.py:179} INFO - Processing /workspaces/hands-on-introduction-data-engineering-4395021/airflow/dags/one_task_dag.py took 0.056 seconds
[2025-04-09T17:33:34.613+0000] {processor.py:157} INFO - Started process (PID=19301) to work on /workspaces/hands-on-introduction-data-engineering-4395021/airflow/dags/one_task_dag.py
[2025-04-09T17:33:34.614+0000] {processor.py:826} INFO - Processing file /workspaces/hands-on-introduction-data-engineering-4395021/airflow/dags/one_task_dag.py for tasks to queue
[2025-04-09T17:33:34.615+0000] {logging_mixin.py:150} INFO - [2025-04-09T17:33:34.615+0000] {dagbag.py:541} INFO - Filling up the DagBag from /workspaces/hands-on-introduction-data-engineering-4395021/airflow/dags/one_task_dag.py
[2025-04-09T17:33:34.622+0000] {processor.py:836} INFO - DAG(s) dict_keys(['one_task_dag']) retrieved from /workspaces/hands-on-introduction-data-engineering-4395021/airflow/dags/one_task_dag.py
[2025-04-09T17:33:34.640+0000] {logging_mixin.py:150} INFO - [2025-04-09T17:33:34.640+0000] {dag.py:2742} INFO - Sync 1 DAGs
[2025-04-09T17:33:34.653+0000] {logging_mixin.py:150} INFO - [2025-04-09T17:33:34.653+0000] {dag.py:3504} INFO - Setting next_dagrun for one_task_dag to None, run_after=None
[2025-04-09T17:33:34.668+0000] {processor.py:179} INFO - Processing /workspaces/hands-on-introduction-data-engineering-4395021/airflow/dags/one_task_dag.py took 0.057 seconds
[2025-04-09T17:34:04.800+0000] {processor.py:157} INFO - Started process (PID=19488) to work on /workspaces/hands-on-introduction-data-engineering-4395021/airflow/dags/one_task_dag.py
[2025-04-09T17:34:04.801+0000] {processor.py:826} INFO - Processing file /workspaces/hands-on-introduction-data-engineering-4395021/airflow/dags/one_task_dag.py for tasks to queue
[2025-04-09T17:34:04.803+0000] {logging_mixin.py:150} INFO - [2025-04-09T17:34:04.802+0000] {dagbag.py:541} INFO - Filling up the DagBag from /workspaces/hands-on-introduction-data-engineering-4395021/airflow/dags/one_task_dag.py
[2025-04-09T17:34:04.809+0000] {processor.py:836} INFO - DAG(s) dict_keys(['one_task_dag']) retrieved from /workspaces/hands-on-introduction-data-engineering-4395021/airflow/dags/one_task_dag.py
[2025-04-09T17:34:04.827+0000] {logging_mixin.py:150} INFO - [2025-04-09T17:34:04.827+0000] {dag.py:2742} INFO - Sync 1 DAGs
[2025-04-09T17:34:04.841+0000] {logging_mixin.py:150} INFO - [2025-04-09T17:34:04.841+0000] {dag.py:3504} INFO - Setting next_dagrun for one_task_dag to None, run_after=None
[2025-04-09T17:34:04.857+0000] {processor.py:179} INFO - Processing /workspaces/hands-on-introduction-data-engineering-4395021/airflow/dags/one_task_dag.py took 0.059 seconds
[2025-04-09T17:34:34.979+0000] {processor.py:157} INFO - Started process (PID=19675) to work on /workspaces/hands-on-introduction-data-engineering-4395021/airflow/dags/one_task_dag.py
[2025-04-09T17:34:34.980+0000] {processor.py:826} INFO - Processing file /workspaces/hands-on-introduction-data-engineering-4395021/airflow/dags/one_task_dag.py for tasks to queue
[2025-04-09T17:34:34.980+0000] {logging_mixin.py:150} INFO - [2025-04-09T17:34:34.980+0000] {dagbag.py:541} INFO - Filling up the DagBag from /workspaces/hands-on-introduction-data-engineering-4395021/airflow/dags/one_task_dag.py
[2025-04-09T17:34:34.988+0000] {processor.py:836} INFO - DAG(s) dict_keys(['one_task_dag']) retrieved from /workspaces/hands-on-introduction-data-engineering-4395021/airflow/dags/one_task_dag.py
[2025-04-09T17:34:35.005+0000] {logging_mixin.py:150} INFO - [2025-04-09T17:34:35.004+0000] {dag.py:2742} INFO - Sync 1 DAGs
[2025-04-09T17:34:35.018+0000] {logging_mixin.py:150} INFO - [2025-04-09T17:34:35.018+0000] {dag.py:3504} INFO - Setting next_dagrun for one_task_dag to None, run_after=None
[2025-04-09T17:34:35.031+0000] {processor.py:179} INFO - Processing /workspaces/hands-on-introduction-data-engineering-4395021/airflow/dags/one_task_dag.py took 0.055 seconds
[2025-04-09T17:35:05.541+0000] {processor.py:157} INFO - Started process (PID=19902) to work on /workspaces/hands-on-introduction-data-engineering-4395021/airflow/dags/one_task_dag.py
[2025-04-09T17:35:05.548+0000] {processor.py:826} INFO - Processing file /workspaces/hands-on-introduction-data-engineering-4395021/airflow/dags/one_task_dag.py for tasks to queue
[2025-04-09T17:35:05.549+0000] {logging_mixin.py:150} INFO - [2025-04-09T17:35:05.549+0000] {dagbag.py:541} INFO - Filling up the DagBag from /workspaces/hands-on-introduction-data-engineering-4395021/airflow/dags/one_task_dag.py
[2025-04-09T17:35:05.580+0000] {processor.py:836} INFO - DAG(s) dict_keys(['one_task_dag']) retrieved from /workspaces/hands-on-introduction-data-engineering-4395021/airflow/dags/one_task_dag.py
[2025-04-09T17:35:05.654+0000] {logging_mixin.py:150} INFO - [2025-04-09T17:35:05.654+0000] {dag.py:2742} INFO - Sync 1 DAGs
[2025-04-09T17:35:05.715+0000] {logging_mixin.py:150} INFO - [2025-04-09T17:35:05.715+0000] {dag.py:3504} INFO - Setting next_dagrun for one_task_dag to None, run_after=None
[2025-04-09T17:35:05.772+0000] {processor.py:179} INFO - Processing /workspaces/hands-on-introduction-data-engineering-4395021/airflow/dags/one_task_dag.py took 0.248 seconds
[2025-04-09T17:35:36.758+0000] {processor.py:157} INFO - Started process (PID=20101) to work on /workspaces/hands-on-introduction-data-engineering-4395021/airflow/dags/one_task_dag.py
[2025-04-09T17:35:36.759+0000] {processor.py:826} INFO - Processing file /workspaces/hands-on-introduction-data-engineering-4395021/airflow/dags/one_task_dag.py for tasks to queue
[2025-04-09T17:35:36.760+0000] {logging_mixin.py:150} INFO - [2025-04-09T17:35:36.759+0000] {dagbag.py:541} INFO - Filling up the DagBag from /workspaces/hands-on-introduction-data-engineering-4395021/airflow/dags/one_task_dag.py
[2025-04-09T17:35:36.767+0000] {processor.py:836} INFO - DAG(s) dict_keys(['one_task_dag']) retrieved from /workspaces/hands-on-introduction-data-engineering-4395021/airflow/dags/one_task_dag.py
[2025-04-09T17:35:36.784+0000] {logging_mixin.py:150} INFO - [2025-04-09T17:35:36.784+0000] {dag.py:2742} INFO - Sync 1 DAGs
[2025-04-09T17:35:36.797+0000] {logging_mixin.py:150} INFO - [2025-04-09T17:35:36.797+0000] {dag.py:3504} INFO - Setting next_dagrun for one_task_dag to None, run_after=None
[2025-04-09T17:35:36.824+0000] {processor.py:179} INFO - Processing /workspaces/hands-on-introduction-data-engineering-4395021/airflow/dags/one_task_dag.py took 0.068 seconds
[2025-04-09T17:36:07.637+0000] {processor.py:157} INFO - Started process (PID=20295) to work on /workspaces/hands-on-introduction-data-engineering-4395021/airflow/dags/one_task_dag.py
[2025-04-09T17:36:07.638+0000] {processor.py:826} INFO - Processing file /workspaces/hands-on-introduction-data-engineering-4395021/airflow/dags/one_task_dag.py for tasks to queue
[2025-04-09T17:36:07.638+0000] {logging_mixin.py:150} INFO - [2025-04-09T17:36:07.638+0000] {dagbag.py:541} INFO - Filling up the DagBag from /workspaces/hands-on-introduction-data-engineering-4395021/airflow/dags/one_task_dag.py
[2025-04-09T17:36:07.645+0000] {processor.py:836} INFO - DAG(s) dict_keys(['one_task_dag']) retrieved from /workspaces/hands-on-introduction-data-engineering-4395021/airflow/dags/one_task_dag.py
[2025-04-09T17:36:07.662+0000] {logging_mixin.py:150} INFO - [2025-04-09T17:36:07.662+0000] {dag.py:2742} INFO - Sync 1 DAGs
[2025-04-09T17:36:07.678+0000] {logging_mixin.py:150} INFO - [2025-04-09T17:36:07.678+0000] {dag.py:3504} INFO - Setting next_dagrun for one_task_dag to None, run_after=None
[2025-04-09T17:36:07.698+0000] {processor.py:179} INFO - Processing /workspaces/hands-on-introduction-data-engineering-4395021/airflow/dags/one_task_dag.py took 0.063 seconds
[2025-04-09T17:36:38.652+0000] {processor.py:157} INFO - Started process (PID=20493) to work on /workspaces/hands-on-introduction-data-engineering-4395021/airflow/dags/one_task_dag.py
[2025-04-09T17:36:38.653+0000] {processor.py:826} INFO - Processing file /workspaces/hands-on-introduction-data-engineering-4395021/airflow/dags/one_task_dag.py for tasks to queue
[2025-04-09T17:36:38.653+0000] {logging_mixin.py:150} INFO - [2025-04-09T17:36:38.653+0000] {dagbag.py:541} INFO - Filling up the DagBag from /workspaces/hands-on-introduction-data-engineering-4395021/airflow/dags/one_task_dag.py
[2025-04-09T17:36:38.660+0000] {processor.py:836} INFO - DAG(s) dict_keys(['one_task_dag']) retrieved from /workspaces/hands-on-introduction-data-engineering-4395021/airflow/dags/one_task_dag.py
[2025-04-09T17:36:38.678+0000] {logging_mixin.py:150} INFO - [2025-04-09T17:36:38.677+0000] {dag.py:2742} INFO - Sync 1 DAGs
[2025-04-09T17:36:38.691+0000] {logging_mixin.py:150} INFO - [2025-04-09T17:36:38.691+0000] {dag.py:3504} INFO - Setting next_dagrun for one_task_dag to None, run_after=None
[2025-04-09T17:36:38.706+0000] {processor.py:179} INFO - Processing /workspaces/hands-on-introduction-data-engineering-4395021/airflow/dags/one_task_dag.py took 0.056 seconds
[2025-04-09T17:37:11.271+0000] {processor.py:157} INFO - Started process (PID=20692) to work on /workspaces/hands-on-introduction-data-engineering-4395021/airflow/dags/one_task_dag.py
[2025-04-09T17:37:11.272+0000] {processor.py:826} INFO - Processing file /workspaces/hands-on-introduction-data-engineering-4395021/airflow/dags/one_task_dag.py for tasks to queue
[2025-04-09T17:37:11.272+0000] {logging_mixin.py:150} INFO - [2025-04-09T17:37:11.272+0000] {dagbag.py:541} INFO - Filling up the DagBag from /workspaces/hands-on-introduction-data-engineering-4395021/airflow/dags/one_task_dag.py
[2025-04-09T17:37:11.279+0000] {processor.py:836} INFO - DAG(s) dict_keys(['one_task_dag']) retrieved from /workspaces/hands-on-introduction-data-engineering-4395021/airflow/dags/one_task_dag.py
[2025-04-09T17:37:11.297+0000] {logging_mixin.py:150} INFO - [2025-04-09T17:37:11.297+0000] {dag.py:2742} INFO - Sync 1 DAGs
[2025-04-09T17:37:11.310+0000] {logging_mixin.py:150} INFO - [2025-04-09T17:37:11.310+0000] {dag.py:3504} INFO - Setting next_dagrun for one_task_dag to None, run_after=None
[2025-04-09T17:37:11.324+0000] {processor.py:179} INFO - Processing /workspaces/hands-on-introduction-data-engineering-4395021/airflow/dags/one_task_dag.py took 0.056 seconds
[2025-04-09T17:37:41.432+0000] {processor.py:157} INFO - Started process (PID=20869) to work on /workspaces/hands-on-introduction-data-engineering-4395021/airflow/dags/one_task_dag.py
[2025-04-09T17:37:41.433+0000] {processor.py:826} INFO - Processing file /workspaces/hands-on-introduction-data-engineering-4395021/airflow/dags/one_task_dag.py for tasks to queue
[2025-04-09T17:37:41.434+0000] {logging_mixin.py:150} INFO - [2025-04-09T17:37:41.434+0000] {dagbag.py:541} INFO - Filling up the DagBag from /workspaces/hands-on-introduction-data-engineering-4395021/airflow/dags/one_task_dag.py
[2025-04-09T17:37:41.441+0000] {processor.py:836} INFO - DAG(s) dict_keys(['one_task_dag']) retrieved from /workspaces/hands-on-introduction-data-engineering-4395021/airflow/dags/one_task_dag.py
[2025-04-09T17:37:41.459+0000] {logging_mixin.py:150} INFO - [2025-04-09T17:37:41.459+0000] {dag.py:2742} INFO - Sync 1 DAGs
[2025-04-09T17:37:41.472+0000] {logging_mixin.py:150} INFO - [2025-04-09T17:37:41.472+0000] {dag.py:3504} INFO - Setting next_dagrun for one_task_dag to None, run_after=None
[2025-04-09T17:37:41.486+0000] {processor.py:179} INFO - Processing /workspaces/hands-on-introduction-data-engineering-4395021/airflow/dags/one_task_dag.py took 0.056 seconds
[2025-04-09T17:38:11.721+0000] {processor.py:157} INFO - Started process (PID=21041) to work on /workspaces/hands-on-introduction-data-engineering-4395021/airflow/dags/one_task_dag.py
[2025-04-09T17:38:11.721+0000] {processor.py:826} INFO - Processing file /workspaces/hands-on-introduction-data-engineering-4395021/airflow/dags/one_task_dag.py for tasks to queue
[2025-04-09T17:38:11.722+0000] {logging_mixin.py:150} INFO - [2025-04-09T17:38:11.722+0000] {dagbag.py:541} INFO - Filling up the DagBag from /workspaces/hands-on-introduction-data-engineering-4395021/airflow/dags/one_task_dag.py
[2025-04-09T17:38:11.729+0000] {processor.py:836} INFO - DAG(s) dict_keys(['one_task_dag']) retrieved from /workspaces/hands-on-introduction-data-engineering-4395021/airflow/dags/one_task_dag.py
[2025-04-09T17:38:11.746+0000] {logging_mixin.py:150} INFO - [2025-04-09T17:38:11.746+0000] {dag.py:2742} INFO - Sync 1 DAGs
[2025-04-09T17:38:11.760+0000] {logging_mixin.py:150} INFO - [2025-04-09T17:38:11.760+0000] {dag.py:3504} INFO - Setting next_dagrun for one_task_dag to None, run_after=None
[2025-04-09T17:38:11.773+0000] {processor.py:179} INFO - Processing /workspaces/hands-on-introduction-data-engineering-4395021/airflow/dags/one_task_dag.py took 0.055 seconds
[2025-04-09T17:38:42.012+0000] {processor.py:157} INFO - Started process (PID=21218) to work on /workspaces/hands-on-introduction-data-engineering-4395021/airflow/dags/one_task_dag.py
[2025-04-09T17:38:42.013+0000] {processor.py:826} INFO - Processing file /workspaces/hands-on-introduction-data-engineering-4395021/airflow/dags/one_task_dag.py for tasks to queue
[2025-04-09T17:38:42.013+0000] {logging_mixin.py:150} INFO - [2025-04-09T17:38:42.013+0000] {dagbag.py:541} INFO - Filling up the DagBag from /workspaces/hands-on-introduction-data-engineering-4395021/airflow/dags/one_task_dag.py
[2025-04-09T17:38:42.021+0000] {processor.py:836} INFO - DAG(s) dict_keys(['one_task_dag']) retrieved from /workspaces/hands-on-introduction-data-engineering-4395021/airflow/dags/one_task_dag.py
[2025-04-09T17:38:42.038+0000] {logging_mixin.py:150} INFO - [2025-04-09T17:38:42.038+0000] {dag.py:2742} INFO - Sync 1 DAGs
[2025-04-09T17:38:42.052+0000] {logging_mixin.py:150} INFO - [2025-04-09T17:38:42.052+0000] {dag.py:3504} INFO - Setting next_dagrun for one_task_dag to None, run_after=None
[2025-04-09T17:38:42.066+0000] {processor.py:179} INFO - Processing /workspaces/hands-on-introduction-data-engineering-4395021/airflow/dags/one_task_dag.py took 0.056 seconds
[2025-04-09T17:39:12.313+0000] {processor.py:157} INFO - Started process (PID=21399) to work on /workspaces/hands-on-introduction-data-engineering-4395021/airflow/dags/one_task_dag.py
[2025-04-09T17:39:12.314+0000] {processor.py:826} INFO - Processing file /workspaces/hands-on-introduction-data-engineering-4395021/airflow/dags/one_task_dag.py for tasks to queue
[2025-04-09T17:39:12.315+0000] {logging_mixin.py:150} INFO - [2025-04-09T17:39:12.314+0000] {dagbag.py:541} INFO - Filling up the DagBag from /workspaces/hands-on-introduction-data-engineering-4395021/airflow/dags/one_task_dag.py
[2025-04-09T17:39:12.322+0000] {processor.py:836} INFO - DAG(s) dict_keys(['one_task_dag']) retrieved from /workspaces/hands-on-introduction-data-engineering-4395021/airflow/dags/one_task_dag.py
[2025-04-09T17:39:12.339+0000] {logging_mixin.py:150} INFO - [2025-04-09T17:39:12.339+0000] {dag.py:2742} INFO - Sync 1 DAGs
[2025-04-09T17:39:12.357+0000] {logging_mixin.py:150} INFO - [2025-04-09T17:39:12.357+0000] {dag.py:3504} INFO - Setting next_dagrun for one_task_dag to None, run_after=None
[2025-04-09T17:39:12.376+0000] {processor.py:179} INFO - Processing /workspaces/hands-on-introduction-data-engineering-4395021/airflow/dags/one_task_dag.py took 0.065 seconds
[2025-04-09T17:39:42.806+0000] {processor.py:157} INFO - Started process (PID=21591) to work on /workspaces/hands-on-introduction-data-engineering-4395021/airflow/dags/one_task_dag.py
[2025-04-09T17:39:42.806+0000] {processor.py:826} INFO - Processing file /workspaces/hands-on-introduction-data-engineering-4395021/airflow/dags/one_task_dag.py for tasks to queue
[2025-04-09T17:39:42.807+0000] {logging_mixin.py:150} INFO - [2025-04-09T17:39:42.807+0000] {dagbag.py:541} INFO - Filling up the DagBag from /workspaces/hands-on-introduction-data-engineering-4395021/airflow/dags/one_task_dag.py
[2025-04-09T17:39:42.815+0000] {processor.py:836} INFO - DAG(s) dict_keys(['one_task_dag']) retrieved from /workspaces/hands-on-introduction-data-engineering-4395021/airflow/dags/one_task_dag.py
[2025-04-09T17:39:42.832+0000] {logging_mixin.py:150} INFO - [2025-04-09T17:39:42.832+0000] {dag.py:2742} INFO - Sync 1 DAGs
[2025-04-09T17:39:42.846+0000] {logging_mixin.py:150} INFO - [2025-04-09T17:39:42.845+0000] {dag.py:3504} INFO - Setting next_dagrun for one_task_dag to None, run_after=None
[2025-04-09T17:39:42.862+0000] {processor.py:179} INFO - Processing /workspaces/hands-on-introduction-data-engineering-4395021/airflow/dags/one_task_dag.py took 0.059 seconds
[2025-04-09T17:40:13.175+0000] {processor.py:157} INFO - Started process (PID=21794) to work on /workspaces/hands-on-introduction-data-engineering-4395021/airflow/dags/one_task_dag.py
[2025-04-09T17:40:13.176+0000] {processor.py:826} INFO - Processing file /workspaces/hands-on-introduction-data-engineering-4395021/airflow/dags/one_task_dag.py for tasks to queue
[2025-04-09T17:40:13.177+0000] {logging_mixin.py:150} INFO - [2025-04-09T17:40:13.176+0000] {dagbag.py:541} INFO - Filling up the DagBag from /workspaces/hands-on-introduction-data-engineering-4395021/airflow/dags/one_task_dag.py
[2025-04-09T17:40:13.184+0000] {processor.py:836} INFO - DAG(s) dict_keys(['one_task_dag']) retrieved from /workspaces/hands-on-introduction-data-engineering-4395021/airflow/dags/one_task_dag.py
[2025-04-09T17:40:13.201+0000] {logging_mixin.py:150} INFO - [2025-04-09T17:40:13.201+0000] {dag.py:2742} INFO - Sync 1 DAGs
[2025-04-09T17:40:13.214+0000] {logging_mixin.py:150} INFO - [2025-04-09T17:40:13.214+0000] {dag.py:3504} INFO - Setting next_dagrun for one_task_dag to None, run_after=None
[2025-04-09T17:40:13.227+0000] {processor.py:179} INFO - Processing /workspaces/hands-on-introduction-data-engineering-4395021/airflow/dags/one_task_dag.py took 0.055 seconds
[2025-04-09T17:40:43.368+0000] {processor.py:157} INFO - Started process (PID=21991) to work on /workspaces/hands-on-introduction-data-engineering-4395021/airflow/dags/one_task_dag.py
[2025-04-09T17:40:43.369+0000] {processor.py:826} INFO - Processing file /workspaces/hands-on-introduction-data-engineering-4395021/airflow/dags/one_task_dag.py for tasks to queue
[2025-04-09T17:40:43.369+0000] {logging_mixin.py:150} INFO - [2025-04-09T17:40:43.369+0000] {dagbag.py:541} INFO - Filling up the DagBag from /workspaces/hands-on-introduction-data-engineering-4395021/airflow/dags/one_task_dag.py
[2025-04-09T17:40:43.378+0000] {processor.py:836} INFO - DAG(s) dict_keys(['one_task_dag']) retrieved from /workspaces/hands-on-introduction-data-engineering-4395021/airflow/dags/one_task_dag.py
[2025-04-09T17:40:43.395+0000] {logging_mixin.py:150} INFO - [2025-04-09T17:40:43.395+0000] {dag.py:2742} INFO - Sync 1 DAGs
[2025-04-09T17:40:43.409+0000] {logging_mixin.py:150} INFO - [2025-04-09T17:40:43.408+0000] {dag.py:3504} INFO - Setting next_dagrun for one_task_dag to None, run_after=None
[2025-04-09T17:40:43.422+0000] {processor.py:179} INFO - Processing /workspaces/hands-on-introduction-data-engineering-4395021/airflow/dags/one_task_dag.py took 0.057 seconds
[2025-04-09T17:41:13.577+0000] {processor.py:157} INFO - Started process (PID=22190) to work on /workspaces/hands-on-introduction-data-engineering-4395021/airflow/dags/one_task_dag.py
[2025-04-09T17:41:13.578+0000] {processor.py:826} INFO - Processing file /workspaces/hands-on-introduction-data-engineering-4395021/airflow/dags/one_task_dag.py for tasks to queue
[2025-04-09T17:41:13.578+0000] {logging_mixin.py:150} INFO - [2025-04-09T17:41:13.578+0000] {dagbag.py:541} INFO - Filling up the DagBag from /workspaces/hands-on-introduction-data-engineering-4395021/airflow/dags/one_task_dag.py
[2025-04-09T17:41:13.586+0000] {processor.py:836} INFO - DAG(s) dict_keys(['one_task_dag']) retrieved from /workspaces/hands-on-introduction-data-engineering-4395021/airflow/dags/one_task_dag.py
[2025-04-09T17:41:13.603+0000] {logging_mixin.py:150} INFO - [2025-04-09T17:41:13.603+0000] {dag.py:2742} INFO - Sync 1 DAGs
[2025-04-09T17:41:13.618+0000] {logging_mixin.py:150} INFO - [2025-04-09T17:41:13.618+0000] {dag.py:3504} INFO - Setting next_dagrun for one_task_dag to None, run_after=None
[2025-04-09T17:41:13.631+0000] {processor.py:179} INFO - Processing /workspaces/hands-on-introduction-data-engineering-4395021/airflow/dags/one_task_dag.py took 0.057 seconds
[2025-04-09T17:41:43.766+0000] {processor.py:157} INFO - Started process (PID=22377) to work on /workspaces/hands-on-introduction-data-engineering-4395021/airflow/dags/one_task_dag.py
[2025-04-09T17:41:43.767+0000] {processor.py:826} INFO - Processing file /workspaces/hands-on-introduction-data-engineering-4395021/airflow/dags/one_task_dag.py for tasks to queue
[2025-04-09T17:41:43.767+0000] {logging_mixin.py:150} INFO - [2025-04-09T17:41:43.767+0000] {dagbag.py:541} INFO - Filling up the DagBag from /workspaces/hands-on-introduction-data-engineering-4395021/airflow/dags/one_task_dag.py
[2025-04-09T17:41:43.775+0000] {processor.py:836} INFO - DAG(s) dict_keys(['one_task_dag']) retrieved from /workspaces/hands-on-introduction-data-engineering-4395021/airflow/dags/one_task_dag.py
[2025-04-09T17:41:43.792+0000] {logging_mixin.py:150} INFO - [2025-04-09T17:41:43.792+0000] {dag.py:2742} INFO - Sync 1 DAGs
[2025-04-09T17:41:43.807+0000] {logging_mixin.py:150} INFO - [2025-04-09T17:41:43.806+0000] {dag.py:3504} INFO - Setting next_dagrun for one_task_dag to None, run_after=None
[2025-04-09T17:41:43.820+0000] {processor.py:179} INFO - Processing /workspaces/hands-on-introduction-data-engineering-4395021/airflow/dags/one_task_dag.py took 0.057 seconds
[2025-04-09T17:42:13.950+0000] {processor.py:157} INFO - Started process (PID=22549) to work on /workspaces/hands-on-introduction-data-engineering-4395021/airflow/dags/one_task_dag.py
[2025-04-09T17:42:13.951+0000] {processor.py:826} INFO - Processing file /workspaces/hands-on-introduction-data-engineering-4395021/airflow/dags/one_task_dag.py for tasks to queue
[2025-04-09T17:42:13.952+0000] {logging_mixin.py:150} INFO - [2025-04-09T17:42:13.952+0000] {dagbag.py:541} INFO - Filling up the DagBag from /workspaces/hands-on-introduction-data-engineering-4395021/airflow/dags/one_task_dag.py
[2025-04-09T17:42:13.959+0000] {processor.py:836} INFO - DAG(s) dict_keys(['one_task_dag']) retrieved from /workspaces/hands-on-introduction-data-engineering-4395021/airflow/dags/one_task_dag.py
[2025-04-09T17:42:13.976+0000] {logging_mixin.py:150} INFO - [2025-04-09T17:42:13.976+0000] {dag.py:2742} INFO - Sync 1 DAGs
[2025-04-09T17:42:13.990+0000] {logging_mixin.py:150} INFO - [2025-04-09T17:42:13.990+0000] {dag.py:3504} INFO - Setting next_dagrun for one_task_dag to None, run_after=None
[2025-04-09T17:42:14.003+0000] {processor.py:179} INFO - Processing /workspaces/hands-on-introduction-data-engineering-4395021/airflow/dags/one_task_dag.py took 0.055 seconds
[2025-04-09T17:42:44.137+0000] {processor.py:157} INFO - Started process (PID=22726) to work on /workspaces/hands-on-introduction-data-engineering-4395021/airflow/dags/one_task_dag.py
[2025-04-09T17:42:44.137+0000] {processor.py:826} INFO - Processing file /workspaces/hands-on-introduction-data-engineering-4395021/airflow/dags/one_task_dag.py for tasks to queue
[2025-04-09T17:42:44.138+0000] {logging_mixin.py:150} INFO - [2025-04-09T17:42:44.138+0000] {dagbag.py:541} INFO - Filling up the DagBag from /workspaces/hands-on-introduction-data-engineering-4395021/airflow/dags/one_task_dag.py
[2025-04-09T17:42:44.145+0000] {processor.py:836} INFO - DAG(s) dict_keys(['one_task_dag']) retrieved from /workspaces/hands-on-introduction-data-engineering-4395021/airflow/dags/one_task_dag.py
[2025-04-09T17:42:44.163+0000] {logging_mixin.py:150} INFO - [2025-04-09T17:42:44.163+0000] {dag.py:2742} INFO - Sync 1 DAGs
[2025-04-09T17:42:44.177+0000] {logging_mixin.py:150} INFO - [2025-04-09T17:42:44.177+0000] {dag.py:3504} INFO - Setting next_dagrun for one_task_dag to None, run_after=None
[2025-04-09T17:42:44.190+0000] {processor.py:179} INFO - Processing /workspaces/hands-on-introduction-data-engineering-4395021/airflow/dags/one_task_dag.py took 0.056 seconds
[2025-04-09T17:43:14.321+0000] {processor.py:157} INFO - Started process (PID=22897) to work on /workspaces/hands-on-introduction-data-engineering-4395021/airflow/dags/one_task_dag.py
[2025-04-09T17:43:14.321+0000] {processor.py:826} INFO - Processing file /workspaces/hands-on-introduction-data-engineering-4395021/airflow/dags/one_task_dag.py for tasks to queue
[2025-04-09T17:43:14.322+0000] {logging_mixin.py:150} INFO - [2025-04-09T17:43:14.322+0000] {dagbag.py:541} INFO - Filling up the DagBag from /workspaces/hands-on-introduction-data-engineering-4395021/airflow/dags/one_task_dag.py
[2025-04-09T17:43:14.329+0000] {processor.py:836} INFO - DAG(s) dict_keys(['one_task_dag']) retrieved from /workspaces/hands-on-introduction-data-engineering-4395021/airflow/dags/one_task_dag.py
[2025-04-09T17:43:14.347+0000] {logging_mixin.py:150} INFO - [2025-04-09T17:43:14.346+0000] {dag.py:2742} INFO - Sync 1 DAGs
[2025-04-09T17:43:14.360+0000] {logging_mixin.py:150} INFO - [2025-04-09T17:43:14.360+0000] {dag.py:3504} INFO - Setting next_dagrun for one_task_dag to None, run_after=None
[2025-04-09T17:43:14.373+0000] {processor.py:179} INFO - Processing /workspaces/hands-on-introduction-data-engineering-4395021/airflow/dags/one_task_dag.py took 0.055 seconds
[2025-04-09T17:43:44.509+0000] {processor.py:157} INFO - Started process (PID=23068) to work on /workspaces/hands-on-introduction-data-engineering-4395021/airflow/dags/one_task_dag.py
[2025-04-09T17:43:44.509+0000] {processor.py:826} INFO - Processing file /workspaces/hands-on-introduction-data-engineering-4395021/airflow/dags/one_task_dag.py for tasks to queue
[2025-04-09T17:43:44.510+0000] {logging_mixin.py:150} INFO - [2025-04-09T17:43:44.510+0000] {dagbag.py:541} INFO - Filling up the DagBag from /workspaces/hands-on-introduction-data-engineering-4395021/airflow/dags/one_task_dag.py
[2025-04-09T17:43:44.518+0000] {processor.py:836} INFO - DAG(s) dict_keys(['one_task_dag']) retrieved from /workspaces/hands-on-introduction-data-engineering-4395021/airflow/dags/one_task_dag.py
[2025-04-09T17:43:44.535+0000] {logging_mixin.py:150} INFO - [2025-04-09T17:43:44.535+0000] {dag.py:2742} INFO - Sync 1 DAGs
[2025-04-09T17:43:44.549+0000] {logging_mixin.py:150} INFO - [2025-04-09T17:43:44.549+0000] {dag.py:3504} INFO - Setting next_dagrun for one_task_dag to None, run_after=None
[2025-04-09T17:43:44.562+0000] {processor.py:179} INFO - Processing /workspaces/hands-on-introduction-data-engineering-4395021/airflow/dags/one_task_dag.py took 0.056 seconds
[2025-04-09T17:44:14.691+0000] {processor.py:157} INFO - Started process (PID=23239) to work on /workspaces/hands-on-introduction-data-engineering-4395021/airflow/dags/one_task_dag.py
[2025-04-09T17:44:14.692+0000] {processor.py:826} INFO - Processing file /workspaces/hands-on-introduction-data-engineering-4395021/airflow/dags/one_task_dag.py for tasks to queue
[2025-04-09T17:44:14.693+0000] {logging_mixin.py:150} INFO - [2025-04-09T17:44:14.692+0000] {dagbag.py:541} INFO - Filling up the DagBag from /workspaces/hands-on-introduction-data-engineering-4395021/airflow/dags/one_task_dag.py
[2025-04-09T17:44:14.701+0000] {processor.py:836} INFO - DAG(s) dict_keys(['one_task_dag']) retrieved from /workspaces/hands-on-introduction-data-engineering-4395021/airflow/dags/one_task_dag.py
[2025-04-09T17:44:14.727+0000] {logging_mixin.py:150} INFO - [2025-04-09T17:44:14.727+0000] {dag.py:2742} INFO - Sync 1 DAGs
[2025-04-09T17:44:14.747+0000] {logging_mixin.py:150} INFO - [2025-04-09T17:44:14.747+0000] {dag.py:3504} INFO - Setting next_dagrun for one_task_dag to None, run_after=None
[2025-04-09T17:44:14.764+0000] {processor.py:179} INFO - Processing /workspaces/hands-on-introduction-data-engineering-4395021/airflow/dags/one_task_dag.py took 0.076 seconds
[2025-04-09T17:44:44.930+0000] {processor.py:157} INFO - Started process (PID=23460) to work on /workspaces/hands-on-introduction-data-engineering-4395021/airflow/dags/one_task_dag.py
[2025-04-09T17:44:44.930+0000] {processor.py:826} INFO - Processing file /workspaces/hands-on-introduction-data-engineering-4395021/airflow/dags/one_task_dag.py for tasks to queue
[2025-04-09T17:44:44.931+0000] {logging_mixin.py:150} INFO - [2025-04-09T17:44:44.931+0000] {dagbag.py:541} INFO - Filling up the DagBag from /workspaces/hands-on-introduction-data-engineering-4395021/airflow/dags/one_task_dag.py
[2025-04-09T17:44:44.938+0000] {processor.py:836} INFO - DAG(s) dict_keys(['one_task_dag']) retrieved from /workspaces/hands-on-introduction-data-engineering-4395021/airflow/dags/one_task_dag.py
[2025-04-09T17:44:44.957+0000] {logging_mixin.py:150} INFO - [2025-04-09T17:44:44.956+0000] {dag.py:2742} INFO - Sync 1 DAGs
[2025-04-09T17:44:44.970+0000] {logging_mixin.py:150} INFO - [2025-04-09T17:44:44.970+0000] {dag.py:3504} INFO - Setting next_dagrun for one_task_dag to None, run_after=None
[2025-04-09T17:44:44.984+0000] {processor.py:179} INFO - Processing /workspaces/hands-on-introduction-data-engineering-4395021/airflow/dags/one_task_dag.py took 0.057 seconds
[2025-04-09T17:45:15.130+0000] {processor.py:157} INFO - Started process (PID=23646) to work on /workspaces/hands-on-introduction-data-engineering-4395021/airflow/dags/one_task_dag.py
[2025-04-09T17:45:15.130+0000] {processor.py:826} INFO - Processing file /workspaces/hands-on-introduction-data-engineering-4395021/airflow/dags/one_task_dag.py for tasks to queue
[2025-04-09T17:45:15.131+0000] {logging_mixin.py:150} INFO - [2025-04-09T17:45:15.131+0000] {dagbag.py:541} INFO - Filling up the DagBag from /workspaces/hands-on-introduction-data-engineering-4395021/airflow/dags/one_task_dag.py
[2025-04-09T17:45:15.138+0000] {processor.py:836} INFO - DAG(s) dict_keys(['one_task_dag']) retrieved from /workspaces/hands-on-introduction-data-engineering-4395021/airflow/dags/one_task_dag.py
[2025-04-09T17:45:15.155+0000] {logging_mixin.py:150} INFO - [2025-04-09T17:45:15.155+0000] {dag.py:2742} INFO - Sync 1 DAGs
[2025-04-09T17:45:15.169+0000] {logging_mixin.py:150} INFO - [2025-04-09T17:45:15.169+0000] {dag.py:3504} INFO - Setting next_dagrun for one_task_dag to None, run_after=None
[2025-04-09T17:45:15.182+0000] {processor.py:179} INFO - Processing /workspaces/hands-on-introduction-data-engineering-4395021/airflow/dags/one_task_dag.py took 0.055 seconds
[2025-04-09T17:45:45.314+0000] {processor.py:157} INFO - Started process (PID=23817) to work on /workspaces/hands-on-introduction-data-engineering-4395021/airflow/dags/one_task_dag.py
[2025-04-09T17:45:45.315+0000] {processor.py:826} INFO - Processing file /workspaces/hands-on-introduction-data-engineering-4395021/airflow/dags/one_task_dag.py for tasks to queue
[2025-04-09T17:45:45.315+0000] {logging_mixin.py:150} INFO - [2025-04-09T17:45:45.315+0000] {dagbag.py:541} INFO - Filling up the DagBag from /workspaces/hands-on-introduction-data-engineering-4395021/airflow/dags/one_task_dag.py
[2025-04-09T17:45:45.323+0000] {processor.py:836} INFO - DAG(s) dict_keys(['one_task_dag']) retrieved from /workspaces/hands-on-introduction-data-engineering-4395021/airflow/dags/one_task_dag.py
[2025-04-09T17:45:45.341+0000] {logging_mixin.py:150} INFO - [2025-04-09T17:45:45.340+0000] {dag.py:2742} INFO - Sync 1 DAGs
[2025-04-09T17:45:45.354+0000] {logging_mixin.py:150} INFO - [2025-04-09T17:45:45.354+0000] {dag.py:3504} INFO - Setting next_dagrun for one_task_dag to None, run_after=None
[2025-04-09T17:45:45.367+0000] {processor.py:179} INFO - Processing /workspaces/hands-on-introduction-data-engineering-4395021/airflow/dags/one_task_dag.py took 0.056 seconds
[2025-04-09T17:46:15.501+0000] {processor.py:157} INFO - Started process (PID=23997) to work on /workspaces/hands-on-introduction-data-engineering-4395021/airflow/dags/one_task_dag.py
[2025-04-09T17:46:15.501+0000] {processor.py:826} INFO - Processing file /workspaces/hands-on-introduction-data-engineering-4395021/airflow/dags/one_task_dag.py for tasks to queue
[2025-04-09T17:46:15.502+0000] {logging_mixin.py:150} INFO - [2025-04-09T17:46:15.502+0000] {dagbag.py:541} INFO - Filling up the DagBag from /workspaces/hands-on-introduction-data-engineering-4395021/airflow/dags/one_task_dag.py
[2025-04-09T17:46:15.510+0000] {processor.py:836} INFO - DAG(s) dict_keys(['one_task_dag']) retrieved from /workspaces/hands-on-introduction-data-engineering-4395021/airflow/dags/one_task_dag.py
[2025-04-09T17:46:15.527+0000] {logging_mixin.py:150} INFO - [2025-04-09T17:46:15.527+0000] {dag.py:2742} INFO - Sync 1 DAGs
[2025-04-09T17:46:15.540+0000] {logging_mixin.py:150} INFO - [2025-04-09T17:46:15.540+0000] {dag.py:3504} INFO - Setting next_dagrun for one_task_dag to None, run_after=None
[2025-04-09T17:46:15.553+0000] {processor.py:179} INFO - Processing /workspaces/hands-on-introduction-data-engineering-4395021/airflow/dags/one_task_dag.py took 0.055 seconds
[2025-04-09T17:46:45.812+0000] {processor.py:157} INFO - Started process (PID=24402) to work on /workspaces/hands-on-introduction-data-engineering-4395021/airflow/dags/one_task_dag.py
[2025-04-09T17:46:45.813+0000] {processor.py:826} INFO - Processing file /workspaces/hands-on-introduction-data-engineering-4395021/airflow/dags/one_task_dag.py for tasks to queue
[2025-04-09T17:46:45.814+0000] {logging_mixin.py:150} INFO - [2025-04-09T17:46:45.813+0000] {dagbag.py:541} INFO - Filling up the DagBag from /workspaces/hands-on-introduction-data-engineering-4395021/airflow/dags/one_task_dag.py
[2025-04-09T17:46:45.844+0000] {processor.py:836} INFO - DAG(s) dict_keys(['one_task_dag']) retrieved from /workspaces/hands-on-introduction-data-engineering-4395021/airflow/dags/one_task_dag.py
[2025-04-09T17:46:45.939+0000] {logging_mixin.py:150} INFO - [2025-04-09T17:46:45.939+0000] {dag.py:2742} INFO - Sync 1 DAGs
[2025-04-09T17:46:46.040+0000] {logging_mixin.py:150} INFO - [2025-04-09T17:46:46.039+0000] {dag.py:3504} INFO - Setting next_dagrun for one_task_dag to None, run_after=None
[2025-04-09T17:46:46.117+0000] {processor.py:179} INFO - Processing /workspaces/hands-on-introduction-data-engineering-4395021/airflow/dags/one_task_dag.py took 0.312 seconds
[2025-04-09T17:47:17.082+0000] {processor.py:157} INFO - Started process (PID=24725) to work on /workspaces/hands-on-introduction-data-engineering-4395021/airflow/dags/one_task_dag.py
[2025-04-09T17:47:17.083+0000] {processor.py:826} INFO - Processing file /workspaces/hands-on-introduction-data-engineering-4395021/airflow/dags/one_task_dag.py for tasks to queue
[2025-04-09T17:47:17.084+0000] {logging_mixin.py:150} INFO - [2025-04-09T17:47:17.084+0000] {dagbag.py:541} INFO - Filling up the DagBag from /workspaces/hands-on-introduction-data-engineering-4395021/airflow/dags/one_task_dag.py
[2025-04-09T17:47:17.094+0000] {processor.py:836} INFO - DAG(s) dict_keys(['one_task_dag']) retrieved from /workspaces/hands-on-introduction-data-engineering-4395021/airflow/dags/one_task_dag.py
[2025-04-09T17:47:17.129+0000] {logging_mixin.py:150} INFO - [2025-04-09T17:47:17.129+0000] {dag.py:2742} INFO - Sync 1 DAGs
[2025-04-09T17:47:17.150+0000] {logging_mixin.py:150} INFO - [2025-04-09T17:47:17.150+0000] {dag.py:3504} INFO - Setting next_dagrun for one_task_dag to None, run_after=None
[2025-04-09T17:47:17.180+0000] {processor.py:179} INFO - Processing /workspaces/hands-on-introduction-data-engineering-4395021/airflow/dags/one_task_dag.py took 0.101 seconds
[2025-04-09T17:47:47.818+0000] {processor.py:157} INFO - Started process (PID=25021) to work on /workspaces/hands-on-introduction-data-engineering-4395021/airflow/dags/one_task_dag.py
[2025-04-09T17:47:47.819+0000] {processor.py:826} INFO - Processing file /workspaces/hands-on-introduction-data-engineering-4395021/airflow/dags/one_task_dag.py for tasks to queue
[2025-04-09T17:47:47.819+0000] {logging_mixin.py:150} INFO - [2025-04-09T17:47:47.819+0000] {dagbag.py:541} INFO - Filling up the DagBag from /workspaces/hands-on-introduction-data-engineering-4395021/airflow/dags/one_task_dag.py
[2025-04-09T17:47:47.827+0000] {processor.py:836} INFO - DAG(s) dict_keys(['one_task_dag']) retrieved from /workspaces/hands-on-introduction-data-engineering-4395021/airflow/dags/one_task_dag.py
[2025-04-09T17:47:47.845+0000] {logging_mixin.py:150} INFO - [2025-04-09T17:47:47.845+0000] {dag.py:2742} INFO - Sync 1 DAGs
[2025-04-09T17:47:47.858+0000] {logging_mixin.py:150} INFO - [2025-04-09T17:47:47.858+0000] {dag.py:3504} INFO - Setting next_dagrun for one_task_dag to None, run_after=None
[2025-04-09T17:47:47.872+0000] {processor.py:179} INFO - Processing /workspaces/hands-on-introduction-data-engineering-4395021/airflow/dags/one_task_dag.py took 0.056 seconds
[2025-04-09T17:48:18.019+0000] {processor.py:157} INFO - Started process (PID=25332) to work on /workspaces/hands-on-introduction-data-engineering-4395021/airflow/dags/one_task_dag.py
[2025-04-09T17:48:18.020+0000] {processor.py:826} INFO - Processing file /workspaces/hands-on-introduction-data-engineering-4395021/airflow/dags/one_task_dag.py for tasks to queue
[2025-04-09T17:48:18.021+0000] {logging_mixin.py:150} INFO - [2025-04-09T17:48:18.020+0000] {dagbag.py:541} INFO - Filling up the DagBag from /workspaces/hands-on-introduction-data-engineering-4395021/airflow/dags/one_task_dag.py
[2025-04-09T17:48:18.028+0000] {processor.py:836} INFO - DAG(s) dict_keys(['one_task_dag']) retrieved from /workspaces/hands-on-introduction-data-engineering-4395021/airflow/dags/one_task_dag.py
[2025-04-09T17:48:18.046+0000] {logging_mixin.py:150} INFO - [2025-04-09T17:48:18.045+0000] {dag.py:2742} INFO - Sync 1 DAGs
[2025-04-09T17:48:18.059+0000] {logging_mixin.py:150} INFO - [2025-04-09T17:48:18.059+0000] {dag.py:3504} INFO - Setting next_dagrun for one_task_dag to None, run_after=None
[2025-04-09T17:48:18.074+0000] {processor.py:179} INFO - Processing /workspaces/hands-on-introduction-data-engineering-4395021/airflow/dags/one_task_dag.py took 0.057 seconds
[2025-04-09T17:48:48.212+0000] {processor.py:157} INFO - Started process (PID=25609) to work on /workspaces/hands-on-introduction-data-engineering-4395021/airflow/dags/one_task_dag.py
[2025-04-09T17:48:48.212+0000] {processor.py:826} INFO - Processing file /workspaces/hands-on-introduction-data-engineering-4395021/airflow/dags/one_task_dag.py for tasks to queue
[2025-04-09T17:48:48.213+0000] {logging_mixin.py:150} INFO - [2025-04-09T17:48:48.213+0000] {dagbag.py:541} INFO - Filling up the DagBag from /workspaces/hands-on-introduction-data-engineering-4395021/airflow/dags/one_task_dag.py
[2025-04-09T17:48:48.222+0000] {processor.py:836} INFO - DAG(s) dict_keys(['one_task_dag']) retrieved from /workspaces/hands-on-introduction-data-engineering-4395021/airflow/dags/one_task_dag.py
[2025-04-09T17:48:48.240+0000] {logging_mixin.py:150} INFO - [2025-04-09T17:48:48.240+0000] {dag.py:2742} INFO - Sync 1 DAGs
[2025-04-09T17:48:48.254+0000] {logging_mixin.py:150} INFO - [2025-04-09T17:48:48.253+0000] {dag.py:3504} INFO - Setting next_dagrun for one_task_dag to None, run_after=None
[2025-04-09T17:48:48.268+0000] {processor.py:179} INFO - Processing /workspaces/hands-on-introduction-data-engineering-4395021/airflow/dags/one_task_dag.py took 0.059 seconds
[2025-04-09T17:49:18.401+0000] {processor.py:157} INFO - Started process (PID=25971) to work on /workspaces/hands-on-introduction-data-engineering-4395021/airflow/dags/one_task_dag.py
[2025-04-09T17:49:18.402+0000] {processor.py:826} INFO - Processing file /workspaces/hands-on-introduction-data-engineering-4395021/airflow/dags/one_task_dag.py for tasks to queue
[2025-04-09T17:49:18.403+0000] {logging_mixin.py:150} INFO - [2025-04-09T17:49:18.402+0000] {dagbag.py:541} INFO - Filling up the DagBag from /workspaces/hands-on-introduction-data-engineering-4395021/airflow/dags/one_task_dag.py
[2025-04-09T17:49:18.410+0000] {processor.py:836} INFO - DAG(s) dict_keys(['one_task_dag']) retrieved from /workspaces/hands-on-introduction-data-engineering-4395021/airflow/dags/one_task_dag.py
[2025-04-09T17:49:18.427+0000] {logging_mixin.py:150} INFO - [2025-04-09T17:49:18.427+0000] {dag.py:2742} INFO - Sync 1 DAGs
[2025-04-09T17:49:18.441+0000] {logging_mixin.py:150} INFO - [2025-04-09T17:49:18.441+0000] {dag.py:3504} INFO - Setting next_dagrun for one_task_dag to None, run_after=None
[2025-04-09T17:49:18.455+0000] {processor.py:179} INFO - Processing /workspaces/hands-on-introduction-data-engineering-4395021/airflow/dags/one_task_dag.py took 0.056 seconds
[2025-04-09T17:49:48.680+0000] {processor.py:157} INFO - Started process (PID=26372) to work on /workspaces/hands-on-introduction-data-engineering-4395021/airflow/dags/one_task_dag.py
[2025-04-09T17:49:48.681+0000] {processor.py:826} INFO - Processing file /workspaces/hands-on-introduction-data-engineering-4395021/airflow/dags/one_task_dag.py for tasks to queue
[2025-04-09T17:49:48.681+0000] {logging_mixin.py:150} INFO - [2025-04-09T17:49:48.681+0000] {dagbag.py:541} INFO - Filling up the DagBag from /workspaces/hands-on-introduction-data-engineering-4395021/airflow/dags/one_task_dag.py
[2025-04-09T17:49:48.688+0000] {processor.py:836} INFO - DAG(s) dict_keys(['one_task_dag']) retrieved from /workspaces/hands-on-introduction-data-engineering-4395021/airflow/dags/one_task_dag.py
[2025-04-09T17:49:48.706+0000] {logging_mixin.py:150} INFO - [2025-04-09T17:49:48.705+0000] {dag.py:2742} INFO - Sync 1 DAGs
[2025-04-09T17:49:48.719+0000] {logging_mixin.py:150} INFO - [2025-04-09T17:49:48.719+0000] {dag.py:3504} INFO - Setting next_dagrun for one_task_dag to None, run_after=None
[2025-04-09T17:49:48.733+0000] {processor.py:179} INFO - Processing /workspaces/hands-on-introduction-data-engineering-4395021/airflow/dags/one_task_dag.py took 0.055 seconds
[2025-04-09T17:50:18.861+0000] {processor.py:157} INFO - Started process (PID=26798) to work on /workspaces/hands-on-introduction-data-engineering-4395021/airflow/dags/one_task_dag.py
[2025-04-09T17:50:18.861+0000] {processor.py:826} INFO - Processing file /workspaces/hands-on-introduction-data-engineering-4395021/airflow/dags/one_task_dag.py for tasks to queue
[2025-04-09T17:50:18.862+0000] {logging_mixin.py:150} INFO - [2025-04-09T17:50:18.862+0000] {dagbag.py:541} INFO - Filling up the DagBag from /workspaces/hands-on-introduction-data-engineering-4395021/airflow/dags/one_task_dag.py
[2025-04-09T17:50:18.869+0000] {processor.py:836} INFO - DAG(s) dict_keys(['one_task_dag']) retrieved from /workspaces/hands-on-introduction-data-engineering-4395021/airflow/dags/one_task_dag.py
[2025-04-09T17:50:18.886+0000] {logging_mixin.py:150} INFO - [2025-04-09T17:50:18.886+0000] {dag.py:2742} INFO - Sync 1 DAGs
[2025-04-09T17:50:18.900+0000] {logging_mixin.py:150} INFO - [2025-04-09T17:50:18.900+0000] {dag.py:3504} INFO - Setting next_dagrun for one_task_dag to None, run_after=None
[2025-04-09T17:50:18.913+0000] {processor.py:179} INFO - Processing /workspaces/hands-on-introduction-data-engineering-4395021/airflow/dags/one_task_dag.py took 0.055 seconds
[2025-04-09T17:50:49.046+0000] {processor.py:157} INFO - Started process (PID=27193) to work on /workspaces/hands-on-introduction-data-engineering-4395021/airflow/dags/one_task_dag.py
[2025-04-09T17:50:49.047+0000] {processor.py:826} INFO - Processing file /workspaces/hands-on-introduction-data-engineering-4395021/airflow/dags/one_task_dag.py for tasks to queue
[2025-04-09T17:50:49.047+0000] {logging_mixin.py:150} INFO - [2025-04-09T17:50:49.047+0000] {dagbag.py:541} INFO - Filling up the DagBag from /workspaces/hands-on-introduction-data-engineering-4395021/airflow/dags/one_task_dag.py
[2025-04-09T17:50:49.054+0000] {processor.py:836} INFO - DAG(s) dict_keys(['one_task_dag']) retrieved from /workspaces/hands-on-introduction-data-engineering-4395021/airflow/dags/one_task_dag.py
[2025-04-09T17:50:49.072+0000] {logging_mixin.py:150} INFO - [2025-04-09T17:50:49.072+0000] {dag.py:2742} INFO - Sync 1 DAGs
[2025-04-09T17:50:49.085+0000] {logging_mixin.py:150} INFO - [2025-04-09T17:50:49.085+0000] {dag.py:3504} INFO - Setting next_dagrun for one_task_dag to None, run_after=None
[2025-04-09T17:50:49.099+0000] {processor.py:179} INFO - Processing /workspaces/hands-on-introduction-data-engineering-4395021/airflow/dags/one_task_dag.py took 0.056 seconds
[2025-04-09T17:51:19.229+0000] {processor.py:157} INFO - Started process (PID=27547) to work on /workspaces/hands-on-introduction-data-engineering-4395021/airflow/dags/one_task_dag.py
[2025-04-09T17:51:19.229+0000] {processor.py:826} INFO - Processing file /workspaces/hands-on-introduction-data-engineering-4395021/airflow/dags/one_task_dag.py for tasks to queue
[2025-04-09T17:51:19.230+0000] {logging_mixin.py:150} INFO - [2025-04-09T17:51:19.230+0000] {dagbag.py:541} INFO - Filling up the DagBag from /workspaces/hands-on-introduction-data-engineering-4395021/airflow/dags/one_task_dag.py
[2025-04-09T17:51:19.237+0000] {processor.py:836} INFO - DAG(s) dict_keys(['one_task_dag']) retrieved from /workspaces/hands-on-introduction-data-engineering-4395021/airflow/dags/one_task_dag.py
[2025-04-09T17:51:19.255+0000] {logging_mixin.py:150} INFO - [2025-04-09T17:51:19.255+0000] {dag.py:2742} INFO - Sync 1 DAGs
[2025-04-09T17:51:19.269+0000] {logging_mixin.py:150} INFO - [2025-04-09T17:51:19.269+0000] {dag.py:3504} INFO - Setting next_dagrun for one_task_dag to None, run_after=None
[2025-04-09T17:51:19.282+0000] {processor.py:179} INFO - Processing /workspaces/hands-on-introduction-data-engineering-4395021/airflow/dags/one_task_dag.py took 0.057 seconds
[2025-04-09T17:51:49.423+0000] {processor.py:157} INFO - Started process (PID=27805) to work on /workspaces/hands-on-introduction-data-engineering-4395021/airflow/dags/one_task_dag.py
[2025-04-09T17:51:49.424+0000] {processor.py:826} INFO - Processing file /workspaces/hands-on-introduction-data-engineering-4395021/airflow/dags/one_task_dag.py for tasks to queue
[2025-04-09T17:51:49.428+0000] {logging_mixin.py:150} INFO - [2025-04-09T17:51:49.428+0000] {dagbag.py:541} INFO - Filling up the DagBag from /workspaces/hands-on-introduction-data-engineering-4395021/airflow/dags/one_task_dag.py
[2025-04-09T17:51:49.443+0000] {processor.py:836} INFO - DAG(s) dict_keys(['one_task_dag']) retrieved from /workspaces/hands-on-introduction-data-engineering-4395021/airflow/dags/one_task_dag.py
[2025-04-09T17:51:49.467+0000] {logging_mixin.py:150} INFO - [2025-04-09T17:51:49.467+0000] {dag.py:2742} INFO - Sync 1 DAGs
[2025-04-09T17:51:49.481+0000] {logging_mixin.py:150} INFO - [2025-04-09T17:51:49.480+0000] {dag.py:3504} INFO - Setting next_dagrun for one_task_dag to None, run_after=None
[2025-04-09T17:51:49.494+0000] {processor.py:179} INFO - Processing /workspaces/hands-on-introduction-data-engineering-4395021/airflow/dags/one_task_dag.py took 0.079 seconds
[2025-04-09T17:52:19.598+0000] {processor.py:157} INFO - Started process (PID=28074) to work on /workspaces/hands-on-introduction-data-engineering-4395021/airflow/dags/one_task_dag.py
[2025-04-09T17:52:19.599+0000] {processor.py:826} INFO - Processing file /workspaces/hands-on-introduction-data-engineering-4395021/airflow/dags/one_task_dag.py for tasks to queue
[2025-04-09T17:52:19.600+0000] {logging_mixin.py:150} INFO - [2025-04-09T17:52:19.600+0000] {dagbag.py:541} INFO - Filling up the DagBag from /workspaces/hands-on-introduction-data-engineering-4395021/airflow/dags/one_task_dag.py
[2025-04-09T17:52:19.607+0000] {processor.py:836} INFO - DAG(s) dict_keys(['one_task_dag']) retrieved from /workspaces/hands-on-introduction-data-engineering-4395021/airflow/dags/one_task_dag.py
[2025-04-09T17:52:19.625+0000] {logging_mixin.py:150} INFO - [2025-04-09T17:52:19.625+0000] {dag.py:2742} INFO - Sync 1 DAGs
[2025-04-09T17:52:19.638+0000] {logging_mixin.py:150} INFO - [2025-04-09T17:52:19.638+0000] {dag.py:3504} INFO - Setting next_dagrun for one_task_dag to None, run_after=None
[2025-04-09T17:52:19.653+0000] {processor.py:179} INFO - Processing /workspaces/hands-on-introduction-data-engineering-4395021/airflow/dags/one_task_dag.py took 0.057 seconds
[2025-04-09T17:52:49.781+0000] {processor.py:157} INFO - Started process (PID=28354) to work on /workspaces/hands-on-introduction-data-engineering-4395021/airflow/dags/one_task_dag.py
[2025-04-09T17:52:49.782+0000] {processor.py:826} INFO - Processing file /workspaces/hands-on-introduction-data-engineering-4395021/airflow/dags/one_task_dag.py for tasks to queue
[2025-04-09T17:52:49.783+0000] {logging_mixin.py:150} INFO - [2025-04-09T17:52:49.783+0000] {dagbag.py:541} INFO - Filling up the DagBag from /workspaces/hands-on-introduction-data-engineering-4395021/airflow/dags/one_task_dag.py
[2025-04-09T17:52:49.790+0000] {processor.py:836} INFO - DAG(s) dict_keys(['one_task_dag']) retrieved from /workspaces/hands-on-introduction-data-engineering-4395021/airflow/dags/one_task_dag.py
[2025-04-09T17:52:49.808+0000] {logging_mixin.py:150} INFO - [2025-04-09T17:52:49.808+0000] {dag.py:2742} INFO - Sync 1 DAGs
[2025-04-09T17:52:49.822+0000] {logging_mixin.py:150} INFO - [2025-04-09T17:52:49.821+0000] {dag.py:3504} INFO - Setting next_dagrun for one_task_dag to None, run_after=None
[2025-04-09T17:52:49.837+0000] {processor.py:179} INFO - Processing /workspaces/hands-on-introduction-data-engineering-4395021/airflow/dags/one_task_dag.py took 0.058 seconds
[2025-04-09T17:53:19.947+0000] {processor.py:157} INFO - Started process (PID=28533) to work on /workspaces/hands-on-introduction-data-engineering-4395021/airflow/dags/one_task_dag.py
[2025-04-09T17:53:19.948+0000] {processor.py:826} INFO - Processing file /workspaces/hands-on-introduction-data-engineering-4395021/airflow/dags/one_task_dag.py for tasks to queue
[2025-04-09T17:53:19.948+0000] {logging_mixin.py:150} INFO - [2025-04-09T17:53:19.948+0000] {dagbag.py:541} INFO - Filling up the DagBag from /workspaces/hands-on-introduction-data-engineering-4395021/airflow/dags/one_task_dag.py
[2025-04-09T17:53:19.956+0000] {processor.py:836} INFO - DAG(s) dict_keys(['one_task_dag']) retrieved from /workspaces/hands-on-introduction-data-engineering-4395021/airflow/dags/one_task_dag.py
[2025-04-09T17:53:19.973+0000] {logging_mixin.py:150} INFO - [2025-04-09T17:53:19.973+0000] {dag.py:2742} INFO - Sync 1 DAGs
[2025-04-09T17:53:19.987+0000] {logging_mixin.py:150} INFO - [2025-04-09T17:53:19.986+0000] {dag.py:3504} INFO - Setting next_dagrun for one_task_dag to None, run_after=None
[2025-04-09T17:53:20.000+0000] {processor.py:179} INFO - Processing /workspaces/hands-on-introduction-data-engineering-4395021/airflow/dags/one_task_dag.py took 0.056 seconds
[2025-04-09T17:53:50.131+0000] {processor.py:157} INFO - Started process (PID=28710) to work on /workspaces/hands-on-introduction-data-engineering-4395021/airflow/dags/one_task_dag.py
[2025-04-09T17:53:50.132+0000] {processor.py:826} INFO - Processing file /workspaces/hands-on-introduction-data-engineering-4395021/airflow/dags/one_task_dag.py for tasks to queue
[2025-04-09T17:53:50.133+0000] {logging_mixin.py:150} INFO - [2025-04-09T17:53:50.133+0000] {dagbag.py:541} INFO - Filling up the DagBag from /workspaces/hands-on-introduction-data-engineering-4395021/airflow/dags/one_task_dag.py
[2025-04-09T17:53:50.140+0000] {processor.py:836} INFO - DAG(s) dict_keys(['one_task_dag']) retrieved from /workspaces/hands-on-introduction-data-engineering-4395021/airflow/dags/one_task_dag.py
[2025-04-09T17:53:50.158+0000] {logging_mixin.py:150} INFO - [2025-04-09T17:53:50.158+0000] {dag.py:2742} INFO - Sync 1 DAGs
[2025-04-09T17:53:50.171+0000] {logging_mixin.py:150} INFO - [2025-04-09T17:53:50.171+0000] {dag.py:3504} INFO - Setting next_dagrun for one_task_dag to None, run_after=None
[2025-04-09T17:53:50.185+0000] {processor.py:179} INFO - Processing /workspaces/hands-on-introduction-data-engineering-4395021/airflow/dags/one_task_dag.py took 0.056 seconds
[2025-04-09T17:54:20.315+0000] {processor.py:157} INFO - Started process (PID=28880) to work on /workspaces/hands-on-introduction-data-engineering-4395021/airflow/dags/one_task_dag.py
[2025-04-09T17:54:20.316+0000] {processor.py:826} INFO - Processing file /workspaces/hands-on-introduction-data-engineering-4395021/airflow/dags/one_task_dag.py for tasks to queue
[2025-04-09T17:54:20.317+0000] {logging_mixin.py:150} INFO - [2025-04-09T17:54:20.316+0000] {dagbag.py:541} INFO - Filling up the DagBag from /workspaces/hands-on-introduction-data-engineering-4395021/airflow/dags/one_task_dag.py
[2025-04-09T17:54:20.324+0000] {processor.py:836} INFO - DAG(s) dict_keys(['one_task_dag']) retrieved from /workspaces/hands-on-introduction-data-engineering-4395021/airflow/dags/one_task_dag.py
[2025-04-09T17:54:20.351+0000] {logging_mixin.py:150} INFO - [2025-04-09T17:54:20.350+0000] {dag.py:2742} INFO - Sync 1 DAGs
[2025-04-09T17:54:20.370+0000] {logging_mixin.py:150} INFO - [2025-04-09T17:54:20.370+0000] {dag.py:3504} INFO - Setting next_dagrun for one_task_dag to None, run_after=None
[2025-04-09T17:54:20.388+0000] {processor.py:179} INFO - Processing /workspaces/hands-on-introduction-data-engineering-4395021/airflow/dags/one_task_dag.py took 0.076 seconds
[2025-04-09T17:54:50.499+0000] {processor.py:157} INFO - Started process (PID=29057) to work on /workspaces/hands-on-introduction-data-engineering-4395021/airflow/dags/one_task_dag.py
[2025-04-09T17:54:50.500+0000] {processor.py:826} INFO - Processing file /workspaces/hands-on-introduction-data-engineering-4395021/airflow/dags/one_task_dag.py for tasks to queue
[2025-04-09T17:54:50.501+0000] {logging_mixin.py:150} INFO - [2025-04-09T17:54:50.501+0000] {dagbag.py:541} INFO - Filling up the DagBag from /workspaces/hands-on-introduction-data-engineering-4395021/airflow/dags/one_task_dag.py
[2025-04-09T17:54:50.508+0000] {processor.py:836} INFO - DAG(s) dict_keys(['one_task_dag']) retrieved from /workspaces/hands-on-introduction-data-engineering-4395021/airflow/dags/one_task_dag.py
[2025-04-09T17:54:50.525+0000] {logging_mixin.py:150} INFO - [2025-04-09T17:54:50.525+0000] {dag.py:2742} INFO - Sync 1 DAGs
[2025-04-09T17:54:50.538+0000] {logging_mixin.py:150} INFO - [2025-04-09T17:54:50.538+0000] {dag.py:3504} INFO - Setting next_dagrun for one_task_dag to None, run_after=None
[2025-04-09T17:54:50.552+0000] {processor.py:179} INFO - Processing /workspaces/hands-on-introduction-data-engineering-4395021/airflow/dags/one_task_dag.py took 0.055 seconds
[2025-04-09T17:55:20.684+0000] {processor.py:157} INFO - Started process (PID=29234) to work on /workspaces/hands-on-introduction-data-engineering-4395021/airflow/dags/one_task_dag.py
[2025-04-09T17:55:20.685+0000] {processor.py:826} INFO - Processing file /workspaces/hands-on-introduction-data-engineering-4395021/airflow/dags/one_task_dag.py for tasks to queue
[2025-04-09T17:55:20.686+0000] {logging_mixin.py:150} INFO - [2025-04-09T17:55:20.686+0000] {dagbag.py:541} INFO - Filling up the DagBag from /workspaces/hands-on-introduction-data-engineering-4395021/airflow/dags/one_task_dag.py
[2025-04-09T17:55:20.693+0000] {processor.py:836} INFO - DAG(s) dict_keys(['one_task_dag']) retrieved from /workspaces/hands-on-introduction-data-engineering-4395021/airflow/dags/one_task_dag.py
[2025-04-09T17:55:20.711+0000] {logging_mixin.py:150} INFO - [2025-04-09T17:55:20.711+0000] {dag.py:2742} INFO - Sync 1 DAGs
[2025-04-09T17:55:20.724+0000] {logging_mixin.py:150} INFO - [2025-04-09T17:55:20.724+0000] {dag.py:3504} INFO - Setting next_dagrun for one_task_dag to None, run_after=None
[2025-04-09T17:55:20.738+0000] {processor.py:179} INFO - Processing /workspaces/hands-on-introduction-data-engineering-4395021/airflow/dags/one_task_dag.py took 0.056 seconds
[2025-04-09T17:55:50.869+0000] {processor.py:157} INFO - Started process (PID=29399) to work on /workspaces/hands-on-introduction-data-engineering-4395021/airflow/dags/one_task_dag.py
[2025-04-09T17:55:50.870+0000] {processor.py:826} INFO - Processing file /workspaces/hands-on-introduction-data-engineering-4395021/airflow/dags/one_task_dag.py for tasks to queue
[2025-04-09T17:55:50.870+0000] {logging_mixin.py:150} INFO - [2025-04-09T17:55:50.870+0000] {dagbag.py:541} INFO - Filling up the DagBag from /workspaces/hands-on-introduction-data-engineering-4395021/airflow/dags/one_task_dag.py
[2025-04-09T17:55:50.878+0000] {processor.py:836} INFO - DAG(s) dict_keys(['one_task_dag']) retrieved from /workspaces/hands-on-introduction-data-engineering-4395021/airflow/dags/one_task_dag.py
[2025-04-09T17:55:50.895+0000] {logging_mixin.py:150} INFO - [2025-04-09T17:55:50.895+0000] {dag.py:2742} INFO - Sync 1 DAGs
[2025-04-09T17:55:50.909+0000] {logging_mixin.py:150} INFO - [2025-04-09T17:55:50.909+0000] {dag.py:3504} INFO - Setting next_dagrun for one_task_dag to None, run_after=None
[2025-04-09T17:55:50.922+0000] {processor.py:179} INFO - Processing /workspaces/hands-on-introduction-data-engineering-4395021/airflow/dags/one_task_dag.py took 0.056 seconds
[2025-04-09T17:56:21.054+0000] {processor.py:157} INFO - Started process (PID=29577) to work on /workspaces/hands-on-introduction-data-engineering-4395021/airflow/dags/one_task_dag.py
[2025-04-09T17:56:21.054+0000] {processor.py:826} INFO - Processing file /workspaces/hands-on-introduction-data-engineering-4395021/airflow/dags/one_task_dag.py for tasks to queue
[2025-04-09T17:56:21.055+0000] {logging_mixin.py:150} INFO - [2025-04-09T17:56:21.055+0000] {dagbag.py:541} INFO - Filling up the DagBag from /workspaces/hands-on-introduction-data-engineering-4395021/airflow/dags/one_task_dag.py
[2025-04-09T17:56:21.062+0000] {processor.py:836} INFO - DAG(s) dict_keys(['one_task_dag']) retrieved from /workspaces/hands-on-introduction-data-engineering-4395021/airflow/dags/one_task_dag.py
[2025-04-09T17:56:21.080+0000] {logging_mixin.py:150} INFO - [2025-04-09T17:56:21.080+0000] {dag.py:2742} INFO - Sync 1 DAGs
[2025-04-09T17:56:21.093+0000] {logging_mixin.py:150} INFO - [2025-04-09T17:56:21.093+0000] {dag.py:3504} INFO - Setting next_dagrun for one_task_dag to None, run_after=None
[2025-04-09T17:56:21.107+0000] {processor.py:179} INFO - Processing /workspaces/hands-on-introduction-data-engineering-4395021/airflow/dags/one_task_dag.py took 0.056 seconds
[2025-04-09T17:56:51.232+0000] {processor.py:157} INFO - Started process (PID=29748) to work on /workspaces/hands-on-introduction-data-engineering-4395021/airflow/dags/one_task_dag.py
[2025-04-09T17:56:51.232+0000] {processor.py:826} INFO - Processing file /workspaces/hands-on-introduction-data-engineering-4395021/airflow/dags/one_task_dag.py for tasks to queue
[2025-04-09T17:56:51.233+0000] {logging_mixin.py:150} INFO - [2025-04-09T17:56:51.233+0000] {dagbag.py:541} INFO - Filling up the DagBag from /workspaces/hands-on-introduction-data-engineering-4395021/airflow/dags/one_task_dag.py
[2025-04-09T17:56:51.241+0000] {processor.py:836} INFO - DAG(s) dict_keys(['one_task_dag']) retrieved from /workspaces/hands-on-introduction-data-engineering-4395021/airflow/dags/one_task_dag.py
[2025-04-09T17:56:51.258+0000] {logging_mixin.py:150} INFO - [2025-04-09T17:56:51.258+0000] {dag.py:2742} INFO - Sync 1 DAGs
[2025-04-09T17:56:51.272+0000] {logging_mixin.py:150} INFO - [2025-04-09T17:56:51.272+0000] {dag.py:3504} INFO - Setting next_dagrun for one_task_dag to None, run_after=None
[2025-04-09T17:56:51.288+0000] {processor.py:179} INFO - Processing /workspaces/hands-on-introduction-data-engineering-4395021/airflow/dags/one_task_dag.py took 0.059 seconds
[2025-04-09T17:57:21.417+0000] {processor.py:157} INFO - Started process (PID=29924) to work on /workspaces/hands-on-introduction-data-engineering-4395021/airflow/dags/one_task_dag.py
[2025-04-09T17:57:21.417+0000] {processor.py:826} INFO - Processing file /workspaces/hands-on-introduction-data-engineering-4395021/airflow/dags/one_task_dag.py for tasks to queue
[2025-04-09T17:57:21.418+0000] {logging_mixin.py:150} INFO - [2025-04-09T17:57:21.418+0000] {dagbag.py:541} INFO - Filling up the DagBag from /workspaces/hands-on-introduction-data-engineering-4395021/airflow/dags/one_task_dag.py
[2025-04-09T17:57:21.426+0000] {processor.py:836} INFO - DAG(s) dict_keys(['one_task_dag']) retrieved from /workspaces/hands-on-introduction-data-engineering-4395021/airflow/dags/one_task_dag.py
[2025-04-09T17:57:21.443+0000] {logging_mixin.py:150} INFO - [2025-04-09T17:57:21.443+0000] {dag.py:2742} INFO - Sync 1 DAGs
[2025-04-09T17:57:21.457+0000] {logging_mixin.py:150} INFO - [2025-04-09T17:57:21.457+0000] {dag.py:3504} INFO - Setting next_dagrun for one_task_dag to None, run_after=None
[2025-04-09T17:57:21.470+0000] {processor.py:179} INFO - Processing /workspaces/hands-on-introduction-data-engineering-4395021/airflow/dags/one_task_dag.py took 0.056 seconds
[2025-04-09T17:57:51.599+0000] {processor.py:157} INFO - Started process (PID=30101) to work on /workspaces/hands-on-introduction-data-engineering-4395021/airflow/dags/one_task_dag.py
[2025-04-09T17:57:51.600+0000] {processor.py:826} INFO - Processing file /workspaces/hands-on-introduction-data-engineering-4395021/airflow/dags/one_task_dag.py for tasks to queue
[2025-04-09T17:57:51.601+0000] {logging_mixin.py:150} INFO - [2025-04-09T17:57:51.600+0000] {dagbag.py:541} INFO - Filling up the DagBag from /workspaces/hands-on-introduction-data-engineering-4395021/airflow/dags/one_task_dag.py
[2025-04-09T17:57:51.608+0000] {processor.py:836} INFO - DAG(s) dict_keys(['one_task_dag']) retrieved from /workspaces/hands-on-introduction-data-engineering-4395021/airflow/dags/one_task_dag.py
[2025-04-09T17:57:51.625+0000] {logging_mixin.py:150} INFO - [2025-04-09T17:57:51.625+0000] {dag.py:2742} INFO - Sync 1 DAGs
[2025-04-09T17:57:51.639+0000] {logging_mixin.py:150} INFO - [2025-04-09T17:57:51.639+0000] {dag.py:3504} INFO - Setting next_dagrun for one_task_dag to None, run_after=None
[2025-04-09T17:57:51.653+0000] {processor.py:179} INFO - Processing /workspaces/hands-on-introduction-data-engineering-4395021/airflow/dags/one_task_dag.py took 0.056 seconds
[2025-04-09T17:58:21.791+0000] {processor.py:157} INFO - Started process (PID=30271) to work on /workspaces/hands-on-introduction-data-engineering-4395021/airflow/dags/one_task_dag.py
[2025-04-09T17:58:21.792+0000] {processor.py:826} INFO - Processing file /workspaces/hands-on-introduction-data-engineering-4395021/airflow/dags/one_task_dag.py for tasks to queue
[2025-04-09T17:58:21.793+0000] {logging_mixin.py:150} INFO - [2025-04-09T17:58:21.792+0000] {dagbag.py:541} INFO - Filling up the DagBag from /workspaces/hands-on-introduction-data-engineering-4395021/airflow/dags/one_task_dag.py
[2025-04-09T17:58:21.800+0000] {processor.py:836} INFO - DAG(s) dict_keys(['one_task_dag']) retrieved from /workspaces/hands-on-introduction-data-engineering-4395021/airflow/dags/one_task_dag.py
[2025-04-09T17:58:21.817+0000] {logging_mixin.py:150} INFO - [2025-04-09T17:58:21.817+0000] {dag.py:2742} INFO - Sync 1 DAGs
[2025-04-09T17:58:21.830+0000] {logging_mixin.py:150} INFO - [2025-04-09T17:58:21.830+0000] {dag.py:3504} INFO - Setting next_dagrun for one_task_dag to None, run_after=None
[2025-04-09T17:58:21.844+0000] {processor.py:179} INFO - Processing /workspaces/hands-on-introduction-data-engineering-4395021/airflow/dags/one_task_dag.py took 0.055 seconds
[2025-04-09T17:58:51.980+0000] {processor.py:157} INFO - Started process (PID=30447) to work on /workspaces/hands-on-introduction-data-engineering-4395021/airflow/dags/one_task_dag.py
[2025-04-09T17:58:51.980+0000] {processor.py:826} INFO - Processing file /workspaces/hands-on-introduction-data-engineering-4395021/airflow/dags/one_task_dag.py for tasks to queue
[2025-04-09T17:58:51.981+0000] {logging_mixin.py:150} INFO - [2025-04-09T17:58:51.981+0000] {dagbag.py:541} INFO - Filling up the DagBag from /workspaces/hands-on-introduction-data-engineering-4395021/airflow/dags/one_task_dag.py
[2025-04-09T17:58:51.988+0000] {processor.py:836} INFO - DAG(s) dict_keys(['one_task_dag']) retrieved from /workspaces/hands-on-introduction-data-engineering-4395021/airflow/dags/one_task_dag.py
[2025-04-09T17:58:52.006+0000] {logging_mixin.py:150} INFO - [2025-04-09T17:58:52.006+0000] {dag.py:2742} INFO - Sync 1 DAGs
[2025-04-09T17:58:52.019+0000] {logging_mixin.py:150} INFO - [2025-04-09T17:58:52.019+0000] {dag.py:3504} INFO - Setting next_dagrun for one_task_dag to None, run_after=None
[2025-04-09T17:58:52.032+0000] {processor.py:179} INFO - Processing /workspaces/hands-on-introduction-data-engineering-4395021/airflow/dags/one_task_dag.py took 0.055 seconds
[2025-04-09T17:59:22.169+0000] {processor.py:157} INFO - Started process (PID=30612) to work on /workspaces/hands-on-introduction-data-engineering-4395021/airflow/dags/one_task_dag.py
[2025-04-09T17:59:22.170+0000] {processor.py:826} INFO - Processing file /workspaces/hands-on-introduction-data-engineering-4395021/airflow/dags/one_task_dag.py for tasks to queue
[2025-04-09T17:59:22.171+0000] {logging_mixin.py:150} INFO - [2025-04-09T17:59:22.171+0000] {dagbag.py:541} INFO - Filling up the DagBag from /workspaces/hands-on-introduction-data-engineering-4395021/airflow/dags/one_task_dag.py
[2025-04-09T17:59:22.178+0000] {processor.py:836} INFO - DAG(s) dict_keys(['one_task_dag']) retrieved from /workspaces/hands-on-introduction-data-engineering-4395021/airflow/dags/one_task_dag.py
[2025-04-09T17:59:22.196+0000] {logging_mixin.py:150} INFO - [2025-04-09T17:59:22.196+0000] {dag.py:2742} INFO - Sync 1 DAGs
[2025-04-09T17:59:22.209+0000] {logging_mixin.py:150} INFO - [2025-04-09T17:59:22.209+0000] {dag.py:3504} INFO - Setting next_dagrun for one_task_dag to None, run_after=None
[2025-04-09T17:59:22.222+0000] {processor.py:179} INFO - Processing /workspaces/hands-on-introduction-data-engineering-4395021/airflow/dags/one_task_dag.py took 0.055 seconds
[2025-04-09T17:59:52.354+0000] {processor.py:157} INFO - Started process (PID=30790) to work on /workspaces/hands-on-introduction-data-engineering-4395021/airflow/dags/one_task_dag.py
[2025-04-09T17:59:52.355+0000] {processor.py:826} INFO - Processing file /workspaces/hands-on-introduction-data-engineering-4395021/airflow/dags/one_task_dag.py for tasks to queue
[2025-04-09T17:59:52.356+0000] {logging_mixin.py:150} INFO - [2025-04-09T17:59:52.356+0000] {dagbag.py:541} INFO - Filling up the DagBag from /workspaces/hands-on-introduction-data-engineering-4395021/airflow/dags/one_task_dag.py
[2025-04-09T17:59:52.363+0000] {processor.py:836} INFO - DAG(s) dict_keys(['one_task_dag']) retrieved from /workspaces/hands-on-introduction-data-engineering-4395021/airflow/dags/one_task_dag.py
[2025-04-09T17:59:52.381+0000] {logging_mixin.py:150} INFO - [2025-04-09T17:59:52.381+0000] {dag.py:2742} INFO - Sync 1 DAGs
[2025-04-09T17:59:52.394+0000] {logging_mixin.py:150} INFO - [2025-04-09T17:59:52.394+0000] {dag.py:3504} INFO - Setting next_dagrun for one_task_dag to None, run_after=None
[2025-04-09T17:59:52.408+0000] {processor.py:179} INFO - Processing /workspaces/hands-on-introduction-data-engineering-4395021/airflow/dags/one_task_dag.py took 0.056 seconds
[2025-04-09T18:00:22.539+0000] {processor.py:157} INFO - Started process (PID=30967) to work on /workspaces/hands-on-introduction-data-engineering-4395021/airflow/dags/one_task_dag.py
[2025-04-09T18:00:22.540+0000] {processor.py:826} INFO - Processing file /workspaces/hands-on-introduction-data-engineering-4395021/airflow/dags/one_task_dag.py for tasks to queue
[2025-04-09T18:00:22.540+0000] {logging_mixin.py:150} INFO - [2025-04-09T18:00:22.540+0000] {dagbag.py:541} INFO - Filling up the DagBag from /workspaces/hands-on-introduction-data-engineering-4395021/airflow/dags/one_task_dag.py
[2025-04-09T18:00:22.548+0000] {processor.py:836} INFO - DAG(s) dict_keys(['one_task_dag']) retrieved from /workspaces/hands-on-introduction-data-engineering-4395021/airflow/dags/one_task_dag.py
[2025-04-09T18:00:22.566+0000] {logging_mixin.py:150} INFO - [2025-04-09T18:00:22.566+0000] {dag.py:2742} INFO - Sync 1 DAGs
[2025-04-09T18:00:22.579+0000] {logging_mixin.py:150} INFO - [2025-04-09T18:00:22.579+0000] {dag.py:3504} INFO - Setting next_dagrun for one_task_dag to None, run_after=None
[2025-04-09T18:00:22.596+0000] {processor.py:179} INFO - Processing /workspaces/hands-on-introduction-data-engineering-4395021/airflow/dags/one_task_dag.py took 0.059 seconds
[2025-04-09T18:00:52.723+0000] {processor.py:157} INFO - Started process (PID=31138) to work on /workspaces/hands-on-introduction-data-engineering-4395021/airflow/dags/one_task_dag.py
[2025-04-09T18:00:52.723+0000] {processor.py:826} INFO - Processing file /workspaces/hands-on-introduction-data-engineering-4395021/airflow/dags/one_task_dag.py for tasks to queue
[2025-04-09T18:00:52.724+0000] {logging_mixin.py:150} INFO - [2025-04-09T18:00:52.724+0000] {dagbag.py:541} INFO - Filling up the DagBag from /workspaces/hands-on-introduction-data-engineering-4395021/airflow/dags/one_task_dag.py
[2025-04-09T18:00:52.731+0000] {processor.py:836} INFO - DAG(s) dict_keys(['one_task_dag']) retrieved from /workspaces/hands-on-introduction-data-engineering-4395021/airflow/dags/one_task_dag.py
[2025-04-09T18:00:52.749+0000] {logging_mixin.py:150} INFO - [2025-04-09T18:00:52.749+0000] {dag.py:2742} INFO - Sync 1 DAGs
[2025-04-09T18:00:52.763+0000] {logging_mixin.py:150} INFO - [2025-04-09T18:00:52.762+0000] {dag.py:3504} INFO - Setting next_dagrun for one_task_dag to None, run_after=None
[2025-04-09T18:00:52.777+0000] {processor.py:179} INFO - Processing /workspaces/hands-on-introduction-data-engineering-4395021/airflow/dags/one_task_dag.py took 0.057 seconds
[2025-04-09T18:01:22.907+0000] {processor.py:157} INFO - Started process (PID=31315) to work on /workspaces/hands-on-introduction-data-engineering-4395021/airflow/dags/one_task_dag.py
[2025-04-09T18:01:22.908+0000] {processor.py:826} INFO - Processing file /workspaces/hands-on-introduction-data-engineering-4395021/airflow/dags/one_task_dag.py for tasks to queue
[2025-04-09T18:01:22.908+0000] {logging_mixin.py:150} INFO - [2025-04-09T18:01:22.908+0000] {dagbag.py:541} INFO - Filling up the DagBag from /workspaces/hands-on-introduction-data-engineering-4395021/airflow/dags/one_task_dag.py
[2025-04-09T18:01:22.915+0000] {processor.py:836} INFO - DAG(s) dict_keys(['one_task_dag']) retrieved from /workspaces/hands-on-introduction-data-engineering-4395021/airflow/dags/one_task_dag.py
[2025-04-09T18:01:22.933+0000] {logging_mixin.py:150} INFO - [2025-04-09T18:01:22.933+0000] {dag.py:2742} INFO - Sync 1 DAGs
[2025-04-09T18:01:22.948+0000] {logging_mixin.py:150} INFO - [2025-04-09T18:01:22.948+0000] {dag.py:3504} INFO - Setting next_dagrun for one_task_dag to None, run_after=None
[2025-04-09T18:01:22.961+0000] {processor.py:179} INFO - Processing /workspaces/hands-on-introduction-data-engineering-4395021/airflow/dags/one_task_dag.py took 0.057 seconds
[2025-04-09T18:01:53.091+0000] {processor.py:157} INFO - Started process (PID=31486) to work on /workspaces/hands-on-introduction-data-engineering-4395021/airflow/dags/one_task_dag.py
[2025-04-09T18:01:53.092+0000] {processor.py:826} INFO - Processing file /workspaces/hands-on-introduction-data-engineering-4395021/airflow/dags/one_task_dag.py for tasks to queue
[2025-04-09T18:01:53.093+0000] {logging_mixin.py:150} INFO - [2025-04-09T18:01:53.092+0000] {dagbag.py:541} INFO - Filling up the DagBag from /workspaces/hands-on-introduction-data-engineering-4395021/airflow/dags/one_task_dag.py
[2025-04-09T18:01:53.100+0000] {processor.py:836} INFO - DAG(s) dict_keys(['one_task_dag']) retrieved from /workspaces/hands-on-introduction-data-engineering-4395021/airflow/dags/one_task_dag.py
[2025-04-09T18:01:53.118+0000] {logging_mixin.py:150} INFO - [2025-04-09T18:01:53.118+0000] {dag.py:2742} INFO - Sync 1 DAGs
[2025-04-09T18:01:53.132+0000] {logging_mixin.py:150} INFO - [2025-04-09T18:01:53.132+0000] {dag.py:3504} INFO - Setting next_dagrun for one_task_dag to None, run_after=None
[2025-04-09T18:01:53.145+0000] {processor.py:179} INFO - Processing /workspaces/hands-on-introduction-data-engineering-4395021/airflow/dags/one_task_dag.py took 0.057 seconds
[2025-04-09T18:02:23.276+0000] {processor.py:157} INFO - Started process (PID=31663) to work on /workspaces/hands-on-introduction-data-engineering-4395021/airflow/dags/one_task_dag.py
[2025-04-09T18:02:23.277+0000] {processor.py:826} INFO - Processing file /workspaces/hands-on-introduction-data-engineering-4395021/airflow/dags/one_task_dag.py for tasks to queue
[2025-04-09T18:02:23.277+0000] {logging_mixin.py:150} INFO - [2025-04-09T18:02:23.277+0000] {dagbag.py:541} INFO - Filling up the DagBag from /workspaces/hands-on-introduction-data-engineering-4395021/airflow/dags/one_task_dag.py
[2025-04-09T18:02:23.284+0000] {processor.py:836} INFO - DAG(s) dict_keys(['one_task_dag']) retrieved from /workspaces/hands-on-introduction-data-engineering-4395021/airflow/dags/one_task_dag.py
[2025-04-09T18:02:23.302+0000] {logging_mixin.py:150} INFO - [2025-04-09T18:02:23.302+0000] {dag.py:2742} INFO - Sync 1 DAGs
[2025-04-09T18:02:23.315+0000] {logging_mixin.py:150} INFO - [2025-04-09T18:02:23.315+0000] {dag.py:3504} INFO - Setting next_dagrun for one_task_dag to None, run_after=None
[2025-04-09T18:02:23.328+0000] {processor.py:179} INFO - Processing /workspaces/hands-on-introduction-data-engineering-4395021/airflow/dags/one_task_dag.py took 0.055 seconds
[2025-04-09T18:02:53.460+0000] {processor.py:157} INFO - Started process (PID=31829) to work on /workspaces/hands-on-introduction-data-engineering-4395021/airflow/dags/one_task_dag.py
[2025-04-09T18:02:53.461+0000] {processor.py:826} INFO - Processing file /workspaces/hands-on-introduction-data-engineering-4395021/airflow/dags/one_task_dag.py for tasks to queue
[2025-04-09T18:02:53.462+0000] {logging_mixin.py:150} INFO - [2025-04-09T18:02:53.461+0000] {dagbag.py:541} INFO - Filling up the DagBag from /workspaces/hands-on-introduction-data-engineering-4395021/airflow/dags/one_task_dag.py
[2025-04-09T18:02:53.469+0000] {processor.py:836} INFO - DAG(s) dict_keys(['one_task_dag']) retrieved from /workspaces/hands-on-introduction-data-engineering-4395021/airflow/dags/one_task_dag.py
[2025-04-09T18:02:53.488+0000] {logging_mixin.py:150} INFO - [2025-04-09T18:02:53.488+0000] {dag.py:2742} INFO - Sync 1 DAGs
[2025-04-09T18:02:53.509+0000] {logging_mixin.py:150} INFO - [2025-04-09T18:02:53.509+0000] {dag.py:3504} INFO - Setting next_dagrun for one_task_dag to None, run_after=None
[2025-04-09T18:02:53.527+0000] {processor.py:179} INFO - Processing /workspaces/hands-on-introduction-data-engineering-4395021/airflow/dags/one_task_dag.py took 0.070 seconds
[2025-04-09T18:03:23.645+0000] {processor.py:157} INFO - Started process (PID=32004) to work on /workspaces/hands-on-introduction-data-engineering-4395021/airflow/dags/one_task_dag.py
[2025-04-09T18:03:23.646+0000] {processor.py:826} INFO - Processing file /workspaces/hands-on-introduction-data-engineering-4395021/airflow/dags/one_task_dag.py for tasks to queue
[2025-04-09T18:03:23.647+0000] {logging_mixin.py:150} INFO - [2025-04-09T18:03:23.646+0000] {dagbag.py:541} INFO - Filling up the DagBag from /workspaces/hands-on-introduction-data-engineering-4395021/airflow/dags/one_task_dag.py
[2025-04-09T18:03:23.653+0000] {processor.py:836} INFO - DAG(s) dict_keys(['one_task_dag']) retrieved from /workspaces/hands-on-introduction-data-engineering-4395021/airflow/dags/one_task_dag.py
[2025-04-09T18:03:23.671+0000] {logging_mixin.py:150} INFO - [2025-04-09T18:03:23.671+0000] {dag.py:2742} INFO - Sync 1 DAGs
[2025-04-09T18:03:23.684+0000] {logging_mixin.py:150} INFO - [2025-04-09T18:03:23.684+0000] {dag.py:3504} INFO - Setting next_dagrun for one_task_dag to None, run_after=None
[2025-04-09T18:03:23.697+0000] {processor.py:179} INFO - Processing /workspaces/hands-on-introduction-data-engineering-4395021/airflow/dags/one_task_dag.py took 0.055 seconds
[2025-04-09T18:03:53.829+0000] {processor.py:157} INFO - Started process (PID=32181) to work on /workspaces/hands-on-introduction-data-engineering-4395021/airflow/dags/one_task_dag.py
[2025-04-09T18:03:53.830+0000] {processor.py:826} INFO - Processing file /workspaces/hands-on-introduction-data-engineering-4395021/airflow/dags/one_task_dag.py for tasks to queue
[2025-04-09T18:03:53.831+0000] {logging_mixin.py:150} INFO - [2025-04-09T18:03:53.831+0000] {dagbag.py:541} INFO - Filling up the DagBag from /workspaces/hands-on-introduction-data-engineering-4395021/airflow/dags/one_task_dag.py
[2025-04-09T18:03:53.838+0000] {processor.py:836} INFO - DAG(s) dict_keys(['one_task_dag']) retrieved from /workspaces/hands-on-introduction-data-engineering-4395021/airflow/dags/one_task_dag.py
[2025-04-09T18:03:53.856+0000] {logging_mixin.py:150} INFO - [2025-04-09T18:03:53.855+0000] {dag.py:2742} INFO - Sync 1 DAGs
[2025-04-09T18:03:53.869+0000] {logging_mixin.py:150} INFO - [2025-04-09T18:03:53.869+0000] {dag.py:3504} INFO - Setting next_dagrun for one_task_dag to None, run_after=None
[2025-04-09T18:03:53.882+0000] {processor.py:179} INFO - Processing /workspaces/hands-on-introduction-data-engineering-4395021/airflow/dags/one_task_dag.py took 0.055 seconds
[2025-04-09T18:04:24.013+0000] {processor.py:157} INFO - Started process (PID=32351) to work on /workspaces/hands-on-introduction-data-engineering-4395021/airflow/dags/one_task_dag.py
[2025-04-09T18:04:24.014+0000] {processor.py:826} INFO - Processing file /workspaces/hands-on-introduction-data-engineering-4395021/airflow/dags/one_task_dag.py for tasks to queue
[2025-04-09T18:04:24.015+0000] {logging_mixin.py:150} INFO - [2025-04-09T18:04:24.014+0000] {dagbag.py:541} INFO - Filling up the DagBag from /workspaces/hands-on-introduction-data-engineering-4395021/airflow/dags/one_task_dag.py
[2025-04-09T18:04:24.022+0000] {processor.py:836} INFO - DAG(s) dict_keys(['one_task_dag']) retrieved from /workspaces/hands-on-introduction-data-engineering-4395021/airflow/dags/one_task_dag.py
[2025-04-09T18:04:24.039+0000] {logging_mixin.py:150} INFO - [2025-04-09T18:04:24.039+0000] {dag.py:2742} INFO - Sync 1 DAGs
[2025-04-09T18:04:24.052+0000] {logging_mixin.py:150} INFO - [2025-04-09T18:04:24.052+0000] {dag.py:3504} INFO - Setting next_dagrun for one_task_dag to None, run_after=None
[2025-04-09T18:04:24.066+0000] {processor.py:179} INFO - Processing /workspaces/hands-on-introduction-data-engineering-4395021/airflow/dags/one_task_dag.py took 0.055 seconds
[2025-04-09T18:04:54.197+0000] {processor.py:157} INFO - Started process (PID=32528) to work on /workspaces/hands-on-introduction-data-engineering-4395021/airflow/dags/one_task_dag.py
[2025-04-09T18:04:54.198+0000] {processor.py:826} INFO - Processing file /workspaces/hands-on-introduction-data-engineering-4395021/airflow/dags/one_task_dag.py for tasks to queue
[2025-04-09T18:04:54.199+0000] {logging_mixin.py:150} INFO - [2025-04-09T18:04:54.198+0000] {dagbag.py:541} INFO - Filling up the DagBag from /workspaces/hands-on-introduction-data-engineering-4395021/airflow/dags/one_task_dag.py
[2025-04-09T18:04:54.206+0000] {processor.py:836} INFO - DAG(s) dict_keys(['one_task_dag']) retrieved from /workspaces/hands-on-introduction-data-engineering-4395021/airflow/dags/one_task_dag.py
[2025-04-09T18:04:54.223+0000] {logging_mixin.py:150} INFO - [2025-04-09T18:04:54.223+0000] {dag.py:2742} INFO - Sync 1 DAGs
[2025-04-09T18:04:54.236+0000] {logging_mixin.py:150} INFO - [2025-04-09T18:04:54.236+0000] {dag.py:3504} INFO - Setting next_dagrun for one_task_dag to None, run_after=None
[2025-04-09T18:04:54.250+0000] {processor.py:179} INFO - Processing /workspaces/hands-on-introduction-data-engineering-4395021/airflow/dags/one_task_dag.py took 0.055 seconds
[2025-04-09T18:05:24.391+0000] {processor.py:157} INFO - Started process (PID=32699) to work on /workspaces/hands-on-introduction-data-engineering-4395021/airflow/dags/one_task_dag.py
[2025-04-09T18:05:24.392+0000] {processor.py:826} INFO - Processing file /workspaces/hands-on-introduction-data-engineering-4395021/airflow/dags/one_task_dag.py for tasks to queue
[2025-04-09T18:05:24.392+0000] {logging_mixin.py:150} INFO - [2025-04-09T18:05:24.392+0000] {dagbag.py:541} INFO - Filling up the DagBag from /workspaces/hands-on-introduction-data-engineering-4395021/airflow/dags/one_task_dag.py
[2025-04-09T18:05:24.401+0000] {processor.py:836} INFO - DAG(s) dict_keys(['one_task_dag']) retrieved from /workspaces/hands-on-introduction-data-engineering-4395021/airflow/dags/one_task_dag.py
[2025-04-09T18:05:24.421+0000] {logging_mixin.py:150} INFO - [2025-04-09T18:05:24.421+0000] {dag.py:2742} INFO - Sync 1 DAGs
[2025-04-09T18:05:24.435+0000] {logging_mixin.py:150} INFO - [2025-04-09T18:05:24.435+0000] {dag.py:3504} INFO - Setting next_dagrun for one_task_dag to None, run_after=None
[2025-04-09T18:05:24.448+0000] {processor.py:179} INFO - Processing /workspaces/hands-on-introduction-data-engineering-4395021/airflow/dags/one_task_dag.py took 0.060 seconds
[2025-04-09T18:05:54.575+0000] {processor.py:157} INFO - Started process (PID=32870) to work on /workspaces/hands-on-introduction-data-engineering-4395021/airflow/dags/one_task_dag.py
[2025-04-09T18:05:54.576+0000] {processor.py:826} INFO - Processing file /workspaces/hands-on-introduction-data-engineering-4395021/airflow/dags/one_task_dag.py for tasks to queue
[2025-04-09T18:05:54.577+0000] {logging_mixin.py:150} INFO - [2025-04-09T18:05:54.576+0000] {dagbag.py:541} INFO - Filling up the DagBag from /workspaces/hands-on-introduction-data-engineering-4395021/airflow/dags/one_task_dag.py
[2025-04-09T18:05:54.584+0000] {processor.py:836} INFO - DAG(s) dict_keys(['one_task_dag']) retrieved from /workspaces/hands-on-introduction-data-engineering-4395021/airflow/dags/one_task_dag.py
[2025-04-09T18:05:54.601+0000] {logging_mixin.py:150} INFO - [2025-04-09T18:05:54.601+0000] {dag.py:2742} INFO - Sync 1 DAGs
[2025-04-09T18:05:54.618+0000] {logging_mixin.py:150} INFO - [2025-04-09T18:05:54.618+0000] {dag.py:3504} INFO - Setting next_dagrun for one_task_dag to None, run_after=None
[2025-04-09T18:05:54.637+0000] {processor.py:179} INFO - Processing /workspaces/hands-on-introduction-data-engineering-4395021/airflow/dags/one_task_dag.py took 0.065 seconds
[2025-04-09T18:06:24.763+0000] {processor.py:157} INFO - Started process (PID=33048) to work on /workspaces/hands-on-introduction-data-engineering-4395021/airflow/dags/one_task_dag.py
[2025-04-09T18:06:24.763+0000] {processor.py:826} INFO - Processing file /workspaces/hands-on-introduction-data-engineering-4395021/airflow/dags/one_task_dag.py for tasks to queue
[2025-04-09T18:06:24.764+0000] {logging_mixin.py:150} INFO - [2025-04-09T18:06:24.764+0000] {dagbag.py:541} INFO - Filling up the DagBag from /workspaces/hands-on-introduction-data-engineering-4395021/airflow/dags/one_task_dag.py
[2025-04-09T18:06:24.771+0000] {processor.py:836} INFO - DAG(s) dict_keys(['one_task_dag']) retrieved from /workspaces/hands-on-introduction-data-engineering-4395021/airflow/dags/one_task_dag.py
[2025-04-09T18:06:24.789+0000] {logging_mixin.py:150} INFO - [2025-04-09T18:06:24.788+0000] {dag.py:2742} INFO - Sync 1 DAGs
[2025-04-09T18:06:24.802+0000] {logging_mixin.py:150} INFO - [2025-04-09T18:06:24.802+0000] {dag.py:3504} INFO - Setting next_dagrun for one_task_dag to None, run_after=None
[2025-04-09T18:06:24.815+0000] {processor.py:179} INFO - Processing /workspaces/hands-on-introduction-data-engineering-4395021/airflow/dags/one_task_dag.py took 0.055 seconds
[2025-04-09T18:06:54.947+0000] {processor.py:157} INFO - Started process (PID=33219) to work on /workspaces/hands-on-introduction-data-engineering-4395021/airflow/dags/one_task_dag.py
[2025-04-09T18:06:54.948+0000] {processor.py:826} INFO - Processing file /workspaces/hands-on-introduction-data-engineering-4395021/airflow/dags/one_task_dag.py for tasks to queue
[2025-04-09T18:06:54.948+0000] {logging_mixin.py:150} INFO - [2025-04-09T18:06:54.948+0000] {dagbag.py:541} INFO - Filling up the DagBag from /workspaces/hands-on-introduction-data-engineering-4395021/airflow/dags/one_task_dag.py
[2025-04-09T18:06:54.955+0000] {processor.py:836} INFO - DAG(s) dict_keys(['one_task_dag']) retrieved from /workspaces/hands-on-introduction-data-engineering-4395021/airflow/dags/one_task_dag.py
[2025-04-09T18:06:54.973+0000] {logging_mixin.py:150} INFO - [2025-04-09T18:06:54.973+0000] {dag.py:2742} INFO - Sync 1 DAGs
[2025-04-09T18:06:54.986+0000] {logging_mixin.py:150} INFO - [2025-04-09T18:06:54.986+0000] {dag.py:3504} INFO - Setting next_dagrun for one_task_dag to None, run_after=None
[2025-04-09T18:06:55.000+0000] {processor.py:179} INFO - Processing /workspaces/hands-on-introduction-data-engineering-4395021/airflow/dags/one_task_dag.py took 0.056 seconds
[2025-04-09T18:07:25.131+0000] {processor.py:157} INFO - Started process (PID=33396) to work on /workspaces/hands-on-introduction-data-engineering-4395021/airflow/dags/one_task_dag.py
[2025-04-09T18:07:25.132+0000] {processor.py:826} INFO - Processing file /workspaces/hands-on-introduction-data-engineering-4395021/airflow/dags/one_task_dag.py for tasks to queue
[2025-04-09T18:07:25.133+0000] {logging_mixin.py:150} INFO - [2025-04-09T18:07:25.132+0000] {dagbag.py:541} INFO - Filling up the DagBag from /workspaces/hands-on-introduction-data-engineering-4395021/airflow/dags/one_task_dag.py
[2025-04-09T18:07:25.140+0000] {processor.py:836} INFO - DAG(s) dict_keys(['one_task_dag']) retrieved from /workspaces/hands-on-introduction-data-engineering-4395021/airflow/dags/one_task_dag.py
[2025-04-09T18:07:25.158+0000] {logging_mixin.py:150} INFO - [2025-04-09T18:07:25.158+0000] {dag.py:2742} INFO - Sync 1 DAGs
[2025-04-09T18:07:25.171+0000] {logging_mixin.py:150} INFO - [2025-04-09T18:07:25.171+0000] {dag.py:3504} INFO - Setting next_dagrun for one_task_dag to None, run_after=None
[2025-04-09T18:07:25.184+0000] {processor.py:179} INFO - Processing /workspaces/hands-on-introduction-data-engineering-4395021/airflow/dags/one_task_dag.py took 0.055 seconds
[2025-04-09T18:07:55.315+0000] {processor.py:157} INFO - Started process (PID=33567) to work on /workspaces/hands-on-introduction-data-engineering-4395021/airflow/dags/one_task_dag.py
[2025-04-09T18:07:55.316+0000] {processor.py:826} INFO - Processing file /workspaces/hands-on-introduction-data-engineering-4395021/airflow/dags/one_task_dag.py for tasks to queue
[2025-04-09T18:07:55.317+0000] {logging_mixin.py:150} INFO - [2025-04-09T18:07:55.317+0000] {dagbag.py:541} INFO - Filling up the DagBag from /workspaces/hands-on-introduction-data-engineering-4395021/airflow/dags/one_task_dag.py
[2025-04-09T18:07:55.324+0000] {processor.py:836} INFO - DAG(s) dict_keys(['one_task_dag']) retrieved from /workspaces/hands-on-introduction-data-engineering-4395021/airflow/dags/one_task_dag.py
[2025-04-09T18:07:55.342+0000] {logging_mixin.py:150} INFO - [2025-04-09T18:07:55.342+0000] {dag.py:2742} INFO - Sync 1 DAGs
[2025-04-09T18:07:55.355+0000] {logging_mixin.py:150} INFO - [2025-04-09T18:07:55.355+0000] {dag.py:3504} INFO - Setting next_dagrun for one_task_dag to None, run_after=None
[2025-04-09T18:07:55.368+0000] {processor.py:179} INFO - Processing /workspaces/hands-on-introduction-data-engineering-4395021/airflow/dags/one_task_dag.py took 0.055 seconds
[2025-04-09T18:08:25.500+0000] {processor.py:157} INFO - Started process (PID=33744) to work on /workspaces/hands-on-introduction-data-engineering-4395021/airflow/dags/one_task_dag.py
[2025-04-09T18:08:25.501+0000] {processor.py:826} INFO - Processing file /workspaces/hands-on-introduction-data-engineering-4395021/airflow/dags/one_task_dag.py for tasks to queue
[2025-04-09T18:08:25.501+0000] {logging_mixin.py:150} INFO - [2025-04-09T18:08:25.501+0000] {dagbag.py:541} INFO - Filling up the DagBag from /workspaces/hands-on-introduction-data-engineering-4395021/airflow/dags/one_task_dag.py
[2025-04-09T18:08:25.509+0000] {processor.py:836} INFO - DAG(s) dict_keys(['one_task_dag']) retrieved from /workspaces/hands-on-introduction-data-engineering-4395021/airflow/dags/one_task_dag.py
[2025-04-09T18:08:25.526+0000] {logging_mixin.py:150} INFO - [2025-04-09T18:08:25.526+0000] {dag.py:2742} INFO - Sync 1 DAGs
[2025-04-09T18:08:25.540+0000] {logging_mixin.py:150} INFO - [2025-04-09T18:08:25.539+0000] {dag.py:3504} INFO - Setting next_dagrun for one_task_dag to None, run_after=None
[2025-04-09T18:08:25.554+0000] {processor.py:179} INFO - Processing /workspaces/hands-on-introduction-data-engineering-4395021/airflow/dags/one_task_dag.py took 0.056 seconds
[2025-04-09T18:08:55.685+0000] {processor.py:157} INFO - Started process (PID=33920) to work on /workspaces/hands-on-introduction-data-engineering-4395021/airflow/dags/one_task_dag.py
[2025-04-09T18:08:55.686+0000] {processor.py:826} INFO - Processing file /workspaces/hands-on-introduction-data-engineering-4395021/airflow/dags/one_task_dag.py for tasks to queue
[2025-04-09T18:08:55.687+0000] {logging_mixin.py:150} INFO - [2025-04-09T18:08:55.687+0000] {dagbag.py:541} INFO - Filling up the DagBag from /workspaces/hands-on-introduction-data-engineering-4395021/airflow/dags/one_task_dag.py
[2025-04-09T18:08:55.694+0000] {processor.py:836} INFO - DAG(s) dict_keys(['one_task_dag']) retrieved from /workspaces/hands-on-introduction-data-engineering-4395021/airflow/dags/one_task_dag.py
[2025-04-09T18:08:55.712+0000] {logging_mixin.py:150} INFO - [2025-04-09T18:08:55.712+0000] {dag.py:2742} INFO - Sync 1 DAGs
[2025-04-09T18:08:55.726+0000] {logging_mixin.py:150} INFO - [2025-04-09T18:08:55.726+0000] {dag.py:3504} INFO - Setting next_dagrun for one_task_dag to None, run_after=None
[2025-04-09T18:08:55.740+0000] {processor.py:179} INFO - Processing /workspaces/hands-on-introduction-data-engineering-4395021/airflow/dags/one_task_dag.py took 0.057 seconds
[2025-04-09T18:09:25.888+0000] {processor.py:157} INFO - Started process (PID=34086) to work on /workspaces/hands-on-introduction-data-engineering-4395021/airflow/dags/one_task_dag.py
[2025-04-09T18:09:25.889+0000] {processor.py:826} INFO - Processing file /workspaces/hands-on-introduction-data-engineering-4395021/airflow/dags/one_task_dag.py for tasks to queue
[2025-04-09T18:09:25.890+0000] {logging_mixin.py:150} INFO - [2025-04-09T18:09:25.890+0000] {dagbag.py:541} INFO - Filling up the DagBag from /workspaces/hands-on-introduction-data-engineering-4395021/airflow/dags/one_task_dag.py
[2025-04-09T18:09:25.900+0000] {processor.py:836} INFO - DAG(s) dict_keys(['one_task_dag']) retrieved from /workspaces/hands-on-introduction-data-engineering-4395021/airflow/dags/one_task_dag.py
[2025-04-09T18:09:25.922+0000] {logging_mixin.py:150} INFO - [2025-04-09T18:09:25.922+0000] {dag.py:2742} INFO - Sync 1 DAGs
[2025-04-09T18:09:25.936+0000] {logging_mixin.py:150} INFO - [2025-04-09T18:09:25.936+0000] {dag.py:3504} INFO - Setting next_dagrun for one_task_dag to None, run_after=None
[2025-04-09T18:09:25.951+0000] {processor.py:179} INFO - Processing /workspaces/hands-on-introduction-data-engineering-4395021/airflow/dags/one_task_dag.py took 0.066 seconds
[2025-04-09T18:09:56.071+0000] {processor.py:157} INFO - Started process (PID=34263) to work on /workspaces/hands-on-introduction-data-engineering-4395021/airflow/dags/one_task_dag.py
[2025-04-09T18:09:56.071+0000] {processor.py:826} INFO - Processing file /workspaces/hands-on-introduction-data-engineering-4395021/airflow/dags/one_task_dag.py for tasks to queue
[2025-04-09T18:09:56.072+0000] {logging_mixin.py:150} INFO - [2025-04-09T18:09:56.072+0000] {dagbag.py:541} INFO - Filling up the DagBag from /workspaces/hands-on-introduction-data-engineering-4395021/airflow/dags/one_task_dag.py
[2025-04-09T18:09:56.079+0000] {processor.py:836} INFO - DAG(s) dict_keys(['one_task_dag']) retrieved from /workspaces/hands-on-introduction-data-engineering-4395021/airflow/dags/one_task_dag.py
[2025-04-09T18:09:56.097+0000] {logging_mixin.py:150} INFO - [2025-04-09T18:09:56.097+0000] {dag.py:2742} INFO - Sync 1 DAGs
[2025-04-09T18:09:56.111+0000] {logging_mixin.py:150} INFO - [2025-04-09T18:09:56.111+0000] {dag.py:3504} INFO - Setting next_dagrun for one_task_dag to None, run_after=None
[2025-04-09T18:09:56.124+0000] {processor.py:179} INFO - Processing /workspaces/hands-on-introduction-data-engineering-4395021/airflow/dags/one_task_dag.py took 0.056 seconds
[2025-04-09T18:10:26.255+0000] {processor.py:157} INFO - Started process (PID=34434) to work on /workspaces/hands-on-introduction-data-engineering-4395021/airflow/dags/one_task_dag.py
[2025-04-09T18:10:26.256+0000] {processor.py:826} INFO - Processing file /workspaces/hands-on-introduction-data-engineering-4395021/airflow/dags/one_task_dag.py for tasks to queue
[2025-04-09T18:10:26.257+0000] {logging_mixin.py:150} INFO - [2025-04-09T18:10:26.256+0000] {dagbag.py:541} INFO - Filling up the DagBag from /workspaces/hands-on-introduction-data-engineering-4395021/airflow/dags/one_task_dag.py
[2025-04-09T18:10:26.264+0000] {processor.py:836} INFO - DAG(s) dict_keys(['one_task_dag']) retrieved from /workspaces/hands-on-introduction-data-engineering-4395021/airflow/dags/one_task_dag.py
[2025-04-09T18:10:26.282+0000] {logging_mixin.py:150} INFO - [2025-04-09T18:10:26.282+0000] {dag.py:2742} INFO - Sync 1 DAGs
[2025-04-09T18:10:26.296+0000] {logging_mixin.py:150} INFO - [2025-04-09T18:10:26.296+0000] {dag.py:3504} INFO - Setting next_dagrun for one_task_dag to None, run_after=None
[2025-04-09T18:10:26.310+0000] {processor.py:179} INFO - Processing /workspaces/hands-on-introduction-data-engineering-4395021/airflow/dags/one_task_dag.py took 0.057 seconds
[2025-04-09T18:10:56.440+0000] {processor.py:157} INFO - Started process (PID=34611) to work on /workspaces/hands-on-introduction-data-engineering-4395021/airflow/dags/one_task_dag.py
[2025-04-09T18:10:56.441+0000] {processor.py:826} INFO - Processing file /workspaces/hands-on-introduction-data-engineering-4395021/airflow/dags/one_task_dag.py for tasks to queue
[2025-04-09T18:10:56.442+0000] {logging_mixin.py:150} INFO - [2025-04-09T18:10:56.441+0000] {dagbag.py:541} INFO - Filling up the DagBag from /workspaces/hands-on-introduction-data-engineering-4395021/airflow/dags/one_task_dag.py
[2025-04-09T18:10:56.448+0000] {processor.py:836} INFO - DAG(s) dict_keys(['one_task_dag']) retrieved from /workspaces/hands-on-introduction-data-engineering-4395021/airflow/dags/one_task_dag.py
[2025-04-09T18:10:56.466+0000] {logging_mixin.py:150} INFO - [2025-04-09T18:10:56.466+0000] {dag.py:2742} INFO - Sync 1 DAGs
[2025-04-09T18:10:56.479+0000] {logging_mixin.py:150} INFO - [2025-04-09T18:10:56.479+0000] {dag.py:3504} INFO - Setting next_dagrun for one_task_dag to None, run_after=None
[2025-04-09T18:10:56.493+0000] {processor.py:179} INFO - Processing /workspaces/hands-on-introduction-data-engineering-4395021/airflow/dags/one_task_dag.py took 0.056 seconds
[2025-04-09T18:11:26.625+0000] {processor.py:157} INFO - Started process (PID=34782) to work on /workspaces/hands-on-introduction-data-engineering-4395021/airflow/dags/one_task_dag.py
[2025-04-09T18:11:26.625+0000] {processor.py:826} INFO - Processing file /workspaces/hands-on-introduction-data-engineering-4395021/airflow/dags/one_task_dag.py for tasks to queue
[2025-04-09T18:11:26.626+0000] {logging_mixin.py:150} INFO - [2025-04-09T18:11:26.626+0000] {dagbag.py:541} INFO - Filling up the DagBag from /workspaces/hands-on-introduction-data-engineering-4395021/airflow/dags/one_task_dag.py
[2025-04-09T18:11:26.633+0000] {processor.py:836} INFO - DAG(s) dict_keys(['one_task_dag']) retrieved from /workspaces/hands-on-introduction-data-engineering-4395021/airflow/dags/one_task_dag.py
[2025-04-09T18:11:26.651+0000] {logging_mixin.py:150} INFO - [2025-04-09T18:11:26.651+0000] {dag.py:2742} INFO - Sync 1 DAGs
[2025-04-09T18:11:26.667+0000] {logging_mixin.py:150} INFO - [2025-04-09T18:11:26.667+0000] {dag.py:3504} INFO - Setting next_dagrun for one_task_dag to None, run_after=None
[2025-04-09T18:11:26.686+0000] {processor.py:179} INFO - Processing /workspaces/hands-on-introduction-data-engineering-4395021/airflow/dags/one_task_dag.py took 0.064 seconds
[2025-04-09T18:11:56.810+0000] {processor.py:157} INFO - Started process (PID=34959) to work on /workspaces/hands-on-introduction-data-engineering-4395021/airflow/dags/one_task_dag.py
[2025-04-09T18:11:56.811+0000] {processor.py:826} INFO - Processing file /workspaces/hands-on-introduction-data-engineering-4395021/airflow/dags/one_task_dag.py for tasks to queue
[2025-04-09T18:11:56.812+0000] {logging_mixin.py:150} INFO - [2025-04-09T18:11:56.812+0000] {dagbag.py:541} INFO - Filling up the DagBag from /workspaces/hands-on-introduction-data-engineering-4395021/airflow/dags/one_task_dag.py
[2025-04-09T18:11:56.819+0000] {processor.py:836} INFO - DAG(s) dict_keys(['one_task_dag']) retrieved from /workspaces/hands-on-introduction-data-engineering-4395021/airflow/dags/one_task_dag.py
[2025-04-09T18:11:56.836+0000] {logging_mixin.py:150} INFO - [2025-04-09T18:11:56.836+0000] {dag.py:2742} INFO - Sync 1 DAGs
[2025-04-09T18:11:56.849+0000] {logging_mixin.py:150} INFO - [2025-04-09T18:11:56.849+0000] {dag.py:3504} INFO - Setting next_dagrun for one_task_dag to None, run_after=None
[2025-04-09T18:11:56.862+0000] {processor.py:179} INFO - Processing /workspaces/hands-on-introduction-data-engineering-4395021/airflow/dags/one_task_dag.py took 0.054 seconds
[2025-04-09T18:12:26.995+0000] {processor.py:157} INFO - Started process (PID=35136) to work on /workspaces/hands-on-introduction-data-engineering-4395021/airflow/dags/one_task_dag.py
[2025-04-09T18:12:26.995+0000] {processor.py:826} INFO - Processing file /workspaces/hands-on-introduction-data-engineering-4395021/airflow/dags/one_task_dag.py for tasks to queue
[2025-04-09T18:12:26.996+0000] {logging_mixin.py:150} INFO - [2025-04-09T18:12:26.996+0000] {dagbag.py:541} INFO - Filling up the DagBag from /workspaces/hands-on-introduction-data-engineering-4395021/airflow/dags/one_task_dag.py
[2025-04-09T18:12:27.003+0000] {processor.py:836} INFO - DAG(s) dict_keys(['one_task_dag']) retrieved from /workspaces/hands-on-introduction-data-engineering-4395021/airflow/dags/one_task_dag.py
[2025-04-09T18:12:27.021+0000] {logging_mixin.py:150} INFO - [2025-04-09T18:12:27.021+0000] {dag.py:2742} INFO - Sync 1 DAGs
[2025-04-09T18:12:27.034+0000] {logging_mixin.py:150} INFO - [2025-04-09T18:12:27.034+0000] {dag.py:3504} INFO - Setting next_dagrun for one_task_dag to None, run_after=None
[2025-04-09T18:12:27.048+0000] {processor.py:179} INFO - Processing /workspaces/hands-on-introduction-data-engineering-4395021/airflow/dags/one_task_dag.py took 0.056 seconds
[2025-04-09T18:12:57.182+0000] {processor.py:157} INFO - Started process (PID=35301) to work on /workspaces/hands-on-introduction-data-engineering-4395021/airflow/dags/one_task_dag.py
[2025-04-09T18:12:57.182+0000] {processor.py:826} INFO - Processing file /workspaces/hands-on-introduction-data-engineering-4395021/airflow/dags/one_task_dag.py for tasks to queue
[2025-04-09T18:12:57.183+0000] {logging_mixin.py:150} INFO - [2025-04-09T18:12:57.183+0000] {dagbag.py:541} INFO - Filling up the DagBag from /workspaces/hands-on-introduction-data-engineering-4395021/airflow/dags/one_task_dag.py
[2025-04-09T18:12:57.191+0000] {processor.py:836} INFO - DAG(s) dict_keys(['one_task_dag']) retrieved from /workspaces/hands-on-introduction-data-engineering-4395021/airflow/dags/one_task_dag.py
[2025-04-09T18:12:57.208+0000] {logging_mixin.py:150} INFO - [2025-04-09T18:12:57.208+0000] {dag.py:2742} INFO - Sync 1 DAGs
[2025-04-09T18:12:57.224+0000] {logging_mixin.py:150} INFO - [2025-04-09T18:12:57.224+0000] {dag.py:3504} INFO - Setting next_dagrun for one_task_dag to None, run_after=None
[2025-04-09T18:12:57.242+0000] {processor.py:179} INFO - Processing /workspaces/hands-on-introduction-data-engineering-4395021/airflow/dags/one_task_dag.py took 0.063 seconds
[2025-04-09T18:13:27.366+0000] {processor.py:157} INFO - Started process (PID=35479) to work on /workspaces/hands-on-introduction-data-engineering-4395021/airflow/dags/one_task_dag.py
[2025-04-09T18:13:27.366+0000] {processor.py:826} INFO - Processing file /workspaces/hands-on-introduction-data-engineering-4395021/airflow/dags/one_task_dag.py for tasks to queue
[2025-04-09T18:13:27.367+0000] {logging_mixin.py:150} INFO - [2025-04-09T18:13:27.367+0000] {dagbag.py:541} INFO - Filling up the DagBag from /workspaces/hands-on-introduction-data-engineering-4395021/airflow/dags/one_task_dag.py
[2025-04-09T18:13:27.374+0000] {processor.py:836} INFO - DAG(s) dict_keys(['one_task_dag']) retrieved from /workspaces/hands-on-introduction-data-engineering-4395021/airflow/dags/one_task_dag.py
[2025-04-09T18:13:27.392+0000] {logging_mixin.py:150} INFO - [2025-04-09T18:13:27.392+0000] {dag.py:2742} INFO - Sync 1 DAGs
[2025-04-09T18:13:27.405+0000] {logging_mixin.py:150} INFO - [2025-04-09T18:13:27.405+0000] {dag.py:3504} INFO - Setting next_dagrun for one_task_dag to None, run_after=None
[2025-04-09T18:13:27.419+0000] {processor.py:179} INFO - Processing /workspaces/hands-on-introduction-data-engineering-4395021/airflow/dags/one_task_dag.py took 0.056 seconds
[2025-04-09T18:13:57.551+0000] {processor.py:157} INFO - Started process (PID=35649) to work on /workspaces/hands-on-introduction-data-engineering-4395021/airflow/dags/one_task_dag.py
[2025-04-09T18:13:57.552+0000] {processor.py:826} INFO - Processing file /workspaces/hands-on-introduction-data-engineering-4395021/airflow/dags/one_task_dag.py for tasks to queue
[2025-04-09T18:13:57.553+0000] {logging_mixin.py:150} INFO - [2025-04-09T18:13:57.552+0000] {dagbag.py:541} INFO - Filling up the DagBag from /workspaces/hands-on-introduction-data-engineering-4395021/airflow/dags/one_task_dag.py
[2025-04-09T18:13:57.560+0000] {processor.py:836} INFO - DAG(s) dict_keys(['one_task_dag']) retrieved from /workspaces/hands-on-introduction-data-engineering-4395021/airflow/dags/one_task_dag.py
[2025-04-09T18:13:57.578+0000] {logging_mixin.py:150} INFO - [2025-04-09T18:13:57.577+0000] {dag.py:2742} INFO - Sync 1 DAGs
[2025-04-09T18:13:57.592+0000] {logging_mixin.py:150} INFO - [2025-04-09T18:13:57.592+0000] {dag.py:3504} INFO - Setting next_dagrun for one_task_dag to None, run_after=None
[2025-04-09T18:13:57.607+0000] {processor.py:179} INFO - Processing /workspaces/hands-on-introduction-data-engineering-4395021/airflow/dags/one_task_dag.py took 0.058 seconds
[2025-04-09T18:14:27.737+0000] {processor.py:157} INFO - Started process (PID=35826) to work on /workspaces/hands-on-introduction-data-engineering-4395021/airflow/dags/one_task_dag.py
[2025-04-09T18:14:27.737+0000] {processor.py:826} INFO - Processing file /workspaces/hands-on-introduction-data-engineering-4395021/airflow/dags/one_task_dag.py for tasks to queue
[2025-04-09T18:14:27.738+0000] {logging_mixin.py:150} INFO - [2025-04-09T18:14:27.738+0000] {dagbag.py:541} INFO - Filling up the DagBag from /workspaces/hands-on-introduction-data-engineering-4395021/airflow/dags/one_task_dag.py
[2025-04-09T18:14:27.745+0000] {processor.py:836} INFO - DAG(s) dict_keys(['one_task_dag']) retrieved from /workspaces/hands-on-introduction-data-engineering-4395021/airflow/dags/one_task_dag.py
[2025-04-09T18:14:27.762+0000] {logging_mixin.py:150} INFO - [2025-04-09T18:14:27.762+0000] {dag.py:2742} INFO - Sync 1 DAGs
[2025-04-09T18:14:27.776+0000] {logging_mixin.py:150} INFO - [2025-04-09T18:14:27.776+0000] {dag.py:3504} INFO - Setting next_dagrun for one_task_dag to None, run_after=None
[2025-04-09T18:14:27.789+0000] {processor.py:179} INFO - Processing /workspaces/hands-on-introduction-data-engineering-4395021/airflow/dags/one_task_dag.py took 0.056 seconds
[2025-04-09T18:14:57.921+0000] {processor.py:157} INFO - Started process (PID=36005) to work on /workspaces/hands-on-introduction-data-engineering-4395021/airflow/dags/one_task_dag.py
[2025-04-09T18:14:57.922+0000] {processor.py:826} INFO - Processing file /workspaces/hands-on-introduction-data-engineering-4395021/airflow/dags/one_task_dag.py for tasks to queue
[2025-04-09T18:14:57.923+0000] {logging_mixin.py:150} INFO - [2025-04-09T18:14:57.923+0000] {dagbag.py:541} INFO - Filling up the DagBag from /workspaces/hands-on-introduction-data-engineering-4395021/airflow/dags/one_task_dag.py
[2025-04-09T18:14:57.930+0000] {processor.py:836} INFO - DAG(s) dict_keys(['one_task_dag']) retrieved from /workspaces/hands-on-introduction-data-engineering-4395021/airflow/dags/one_task_dag.py
[2025-04-09T18:14:57.948+0000] {logging_mixin.py:150} INFO - [2025-04-09T18:14:57.948+0000] {dag.py:2742} INFO - Sync 1 DAGs
[2025-04-09T18:14:57.962+0000] {logging_mixin.py:150} INFO - [2025-04-09T18:14:57.961+0000] {dag.py:3504} INFO - Setting next_dagrun for one_task_dag to None, run_after=None
[2025-04-09T18:14:57.975+0000] {processor.py:179} INFO - Processing /workspaces/hands-on-introduction-data-engineering-4395021/airflow/dags/one_task_dag.py took 0.056 seconds
[2025-04-09T18:15:28.105+0000] {processor.py:157} INFO - Started process (PID=36176) to work on /workspaces/hands-on-introduction-data-engineering-4395021/airflow/dags/one_task_dag.py
[2025-04-09T18:15:28.106+0000] {processor.py:826} INFO - Processing file /workspaces/hands-on-introduction-data-engineering-4395021/airflow/dags/one_task_dag.py for tasks to queue
[2025-04-09T18:15:28.107+0000] {logging_mixin.py:150} INFO - [2025-04-09T18:15:28.107+0000] {dagbag.py:541} INFO - Filling up the DagBag from /workspaces/hands-on-introduction-data-engineering-4395021/airflow/dags/one_task_dag.py
[2025-04-09T18:15:28.114+0000] {processor.py:836} INFO - DAG(s) dict_keys(['one_task_dag']) retrieved from /workspaces/hands-on-introduction-data-engineering-4395021/airflow/dags/one_task_dag.py
[2025-04-09T18:15:28.132+0000] {logging_mixin.py:150} INFO - [2025-04-09T18:15:28.132+0000] {dag.py:2742} INFO - Sync 1 DAGs
[2025-04-09T18:15:28.146+0000] {logging_mixin.py:150} INFO - [2025-04-09T18:15:28.146+0000] {dag.py:3504} INFO - Setting next_dagrun for one_task_dag to None, run_after=None
[2025-04-09T18:15:28.160+0000] {processor.py:179} INFO - Processing /workspaces/hands-on-introduction-data-engineering-4395021/airflow/dags/one_task_dag.py took 0.057 seconds
[2025-04-09T18:15:58.289+0000] {processor.py:157} INFO - Started process (PID=36353) to work on /workspaces/hands-on-introduction-data-engineering-4395021/airflow/dags/one_task_dag.py
[2025-04-09T18:15:58.290+0000] {processor.py:826} INFO - Processing file /workspaces/hands-on-introduction-data-engineering-4395021/airflow/dags/one_task_dag.py for tasks to queue
[2025-04-09T18:15:58.291+0000] {logging_mixin.py:150} INFO - [2025-04-09T18:15:58.290+0000] {dagbag.py:541} INFO - Filling up the DagBag from /workspaces/hands-on-introduction-data-engineering-4395021/airflow/dags/one_task_dag.py
[2025-04-09T18:15:58.298+0000] {processor.py:836} INFO - DAG(s) dict_keys(['one_task_dag']) retrieved from /workspaces/hands-on-introduction-data-engineering-4395021/airflow/dags/one_task_dag.py
[2025-04-09T18:15:58.316+0000] {logging_mixin.py:150} INFO - [2025-04-09T18:15:58.316+0000] {dag.py:2742} INFO - Sync 1 DAGs
[2025-04-09T18:15:58.329+0000] {logging_mixin.py:150} INFO - [2025-04-09T18:15:58.329+0000] {dag.py:3504} INFO - Setting next_dagrun for one_task_dag to None, run_after=None
[2025-04-09T18:15:58.343+0000] {processor.py:179} INFO - Processing /workspaces/hands-on-introduction-data-engineering-4395021/airflow/dags/one_task_dag.py took 0.056 seconds
[2025-04-09T18:16:28.474+0000] {processor.py:157} INFO - Started process (PID=36518) to work on /workspaces/hands-on-introduction-data-engineering-4395021/airflow/dags/one_task_dag.py
[2025-04-09T18:16:28.475+0000] {processor.py:826} INFO - Processing file /workspaces/hands-on-introduction-data-engineering-4395021/airflow/dags/one_task_dag.py for tasks to queue
[2025-04-09T18:16:28.476+0000] {logging_mixin.py:150} INFO - [2025-04-09T18:16:28.475+0000] {dagbag.py:541} INFO - Filling up the DagBag from /workspaces/hands-on-introduction-data-engineering-4395021/airflow/dags/one_task_dag.py
[2025-04-09T18:16:28.483+0000] {processor.py:836} INFO - DAG(s) dict_keys(['one_task_dag']) retrieved from /workspaces/hands-on-introduction-data-engineering-4395021/airflow/dags/one_task_dag.py
[2025-04-09T18:16:28.501+0000] {logging_mixin.py:150} INFO - [2025-04-09T18:16:28.501+0000] {dag.py:2742} INFO - Sync 1 DAGs
[2025-04-09T18:16:28.520+0000] {logging_mixin.py:150} INFO - [2025-04-09T18:16:28.520+0000] {dag.py:3504} INFO - Setting next_dagrun for one_task_dag to None, run_after=None
[2025-04-09T18:16:28.538+0000] {processor.py:179} INFO - Processing /workspaces/hands-on-introduction-data-engineering-4395021/airflow/dags/one_task_dag.py took 0.066 seconds
[2025-04-09T18:16:58.659+0000] {processor.py:157} INFO - Started process (PID=36695) to work on /workspaces/hands-on-introduction-data-engineering-4395021/airflow/dags/one_task_dag.py
[2025-04-09T18:16:58.660+0000] {processor.py:826} INFO - Processing file /workspaces/hands-on-introduction-data-engineering-4395021/airflow/dags/one_task_dag.py for tasks to queue
[2025-04-09T18:16:58.661+0000] {logging_mixin.py:150} INFO - [2025-04-09T18:16:58.661+0000] {dagbag.py:541} INFO - Filling up the DagBag from /workspaces/hands-on-introduction-data-engineering-4395021/airflow/dags/one_task_dag.py
[2025-04-09T18:16:58.667+0000] {processor.py:836} INFO - DAG(s) dict_keys(['one_task_dag']) retrieved from /workspaces/hands-on-introduction-data-engineering-4395021/airflow/dags/one_task_dag.py
[2025-04-09T18:16:58.684+0000] {logging_mixin.py:150} INFO - [2025-04-09T18:16:58.684+0000] {dag.py:2742} INFO - Sync 1 DAGs
[2025-04-09T18:16:58.697+0000] {logging_mixin.py:150} INFO - [2025-04-09T18:16:58.697+0000] {dag.py:3504} INFO - Setting next_dagrun for one_task_dag to None, run_after=None
[2025-04-09T18:16:58.712+0000] {processor.py:179} INFO - Processing /workspaces/hands-on-introduction-data-engineering-4395021/airflow/dags/one_task_dag.py took 0.056 seconds
[2025-04-09T18:17:28.843+0000] {processor.py:157} INFO - Started process (PID=36873) to work on /workspaces/hands-on-introduction-data-engineering-4395021/airflow/dags/one_task_dag.py
[2025-04-09T18:17:28.844+0000] {processor.py:826} INFO - Processing file /workspaces/hands-on-introduction-data-engineering-4395021/airflow/dags/one_task_dag.py for tasks to queue
[2025-04-09T18:17:28.845+0000] {logging_mixin.py:150} INFO - [2025-04-09T18:17:28.845+0000] {dagbag.py:541} INFO - Filling up the DagBag from /workspaces/hands-on-introduction-data-engineering-4395021/airflow/dags/one_task_dag.py
[2025-04-09T18:17:28.852+0000] {processor.py:836} INFO - DAG(s) dict_keys(['one_task_dag']) retrieved from /workspaces/hands-on-introduction-data-engineering-4395021/airflow/dags/one_task_dag.py
[2025-04-09T18:17:28.869+0000] {logging_mixin.py:150} INFO - [2025-04-09T18:17:28.869+0000] {dag.py:2742} INFO - Sync 1 DAGs
[2025-04-09T18:17:28.883+0000] {logging_mixin.py:150} INFO - [2025-04-09T18:17:28.882+0000] {dag.py:3504} INFO - Setting next_dagrun for one_task_dag to None, run_after=None
[2025-04-09T18:17:28.896+0000] {processor.py:179} INFO - Processing /workspaces/hands-on-introduction-data-engineering-4395021/airflow/dags/one_task_dag.py took 0.055 seconds
[2025-04-09T18:17:59.028+0000] {processor.py:157} INFO - Started process (PID=37044) to work on /workspaces/hands-on-introduction-data-engineering-4395021/airflow/dags/one_task_dag.py
[2025-04-09T18:17:59.029+0000] {processor.py:826} INFO - Processing file /workspaces/hands-on-introduction-data-engineering-4395021/airflow/dags/one_task_dag.py for tasks to queue
[2025-04-09T18:17:59.030+0000] {logging_mixin.py:150} INFO - [2025-04-09T18:17:59.030+0000] {dagbag.py:541} INFO - Filling up the DagBag from /workspaces/hands-on-introduction-data-engineering-4395021/airflow/dags/one_task_dag.py
[2025-04-09T18:17:59.037+0000] {processor.py:836} INFO - DAG(s) dict_keys(['one_task_dag']) retrieved from /workspaces/hands-on-introduction-data-engineering-4395021/airflow/dags/one_task_dag.py
[2025-04-09T18:17:59.056+0000] {logging_mixin.py:150} INFO - [2025-04-09T18:17:59.056+0000] {dag.py:2742} INFO - Sync 1 DAGs
[2025-04-09T18:17:59.069+0000] {logging_mixin.py:150} INFO - [2025-04-09T18:17:59.069+0000] {dag.py:3504} INFO - Setting next_dagrun for one_task_dag to None, run_after=None
[2025-04-09T18:17:59.083+0000] {processor.py:179} INFO - Processing /workspaces/hands-on-introduction-data-engineering-4395021/airflow/dags/one_task_dag.py took 0.057 seconds
[2025-04-09T18:18:29.212+0000] {processor.py:157} INFO - Started process (PID=37221) to work on /workspaces/hands-on-introduction-data-engineering-4395021/airflow/dags/one_task_dag.py
[2025-04-09T18:18:29.213+0000] {processor.py:826} INFO - Processing file /workspaces/hands-on-introduction-data-engineering-4395021/airflow/dags/one_task_dag.py for tasks to queue
[2025-04-09T18:18:29.214+0000] {logging_mixin.py:150} INFO - [2025-04-09T18:18:29.213+0000] {dagbag.py:541} INFO - Filling up the DagBag from /workspaces/hands-on-introduction-data-engineering-4395021/airflow/dags/one_task_dag.py
[2025-04-09T18:18:29.221+0000] {processor.py:836} INFO - DAG(s) dict_keys(['one_task_dag']) retrieved from /workspaces/hands-on-introduction-data-engineering-4395021/airflow/dags/one_task_dag.py
[2025-04-09T18:18:29.238+0000] {logging_mixin.py:150} INFO - [2025-04-09T18:18:29.238+0000] {dag.py:2742} INFO - Sync 1 DAGs
[2025-04-09T18:18:29.252+0000] {logging_mixin.py:150} INFO - [2025-04-09T18:18:29.252+0000] {dag.py:3504} INFO - Setting next_dagrun for one_task_dag to None, run_after=None
[2025-04-09T18:18:29.265+0000] {processor.py:179} INFO - Processing /workspaces/hands-on-introduction-data-engineering-4395021/airflow/dags/one_task_dag.py took 0.055 seconds
[2025-04-09T18:18:59.397+0000] {processor.py:157} INFO - Started process (PID=37392) to work on /workspaces/hands-on-introduction-data-engineering-4395021/airflow/dags/one_task_dag.py
[2025-04-09T18:18:59.398+0000] {processor.py:826} INFO - Processing file /workspaces/hands-on-introduction-data-engineering-4395021/airflow/dags/one_task_dag.py for tasks to queue
[2025-04-09T18:18:59.399+0000] {logging_mixin.py:150} INFO - [2025-04-09T18:18:59.399+0000] {dagbag.py:541} INFO - Filling up the DagBag from /workspaces/hands-on-introduction-data-engineering-4395021/airflow/dags/one_task_dag.py
[2025-04-09T18:18:59.406+0000] {processor.py:836} INFO - DAG(s) dict_keys(['one_task_dag']) retrieved from /workspaces/hands-on-introduction-data-engineering-4395021/airflow/dags/one_task_dag.py
[2025-04-09T18:18:59.423+0000] {logging_mixin.py:150} INFO - [2025-04-09T18:18:59.423+0000] {dag.py:2742} INFO - Sync 1 DAGs
[2025-04-09T18:18:59.437+0000] {logging_mixin.py:150} INFO - [2025-04-09T18:18:59.437+0000] {dag.py:3504} INFO - Setting next_dagrun for one_task_dag to None, run_after=None
[2025-04-09T18:18:59.450+0000] {processor.py:179} INFO - Processing /workspaces/hands-on-introduction-data-engineering-4395021/airflow/dags/one_task_dag.py took 0.055 seconds
[2025-04-09T18:19:29.582+0000] {processor.py:157} INFO - Started process (PID=37570) to work on /workspaces/hands-on-introduction-data-engineering-4395021/airflow/dags/one_task_dag.py
[2025-04-09T18:19:29.582+0000] {processor.py:826} INFO - Processing file /workspaces/hands-on-introduction-data-engineering-4395021/airflow/dags/one_task_dag.py for tasks to queue
[2025-04-09T18:19:29.583+0000] {logging_mixin.py:150} INFO - [2025-04-09T18:19:29.583+0000] {dagbag.py:541} INFO - Filling up the DagBag from /workspaces/hands-on-introduction-data-engineering-4395021/airflow/dags/one_task_dag.py
[2025-04-09T18:19:29.590+0000] {processor.py:836} INFO - DAG(s) dict_keys(['one_task_dag']) retrieved from /workspaces/hands-on-introduction-data-engineering-4395021/airflow/dags/one_task_dag.py
[2025-04-09T18:19:29.608+0000] {logging_mixin.py:150} INFO - [2025-04-09T18:19:29.608+0000] {dag.py:2742} INFO - Sync 1 DAGs
[2025-04-09T18:19:29.621+0000] {logging_mixin.py:150} INFO - [2025-04-09T18:19:29.621+0000] {dag.py:3504} INFO - Setting next_dagrun for one_task_dag to None, run_after=None
[2025-04-09T18:19:29.634+0000] {processor.py:179} INFO - Processing /workspaces/hands-on-introduction-data-engineering-4395021/airflow/dags/one_task_dag.py took 0.055 seconds
[2025-04-09T18:19:59.766+0000] {processor.py:157} INFO - Started process (PID=37736) to work on /workspaces/hands-on-introduction-data-engineering-4395021/airflow/dags/one_task_dag.py
[2025-04-09T18:19:59.767+0000] {processor.py:826} INFO - Processing file /workspaces/hands-on-introduction-data-engineering-4395021/airflow/dags/one_task_dag.py for tasks to queue
[2025-04-09T18:19:59.768+0000] {logging_mixin.py:150} INFO - [2025-04-09T18:19:59.767+0000] {dagbag.py:541} INFO - Filling up the DagBag from /workspaces/hands-on-introduction-data-engineering-4395021/airflow/dags/one_task_dag.py
[2025-04-09T18:19:59.775+0000] {processor.py:836} INFO - DAG(s) dict_keys(['one_task_dag']) retrieved from /workspaces/hands-on-introduction-data-engineering-4395021/airflow/dags/one_task_dag.py
[2025-04-09T18:19:59.792+0000] {logging_mixin.py:150} INFO - [2025-04-09T18:19:59.792+0000] {dag.py:2742} INFO - Sync 1 DAGs
[2025-04-09T18:19:59.805+0000] {logging_mixin.py:150} INFO - [2025-04-09T18:19:59.805+0000] {dag.py:3504} INFO - Setting next_dagrun for one_task_dag to None, run_after=None
[2025-04-09T18:19:59.819+0000] {processor.py:179} INFO - Processing /workspaces/hands-on-introduction-data-engineering-4395021/airflow/dags/one_task_dag.py took 0.055 seconds
[2025-04-09T18:20:29.966+0000] {processor.py:157} INFO - Started process (PID=37912) to work on /workspaces/hands-on-introduction-data-engineering-4395021/airflow/dags/one_task_dag.py
[2025-04-09T18:20:29.966+0000] {processor.py:826} INFO - Processing file /workspaces/hands-on-introduction-data-engineering-4395021/airflow/dags/one_task_dag.py for tasks to queue
[2025-04-09T18:20:29.967+0000] {logging_mixin.py:150} INFO - [2025-04-09T18:20:29.967+0000] {dagbag.py:541} INFO - Filling up the DagBag from /workspaces/hands-on-introduction-data-engineering-4395021/airflow/dags/one_task_dag.py
[2025-04-09T18:20:29.974+0000] {processor.py:836} INFO - DAG(s) dict_keys(['one_task_dag']) retrieved from /workspaces/hands-on-introduction-data-engineering-4395021/airflow/dags/one_task_dag.py
[2025-04-09T18:20:29.991+0000] {logging_mixin.py:150} INFO - [2025-04-09T18:20:29.991+0000] {dag.py:2742} INFO - Sync 1 DAGs
[2025-04-09T18:20:30.005+0000] {logging_mixin.py:150} INFO - [2025-04-09T18:20:30.004+0000] {dag.py:3504} INFO - Setting next_dagrun for one_task_dag to None, run_after=None
[2025-04-09T18:20:30.018+0000] {processor.py:179} INFO - Processing /workspaces/hands-on-introduction-data-engineering-4395021/airflow/dags/one_task_dag.py took 0.056 seconds
[2025-04-09T18:21:00.149+0000] {processor.py:157} INFO - Started process (PID=38089) to work on /workspaces/hands-on-introduction-data-engineering-4395021/airflow/dags/one_task_dag.py
[2025-04-09T18:21:00.150+0000] {processor.py:826} INFO - Processing file /workspaces/hands-on-introduction-data-engineering-4395021/airflow/dags/one_task_dag.py for tasks to queue
[2025-04-09T18:21:00.151+0000] {logging_mixin.py:150} INFO - [2025-04-09T18:21:00.151+0000] {dagbag.py:541} INFO - Filling up the DagBag from /workspaces/hands-on-introduction-data-engineering-4395021/airflow/dags/one_task_dag.py
[2025-04-09T18:21:00.158+0000] {processor.py:836} INFO - DAG(s) dict_keys(['one_task_dag']) retrieved from /workspaces/hands-on-introduction-data-engineering-4395021/airflow/dags/one_task_dag.py
[2025-04-09T18:21:00.176+0000] {logging_mixin.py:150} INFO - [2025-04-09T18:21:00.176+0000] {dag.py:2742} INFO - Sync 1 DAGs
[2025-04-09T18:21:00.190+0000] {logging_mixin.py:150} INFO - [2025-04-09T18:21:00.189+0000] {dag.py:3504} INFO - Setting next_dagrun for one_task_dag to None, run_after=None
[2025-04-09T18:21:00.203+0000] {processor.py:179} INFO - Processing /workspaces/hands-on-introduction-data-engineering-4395021/airflow/dags/one_task_dag.py took 0.056 seconds
[2025-04-09T18:21:30.334+0000] {processor.py:157} INFO - Started process (PID=38260) to work on /workspaces/hands-on-introduction-data-engineering-4395021/airflow/dags/one_task_dag.py
[2025-04-09T18:21:30.335+0000] {processor.py:826} INFO - Processing file /workspaces/hands-on-introduction-data-engineering-4395021/airflow/dags/one_task_dag.py for tasks to queue
[2025-04-09T18:21:30.336+0000] {logging_mixin.py:150} INFO - [2025-04-09T18:21:30.335+0000] {dagbag.py:541} INFO - Filling up the DagBag from /workspaces/hands-on-introduction-data-engineering-4395021/airflow/dags/one_task_dag.py
[2025-04-09T18:21:30.343+0000] {processor.py:836} INFO - DAG(s) dict_keys(['one_task_dag']) retrieved from /workspaces/hands-on-introduction-data-engineering-4395021/airflow/dags/one_task_dag.py
[2025-04-09T18:21:30.360+0000] {logging_mixin.py:150} INFO - [2025-04-09T18:21:30.360+0000] {dag.py:2742} INFO - Sync 1 DAGs
[2025-04-09T18:21:30.374+0000] {logging_mixin.py:150} INFO - [2025-04-09T18:21:30.373+0000] {dag.py:3504} INFO - Setting next_dagrun for one_task_dag to None, run_after=None
[2025-04-09T18:21:30.387+0000] {processor.py:179} INFO - Processing /workspaces/hands-on-introduction-data-engineering-4395021/airflow/dags/one_task_dag.py took 0.055 seconds
[2025-04-09T18:22:00.518+0000] {processor.py:157} INFO - Started process (PID=38437) to work on /workspaces/hands-on-introduction-data-engineering-4395021/airflow/dags/one_task_dag.py
[2025-04-09T18:22:00.519+0000] {processor.py:826} INFO - Processing file /workspaces/hands-on-introduction-data-engineering-4395021/airflow/dags/one_task_dag.py for tasks to queue
[2025-04-09T18:22:00.520+0000] {logging_mixin.py:150} INFO - [2025-04-09T18:22:00.519+0000] {dagbag.py:541} INFO - Filling up the DagBag from /workspaces/hands-on-introduction-data-engineering-4395021/airflow/dags/one_task_dag.py
[2025-04-09T18:22:00.527+0000] {processor.py:836} INFO - DAG(s) dict_keys(['one_task_dag']) retrieved from /workspaces/hands-on-introduction-data-engineering-4395021/airflow/dags/one_task_dag.py
[2025-04-09T18:22:00.548+0000] {logging_mixin.py:150} INFO - [2025-04-09T18:22:00.547+0000] {dag.py:2742} INFO - Sync 1 DAGs
[2025-04-09T18:22:00.561+0000] {logging_mixin.py:150} INFO - [2025-04-09T18:22:00.561+0000] {dag.py:3504} INFO - Setting next_dagrun for one_task_dag to None, run_after=None
[2025-04-09T18:22:00.576+0000] {processor.py:179} INFO - Processing /workspaces/hands-on-introduction-data-engineering-4395021/airflow/dags/one_task_dag.py took 0.060 seconds
[2025-04-09T18:22:30.709+0000] {processor.py:157} INFO - Started process (PID=38608) to work on /workspaces/hands-on-introduction-data-engineering-4395021/airflow/dags/one_task_dag.py
[2025-04-09T18:22:30.710+0000] {processor.py:826} INFO - Processing file /workspaces/hands-on-introduction-data-engineering-4395021/airflow/dags/one_task_dag.py for tasks to queue
[2025-04-09T18:22:30.710+0000] {logging_mixin.py:150} INFO - [2025-04-09T18:22:30.710+0000] {dagbag.py:541} INFO - Filling up the DagBag from /workspaces/hands-on-introduction-data-engineering-4395021/airflow/dags/one_task_dag.py
[2025-04-09T18:22:30.717+0000] {processor.py:836} INFO - DAG(s) dict_keys(['one_task_dag']) retrieved from /workspaces/hands-on-introduction-data-engineering-4395021/airflow/dags/one_task_dag.py
[2025-04-09T18:22:30.735+0000] {logging_mixin.py:150} INFO - [2025-04-09T18:22:30.735+0000] {dag.py:2742} INFO - Sync 1 DAGs
[2025-04-09T18:22:30.749+0000] {logging_mixin.py:150} INFO - [2025-04-09T18:22:30.749+0000] {dag.py:3504} INFO - Setting next_dagrun for one_task_dag to None, run_after=None
[2025-04-09T18:22:30.762+0000] {processor.py:179} INFO - Processing /workspaces/hands-on-introduction-data-engineering-4395021/airflow/dags/one_task_dag.py took 0.056 seconds
[2025-04-09T20:15:46.491+0000] {processor.py:157} INFO - Started process (PID=18326) to work on /workspaces/hands-on-introduction-data-engineering-4395021/airflow/dags/one_task_dag.py
[2025-04-09T20:15:46.494+0000] {processor.py:826} INFO - Processing file /workspaces/hands-on-introduction-data-engineering-4395021/airflow/dags/one_task_dag.py for tasks to queue
[2025-04-09T20:15:46.495+0000] {logging_mixin.py:150} INFO - [2025-04-09T20:15:46.494+0000] {dagbag.py:541} INFO - Filling up the DagBag from /workspaces/hands-on-introduction-data-engineering-4395021/airflow/dags/one_task_dag.py
[2025-04-09T20:15:46.502+0000] {processor.py:836} INFO - DAG(s) dict_keys(['one_task_dag']) retrieved from /workspaces/hands-on-introduction-data-engineering-4395021/airflow/dags/one_task_dag.py
[2025-04-09T20:15:46.519+0000] {logging_mixin.py:150} INFO - [2025-04-09T20:15:46.519+0000] {dag.py:2742} INFO - Sync 1 DAGs
[2025-04-09T20:15:46.532+0000] {logging_mixin.py:150} INFO - [2025-04-09T20:15:46.532+0000] {dag.py:3504} INFO - Setting next_dagrun for one_task_dag to None, run_after=None
[2025-04-09T20:15:46.546+0000] {processor.py:179} INFO - Processing /workspaces/hands-on-introduction-data-engineering-4395021/airflow/dags/one_task_dag.py took 0.059 seconds
[2025-04-09T20:16:17.135+0000] {processor.py:157} INFO - Started process (PID=18614) to work on /workspaces/hands-on-introduction-data-engineering-4395021/airflow/dags/one_task_dag.py
[2025-04-09T20:16:17.136+0000] {processor.py:826} INFO - Processing file /workspaces/hands-on-introduction-data-engineering-4395021/airflow/dags/one_task_dag.py for tasks to queue
[2025-04-09T20:16:17.137+0000] {logging_mixin.py:150} INFO - [2025-04-09T20:16:17.136+0000] {dagbag.py:541} INFO - Filling up the DagBag from /workspaces/hands-on-introduction-data-engineering-4395021/airflow/dags/one_task_dag.py
[2025-04-09T20:16:17.144+0000] {processor.py:836} INFO - DAG(s) dict_keys(['one_task_dag']) retrieved from /workspaces/hands-on-introduction-data-engineering-4395021/airflow/dags/one_task_dag.py
[2025-04-09T20:16:17.161+0000] {logging_mixin.py:150} INFO - [2025-04-09T20:16:17.161+0000] {dag.py:2742} INFO - Sync 1 DAGs
[2025-04-09T20:16:17.176+0000] {logging_mixin.py:150} INFO - [2025-04-09T20:16:17.176+0000] {dag.py:3504} INFO - Setting next_dagrun for one_task_dag to None, run_after=None
[2025-04-09T20:16:17.189+0000] {processor.py:179} INFO - Processing /workspaces/hands-on-introduction-data-engineering-4395021/airflow/dags/one_task_dag.py took 0.057 seconds
[2025-04-09T20:16:48.447+0000] {processor.py:157} INFO - Started process (PID=18795) to work on /workspaces/hands-on-introduction-data-engineering-4395021/airflow/dags/one_task_dag.py
[2025-04-09T20:16:48.448+0000] {processor.py:826} INFO - Processing file /workspaces/hands-on-introduction-data-engineering-4395021/airflow/dags/one_task_dag.py for tasks to queue
[2025-04-09T20:16:48.449+0000] {logging_mixin.py:150} INFO - [2025-04-09T20:16:48.448+0000] {dagbag.py:541} INFO - Filling up the DagBag from /workspaces/hands-on-introduction-data-engineering-4395021/airflow/dags/one_task_dag.py
[2025-04-09T20:16:48.456+0000] {processor.py:836} INFO - DAG(s) dict_keys(['one_task_dag']) retrieved from /workspaces/hands-on-introduction-data-engineering-4395021/airflow/dags/one_task_dag.py
[2025-04-09T20:16:48.473+0000] {logging_mixin.py:150} INFO - [2025-04-09T20:16:48.473+0000] {dag.py:2742} INFO - Sync 1 DAGs
[2025-04-09T20:16:48.487+0000] {logging_mixin.py:150} INFO - [2025-04-09T20:16:48.487+0000] {dag.py:3504} INFO - Setting next_dagrun for one_task_dag to None, run_after=None
[2025-04-09T20:16:48.500+0000] {processor.py:179} INFO - Processing /workspaces/hands-on-introduction-data-engineering-4395021/airflow/dags/one_task_dag.py took 0.056 seconds
[2025-04-09T20:17:18.780+0000] {processor.py:157} INFO - Started process (PID=19042) to work on /workspaces/hands-on-introduction-data-engineering-4395021/airflow/dags/one_task_dag.py
[2025-04-09T20:17:18.780+0000] {processor.py:826} INFO - Processing file /workspaces/hands-on-introduction-data-engineering-4395021/airflow/dags/one_task_dag.py for tasks to queue
[2025-04-09T20:17:18.781+0000] {logging_mixin.py:150} INFO - [2025-04-09T20:17:18.781+0000] {dagbag.py:541} INFO - Filling up the DagBag from /workspaces/hands-on-introduction-data-engineering-4395021/airflow/dags/one_task_dag.py
[2025-04-09T20:17:18.789+0000] {processor.py:836} INFO - DAG(s) dict_keys(['one_task_dag']) retrieved from /workspaces/hands-on-introduction-data-engineering-4395021/airflow/dags/one_task_dag.py
[2025-04-09T20:17:18.806+0000] {logging_mixin.py:150} INFO - [2025-04-09T20:17:18.806+0000] {dag.py:2742} INFO - Sync 1 DAGs
[2025-04-09T20:17:18.820+0000] {logging_mixin.py:150} INFO - [2025-04-09T20:17:18.820+0000] {dag.py:3504} INFO - Setting next_dagrun for one_task_dag to None, run_after=None
[2025-04-09T20:17:18.833+0000] {processor.py:179} INFO - Processing /workspaces/hands-on-introduction-data-engineering-4395021/airflow/dags/one_task_dag.py took 0.056 seconds
[2025-04-09T20:17:49.584+0000] {processor.py:157} INFO - Started process (PID=19226) to work on /workspaces/hands-on-introduction-data-engineering-4395021/airflow/dags/one_task_dag.py
[2025-04-09T20:17:49.585+0000] {processor.py:826} INFO - Processing file /workspaces/hands-on-introduction-data-engineering-4395021/airflow/dags/one_task_dag.py for tasks to queue
[2025-04-09T20:17:49.586+0000] {logging_mixin.py:150} INFO - [2025-04-09T20:17:49.586+0000] {dagbag.py:541} INFO - Filling up the DagBag from /workspaces/hands-on-introduction-data-engineering-4395021/airflow/dags/one_task_dag.py
[2025-04-09T20:17:49.593+0000] {processor.py:836} INFO - DAG(s) dict_keys(['one_task_dag']) retrieved from /workspaces/hands-on-introduction-data-engineering-4395021/airflow/dags/one_task_dag.py
[2025-04-09T20:17:49.611+0000] {logging_mixin.py:150} INFO - [2025-04-09T20:17:49.611+0000] {dag.py:2742} INFO - Sync 1 DAGs
[2025-04-09T20:17:49.625+0000] {logging_mixin.py:150} INFO - [2025-04-09T20:17:49.625+0000] {dag.py:3504} INFO - Setting next_dagrun for one_task_dag to None, run_after=None
[2025-04-09T20:17:49.639+0000] {processor.py:179} INFO - Processing /workspaces/hands-on-introduction-data-engineering-4395021/airflow/dags/one_task_dag.py took 0.057 seconds
[2025-04-09T20:18:19.950+0000] {processor.py:157} INFO - Started process (PID=19402) to work on /workspaces/hands-on-introduction-data-engineering-4395021/airflow/dags/one_task_dag.py
[2025-04-09T20:18:19.951+0000] {processor.py:826} INFO - Processing file /workspaces/hands-on-introduction-data-engineering-4395021/airflow/dags/one_task_dag.py for tasks to queue
[2025-04-09T20:18:19.951+0000] {logging_mixin.py:150} INFO - [2025-04-09T20:18:19.951+0000] {dagbag.py:541} INFO - Filling up the DagBag from /workspaces/hands-on-introduction-data-engineering-4395021/airflow/dags/one_task_dag.py
[2025-04-09T20:18:19.959+0000] {processor.py:836} INFO - DAG(s) dict_keys(['one_task_dag']) retrieved from /workspaces/hands-on-introduction-data-engineering-4395021/airflow/dags/one_task_dag.py
[2025-04-09T20:18:19.977+0000] {logging_mixin.py:150} INFO - [2025-04-09T20:18:19.977+0000] {dag.py:2742} INFO - Sync 1 DAGs
[2025-04-09T20:18:19.990+0000] {logging_mixin.py:150} INFO - [2025-04-09T20:18:19.990+0000] {dag.py:3504} INFO - Setting next_dagrun for one_task_dag to None, run_after=None
[2025-04-09T20:18:20.004+0000] {processor.py:179} INFO - Processing /workspaces/hands-on-introduction-data-engineering-4395021/airflow/dags/one_task_dag.py took 0.056 seconds
[2025-04-09T20:18:51.380+0000] {processor.py:157} INFO - Started process (PID=19586) to work on /workspaces/hands-on-introduction-data-engineering-4395021/airflow/dags/one_task_dag.py
[2025-04-09T20:18:51.381+0000] {processor.py:826} INFO - Processing file /workspaces/hands-on-introduction-data-engineering-4395021/airflow/dags/one_task_dag.py for tasks to queue
[2025-04-09T20:18:51.382+0000] {logging_mixin.py:150} INFO - [2025-04-09T20:18:51.382+0000] {dagbag.py:541} INFO - Filling up the DagBag from /workspaces/hands-on-introduction-data-engineering-4395021/airflow/dags/one_task_dag.py
[2025-04-09T20:18:51.389+0000] {processor.py:836} INFO - DAG(s) dict_keys(['one_task_dag']) retrieved from /workspaces/hands-on-introduction-data-engineering-4395021/airflow/dags/one_task_dag.py
[2025-04-09T20:18:51.407+0000] {logging_mixin.py:150} INFO - [2025-04-09T20:18:51.406+0000] {dag.py:2742} INFO - Sync 1 DAGs
[2025-04-09T20:18:51.420+0000] {logging_mixin.py:150} INFO - [2025-04-09T20:18:51.420+0000] {dag.py:3504} INFO - Setting next_dagrun for one_task_dag to None, run_after=None
[2025-04-09T20:18:51.434+0000] {processor.py:179} INFO - Processing /workspaces/hands-on-introduction-data-engineering-4395021/airflow/dags/one_task_dag.py took 0.056 seconds
[2025-04-09T20:19:23.006+0000] {processor.py:157} INFO - Started process (PID=19790) to work on /workspaces/hands-on-introduction-data-engineering-4395021/airflow/dags/one_task_dag.py
[2025-04-09T20:19:23.006+0000] {processor.py:826} INFO - Processing file /workspaces/hands-on-introduction-data-engineering-4395021/airflow/dags/one_task_dag.py for tasks to queue
[2025-04-09T20:19:23.007+0000] {logging_mixin.py:150} INFO - [2025-04-09T20:19:23.007+0000] {dagbag.py:541} INFO - Filling up the DagBag from /workspaces/hands-on-introduction-data-engineering-4395021/airflow/dags/one_task_dag.py
[2025-04-09T20:19:23.014+0000] {processor.py:836} INFO - DAG(s) dict_keys(['one_task_dag']) retrieved from /workspaces/hands-on-introduction-data-engineering-4395021/airflow/dags/one_task_dag.py
[2025-04-09T20:19:23.032+0000] {logging_mixin.py:150} INFO - [2025-04-09T20:19:23.032+0000] {dag.py:2742} INFO - Sync 1 DAGs
[2025-04-09T20:19:23.045+0000] {logging_mixin.py:150} INFO - [2025-04-09T20:19:23.045+0000] {dag.py:3504} INFO - Setting next_dagrun for one_task_dag to None, run_after=None
[2025-04-09T20:19:23.060+0000] {processor.py:179} INFO - Processing /workspaces/hands-on-introduction-data-engineering-4395021/airflow/dags/one_task_dag.py took 0.057 seconds
[2025-04-09T20:19:53.484+0000] {processor.py:157} INFO - Started process (PID=19970) to work on /workspaces/hands-on-introduction-data-engineering-4395021/airflow/dags/one_task_dag.py
[2025-04-09T20:19:53.485+0000] {processor.py:826} INFO - Processing file /workspaces/hands-on-introduction-data-engineering-4395021/airflow/dags/one_task_dag.py for tasks to queue
[2025-04-09T20:19:53.485+0000] {logging_mixin.py:150} INFO - [2025-04-09T20:19:53.485+0000] {dagbag.py:541} INFO - Filling up the DagBag from /workspaces/hands-on-introduction-data-engineering-4395021/airflow/dags/one_task_dag.py
[2025-04-09T20:19:53.493+0000] {processor.py:836} INFO - DAG(s) dict_keys(['one_task_dag']) retrieved from /workspaces/hands-on-introduction-data-engineering-4395021/airflow/dags/one_task_dag.py
[2025-04-09T20:19:53.510+0000] {logging_mixin.py:150} INFO - [2025-04-09T20:19:53.510+0000] {dag.py:2742} INFO - Sync 1 DAGs
[2025-04-09T20:19:53.524+0000] {logging_mixin.py:150} INFO - [2025-04-09T20:19:53.524+0000] {dag.py:3504} INFO - Setting next_dagrun for one_task_dag to None, run_after=None
[2025-04-09T20:19:53.538+0000] {processor.py:179} INFO - Processing /workspaces/hands-on-introduction-data-engineering-4395021/airflow/dags/one_task_dag.py took 0.057 seconds
[2025-04-09T20:20:23.984+0000] {processor.py:157} INFO - Started process (PID=20143) to work on /workspaces/hands-on-introduction-data-engineering-4395021/airflow/dags/one_task_dag.py
[2025-04-09T20:20:23.985+0000] {processor.py:826} INFO - Processing file /workspaces/hands-on-introduction-data-engineering-4395021/airflow/dags/one_task_dag.py for tasks to queue
[2025-04-09T20:20:23.986+0000] {logging_mixin.py:150} INFO - [2025-04-09T20:20:23.986+0000] {dagbag.py:541} INFO - Filling up the DagBag from /workspaces/hands-on-introduction-data-engineering-4395021/airflow/dags/one_task_dag.py
[2025-04-09T20:20:23.993+0000] {processor.py:836} INFO - DAG(s) dict_keys(['one_task_dag']) retrieved from /workspaces/hands-on-introduction-data-engineering-4395021/airflow/dags/one_task_dag.py
[2025-04-09T20:20:24.010+0000] {logging_mixin.py:150} INFO - [2025-04-09T20:20:24.010+0000] {dag.py:2742} INFO - Sync 1 DAGs
[2025-04-09T20:20:24.024+0000] {logging_mixin.py:150} INFO - [2025-04-09T20:20:24.024+0000] {dag.py:3504} INFO - Setting next_dagrun for one_task_dag to None, run_after=None
[2025-04-09T20:20:24.037+0000] {processor.py:179} INFO - Processing /workspaces/hands-on-introduction-data-engineering-4395021/airflow/dags/one_task_dag.py took 0.057 seconds
[2025-04-09T20:20:54.573+0000] {processor.py:157} INFO - Started process (PID=20323) to work on /workspaces/hands-on-introduction-data-engineering-4395021/airflow/dags/one_task_dag.py
[2025-04-09T20:20:54.573+0000] {processor.py:826} INFO - Processing file /workspaces/hands-on-introduction-data-engineering-4395021/airflow/dags/one_task_dag.py for tasks to queue
[2025-04-09T20:20:54.574+0000] {logging_mixin.py:150} INFO - [2025-04-09T20:20:54.574+0000] {dagbag.py:541} INFO - Filling up the DagBag from /workspaces/hands-on-introduction-data-engineering-4395021/airflow/dags/one_task_dag.py
[2025-04-09T20:20:54.581+0000] {processor.py:836} INFO - DAG(s) dict_keys(['one_task_dag']) retrieved from /workspaces/hands-on-introduction-data-engineering-4395021/airflow/dags/one_task_dag.py
[2025-04-09T20:20:54.599+0000] {logging_mixin.py:150} INFO - [2025-04-09T20:20:54.599+0000] {dag.py:2742} INFO - Sync 1 DAGs
[2025-04-09T20:20:54.612+0000] {logging_mixin.py:150} INFO - [2025-04-09T20:20:54.612+0000] {dag.py:3504} INFO - Setting next_dagrun for one_task_dag to None, run_after=None
[2025-04-09T20:20:54.626+0000] {processor.py:179} INFO - Processing /workspaces/hands-on-introduction-data-engineering-4395021/airflow/dags/one_task_dag.py took 0.056 seconds
[2025-04-09T20:21:25.082+0000] {processor.py:157} INFO - Started process (PID=20522) to work on /workspaces/hands-on-introduction-data-engineering-4395021/airflow/dags/one_task_dag.py
[2025-04-09T20:21:25.083+0000] {processor.py:826} INFO - Processing file /workspaces/hands-on-introduction-data-engineering-4395021/airflow/dags/one_task_dag.py for tasks to queue
[2025-04-09T20:21:25.083+0000] {logging_mixin.py:150} INFO - [2025-04-09T20:21:25.083+0000] {dagbag.py:541} INFO - Filling up the DagBag from /workspaces/hands-on-introduction-data-engineering-4395021/airflow/dags/one_task_dag.py
[2025-04-09T20:21:25.091+0000] {processor.py:836} INFO - DAG(s) dict_keys(['one_task_dag']) retrieved from /workspaces/hands-on-introduction-data-engineering-4395021/airflow/dags/one_task_dag.py
[2025-04-09T20:21:25.109+0000] {logging_mixin.py:150} INFO - [2025-04-09T20:21:25.109+0000] {dag.py:2742} INFO - Sync 1 DAGs
[2025-04-09T20:21:25.126+0000] {logging_mixin.py:150} INFO - [2025-04-09T20:21:25.125+0000] {dag.py:3504} INFO - Setting next_dagrun for one_task_dag to None, run_after=None
[2025-04-09T20:21:25.141+0000] {processor.py:179} INFO - Processing /workspaces/hands-on-introduction-data-engineering-4395021/airflow/dags/one_task_dag.py took 0.061 seconds
[2025-04-09T20:21:55.619+0000] {processor.py:157} INFO - Started process (PID=20789) to work on /workspaces/hands-on-introduction-data-engineering-4395021/airflow/dags/one_task_dag.py
[2025-04-09T20:21:55.620+0000] {processor.py:826} INFO - Processing file /workspaces/hands-on-introduction-data-engineering-4395021/airflow/dags/one_task_dag.py for tasks to queue
[2025-04-09T20:21:55.621+0000] {logging_mixin.py:150} INFO - [2025-04-09T20:21:55.620+0000] {dagbag.py:541} INFO - Filling up the DagBag from /workspaces/hands-on-introduction-data-engineering-4395021/airflow/dags/one_task_dag.py
[2025-04-09T20:21:55.627+0000] {processor.py:836} INFO - DAG(s) dict_keys(['one_task_dag']) retrieved from /workspaces/hands-on-introduction-data-engineering-4395021/airflow/dags/one_task_dag.py
[2025-04-09T20:21:55.645+0000] {logging_mixin.py:150} INFO - [2025-04-09T20:21:55.644+0000] {dag.py:2742} INFO - Sync 1 DAGs
[2025-04-09T20:21:55.658+0000] {logging_mixin.py:150} INFO - [2025-04-09T20:21:55.658+0000] {dag.py:3504} INFO - Setting next_dagrun for one_task_dag to None, run_after=None
[2025-04-09T20:21:55.671+0000] {processor.py:179} INFO - Processing /workspaces/hands-on-introduction-data-engineering-4395021/airflow/dags/one_task_dag.py took 0.055 seconds
[2025-04-09T20:22:25.803+0000] {processor.py:157} INFO - Started process (PID=20975) to work on /workspaces/hands-on-introduction-data-engineering-4395021/airflow/dags/one_task_dag.py
[2025-04-09T20:22:25.803+0000] {processor.py:826} INFO - Processing file /workspaces/hands-on-introduction-data-engineering-4395021/airflow/dags/one_task_dag.py for tasks to queue
[2025-04-09T20:22:25.804+0000] {logging_mixin.py:150} INFO - [2025-04-09T20:22:25.804+0000] {dagbag.py:541} INFO - Filling up the DagBag from /workspaces/hands-on-introduction-data-engineering-4395021/airflow/dags/one_task_dag.py
[2025-04-09T20:22:25.811+0000] {processor.py:836} INFO - DAG(s) dict_keys(['one_task_dag']) retrieved from /workspaces/hands-on-introduction-data-engineering-4395021/airflow/dags/one_task_dag.py
[2025-04-09T20:22:25.829+0000] {logging_mixin.py:150} INFO - [2025-04-09T20:22:25.828+0000] {dag.py:2742} INFO - Sync 1 DAGs
[2025-04-09T20:22:25.842+0000] {logging_mixin.py:150} INFO - [2025-04-09T20:22:25.842+0000] {dag.py:3504} INFO - Setting next_dagrun for one_task_dag to None, run_after=None
[2025-04-09T20:22:25.856+0000] {processor.py:179} INFO - Processing /workspaces/hands-on-introduction-data-engineering-4395021/airflow/dags/one_task_dag.py took 0.055 seconds
[2025-04-09T20:22:55.990+0000] {processor.py:157} INFO - Started process (PID=21148) to work on /workspaces/hands-on-introduction-data-engineering-4395021/airflow/dags/one_task_dag.py
[2025-04-09T20:22:55.991+0000] {processor.py:826} INFO - Processing file /workspaces/hands-on-introduction-data-engineering-4395021/airflow/dags/one_task_dag.py for tasks to queue
[2025-04-09T20:22:55.991+0000] {logging_mixin.py:150} INFO - [2025-04-09T20:22:55.991+0000] {dagbag.py:541} INFO - Filling up the DagBag from /workspaces/hands-on-introduction-data-engineering-4395021/airflow/dags/one_task_dag.py
[2025-04-09T20:22:55.999+0000] {processor.py:836} INFO - DAG(s) dict_keys(['one_task_dag']) retrieved from /workspaces/hands-on-introduction-data-engineering-4395021/airflow/dags/one_task_dag.py
[2025-04-09T20:22:56.016+0000] {logging_mixin.py:150} INFO - [2025-04-09T20:22:56.016+0000] {dag.py:2742} INFO - Sync 1 DAGs
[2025-04-09T20:22:56.031+0000] {logging_mixin.py:150} INFO - [2025-04-09T20:22:56.030+0000] {dag.py:3504} INFO - Setting next_dagrun for one_task_dag to None, run_after=None
[2025-04-09T20:22:56.044+0000] {processor.py:179} INFO - Processing /workspaces/hands-on-introduction-data-engineering-4395021/airflow/dags/one_task_dag.py took 0.057 seconds
[2025-04-09T20:23:27.308+0000] {processor.py:157} INFO - Started process (PID=21328) to work on /workspaces/hands-on-introduction-data-engineering-4395021/airflow/dags/one_task_dag.py
[2025-04-09T20:23:27.308+0000] {processor.py:826} INFO - Processing file /workspaces/hands-on-introduction-data-engineering-4395021/airflow/dags/one_task_dag.py for tasks to queue
[2025-04-09T20:23:27.309+0000] {logging_mixin.py:150} INFO - [2025-04-09T20:23:27.309+0000] {dagbag.py:541} INFO - Filling up the DagBag from /workspaces/hands-on-introduction-data-engineering-4395021/airflow/dags/one_task_dag.py
[2025-04-09T20:23:27.317+0000] {processor.py:836} INFO - DAG(s) dict_keys(['one_task_dag']) retrieved from /workspaces/hands-on-introduction-data-engineering-4395021/airflow/dags/one_task_dag.py
[2025-04-09T20:23:27.334+0000] {logging_mixin.py:150} INFO - [2025-04-09T20:23:27.334+0000] {dag.py:2742} INFO - Sync 1 DAGs
[2025-04-09T20:23:27.348+0000] {logging_mixin.py:150} INFO - [2025-04-09T20:23:27.348+0000] {dag.py:3504} INFO - Setting next_dagrun for one_task_dag to None, run_after=None
[2025-04-09T20:23:27.361+0000] {processor.py:179} INFO - Processing /workspaces/hands-on-introduction-data-engineering-4395021/airflow/dags/one_task_dag.py took 0.056 seconds
[2025-04-09T20:23:57.491+0000] {processor.py:157} INFO - Started process (PID=21508) to work on /workspaces/hands-on-introduction-data-engineering-4395021/airflow/dags/one_task_dag.py
[2025-04-09T20:23:57.491+0000] {processor.py:826} INFO - Processing file /workspaces/hands-on-introduction-data-engineering-4395021/airflow/dags/one_task_dag.py for tasks to queue
[2025-04-09T20:23:57.492+0000] {logging_mixin.py:150} INFO - [2025-04-09T20:23:57.492+0000] {dagbag.py:541} INFO - Filling up the DagBag from /workspaces/hands-on-introduction-data-engineering-4395021/airflow/dags/one_task_dag.py
[2025-04-09T20:23:57.500+0000] {processor.py:836} INFO - DAG(s) dict_keys(['one_task_dag']) retrieved from /workspaces/hands-on-introduction-data-engineering-4395021/airflow/dags/one_task_dag.py
[2025-04-09T20:23:57.517+0000] {logging_mixin.py:150} INFO - [2025-04-09T20:23:57.517+0000] {dag.py:2742} INFO - Sync 1 DAGs
[2025-04-09T20:23:57.531+0000] {logging_mixin.py:150} INFO - [2025-04-09T20:23:57.531+0000] {dag.py:3504} INFO - Setting next_dagrun for one_task_dag to None, run_after=None
[2025-04-09T20:23:57.544+0000] {processor.py:179} INFO - Processing /workspaces/hands-on-introduction-data-engineering-4395021/airflow/dags/one_task_dag.py took 0.056 seconds
[2025-04-09T20:24:27.685+0000] {processor.py:157} INFO - Started process (PID=21681) to work on /workspaces/hands-on-introduction-data-engineering-4395021/airflow/dags/one_task_dag.py
[2025-04-09T20:24:27.686+0000] {processor.py:826} INFO - Processing file /workspaces/hands-on-introduction-data-engineering-4395021/airflow/dags/one_task_dag.py for tasks to queue
[2025-04-09T20:24:27.686+0000] {logging_mixin.py:150} INFO - [2025-04-09T20:24:27.686+0000] {dagbag.py:541} INFO - Filling up the DagBag from /workspaces/hands-on-introduction-data-engineering-4395021/airflow/dags/one_task_dag.py
[2025-04-09T20:24:27.694+0000] {processor.py:836} INFO - DAG(s) dict_keys(['one_task_dag']) retrieved from /workspaces/hands-on-introduction-data-engineering-4395021/airflow/dags/one_task_dag.py
[2025-04-09T20:24:27.711+0000] {logging_mixin.py:150} INFO - [2025-04-09T20:24:27.711+0000] {dag.py:2742} INFO - Sync 1 DAGs
[2025-04-09T20:24:27.724+0000] {logging_mixin.py:150} INFO - [2025-04-09T20:24:27.724+0000] {dag.py:3504} INFO - Setting next_dagrun for one_task_dag to None, run_after=None
[2025-04-09T20:24:27.737+0000] {processor.py:179} INFO - Processing /workspaces/hands-on-introduction-data-engineering-4395021/airflow/dags/one_task_dag.py took 0.055 seconds
[2025-04-09T20:24:58.975+0000] {processor.py:157} INFO - Started process (PID=21861) to work on /workspaces/hands-on-introduction-data-engineering-4395021/airflow/dags/one_task_dag.py
[2025-04-09T20:24:58.976+0000] {processor.py:826} INFO - Processing file /workspaces/hands-on-introduction-data-engineering-4395021/airflow/dags/one_task_dag.py for tasks to queue
[2025-04-09T20:24:58.977+0000] {logging_mixin.py:150} INFO - [2025-04-09T20:24:58.977+0000] {dagbag.py:541} INFO - Filling up the DagBag from /workspaces/hands-on-introduction-data-engineering-4395021/airflow/dags/one_task_dag.py
[2025-04-09T20:24:58.984+0000] {processor.py:836} INFO - DAG(s) dict_keys(['one_task_dag']) retrieved from /workspaces/hands-on-introduction-data-engineering-4395021/airflow/dags/one_task_dag.py
[2025-04-09T20:24:59.002+0000] {logging_mixin.py:150} INFO - [2025-04-09T20:24:59.002+0000] {dag.py:2742} INFO - Sync 1 DAGs
[2025-04-09T20:24:59.015+0000] {logging_mixin.py:150} INFO - [2025-04-09T20:24:59.015+0000] {dag.py:3504} INFO - Setting next_dagrun for one_task_dag to None, run_after=None
[2025-04-09T20:24:59.030+0000] {processor.py:179} INFO - Processing /workspaces/hands-on-introduction-data-engineering-4395021/airflow/dags/one_task_dag.py took 0.057 seconds
[2025-04-09T20:25:29.373+0000] {processor.py:157} INFO - Started process (PID=22040) to work on /workspaces/hands-on-introduction-data-engineering-4395021/airflow/dags/one_task_dag.py
[2025-04-09T20:25:29.374+0000] {processor.py:826} INFO - Processing file /workspaces/hands-on-introduction-data-engineering-4395021/airflow/dags/one_task_dag.py for tasks to queue
[2025-04-09T20:25:29.375+0000] {logging_mixin.py:150} INFO - [2025-04-09T20:25:29.375+0000] {dagbag.py:541} INFO - Filling up the DagBag from /workspaces/hands-on-introduction-data-engineering-4395021/airflow/dags/one_task_dag.py
[2025-04-09T20:25:29.382+0000] {processor.py:836} INFO - DAG(s) dict_keys(['one_task_dag']) retrieved from /workspaces/hands-on-introduction-data-engineering-4395021/airflow/dags/one_task_dag.py
[2025-04-09T20:25:29.400+0000] {logging_mixin.py:150} INFO - [2025-04-09T20:25:29.399+0000] {dag.py:2742} INFO - Sync 1 DAGs
[2025-04-09T20:25:29.413+0000] {logging_mixin.py:150} INFO - [2025-04-09T20:25:29.413+0000] {dag.py:3504} INFO - Setting next_dagrun for one_task_dag to None, run_after=None
[2025-04-09T20:25:29.427+0000] {processor.py:179} INFO - Processing /workspaces/hands-on-introduction-data-engineering-4395021/airflow/dags/one_task_dag.py took 0.056 seconds
[2025-04-09T20:25:59.763+0000] {processor.py:157} INFO - Started process (PID=22214) to work on /workspaces/hands-on-introduction-data-engineering-4395021/airflow/dags/one_task_dag.py
[2025-04-09T20:25:59.763+0000] {processor.py:826} INFO - Processing file /workspaces/hands-on-introduction-data-engineering-4395021/airflow/dags/one_task_dag.py for tasks to queue
[2025-04-09T20:25:59.764+0000] {logging_mixin.py:150} INFO - [2025-04-09T20:25:59.764+0000] {dagbag.py:541} INFO - Filling up the DagBag from /workspaces/hands-on-introduction-data-engineering-4395021/airflow/dags/one_task_dag.py
[2025-04-09T20:25:59.771+0000] {processor.py:836} INFO - DAG(s) dict_keys(['one_task_dag']) retrieved from /workspaces/hands-on-introduction-data-engineering-4395021/airflow/dags/one_task_dag.py
[2025-04-09T20:25:59.788+0000] {logging_mixin.py:150} INFO - [2025-04-09T20:25:59.788+0000] {dag.py:2742} INFO - Sync 1 DAGs
[2025-04-09T20:25:59.801+0000] {logging_mixin.py:150} INFO - [2025-04-09T20:25:59.801+0000] {dag.py:3504} INFO - Setting next_dagrun for one_task_dag to None, run_after=None
[2025-04-09T20:25:59.817+0000] {processor.py:179} INFO - Processing /workspaces/hands-on-introduction-data-engineering-4395021/airflow/dags/one_task_dag.py took 0.058 seconds
[2025-04-09T20:26:29.921+0000] {processor.py:157} INFO - Started process (PID=22393) to work on /workspaces/hands-on-introduction-data-engineering-4395021/airflow/dags/one_task_dag.py
[2025-04-09T20:26:29.921+0000] {processor.py:826} INFO - Processing file /workspaces/hands-on-introduction-data-engineering-4395021/airflow/dags/one_task_dag.py for tasks to queue
[2025-04-09T20:26:29.922+0000] {logging_mixin.py:150} INFO - [2025-04-09T20:26:29.922+0000] {dagbag.py:541} INFO - Filling up the DagBag from /workspaces/hands-on-introduction-data-engineering-4395021/airflow/dags/one_task_dag.py
[2025-04-09T20:26:29.929+0000] {processor.py:836} INFO - DAG(s) dict_keys(['one_task_dag']) retrieved from /workspaces/hands-on-introduction-data-engineering-4395021/airflow/dags/one_task_dag.py
[2025-04-09T20:26:29.946+0000] {logging_mixin.py:150} INFO - [2025-04-09T20:26:29.946+0000] {dag.py:2742} INFO - Sync 1 DAGs
[2025-04-09T20:26:29.959+0000] {logging_mixin.py:150} INFO - [2025-04-09T20:26:29.959+0000] {dag.py:3504} INFO - Setting next_dagrun for one_task_dag to None, run_after=None
[2025-04-09T20:26:29.973+0000] {processor.py:179} INFO - Processing /workspaces/hands-on-introduction-data-engineering-4395021/airflow/dags/one_task_dag.py took 0.055 seconds
[2025-04-09T20:27:01.129+0000] {processor.py:157} INFO - Started process (PID=22573) to work on /workspaces/hands-on-introduction-data-engineering-4395021/airflow/dags/one_task_dag.py
[2025-04-09T20:27:01.130+0000] {processor.py:826} INFO - Processing file /workspaces/hands-on-introduction-data-engineering-4395021/airflow/dags/one_task_dag.py for tasks to queue
[2025-04-09T20:27:01.132+0000] {logging_mixin.py:150} INFO - [2025-04-09T20:27:01.130+0000] {dagbag.py:541} INFO - Filling up the DagBag from /workspaces/hands-on-introduction-data-engineering-4395021/airflow/dags/one_task_dag.py
[2025-04-09T20:27:01.141+0000] {processor.py:836} INFO - DAG(s) dict_keys(['one_task_dag']) retrieved from /workspaces/hands-on-introduction-data-engineering-4395021/airflow/dags/one_task_dag.py
[2025-04-09T20:27:01.166+0000] {logging_mixin.py:150} INFO - [2025-04-09T20:27:01.166+0000] {dag.py:2742} INFO - Sync 1 DAGs
[2025-04-09T20:27:01.188+0000] {logging_mixin.py:150} INFO - [2025-04-09T20:27:01.188+0000] {dag.py:3504} INFO - Setting next_dagrun for one_task_dag to None, run_after=None
[2025-04-09T20:27:01.209+0000] {processor.py:179} INFO - Processing /workspaces/hands-on-introduction-data-engineering-4395021/airflow/dags/one_task_dag.py took 0.084 seconds
[2025-04-09T20:27:31.284+0000] {processor.py:157} INFO - Started process (PID=22749) to work on /workspaces/hands-on-introduction-data-engineering-4395021/airflow/dags/one_task_dag.py
[2025-04-09T20:27:31.285+0000] {processor.py:826} INFO - Processing file /workspaces/hands-on-introduction-data-engineering-4395021/airflow/dags/one_task_dag.py for tasks to queue
[2025-04-09T20:27:31.286+0000] {logging_mixin.py:150} INFO - [2025-04-09T20:27:31.285+0000] {dagbag.py:541} INFO - Filling up the DagBag from /workspaces/hands-on-introduction-data-engineering-4395021/airflow/dags/one_task_dag.py
[2025-04-09T20:27:31.293+0000] {processor.py:836} INFO - DAG(s) dict_keys(['one_task_dag']) retrieved from /workspaces/hands-on-introduction-data-engineering-4395021/airflow/dags/one_task_dag.py
[2025-04-09T20:27:31.311+0000] {logging_mixin.py:150} INFO - [2025-04-09T20:27:31.310+0000] {dag.py:2742} INFO - Sync 1 DAGs
[2025-04-09T20:27:31.324+0000] {logging_mixin.py:150} INFO - [2025-04-09T20:27:31.324+0000] {dag.py:3504} INFO - Setting next_dagrun for one_task_dag to None, run_after=None
[2025-04-09T20:27:31.338+0000] {processor.py:179} INFO - Processing /workspaces/hands-on-introduction-data-engineering-4395021/airflow/dags/one_task_dag.py took 0.056 seconds
[2025-04-09T20:28:01.484+0000] {processor.py:157} INFO - Started process (PID=22926) to work on /workspaces/hands-on-introduction-data-engineering-4395021/airflow/dags/one_task_dag.py
[2025-04-09T20:28:01.485+0000] {processor.py:826} INFO - Processing file /workspaces/hands-on-introduction-data-engineering-4395021/airflow/dags/one_task_dag.py for tasks to queue
[2025-04-09T20:28:01.486+0000] {logging_mixin.py:150} INFO - [2025-04-09T20:28:01.486+0000] {dagbag.py:541} INFO - Filling up the DagBag from /workspaces/hands-on-introduction-data-engineering-4395021/airflow/dags/one_task_dag.py
[2025-04-09T20:28:01.493+0000] {processor.py:836} INFO - DAG(s) dict_keys(['one_task_dag']) retrieved from /workspaces/hands-on-introduction-data-engineering-4395021/airflow/dags/one_task_dag.py
[2025-04-09T20:28:01.511+0000] {logging_mixin.py:150} INFO - [2025-04-09T20:28:01.511+0000] {dag.py:2742} INFO - Sync 1 DAGs
[2025-04-09T20:28:01.525+0000] {logging_mixin.py:150} INFO - [2025-04-09T20:28:01.524+0000] {dag.py:3504} INFO - Setting next_dagrun for one_task_dag to None, run_after=None
[2025-04-09T20:28:01.538+0000] {processor.py:179} INFO - Processing /workspaces/hands-on-introduction-data-engineering-4395021/airflow/dags/one_task_dag.py took 0.056 seconds
[2025-04-09T20:28:31.643+0000] {processor.py:157} INFO - Started process (PID=23105) to work on /workspaces/hands-on-introduction-data-engineering-4395021/airflow/dags/one_task_dag.py
[2025-04-09T20:28:31.644+0000] {processor.py:826} INFO - Processing file /workspaces/hands-on-introduction-data-engineering-4395021/airflow/dags/one_task_dag.py for tasks to queue
[2025-04-09T20:28:31.645+0000] {logging_mixin.py:150} INFO - [2025-04-09T20:28:31.645+0000] {dagbag.py:541} INFO - Filling up the DagBag from /workspaces/hands-on-introduction-data-engineering-4395021/airflow/dags/one_task_dag.py
[2025-04-09T20:28:31.652+0000] {processor.py:836} INFO - DAG(s) dict_keys(['one_task_dag']) retrieved from /workspaces/hands-on-introduction-data-engineering-4395021/airflow/dags/one_task_dag.py
[2025-04-09T20:28:31.670+0000] {logging_mixin.py:150} INFO - [2025-04-09T20:28:31.670+0000] {dag.py:2742} INFO - Sync 1 DAGs
[2025-04-09T20:28:31.683+0000] {logging_mixin.py:150} INFO - [2025-04-09T20:28:31.683+0000] {dag.py:3504} INFO - Setting next_dagrun for one_task_dag to None, run_after=None
[2025-04-09T20:28:31.696+0000] {processor.py:179} INFO - Processing /workspaces/hands-on-introduction-data-engineering-4395021/airflow/dags/one_task_dag.py took 0.056 seconds
[2025-04-09T20:29:01.800+0000] {processor.py:157} INFO - Started process (PID=23278) to work on /workspaces/hands-on-introduction-data-engineering-4395021/airflow/dags/one_task_dag.py
[2025-04-09T20:29:01.801+0000] {processor.py:826} INFO - Processing file /workspaces/hands-on-introduction-data-engineering-4395021/airflow/dags/one_task_dag.py for tasks to queue
[2025-04-09T20:29:01.802+0000] {logging_mixin.py:150} INFO - [2025-04-09T20:29:01.801+0000] {dagbag.py:541} INFO - Filling up the DagBag from /workspaces/hands-on-introduction-data-engineering-4395021/airflow/dags/one_task_dag.py
[2025-04-09T20:29:01.809+0000] {processor.py:836} INFO - DAG(s) dict_keys(['one_task_dag']) retrieved from /workspaces/hands-on-introduction-data-engineering-4395021/airflow/dags/one_task_dag.py
[2025-04-09T20:29:01.827+0000] {logging_mixin.py:150} INFO - [2025-04-09T20:29:01.826+0000] {dag.py:2742} INFO - Sync 1 DAGs
[2025-04-09T20:29:01.840+0000] {logging_mixin.py:150} INFO - [2025-04-09T20:29:01.840+0000] {dag.py:3504} INFO - Setting next_dagrun for one_task_dag to None, run_after=None
[2025-04-09T20:29:01.853+0000] {processor.py:179} INFO - Processing /workspaces/hands-on-introduction-data-engineering-4395021/airflow/dags/one_task_dag.py took 0.056 seconds
[2025-04-09T20:29:31.958+0000] {processor.py:157} INFO - Started process (PID=23458) to work on /workspaces/hands-on-introduction-data-engineering-4395021/airflow/dags/one_task_dag.py
[2025-04-09T20:29:31.958+0000] {processor.py:826} INFO - Processing file /workspaces/hands-on-introduction-data-engineering-4395021/airflow/dags/one_task_dag.py for tasks to queue
[2025-04-09T20:29:31.959+0000] {logging_mixin.py:150} INFO - [2025-04-09T20:29:31.959+0000] {dagbag.py:541} INFO - Filling up the DagBag from /workspaces/hands-on-introduction-data-engineering-4395021/airflow/dags/one_task_dag.py
[2025-04-09T20:29:31.966+0000] {processor.py:836} INFO - DAG(s) dict_keys(['one_task_dag']) retrieved from /workspaces/hands-on-introduction-data-engineering-4395021/airflow/dags/one_task_dag.py
[2025-04-09T20:29:31.984+0000] {logging_mixin.py:150} INFO - [2025-04-09T20:29:31.984+0000] {dag.py:2742} INFO - Sync 1 DAGs
[2025-04-09T20:29:31.997+0000] {logging_mixin.py:150} INFO - [2025-04-09T20:29:31.997+0000] {dag.py:3504} INFO - Setting next_dagrun for one_task_dag to None, run_after=None
[2025-04-09T20:29:32.011+0000] {processor.py:179} INFO - Processing /workspaces/hands-on-introduction-data-engineering-4395021/airflow/dags/one_task_dag.py took 0.056 seconds
[2025-04-09T20:30:03.327+0000] {processor.py:157} INFO - Started process (PID=23710) to work on /workspaces/hands-on-introduction-data-engineering-4395021/airflow/dags/one_task_dag.py
[2025-04-09T20:30:03.328+0000] {processor.py:826} INFO - Processing file /workspaces/hands-on-introduction-data-engineering-4395021/airflow/dags/one_task_dag.py for tasks to queue
[2025-04-09T20:30:03.328+0000] {logging_mixin.py:150} INFO - [2025-04-09T20:30:03.328+0000] {dagbag.py:541} INFO - Filling up the DagBag from /workspaces/hands-on-introduction-data-engineering-4395021/airflow/dags/one_task_dag.py
[2025-04-09T20:30:03.335+0000] {processor.py:836} INFO - DAG(s) dict_keys(['one_task_dag']) retrieved from /workspaces/hands-on-introduction-data-engineering-4395021/airflow/dags/one_task_dag.py
[2025-04-09T20:30:03.353+0000] {logging_mixin.py:150} INFO - [2025-04-09T20:30:03.352+0000] {dag.py:2742} INFO - Sync 1 DAGs
[2025-04-09T20:30:03.366+0000] {logging_mixin.py:150} INFO - [2025-04-09T20:30:03.366+0000] {dag.py:3504} INFO - Setting next_dagrun for one_task_dag to None, run_after=None
[2025-04-09T20:30:03.381+0000] {processor.py:179} INFO - Processing /workspaces/hands-on-introduction-data-engineering-4395021/airflow/dags/one_task_dag.py took 0.057 seconds
[2025-04-09T20:30:33.503+0000] {processor.py:157} INFO - Started process (PID=23919) to work on /workspaces/hands-on-introduction-data-engineering-4395021/airflow/dags/one_task_dag.py
[2025-04-09T20:30:33.504+0000] {processor.py:826} INFO - Processing file /workspaces/hands-on-introduction-data-engineering-4395021/airflow/dags/one_task_dag.py for tasks to queue
[2025-04-09T20:30:33.505+0000] {logging_mixin.py:150} INFO - [2025-04-09T20:30:33.505+0000] {dagbag.py:541} INFO - Filling up the DagBag from /workspaces/hands-on-introduction-data-engineering-4395021/airflow/dags/one_task_dag.py
[2025-04-09T20:30:33.513+0000] {processor.py:836} INFO - DAG(s) dict_keys(['one_task_dag']) retrieved from /workspaces/hands-on-introduction-data-engineering-4395021/airflow/dags/one_task_dag.py
[2025-04-09T20:30:33.530+0000] {logging_mixin.py:150} INFO - [2025-04-09T20:30:33.530+0000] {dag.py:2742} INFO - Sync 1 DAGs
[2025-04-09T20:30:33.544+0000] {logging_mixin.py:150} INFO - [2025-04-09T20:30:33.544+0000] {dag.py:3504} INFO - Setting next_dagrun for one_task_dag to None, run_after=None
[2025-04-09T20:30:33.557+0000] {processor.py:179} INFO - Processing /workspaces/hands-on-introduction-data-engineering-4395021/airflow/dags/one_task_dag.py took 0.056 seconds
[2025-04-09T20:31:04.092+0000] {processor.py:157} INFO - Started process (PID=24141) to work on /workspaces/hands-on-introduction-data-engineering-4395021/airflow/dags/one_task_dag.py
[2025-04-09T20:31:04.093+0000] {processor.py:826} INFO - Processing file /workspaces/hands-on-introduction-data-engineering-4395021/airflow/dags/one_task_dag.py for tasks to queue
[2025-04-09T20:31:04.094+0000] {logging_mixin.py:150} INFO - [2025-04-09T20:31:04.094+0000] {dagbag.py:541} INFO - Filling up the DagBag from /workspaces/hands-on-introduction-data-engineering-4395021/airflow/dags/one_task_dag.py
[2025-04-09T20:31:04.102+0000] {processor.py:836} INFO - DAG(s) dict_keys(['one_task_dag']) retrieved from /workspaces/hands-on-introduction-data-engineering-4395021/airflow/dags/one_task_dag.py
[2025-04-09T20:31:04.120+0000] {logging_mixin.py:150} INFO - [2025-04-09T20:31:04.120+0000] {dag.py:2742} INFO - Sync 1 DAGs
[2025-04-09T20:31:04.135+0000] {logging_mixin.py:150} INFO - [2025-04-09T20:31:04.135+0000] {dag.py:3504} INFO - Setting next_dagrun for one_task_dag to None, run_after=None
[2025-04-09T20:31:04.151+0000] {processor.py:179} INFO - Processing /workspaces/hands-on-introduction-data-engineering-4395021/airflow/dags/one_task_dag.py took 0.061 seconds
[2025-04-09T20:31:35.116+0000] {processor.py:157} INFO - Started process (PID=24332) to work on /workspaces/hands-on-introduction-data-engineering-4395021/airflow/dags/one_task_dag.py
[2025-04-09T20:31:35.117+0000] {processor.py:826} INFO - Processing file /workspaces/hands-on-introduction-data-engineering-4395021/airflow/dags/one_task_dag.py for tasks to queue
[2025-04-09T20:31:35.117+0000] {logging_mixin.py:150} INFO - [2025-04-09T20:31:35.117+0000] {dagbag.py:541} INFO - Filling up the DagBag from /workspaces/hands-on-introduction-data-engineering-4395021/airflow/dags/one_task_dag.py
[2025-04-09T20:31:35.125+0000] {processor.py:836} INFO - DAG(s) dict_keys(['one_task_dag']) retrieved from /workspaces/hands-on-introduction-data-engineering-4395021/airflow/dags/one_task_dag.py
[2025-04-09T20:31:35.142+0000] {logging_mixin.py:150} INFO - [2025-04-09T20:31:35.142+0000] {dag.py:2742} INFO - Sync 1 DAGs
[2025-04-09T20:31:35.156+0000] {logging_mixin.py:150} INFO - [2025-04-09T20:31:35.156+0000] {dag.py:3504} INFO - Setting next_dagrun for one_task_dag to None, run_after=None
[2025-04-09T20:31:35.169+0000] {processor.py:179} INFO - Processing /workspaces/hands-on-introduction-data-engineering-4395021/airflow/dags/one_task_dag.py took 0.056 seconds
[2025-04-09T20:32:05.430+0000] {processor.py:157} INFO - Started process (PID=24515) to work on /workspaces/hands-on-introduction-data-engineering-4395021/airflow/dags/one_task_dag.py
[2025-04-09T20:32:05.431+0000] {processor.py:826} INFO - Processing file /workspaces/hands-on-introduction-data-engineering-4395021/airflow/dags/one_task_dag.py for tasks to queue
[2025-04-09T20:32:05.431+0000] {logging_mixin.py:150} INFO - [2025-04-09T20:32:05.431+0000] {dagbag.py:541} INFO - Filling up the DagBag from /workspaces/hands-on-introduction-data-engineering-4395021/airflow/dags/one_task_dag.py
[2025-04-09T20:32:05.438+0000] {processor.py:836} INFO - DAG(s) dict_keys(['one_task_dag']) retrieved from /workspaces/hands-on-introduction-data-engineering-4395021/airflow/dags/one_task_dag.py
[2025-04-09T20:32:05.456+0000] {logging_mixin.py:150} INFO - [2025-04-09T20:32:05.456+0000] {dag.py:2742} INFO - Sync 1 DAGs
[2025-04-09T20:32:05.469+0000] {logging_mixin.py:150} INFO - [2025-04-09T20:32:05.469+0000] {dag.py:3504} INFO - Setting next_dagrun for one_task_dag to None, run_after=None
[2025-04-09T20:32:05.482+0000] {processor.py:179} INFO - Processing /workspaces/hands-on-introduction-data-engineering-4395021/airflow/dags/one_task_dag.py took 0.055 seconds
[2025-04-09T20:32:35.738+0000] {processor.py:157} INFO - Started process (PID=24687) to work on /workspaces/hands-on-introduction-data-engineering-4395021/airflow/dags/one_task_dag.py
[2025-04-09T20:32:35.739+0000] {processor.py:826} INFO - Processing file /workspaces/hands-on-introduction-data-engineering-4395021/airflow/dags/one_task_dag.py for tasks to queue
[2025-04-09T20:32:35.740+0000] {logging_mixin.py:150} INFO - [2025-04-09T20:32:35.739+0000] {dagbag.py:541} INFO - Filling up the DagBag from /workspaces/hands-on-introduction-data-engineering-4395021/airflow/dags/one_task_dag.py
[2025-04-09T20:32:35.747+0000] {processor.py:836} INFO - DAG(s) dict_keys(['one_task_dag']) retrieved from /workspaces/hands-on-introduction-data-engineering-4395021/airflow/dags/one_task_dag.py
[2025-04-09T20:32:35.765+0000] {logging_mixin.py:150} INFO - [2025-04-09T20:32:35.764+0000] {dag.py:2742} INFO - Sync 1 DAGs
[2025-04-09T20:32:35.788+0000] {logging_mixin.py:150} INFO - [2025-04-09T20:32:35.787+0000] {dag.py:3504} INFO - Setting next_dagrun for one_task_dag to None, run_after=None
[2025-04-09T20:32:35.809+0000] {processor.py:179} INFO - Processing /workspaces/hands-on-introduction-data-engineering-4395021/airflow/dags/one_task_dag.py took 0.073 seconds
[2025-04-09T20:33:06.002+0000] {processor.py:157} INFO - Started process (PID=24869) to work on /workspaces/hands-on-introduction-data-engineering-4395021/airflow/dags/one_task_dag.py
[2025-04-09T20:33:06.003+0000] {processor.py:826} INFO - Processing file /workspaces/hands-on-introduction-data-engineering-4395021/airflow/dags/one_task_dag.py for tasks to queue
[2025-04-09T20:33:06.004+0000] {logging_mixin.py:150} INFO - [2025-04-09T20:33:06.004+0000] {dagbag.py:541} INFO - Filling up the DagBag from /workspaces/hands-on-introduction-data-engineering-4395021/airflow/dags/one_task_dag.py
[2025-04-09T20:33:06.011+0000] {processor.py:836} INFO - DAG(s) dict_keys(['one_task_dag']) retrieved from /workspaces/hands-on-introduction-data-engineering-4395021/airflow/dags/one_task_dag.py
[2025-04-09T20:33:06.029+0000] {logging_mixin.py:150} INFO - [2025-04-09T20:33:06.029+0000] {dag.py:2742} INFO - Sync 1 DAGs
[2025-04-09T20:33:06.042+0000] {logging_mixin.py:150} INFO - [2025-04-09T20:33:06.042+0000] {dag.py:3504} INFO - Setting next_dagrun for one_task_dag to None, run_after=None
[2025-04-09T20:33:06.056+0000] {processor.py:179} INFO - Processing /workspaces/hands-on-introduction-data-engineering-4395021/airflow/dags/one_task_dag.py took 0.057 seconds
[2025-04-09T20:33:36.314+0000] {processor.py:157} INFO - Started process (PID=25070) to work on /workspaces/hands-on-introduction-data-engineering-4395021/airflow/dags/one_task_dag.py
[2025-04-09T20:33:36.315+0000] {processor.py:826} INFO - Processing file /workspaces/hands-on-introduction-data-engineering-4395021/airflow/dags/one_task_dag.py for tasks to queue
[2025-04-09T20:33:36.318+0000] {logging_mixin.py:150} INFO - [2025-04-09T20:33:36.316+0000] {dagbag.py:541} INFO - Filling up the DagBag from /workspaces/hands-on-introduction-data-engineering-4395021/airflow/dags/one_task_dag.py
[2025-04-09T20:33:36.328+0000] {processor.py:836} INFO - DAG(s) dict_keys(['one_task_dag']) retrieved from /workspaces/hands-on-introduction-data-engineering-4395021/airflow/dags/one_task_dag.py
[2025-04-09T20:33:36.346+0000] {logging_mixin.py:150} INFO - [2025-04-09T20:33:36.346+0000] {dag.py:2742} INFO - Sync 1 DAGs
[2025-04-09T20:33:36.359+0000] {logging_mixin.py:150} INFO - [2025-04-09T20:33:36.359+0000] {dag.py:3504} INFO - Setting next_dagrun for one_task_dag to None, run_after=None
[2025-04-09T20:33:36.372+0000] {processor.py:179} INFO - Processing /workspaces/hands-on-introduction-data-engineering-4395021/airflow/dags/one_task_dag.py took 0.063 seconds
[2025-04-09T20:34:06.604+0000] {processor.py:157} INFO - Started process (PID=25246) to work on /workspaces/hands-on-introduction-data-engineering-4395021/airflow/dags/one_task_dag.py
[2025-04-09T20:34:06.604+0000] {processor.py:826} INFO - Processing file /workspaces/hands-on-introduction-data-engineering-4395021/airflow/dags/one_task_dag.py for tasks to queue
[2025-04-09T20:34:06.605+0000] {logging_mixin.py:150} INFO - [2025-04-09T20:34:06.605+0000] {dagbag.py:541} INFO - Filling up the DagBag from /workspaces/hands-on-introduction-data-engineering-4395021/airflow/dags/one_task_dag.py
[2025-04-09T20:34:06.612+0000] {processor.py:836} INFO - DAG(s) dict_keys(['one_task_dag']) retrieved from /workspaces/hands-on-introduction-data-engineering-4395021/airflow/dags/one_task_dag.py
[2025-04-09T20:34:06.630+0000] {logging_mixin.py:150} INFO - [2025-04-09T20:34:06.630+0000] {dag.py:2742} INFO - Sync 1 DAGs
[2025-04-09T20:34:06.643+0000] {logging_mixin.py:150} INFO - [2025-04-09T20:34:06.643+0000] {dag.py:3504} INFO - Setting next_dagrun for one_task_dag to None, run_after=None
[2025-04-09T20:34:06.657+0000] {processor.py:179} INFO - Processing /workspaces/hands-on-introduction-data-engineering-4395021/airflow/dags/one_task_dag.py took 0.056 seconds
[2025-04-09T20:34:36.941+0000] {processor.py:157} INFO - Started process (PID=25425) to work on /workspaces/hands-on-introduction-data-engineering-4395021/airflow/dags/one_task_dag.py
[2025-04-09T20:34:36.942+0000] {processor.py:826} INFO - Processing file /workspaces/hands-on-introduction-data-engineering-4395021/airflow/dags/one_task_dag.py for tasks to queue
[2025-04-09T20:34:36.943+0000] {logging_mixin.py:150} INFO - [2025-04-09T20:34:36.943+0000] {dagbag.py:541} INFO - Filling up the DagBag from /workspaces/hands-on-introduction-data-engineering-4395021/airflow/dags/one_task_dag.py
[2025-04-09T20:34:36.950+0000] {processor.py:836} INFO - DAG(s) dict_keys(['one_task_dag']) retrieved from /workspaces/hands-on-introduction-data-engineering-4395021/airflow/dags/one_task_dag.py
[2025-04-09T20:34:36.968+0000] {logging_mixin.py:150} INFO - [2025-04-09T20:34:36.968+0000] {dag.py:2742} INFO - Sync 1 DAGs
[2025-04-09T20:34:36.982+0000] {logging_mixin.py:150} INFO - [2025-04-09T20:34:36.982+0000] {dag.py:3504} INFO - Setting next_dagrun for one_task_dag to None, run_after=None
[2025-04-09T20:34:36.995+0000] {processor.py:179} INFO - Processing /workspaces/hands-on-introduction-data-engineering-4395021/airflow/dags/one_task_dag.py took 0.056 seconds
[2025-04-09T20:35:07.229+0000] {processor.py:157} INFO - Started process (PID=25601) to work on /workspaces/hands-on-introduction-data-engineering-4395021/airflow/dags/one_task_dag.py
[2025-04-09T20:35:07.230+0000] {processor.py:826} INFO - Processing file /workspaces/hands-on-introduction-data-engineering-4395021/airflow/dags/one_task_dag.py for tasks to queue
[2025-04-09T20:35:07.231+0000] {logging_mixin.py:150} INFO - [2025-04-09T20:35:07.230+0000] {dagbag.py:541} INFO - Filling up the DagBag from /workspaces/hands-on-introduction-data-engineering-4395021/airflow/dags/one_task_dag.py
[2025-04-09T20:35:07.238+0000] {processor.py:836} INFO - DAG(s) dict_keys(['one_task_dag']) retrieved from /workspaces/hands-on-introduction-data-engineering-4395021/airflow/dags/one_task_dag.py
[2025-04-09T20:35:07.255+0000] {logging_mixin.py:150} INFO - [2025-04-09T20:35:07.255+0000] {dag.py:2742} INFO - Sync 1 DAGs
[2025-04-09T20:35:07.269+0000] {logging_mixin.py:150} INFO - [2025-04-09T20:35:07.269+0000] {dag.py:3504} INFO - Setting next_dagrun for one_task_dag to None, run_after=None
[2025-04-09T20:35:07.282+0000] {processor.py:179} INFO - Processing /workspaces/hands-on-introduction-data-engineering-4395021/airflow/dags/one_task_dag.py took 0.056 seconds
[2025-04-09T20:35:37.521+0000] {processor.py:157} INFO - Started process (PID=25781) to work on /workspaces/hands-on-introduction-data-engineering-4395021/airflow/dags/one_task_dag.py
[2025-04-09T20:35:37.522+0000] {processor.py:826} INFO - Processing file /workspaces/hands-on-introduction-data-engineering-4395021/airflow/dags/one_task_dag.py for tasks to queue
[2025-04-09T20:35:37.522+0000] {logging_mixin.py:150} INFO - [2025-04-09T20:35:37.522+0000] {dagbag.py:541} INFO - Filling up the DagBag from /workspaces/hands-on-introduction-data-engineering-4395021/airflow/dags/one_task_dag.py
[2025-04-09T20:35:37.530+0000] {processor.py:836} INFO - DAG(s) dict_keys(['one_task_dag']) retrieved from /workspaces/hands-on-introduction-data-engineering-4395021/airflow/dags/one_task_dag.py
[2025-04-09T20:35:37.547+0000] {logging_mixin.py:150} INFO - [2025-04-09T20:35:37.547+0000] {dag.py:2742} INFO - Sync 1 DAGs
[2025-04-09T20:35:37.561+0000] {logging_mixin.py:150} INFO - [2025-04-09T20:35:37.561+0000] {dag.py:3504} INFO - Setting next_dagrun for one_task_dag to None, run_after=None
[2025-04-09T20:35:37.575+0000] {processor.py:179} INFO - Processing /workspaces/hands-on-introduction-data-engineering-4395021/airflow/dags/one_task_dag.py took 0.056 seconds
[2025-04-09T20:36:08.604+0000] {processor.py:157} INFO - Started process (PID=25990) to work on /workspaces/hands-on-introduction-data-engineering-4395021/airflow/dags/one_task_dag.py
[2025-04-09T20:36:08.605+0000] {processor.py:826} INFO - Processing file /workspaces/hands-on-introduction-data-engineering-4395021/airflow/dags/one_task_dag.py for tasks to queue
[2025-04-09T20:36:08.606+0000] {logging_mixin.py:150} INFO - [2025-04-09T20:36:08.605+0000] {dagbag.py:541} INFO - Filling up the DagBag from /workspaces/hands-on-introduction-data-engineering-4395021/airflow/dags/one_task_dag.py
[2025-04-09T20:36:08.613+0000] {processor.py:836} INFO - DAG(s) dict_keys(['one_task_dag']) retrieved from /workspaces/hands-on-introduction-data-engineering-4395021/airflow/dags/one_task_dag.py
[2025-04-09T20:36:08.630+0000] {logging_mixin.py:150} INFO - [2025-04-09T20:36:08.630+0000] {dag.py:2742} INFO - Sync 1 DAGs
[2025-04-09T20:36:08.643+0000] {logging_mixin.py:150} INFO - [2025-04-09T20:36:08.643+0000] {dag.py:3504} INFO - Setting next_dagrun for one_task_dag to None, run_after=None
[2025-04-09T20:36:08.657+0000] {processor.py:179} INFO - Processing /workspaces/hands-on-introduction-data-engineering-4395021/airflow/dags/one_task_dag.py took 0.055 seconds
[2025-04-09T20:36:39.148+0000] {processor.py:157} INFO - Started process (PID=26181) to work on /workspaces/hands-on-introduction-data-engineering-4395021/airflow/dags/one_task_dag.py
[2025-04-09T20:36:39.148+0000] {processor.py:826} INFO - Processing file /workspaces/hands-on-introduction-data-engineering-4395021/airflow/dags/one_task_dag.py for tasks to queue
[2025-04-09T20:36:39.149+0000] {logging_mixin.py:150} INFO - [2025-04-09T20:36:39.149+0000] {dagbag.py:541} INFO - Filling up the DagBag from /workspaces/hands-on-introduction-data-engineering-4395021/airflow/dags/one_task_dag.py
[2025-04-09T20:36:39.156+0000] {processor.py:836} INFO - DAG(s) dict_keys(['one_task_dag']) retrieved from /workspaces/hands-on-introduction-data-engineering-4395021/airflow/dags/one_task_dag.py
[2025-04-09T20:36:39.174+0000] {logging_mixin.py:150} INFO - [2025-04-09T20:36:39.173+0000] {dag.py:2742} INFO - Sync 1 DAGs
[2025-04-09T20:36:39.187+0000] {logging_mixin.py:150} INFO - [2025-04-09T20:36:39.187+0000] {dag.py:3504} INFO - Setting next_dagrun for one_task_dag to None, run_after=None
[2025-04-09T20:36:39.201+0000] {processor.py:179} INFO - Processing /workspaces/hands-on-introduction-data-engineering-4395021/airflow/dags/one_task_dag.py took 0.056 seconds
[2025-04-09T20:37:09.640+0000] {processor.py:157} INFO - Started process (PID=26361) to work on /workspaces/hands-on-introduction-data-engineering-4395021/airflow/dags/one_task_dag.py
[2025-04-09T20:37:09.641+0000] {processor.py:826} INFO - Processing file /workspaces/hands-on-introduction-data-engineering-4395021/airflow/dags/one_task_dag.py for tasks to queue
[2025-04-09T20:37:09.642+0000] {logging_mixin.py:150} INFO - [2025-04-09T20:37:09.642+0000] {dagbag.py:541} INFO - Filling up the DagBag from /workspaces/hands-on-introduction-data-engineering-4395021/airflow/dags/one_task_dag.py
[2025-04-09T20:37:09.649+0000] {processor.py:836} INFO - DAG(s) dict_keys(['one_task_dag']) retrieved from /workspaces/hands-on-introduction-data-engineering-4395021/airflow/dags/one_task_dag.py
[2025-04-09T20:37:09.667+0000] {logging_mixin.py:150} INFO - [2025-04-09T20:37:09.667+0000] {dag.py:2742} INFO - Sync 1 DAGs
[2025-04-09T20:37:09.680+0000] {logging_mixin.py:150} INFO - [2025-04-09T20:37:09.680+0000] {dag.py:3504} INFO - Setting next_dagrun for one_task_dag to None, run_after=None
[2025-04-09T20:37:09.693+0000] {processor.py:179} INFO - Processing /workspaces/hands-on-introduction-data-engineering-4395021/airflow/dags/one_task_dag.py took 0.056 seconds
[2025-04-09T20:37:40.167+0000] {processor.py:157} INFO - Started process (PID=26559) to work on /workspaces/hands-on-introduction-data-engineering-4395021/airflow/dags/one_task_dag.py
[2025-04-09T20:37:40.168+0000] {processor.py:826} INFO - Processing file /workspaces/hands-on-introduction-data-engineering-4395021/airflow/dags/one_task_dag.py for tasks to queue
[2025-04-09T20:37:40.169+0000] {logging_mixin.py:150} INFO - [2025-04-09T20:37:40.168+0000] {dagbag.py:541} INFO - Filling up the DagBag from /workspaces/hands-on-introduction-data-engineering-4395021/airflow/dags/one_task_dag.py
[2025-04-09T20:37:40.176+0000] {processor.py:836} INFO - DAG(s) dict_keys(['one_task_dag']) retrieved from /workspaces/hands-on-introduction-data-engineering-4395021/airflow/dags/one_task_dag.py
[2025-04-09T20:37:40.202+0000] {logging_mixin.py:150} INFO - [2025-04-09T20:37:40.201+0000] {dag.py:2742} INFO - Sync 1 DAGs
[2025-04-09T20:37:40.221+0000] {logging_mixin.py:150} INFO - [2025-04-09T20:37:40.221+0000] {dag.py:3504} INFO - Setting next_dagrun for one_task_dag to None, run_after=None
[2025-04-09T20:37:40.235+0000] {processor.py:179} INFO - Processing /workspaces/hands-on-introduction-data-engineering-4395021/airflow/dags/one_task_dag.py took 0.070 seconds
[2025-04-09T20:38:10.668+0000] {processor.py:157} INFO - Started process (PID=26873) to work on /workspaces/hands-on-introduction-data-engineering-4395021/airflow/dags/one_task_dag.py
[2025-04-09T20:38:10.669+0000] {processor.py:826} INFO - Processing file /workspaces/hands-on-introduction-data-engineering-4395021/airflow/dags/one_task_dag.py for tasks to queue
[2025-04-09T20:38:10.670+0000] {logging_mixin.py:150} INFO - [2025-04-09T20:38:10.669+0000] {dagbag.py:541} INFO - Filling up the DagBag from /workspaces/hands-on-introduction-data-engineering-4395021/airflow/dags/one_task_dag.py
[2025-04-09T20:38:10.677+0000] {processor.py:836} INFO - DAG(s) dict_keys(['one_task_dag']) retrieved from /workspaces/hands-on-introduction-data-engineering-4395021/airflow/dags/one_task_dag.py
[2025-04-09T20:38:10.696+0000] {logging_mixin.py:150} INFO - [2025-04-09T20:38:10.695+0000] {dag.py:2742} INFO - Sync 1 DAGs
[2025-04-09T20:38:10.709+0000] {logging_mixin.py:150} INFO - [2025-04-09T20:38:10.709+0000] {dag.py:3504} INFO - Setting next_dagrun for one_task_dag to None, run_after=None
[2025-04-09T20:38:10.724+0000] {processor.py:179} INFO - Processing /workspaces/hands-on-introduction-data-engineering-4395021/airflow/dags/one_task_dag.py took 0.058 seconds
[2025-04-09T20:38:41.163+0000] {processor.py:157} INFO - Started process (PID=27193) to work on /workspaces/hands-on-introduction-data-engineering-4395021/airflow/dags/one_task_dag.py
[2025-04-09T20:38:41.164+0000] {processor.py:826} INFO - Processing file /workspaces/hands-on-introduction-data-engineering-4395021/airflow/dags/one_task_dag.py for tasks to queue
[2025-04-09T20:38:41.164+0000] {logging_mixin.py:150} INFO - [2025-04-09T20:38:41.164+0000] {dagbag.py:541} INFO - Filling up the DagBag from /workspaces/hands-on-introduction-data-engineering-4395021/airflow/dags/one_task_dag.py
[2025-04-09T20:38:41.171+0000] {processor.py:836} INFO - DAG(s) dict_keys(['one_task_dag']) retrieved from /workspaces/hands-on-introduction-data-engineering-4395021/airflow/dags/one_task_dag.py
[2025-04-09T20:38:41.189+0000] {logging_mixin.py:150} INFO - [2025-04-09T20:38:41.189+0000] {dag.py:2742} INFO - Sync 1 DAGs
[2025-04-09T20:38:41.203+0000] {logging_mixin.py:150} INFO - [2025-04-09T20:38:41.203+0000] {dag.py:3504} INFO - Setting next_dagrun for one_task_dag to None, run_after=None
[2025-04-09T20:38:41.216+0000] {processor.py:179} INFO - Processing /workspaces/hands-on-introduction-data-engineering-4395021/airflow/dags/one_task_dag.py took 0.056 seconds
[2025-04-09T20:39:11.779+0000] {processor.py:157} INFO - Started process (PID=27474) to work on /workspaces/hands-on-introduction-data-engineering-4395021/airflow/dags/one_task_dag.py
[2025-04-09T20:39:11.780+0000] {processor.py:826} INFO - Processing file /workspaces/hands-on-introduction-data-engineering-4395021/airflow/dags/one_task_dag.py for tasks to queue
[2025-04-09T20:39:11.781+0000] {logging_mixin.py:150} INFO - [2025-04-09T20:39:11.780+0000] {dagbag.py:541} INFO - Filling up the DagBag from /workspaces/hands-on-introduction-data-engineering-4395021/airflow/dags/one_task_dag.py
[2025-04-09T20:39:11.788+0000] {processor.py:836} INFO - DAG(s) dict_keys(['one_task_dag']) retrieved from /workspaces/hands-on-introduction-data-engineering-4395021/airflow/dags/one_task_dag.py
[2025-04-09T20:39:11.806+0000] {logging_mixin.py:150} INFO - [2025-04-09T20:39:11.805+0000] {dag.py:2742} INFO - Sync 1 DAGs
[2025-04-09T20:39:11.819+0000] {logging_mixin.py:150} INFO - [2025-04-09T20:39:11.819+0000] {dag.py:3504} INFO - Setting next_dagrun for one_task_dag to None, run_after=None
[2025-04-09T20:39:11.833+0000] {processor.py:179} INFO - Processing /workspaces/hands-on-introduction-data-engineering-4395021/airflow/dags/one_task_dag.py took 0.056 seconds
[2025-04-09T20:39:42.271+0000] {processor.py:157} INFO - Started process (PID=27733) to work on /workspaces/hands-on-introduction-data-engineering-4395021/airflow/dags/one_task_dag.py
[2025-04-09T20:39:42.272+0000] {processor.py:826} INFO - Processing file /workspaces/hands-on-introduction-data-engineering-4395021/airflow/dags/one_task_dag.py for tasks to queue
[2025-04-09T20:39:42.272+0000] {logging_mixin.py:150} INFO - [2025-04-09T20:39:42.272+0000] {dagbag.py:541} INFO - Filling up the DagBag from /workspaces/hands-on-introduction-data-engineering-4395021/airflow/dags/one_task_dag.py
[2025-04-09T20:39:42.280+0000] {processor.py:836} INFO - DAG(s) dict_keys(['one_task_dag']) retrieved from /workspaces/hands-on-introduction-data-engineering-4395021/airflow/dags/one_task_dag.py
[2025-04-09T20:39:42.298+0000] {logging_mixin.py:150} INFO - [2025-04-09T20:39:42.298+0000] {dag.py:2742} INFO - Sync 1 DAGs
[2025-04-09T20:39:42.311+0000] {logging_mixin.py:150} INFO - [2025-04-09T20:39:42.311+0000] {dag.py:3504} INFO - Setting next_dagrun for one_task_dag to None, run_after=None
[2025-04-09T20:39:42.324+0000] {processor.py:179} INFO - Processing /workspaces/hands-on-introduction-data-engineering-4395021/airflow/dags/one_task_dag.py took 0.056 seconds
[2025-04-09T20:40:12.762+0000] {processor.py:157} INFO - Started process (PID=28041) to work on /workspaces/hands-on-introduction-data-engineering-4395021/airflow/dags/one_task_dag.py
[2025-04-09T20:40:12.763+0000] {processor.py:826} INFO - Processing file /workspaces/hands-on-introduction-data-engineering-4395021/airflow/dags/one_task_dag.py for tasks to queue
[2025-04-09T20:40:12.763+0000] {logging_mixin.py:150} INFO - [2025-04-09T20:40:12.763+0000] {dagbag.py:541} INFO - Filling up the DagBag from /workspaces/hands-on-introduction-data-engineering-4395021/airflow/dags/one_task_dag.py
[2025-04-09T20:40:12.771+0000] {processor.py:836} INFO - DAG(s) dict_keys(['one_task_dag']) retrieved from /workspaces/hands-on-introduction-data-engineering-4395021/airflow/dags/one_task_dag.py
[2025-04-09T20:40:12.788+0000] {logging_mixin.py:150} INFO - [2025-04-09T20:40:12.788+0000] {dag.py:2742} INFO - Sync 1 DAGs
[2025-04-09T20:40:12.802+0000] {logging_mixin.py:150} INFO - [2025-04-09T20:40:12.801+0000] {dag.py:3504} INFO - Setting next_dagrun for one_task_dag to None, run_after=None
[2025-04-09T20:40:12.815+0000] {processor.py:179} INFO - Processing /workspaces/hands-on-introduction-data-engineering-4395021/airflow/dags/one_task_dag.py took 0.055 seconds
[2025-04-09T20:40:43.339+0000] {processor.py:157} INFO - Started process (PID=28296) to work on /workspaces/hands-on-introduction-data-engineering-4395021/airflow/dags/one_task_dag.py
[2025-04-09T20:40:43.340+0000] {processor.py:826} INFO - Processing file /workspaces/hands-on-introduction-data-engineering-4395021/airflow/dags/one_task_dag.py for tasks to queue
[2025-04-09T20:40:43.340+0000] {logging_mixin.py:150} INFO - [2025-04-09T20:40:43.340+0000] {dagbag.py:541} INFO - Filling up the DagBag from /workspaces/hands-on-introduction-data-engineering-4395021/airflow/dags/one_task_dag.py
[2025-04-09T20:40:43.348+0000] {processor.py:836} INFO - DAG(s) dict_keys(['one_task_dag']) retrieved from /workspaces/hands-on-introduction-data-engineering-4395021/airflow/dags/one_task_dag.py
[2025-04-09T20:40:43.365+0000] {logging_mixin.py:150} INFO - [2025-04-09T20:40:43.365+0000] {dag.py:2742} INFO - Sync 1 DAGs
[2025-04-09T20:40:43.378+0000] {logging_mixin.py:150} INFO - [2025-04-09T20:40:43.378+0000] {dag.py:3504} INFO - Setting next_dagrun for one_task_dag to None, run_after=None
[2025-04-09T20:40:43.392+0000] {processor.py:179} INFO - Processing /workspaces/hands-on-introduction-data-engineering-4395021/airflow/dags/one_task_dag.py took 0.055 seconds
[2025-04-09T20:41:13.737+0000] {processor.py:157} INFO - Started process (PID=28493) to work on /workspaces/hands-on-introduction-data-engineering-4395021/airflow/dags/one_task_dag.py
[2025-04-09T20:41:13.737+0000] {processor.py:826} INFO - Processing file /workspaces/hands-on-introduction-data-engineering-4395021/airflow/dags/one_task_dag.py for tasks to queue
[2025-04-09T20:41:13.738+0000] {logging_mixin.py:150} INFO - [2025-04-09T20:41:13.738+0000] {dagbag.py:541} INFO - Filling up the DagBag from /workspaces/hands-on-introduction-data-engineering-4395021/airflow/dags/one_task_dag.py
[2025-04-09T20:41:13.745+0000] {processor.py:836} INFO - DAG(s) dict_keys(['one_task_dag']) retrieved from /workspaces/hands-on-introduction-data-engineering-4395021/airflow/dags/one_task_dag.py
[2025-04-09T20:41:13.764+0000] {logging_mixin.py:150} INFO - [2025-04-09T20:41:13.763+0000] {dag.py:2742} INFO - Sync 1 DAGs
[2025-04-09T20:41:13.777+0000] {logging_mixin.py:150} INFO - [2025-04-09T20:41:13.777+0000] {dag.py:3504} INFO - Setting next_dagrun for one_task_dag to None, run_after=None
[2025-04-09T20:41:13.790+0000] {processor.py:179} INFO - Processing /workspaces/hands-on-introduction-data-engineering-4395021/airflow/dags/one_task_dag.py took 0.056 seconds
[2025-04-09T20:41:44.842+0000] {processor.py:157} INFO - Started process (PID=28703) to work on /workspaces/hands-on-introduction-data-engineering-4395021/airflow/dags/one_task_dag.py
[2025-04-09T20:41:44.843+0000] {processor.py:826} INFO - Processing file /workspaces/hands-on-introduction-data-engineering-4395021/airflow/dags/one_task_dag.py for tasks to queue
[2025-04-09T20:41:44.843+0000] {logging_mixin.py:150} INFO - [2025-04-09T20:41:44.843+0000] {dagbag.py:541} INFO - Filling up the DagBag from /workspaces/hands-on-introduction-data-engineering-4395021/airflow/dags/one_task_dag.py
[2025-04-09T20:41:44.853+0000] {processor.py:836} INFO - DAG(s) dict_keys(['one_task_dag']) retrieved from /workspaces/hands-on-introduction-data-engineering-4395021/airflow/dags/one_task_dag.py
[2025-04-09T20:41:44.878+0000] {logging_mixin.py:150} INFO - [2025-04-09T20:41:44.878+0000] {dag.py:2742} INFO - Sync 1 DAGs
[2025-04-09T20:41:44.893+0000] {logging_mixin.py:150} INFO - [2025-04-09T20:41:44.893+0000] {dag.py:3504} INFO - Setting next_dagrun for one_task_dag to None, run_after=None
[2025-04-09T20:41:44.908+0000] {processor.py:179} INFO - Processing /workspaces/hands-on-introduction-data-engineering-4395021/airflow/dags/one_task_dag.py took 0.069 seconds
[2025-04-09T20:42:15.749+0000] {processor.py:157} INFO - Started process (PID=28910) to work on /workspaces/hands-on-introduction-data-engineering-4395021/airflow/dags/one_task_dag.py
[2025-04-09T20:42:15.749+0000] {processor.py:826} INFO - Processing file /workspaces/hands-on-introduction-data-engineering-4395021/airflow/dags/one_task_dag.py for tasks to queue
[2025-04-09T20:42:15.750+0000] {logging_mixin.py:150} INFO - [2025-04-09T20:42:15.750+0000] {dagbag.py:541} INFO - Filling up the DagBag from /workspaces/hands-on-introduction-data-engineering-4395021/airflow/dags/one_task_dag.py
[2025-04-09T20:42:15.758+0000] {processor.py:836} INFO - DAG(s) dict_keys(['one_task_dag']) retrieved from /workspaces/hands-on-introduction-data-engineering-4395021/airflow/dags/one_task_dag.py
[2025-04-09T20:42:15.775+0000] {logging_mixin.py:150} INFO - [2025-04-09T20:42:15.775+0000] {dag.py:2742} INFO - Sync 1 DAGs
[2025-04-09T20:42:15.789+0000] {logging_mixin.py:150} INFO - [2025-04-09T20:42:15.789+0000] {dag.py:3504} INFO - Setting next_dagrun for one_task_dag to None, run_after=None
[2025-04-09T20:42:15.803+0000] {processor.py:179} INFO - Processing /workspaces/hands-on-introduction-data-engineering-4395021/airflow/dags/one_task_dag.py took 0.056 seconds
[2025-04-09T20:42:47.385+0000] {processor.py:157} INFO - Started process (PID=29122) to work on /workspaces/hands-on-introduction-data-engineering-4395021/airflow/dags/one_task_dag.py
[2025-04-09T20:42:47.386+0000] {processor.py:826} INFO - Processing file /workspaces/hands-on-introduction-data-engineering-4395021/airflow/dags/one_task_dag.py for tasks to queue
[2025-04-09T20:42:47.386+0000] {logging_mixin.py:150} INFO - [2025-04-09T20:42:47.386+0000] {dagbag.py:541} INFO - Filling up the DagBag from /workspaces/hands-on-introduction-data-engineering-4395021/airflow/dags/one_task_dag.py
[2025-04-09T20:42:47.394+0000] {processor.py:836} INFO - DAG(s) dict_keys(['one_task_dag']) retrieved from /workspaces/hands-on-introduction-data-engineering-4395021/airflow/dags/one_task_dag.py
[2025-04-09T20:42:47.411+0000] {logging_mixin.py:150} INFO - [2025-04-09T20:42:47.411+0000] {dag.py:2742} INFO - Sync 1 DAGs
[2025-04-09T20:42:47.426+0000] {logging_mixin.py:150} INFO - [2025-04-09T20:42:47.426+0000] {dag.py:3504} INFO - Setting next_dagrun for one_task_dag to None, run_after=None
[2025-04-09T20:42:47.440+0000] {processor.py:179} INFO - Processing /workspaces/hands-on-introduction-data-engineering-4395021/airflow/dags/one_task_dag.py took 0.057 seconds
[2025-04-09T20:43:17.598+0000] {processor.py:157} INFO - Started process (PID=29314) to work on /workspaces/hands-on-introduction-data-engineering-4395021/airflow/dags/one_task_dag.py
[2025-04-09T20:43:17.599+0000] {processor.py:826} INFO - Processing file /workspaces/hands-on-introduction-data-engineering-4395021/airflow/dags/one_task_dag.py for tasks to queue
[2025-04-09T20:43:17.599+0000] {logging_mixin.py:150} INFO - [2025-04-09T20:43:17.599+0000] {dagbag.py:541} INFO - Filling up the DagBag from /workspaces/hands-on-introduction-data-engineering-4395021/airflow/dags/one_task_dag.py
[2025-04-09T20:43:17.607+0000] {processor.py:836} INFO - DAG(s) dict_keys(['one_task_dag']) retrieved from /workspaces/hands-on-introduction-data-engineering-4395021/airflow/dags/one_task_dag.py
[2025-04-09T20:43:17.624+0000] {logging_mixin.py:150} INFO - [2025-04-09T20:43:17.624+0000] {dag.py:2742} INFO - Sync 1 DAGs
[2025-04-09T20:43:17.638+0000] {logging_mixin.py:150} INFO - [2025-04-09T20:43:17.637+0000] {dag.py:3504} INFO - Setting next_dagrun for one_task_dag to None, run_after=None
[2025-04-09T20:43:17.650+0000] {processor.py:179} INFO - Processing /workspaces/hands-on-introduction-data-engineering-4395021/airflow/dags/one_task_dag.py took 0.055 seconds
[2025-04-09T20:43:48.130+0000] {processor.py:157} INFO - Started process (PID=29492) to work on /workspaces/hands-on-introduction-data-engineering-4395021/airflow/dags/one_task_dag.py
[2025-04-09T20:43:48.131+0000] {processor.py:826} INFO - Processing file /workspaces/hands-on-introduction-data-engineering-4395021/airflow/dags/one_task_dag.py for tasks to queue
[2025-04-09T20:43:48.132+0000] {logging_mixin.py:150} INFO - [2025-04-09T20:43:48.132+0000] {dagbag.py:541} INFO - Filling up the DagBag from /workspaces/hands-on-introduction-data-engineering-4395021/airflow/dags/one_task_dag.py
[2025-04-09T20:43:48.139+0000] {processor.py:836} INFO - DAG(s) dict_keys(['one_task_dag']) retrieved from /workspaces/hands-on-introduction-data-engineering-4395021/airflow/dags/one_task_dag.py
[2025-04-09T20:43:48.157+0000] {logging_mixin.py:150} INFO - [2025-04-09T20:43:48.157+0000] {dag.py:2742} INFO - Sync 1 DAGs
[2025-04-09T20:43:48.170+0000] {logging_mixin.py:150} INFO - [2025-04-09T20:43:48.170+0000] {dag.py:3504} INFO - Setting next_dagrun for one_task_dag to None, run_after=None
[2025-04-09T20:43:48.184+0000] {processor.py:179} INFO - Processing /workspaces/hands-on-introduction-data-engineering-4395021/airflow/dags/one_task_dag.py took 0.056 seconds
[2025-04-09T20:44:18.704+0000] {processor.py:157} INFO - Started process (PID=29666) to work on /workspaces/hands-on-introduction-data-engineering-4395021/airflow/dags/one_task_dag.py
[2025-04-09T20:44:18.705+0000] {processor.py:826} INFO - Processing file /workspaces/hands-on-introduction-data-engineering-4395021/airflow/dags/one_task_dag.py for tasks to queue
[2025-04-09T20:44:18.706+0000] {logging_mixin.py:150} INFO - [2025-04-09T20:44:18.706+0000] {dagbag.py:541} INFO - Filling up the DagBag from /workspaces/hands-on-introduction-data-engineering-4395021/airflow/dags/one_task_dag.py
[2025-04-09T20:44:18.716+0000] {processor.py:836} INFO - DAG(s) dict_keys(['one_task_dag']) retrieved from /workspaces/hands-on-introduction-data-engineering-4395021/airflow/dags/one_task_dag.py
[2025-04-09T20:44:18.735+0000] {logging_mixin.py:150} INFO - [2025-04-09T20:44:18.734+0000] {dag.py:2742} INFO - Sync 1 DAGs
[2025-04-09T20:44:18.748+0000] {logging_mixin.py:150} INFO - [2025-04-09T20:44:18.748+0000] {dag.py:3504} INFO - Setting next_dagrun for one_task_dag to None, run_after=None
[2025-04-09T20:44:18.761+0000] {processor.py:179} INFO - Processing /workspaces/hands-on-introduction-data-engineering-4395021/airflow/dags/one_task_dag.py took 0.060 seconds
[2025-04-09T20:44:48.952+0000] {processor.py:157} INFO - Started process (PID=29870) to work on /workspaces/hands-on-introduction-data-engineering-4395021/airflow/dags/one_task_dag.py
[2025-04-09T20:44:48.959+0000] {processor.py:826} INFO - Processing file /workspaces/hands-on-introduction-data-engineering-4395021/airflow/dags/one_task_dag.py for tasks to queue
[2025-04-09T20:44:48.960+0000] {logging_mixin.py:150} INFO - [2025-04-09T20:44:48.960+0000] {dagbag.py:541} INFO - Filling up the DagBag from /workspaces/hands-on-introduction-data-engineering-4395021/airflow/dags/one_task_dag.py
[2025-04-09T20:44:48.986+0000] {processor.py:836} INFO - DAG(s) dict_keys(['one_task_dag']) retrieved from /workspaces/hands-on-introduction-data-engineering-4395021/airflow/dags/one_task_dag.py
[2025-04-09T20:44:49.041+0000] {logging_mixin.py:150} INFO - [2025-04-09T20:44:49.041+0000] {dag.py:2742} INFO - Sync 1 DAGs
[2025-04-09T20:44:49.055+0000] {logging_mixin.py:150} INFO - [2025-04-09T20:44:49.055+0000] {dag.py:3504} INFO - Setting next_dagrun for one_task_dag to None, run_after=None
[2025-04-09T20:44:49.068+0000] {processor.py:179} INFO - Processing /workspaces/hands-on-introduction-data-engineering-4395021/airflow/dags/one_task_dag.py took 0.131 seconds
[2025-04-09T20:45:19.242+0000] {processor.py:157} INFO - Started process (PID=30076) to work on /workspaces/hands-on-introduction-data-engineering-4395021/airflow/dags/one_task_dag.py
[2025-04-09T20:45:19.243+0000] {processor.py:826} INFO - Processing file /workspaces/hands-on-introduction-data-engineering-4395021/airflow/dags/one_task_dag.py for tasks to queue
[2025-04-09T20:45:19.245+0000] {logging_mixin.py:150} INFO - [2025-04-09T20:45:19.244+0000] {dagbag.py:541} INFO - Filling up the DagBag from /workspaces/hands-on-introduction-data-engineering-4395021/airflow/dags/one_task_dag.py
[2025-04-09T20:45:19.255+0000] {processor.py:836} INFO - DAG(s) dict_keys(['one_task_dag']) retrieved from /workspaces/hands-on-introduction-data-engineering-4395021/airflow/dags/one_task_dag.py
[2025-04-09T20:45:19.283+0000] {logging_mixin.py:150} INFO - [2025-04-09T20:45:19.283+0000] {dag.py:2742} INFO - Sync 1 DAGs
[2025-04-09T20:45:19.304+0000] {logging_mixin.py:150} INFO - [2025-04-09T20:45:19.304+0000] {dag.py:3504} INFO - Setting next_dagrun for one_task_dag to None, run_after=None
[2025-04-09T20:45:19.347+0000] {processor.py:179} INFO - Processing /workspaces/hands-on-introduction-data-engineering-4395021/airflow/dags/one_task_dag.py took 0.108 seconds
[2025-04-09T20:45:49.545+0000] {processor.py:157} INFO - Started process (PID=30284) to work on /workspaces/hands-on-introduction-data-engineering-4395021/airflow/dags/one_task_dag.py
[2025-04-09T20:45:49.546+0000] {processor.py:826} INFO - Processing file /workspaces/hands-on-introduction-data-engineering-4395021/airflow/dags/one_task_dag.py for tasks to queue
[2025-04-09T20:45:49.547+0000] {logging_mixin.py:150} INFO - [2025-04-09T20:45:49.547+0000] {dagbag.py:541} INFO - Filling up the DagBag from /workspaces/hands-on-introduction-data-engineering-4395021/airflow/dags/one_task_dag.py
[2025-04-09T20:45:49.554+0000] {processor.py:836} INFO - DAG(s) dict_keys(['one_task_dag']) retrieved from /workspaces/hands-on-introduction-data-engineering-4395021/airflow/dags/one_task_dag.py
[2025-04-09T20:45:49.571+0000] {logging_mixin.py:150} INFO - [2025-04-09T20:45:49.571+0000] {dag.py:2742} INFO - Sync 1 DAGs
[2025-04-09T20:45:49.585+0000] {logging_mixin.py:150} INFO - [2025-04-09T20:45:49.585+0000] {dag.py:3504} INFO - Setting next_dagrun for one_task_dag to None, run_after=None
[2025-04-09T20:45:49.599+0000] {processor.py:179} INFO - Processing /workspaces/hands-on-introduction-data-engineering-4395021/airflow/dags/one_task_dag.py took 0.057 seconds
[2025-04-09T20:46:20.866+0000] {processor.py:157} INFO - Started process (PID=30498) to work on /workspaces/hands-on-introduction-data-engineering-4395021/airflow/dags/one_task_dag.py
[2025-04-09T20:46:20.867+0000] {processor.py:826} INFO - Processing file /workspaces/hands-on-introduction-data-engineering-4395021/airflow/dags/one_task_dag.py for tasks to queue
[2025-04-09T20:46:20.867+0000] {logging_mixin.py:150} INFO - [2025-04-09T20:46:20.867+0000] {dagbag.py:541} INFO - Filling up the DagBag from /workspaces/hands-on-introduction-data-engineering-4395021/airflow/dags/one_task_dag.py
[2025-04-09T20:46:20.876+0000] {processor.py:836} INFO - DAG(s) dict_keys(['one_task_dag']) retrieved from /workspaces/hands-on-introduction-data-engineering-4395021/airflow/dags/one_task_dag.py
[2025-04-09T20:46:20.893+0000] {logging_mixin.py:150} INFO - [2025-04-09T20:46:20.893+0000] {dag.py:2742} INFO - Sync 1 DAGs
[2025-04-09T20:46:20.907+0000] {logging_mixin.py:150} INFO - [2025-04-09T20:46:20.907+0000] {dag.py:3504} INFO - Setting next_dagrun for one_task_dag to None, run_after=None
[2025-04-09T20:46:20.922+0000] {processor.py:179} INFO - Processing /workspaces/hands-on-introduction-data-engineering-4395021/airflow/dags/one_task_dag.py took 0.059 seconds
[2025-04-09T20:46:51.773+0000] {processor.py:157} INFO - Started process (PID=30712) to work on /workspaces/hands-on-introduction-data-engineering-4395021/airflow/dags/one_task_dag.py
[2025-04-09T20:46:51.774+0000] {processor.py:826} INFO - Processing file /workspaces/hands-on-introduction-data-engineering-4395021/airflow/dags/one_task_dag.py for tasks to queue
[2025-04-09T20:46:51.775+0000] {logging_mixin.py:150} INFO - [2025-04-09T20:46:51.775+0000] {dagbag.py:541} INFO - Filling up the DagBag from /workspaces/hands-on-introduction-data-engineering-4395021/airflow/dags/one_task_dag.py
[2025-04-09T20:46:51.786+0000] {processor.py:836} INFO - DAG(s) dict_keys(['one_task_dag']) retrieved from /workspaces/hands-on-introduction-data-engineering-4395021/airflow/dags/one_task_dag.py
[2025-04-09T20:46:51.816+0000] {logging_mixin.py:150} INFO - [2025-04-09T20:46:51.816+0000] {dag.py:2742} INFO - Sync 1 DAGs
[2025-04-09T20:46:51.837+0000] {logging_mixin.py:150} INFO - [2025-04-09T20:46:51.837+0000] {dag.py:3504} INFO - Setting next_dagrun for one_task_dag to None, run_after=None
[2025-04-09T20:46:51.856+0000] {processor.py:179} INFO - Processing /workspaces/hands-on-introduction-data-engineering-4395021/airflow/dags/one_task_dag.py took 0.086 seconds
[2025-04-09T20:47:22.427+0000] {processor.py:157} INFO - Started process (PID=30891) to work on /workspaces/hands-on-introduction-data-engineering-4395021/airflow/dags/one_task_dag.py
[2025-04-09T20:47:22.428+0000] {processor.py:826} INFO - Processing file /workspaces/hands-on-introduction-data-engineering-4395021/airflow/dags/one_task_dag.py for tasks to queue
[2025-04-09T20:47:22.428+0000] {logging_mixin.py:150} INFO - [2025-04-09T20:47:22.428+0000] {dagbag.py:541} INFO - Filling up the DagBag from /workspaces/hands-on-introduction-data-engineering-4395021/airflow/dags/one_task_dag.py
[2025-04-09T20:47:22.435+0000] {processor.py:836} INFO - DAG(s) dict_keys(['one_task_dag']) retrieved from /workspaces/hands-on-introduction-data-engineering-4395021/airflow/dags/one_task_dag.py
[2025-04-09T20:47:22.453+0000] {logging_mixin.py:150} INFO - [2025-04-09T20:47:22.453+0000] {dag.py:2742} INFO - Sync 1 DAGs
[2025-04-09T20:47:22.466+0000] {logging_mixin.py:150} INFO - [2025-04-09T20:47:22.466+0000] {dag.py:3504} INFO - Setting next_dagrun for one_task_dag to None, run_after=None
[2025-04-09T20:47:22.481+0000] {processor.py:179} INFO - Processing /workspaces/hands-on-introduction-data-engineering-4395021/airflow/dags/one_task_dag.py took 0.057 seconds
[2025-04-09T20:47:52.591+0000] {processor.py:157} INFO - Started process (PID=31071) to work on /workspaces/hands-on-introduction-data-engineering-4395021/airflow/dags/one_task_dag.py
[2025-04-09T20:47:52.591+0000] {processor.py:826} INFO - Processing file /workspaces/hands-on-introduction-data-engineering-4395021/airflow/dags/one_task_dag.py for tasks to queue
[2025-04-09T20:47:52.592+0000] {logging_mixin.py:150} INFO - [2025-04-09T20:47:52.592+0000] {dagbag.py:541} INFO - Filling up the DagBag from /workspaces/hands-on-introduction-data-engineering-4395021/airflow/dags/one_task_dag.py
[2025-04-09T20:47:52.601+0000] {processor.py:836} INFO - DAG(s) dict_keys(['one_task_dag']) retrieved from /workspaces/hands-on-introduction-data-engineering-4395021/airflow/dags/one_task_dag.py
[2025-04-09T20:47:52.620+0000] {logging_mixin.py:150} INFO - [2025-04-09T20:47:52.619+0000] {dag.py:2742} INFO - Sync 1 DAGs
[2025-04-09T20:47:52.634+0000] {logging_mixin.py:150} INFO - [2025-04-09T20:47:52.634+0000] {dag.py:3504} INFO - Setting next_dagrun for one_task_dag to None, run_after=None
[2025-04-09T20:47:52.647+0000] {processor.py:179} INFO - Processing /workspaces/hands-on-introduction-data-engineering-4395021/airflow/dags/one_task_dag.py took 0.059 seconds
[2025-04-09T20:48:22.754+0000] {processor.py:157} INFO - Started process (PID=31244) to work on /workspaces/hands-on-introduction-data-engineering-4395021/airflow/dags/one_task_dag.py
[2025-04-09T20:48:22.756+0000] {processor.py:826} INFO - Processing file /workspaces/hands-on-introduction-data-engineering-4395021/airflow/dags/one_task_dag.py for tasks to queue
[2025-04-09T20:48:22.757+0000] {logging_mixin.py:150} INFO - [2025-04-09T20:48:22.756+0000] {dagbag.py:541} INFO - Filling up the DagBag from /workspaces/hands-on-introduction-data-engineering-4395021/airflow/dags/one_task_dag.py
[2025-04-09T20:48:22.765+0000] {processor.py:836} INFO - DAG(s) dict_keys(['one_task_dag']) retrieved from /workspaces/hands-on-introduction-data-engineering-4395021/airflow/dags/one_task_dag.py
[2025-04-09T20:48:22.790+0000] {logging_mixin.py:150} INFO - [2025-04-09T20:48:22.790+0000] {dag.py:2742} INFO - Sync 1 DAGs
[2025-04-09T20:48:22.804+0000] {logging_mixin.py:150} INFO - [2025-04-09T20:48:22.804+0000] {dag.py:3504} INFO - Setting next_dagrun for one_task_dag to None, run_after=None
[2025-04-09T20:48:22.817+0000] {processor.py:179} INFO - Processing /workspaces/hands-on-introduction-data-engineering-4395021/airflow/dags/one_task_dag.py took 0.067 seconds
[2025-04-09T20:48:52.909+0000] {processor.py:157} INFO - Started process (PID=31422) to work on /workspaces/hands-on-introduction-data-engineering-4395021/airflow/dags/one_task_dag.py
[2025-04-09T20:48:52.910+0000] {processor.py:826} INFO - Processing file /workspaces/hands-on-introduction-data-engineering-4395021/airflow/dags/one_task_dag.py for tasks to queue
[2025-04-09T20:48:52.911+0000] {logging_mixin.py:150} INFO - [2025-04-09T20:48:52.910+0000] {dagbag.py:541} INFO - Filling up the DagBag from /workspaces/hands-on-introduction-data-engineering-4395021/airflow/dags/one_task_dag.py
[2025-04-09T20:48:52.918+0000] {processor.py:836} INFO - DAG(s) dict_keys(['one_task_dag']) retrieved from /workspaces/hands-on-introduction-data-engineering-4395021/airflow/dags/one_task_dag.py
[2025-04-09T20:48:52.935+0000] {logging_mixin.py:150} INFO - [2025-04-09T20:48:52.935+0000] {dag.py:2742} INFO - Sync 1 DAGs
[2025-04-09T20:48:52.948+0000] {logging_mixin.py:150} INFO - [2025-04-09T20:48:52.948+0000] {dag.py:3504} INFO - Setting next_dagrun for one_task_dag to None, run_after=None
[2025-04-09T20:48:52.961+0000] {processor.py:179} INFO - Processing /workspaces/hands-on-introduction-data-engineering-4395021/airflow/dags/one_task_dag.py took 0.054 seconds
[2025-04-09T20:49:23.067+0000] {processor.py:157} INFO - Started process (PID=31593) to work on /workspaces/hands-on-introduction-data-engineering-4395021/airflow/dags/one_task_dag.py
[2025-04-09T20:49:23.068+0000] {processor.py:826} INFO - Processing file /workspaces/hands-on-introduction-data-engineering-4395021/airflow/dags/one_task_dag.py for tasks to queue
[2025-04-09T20:49:23.069+0000] {logging_mixin.py:150} INFO - [2025-04-09T20:49:23.068+0000] {dagbag.py:541} INFO - Filling up the DagBag from /workspaces/hands-on-introduction-data-engineering-4395021/airflow/dags/one_task_dag.py
[2025-04-09T20:49:23.076+0000] {processor.py:836} INFO - DAG(s) dict_keys(['one_task_dag']) retrieved from /workspaces/hands-on-introduction-data-engineering-4395021/airflow/dags/one_task_dag.py
[2025-04-09T20:49:23.093+0000] {logging_mixin.py:150} INFO - [2025-04-09T20:49:23.093+0000] {dag.py:2742} INFO - Sync 1 DAGs
[2025-04-09T20:49:23.106+0000] {logging_mixin.py:150} INFO - [2025-04-09T20:49:23.106+0000] {dag.py:3504} INFO - Setting next_dagrun for one_task_dag to None, run_after=None
[2025-04-09T20:49:23.120+0000] {processor.py:179} INFO - Processing /workspaces/hands-on-introduction-data-engineering-4395021/airflow/dags/one_task_dag.py took 0.056 seconds
[2025-04-09T20:49:53.226+0000] {processor.py:157} INFO - Started process (PID=31766) to work on /workspaces/hands-on-introduction-data-engineering-4395021/airflow/dags/one_task_dag.py
[2025-04-09T20:49:53.226+0000] {processor.py:826} INFO - Processing file /workspaces/hands-on-introduction-data-engineering-4395021/airflow/dags/one_task_dag.py for tasks to queue
[2025-04-09T20:49:53.227+0000] {logging_mixin.py:150} INFO - [2025-04-09T20:49:53.227+0000] {dagbag.py:541} INFO - Filling up the DagBag from /workspaces/hands-on-introduction-data-engineering-4395021/airflow/dags/one_task_dag.py
[2025-04-09T20:49:53.234+0000] {processor.py:836} INFO - DAG(s) dict_keys(['one_task_dag']) retrieved from /workspaces/hands-on-introduction-data-engineering-4395021/airflow/dags/one_task_dag.py
[2025-04-09T20:49:53.251+0000] {logging_mixin.py:150} INFO - [2025-04-09T20:49:53.251+0000] {dag.py:2742} INFO - Sync 1 DAGs
[2025-04-09T20:49:53.266+0000] {logging_mixin.py:150} INFO - [2025-04-09T20:49:53.266+0000] {dag.py:3504} INFO - Setting next_dagrun for one_task_dag to None, run_after=None
[2025-04-09T20:49:53.279+0000] {processor.py:179} INFO - Processing /workspaces/hands-on-introduction-data-engineering-4395021/airflow/dags/one_task_dag.py took 0.056 seconds
[2025-04-09T20:50:23.383+0000] {processor.py:157} INFO - Started process (PID=31945) to work on /workspaces/hands-on-introduction-data-engineering-4395021/airflow/dags/one_task_dag.py
[2025-04-09T20:50:23.384+0000] {processor.py:826} INFO - Processing file /workspaces/hands-on-introduction-data-engineering-4395021/airflow/dags/one_task_dag.py for tasks to queue
[2025-04-09T20:50:23.385+0000] {logging_mixin.py:150} INFO - [2025-04-09T20:50:23.385+0000] {dagbag.py:541} INFO - Filling up the DagBag from /workspaces/hands-on-introduction-data-engineering-4395021/airflow/dags/one_task_dag.py
[2025-04-09T20:50:23.394+0000] {processor.py:836} INFO - DAG(s) dict_keys(['one_task_dag']) retrieved from /workspaces/hands-on-introduction-data-engineering-4395021/airflow/dags/one_task_dag.py
[2025-04-09T20:50:23.411+0000] {logging_mixin.py:150} INFO - [2025-04-09T20:50:23.411+0000] {dag.py:2742} INFO - Sync 1 DAGs
[2025-04-09T20:50:23.425+0000] {logging_mixin.py:150} INFO - [2025-04-09T20:50:23.425+0000] {dag.py:3504} INFO - Setting next_dagrun for one_task_dag to None, run_after=None
[2025-04-09T20:50:23.438+0000] {processor.py:179} INFO - Processing /workspaces/hands-on-introduction-data-engineering-4395021/airflow/dags/one_task_dag.py took 0.058 seconds
[2025-04-09T20:50:53.541+0000] {processor.py:157} INFO - Started process (PID=32118) to work on /workspaces/hands-on-introduction-data-engineering-4395021/airflow/dags/one_task_dag.py
[2025-04-09T20:50:53.542+0000] {processor.py:826} INFO - Processing file /workspaces/hands-on-introduction-data-engineering-4395021/airflow/dags/one_task_dag.py for tasks to queue
[2025-04-09T20:50:53.543+0000] {logging_mixin.py:150} INFO - [2025-04-09T20:50:53.542+0000] {dagbag.py:541} INFO - Filling up the DagBag from /workspaces/hands-on-introduction-data-engineering-4395021/airflow/dags/one_task_dag.py
[2025-04-09T20:50:53.550+0000] {processor.py:836} INFO - DAG(s) dict_keys(['one_task_dag']) retrieved from /workspaces/hands-on-introduction-data-engineering-4395021/airflow/dags/one_task_dag.py
[2025-04-09T20:50:53.567+0000] {logging_mixin.py:150} INFO - [2025-04-09T20:50:53.567+0000] {dag.py:2742} INFO - Sync 1 DAGs
[2025-04-09T20:50:53.581+0000] {logging_mixin.py:150} INFO - [2025-04-09T20:50:53.580+0000] {dag.py:3504} INFO - Setting next_dagrun for one_task_dag to None, run_after=None
[2025-04-09T20:50:53.596+0000] {processor.py:179} INFO - Processing /workspaces/hands-on-introduction-data-engineering-4395021/airflow/dags/one_task_dag.py took 0.057 seconds
[2025-04-09T20:51:23.700+0000] {processor.py:157} INFO - Started process (PID=32297) to work on /workspaces/hands-on-introduction-data-engineering-4395021/airflow/dags/one_task_dag.py
[2025-04-09T20:51:23.701+0000] {processor.py:826} INFO - Processing file /workspaces/hands-on-introduction-data-engineering-4395021/airflow/dags/one_task_dag.py for tasks to queue
[2025-04-09T20:51:23.702+0000] {logging_mixin.py:150} INFO - [2025-04-09T20:51:23.702+0000] {dagbag.py:541} INFO - Filling up the DagBag from /workspaces/hands-on-introduction-data-engineering-4395021/airflow/dags/one_task_dag.py
[2025-04-09T20:51:23.709+0000] {processor.py:836} INFO - DAG(s) dict_keys(['one_task_dag']) retrieved from /workspaces/hands-on-introduction-data-engineering-4395021/airflow/dags/one_task_dag.py
[2025-04-09T20:51:23.727+0000] {logging_mixin.py:150} INFO - [2025-04-09T20:51:23.726+0000] {dag.py:2742} INFO - Sync 1 DAGs
[2025-04-09T20:51:23.740+0000] {logging_mixin.py:150} INFO - [2025-04-09T20:51:23.740+0000] {dag.py:3504} INFO - Setting next_dagrun for one_task_dag to None, run_after=None
[2025-04-09T20:51:23.754+0000] {processor.py:179} INFO - Processing /workspaces/hands-on-introduction-data-engineering-4395021/airflow/dags/one_task_dag.py took 0.056 seconds
[2025-04-09T20:51:53.858+0000] {processor.py:157} INFO - Started process (PID=32476) to work on /workspaces/hands-on-introduction-data-engineering-4395021/airflow/dags/one_task_dag.py
[2025-04-09T20:51:53.859+0000] {processor.py:826} INFO - Processing file /workspaces/hands-on-introduction-data-engineering-4395021/airflow/dags/one_task_dag.py for tasks to queue
[2025-04-09T20:51:53.860+0000] {logging_mixin.py:150} INFO - [2025-04-09T20:51:53.860+0000] {dagbag.py:541} INFO - Filling up the DagBag from /workspaces/hands-on-introduction-data-engineering-4395021/airflow/dags/one_task_dag.py
[2025-04-09T20:51:53.867+0000] {processor.py:836} INFO - DAG(s) dict_keys(['one_task_dag']) retrieved from /workspaces/hands-on-introduction-data-engineering-4395021/airflow/dags/one_task_dag.py
[2025-04-09T20:51:53.885+0000] {logging_mixin.py:150} INFO - [2025-04-09T20:51:53.884+0000] {dag.py:2742} INFO - Sync 1 DAGs
[2025-04-09T20:51:53.898+0000] {logging_mixin.py:150} INFO - [2025-04-09T20:51:53.898+0000] {dag.py:3504} INFO - Setting next_dagrun for one_task_dag to None, run_after=None
[2025-04-09T20:51:53.911+0000] {processor.py:179} INFO - Processing /workspaces/hands-on-introduction-data-engineering-4395021/airflow/dags/one_task_dag.py took 0.055 seconds
[2025-04-09T20:52:24.016+0000] {processor.py:157} INFO - Started process (PID=32651) to work on /workspaces/hands-on-introduction-data-engineering-4395021/airflow/dags/one_task_dag.py
[2025-04-09T20:52:24.017+0000] {processor.py:826} INFO - Processing file /workspaces/hands-on-introduction-data-engineering-4395021/airflow/dags/one_task_dag.py for tasks to queue
[2025-04-09T20:52:24.017+0000] {logging_mixin.py:150} INFO - [2025-04-09T20:52:24.017+0000] {dagbag.py:541} INFO - Filling up the DagBag from /workspaces/hands-on-introduction-data-engineering-4395021/airflow/dags/one_task_dag.py
[2025-04-09T20:52:24.025+0000] {processor.py:836} INFO - DAG(s) dict_keys(['one_task_dag']) retrieved from /workspaces/hands-on-introduction-data-engineering-4395021/airflow/dags/one_task_dag.py
[2025-04-09T20:52:24.042+0000] {logging_mixin.py:150} INFO - [2025-04-09T20:52:24.042+0000] {dag.py:2742} INFO - Sync 1 DAGs
[2025-04-09T20:52:24.055+0000] {logging_mixin.py:150} INFO - [2025-04-09T20:52:24.055+0000] {dag.py:3504} INFO - Setting next_dagrun for one_task_dag to None, run_after=None
[2025-04-09T20:52:24.069+0000] {processor.py:179} INFO - Processing /workspaces/hands-on-introduction-data-engineering-4395021/airflow/dags/one_task_dag.py took 0.056 seconds
[2025-04-09T20:52:54.176+0000] {processor.py:157} INFO - Started process (PID=32890) to work on /workspaces/hands-on-introduction-data-engineering-4395021/airflow/dags/one_task_dag.py
[2025-04-09T20:52:54.177+0000] {processor.py:826} INFO - Processing file /workspaces/hands-on-introduction-data-engineering-4395021/airflow/dags/one_task_dag.py for tasks to queue
[2025-04-09T20:52:54.177+0000] {logging_mixin.py:150} INFO - [2025-04-09T20:52:54.177+0000] {dagbag.py:541} INFO - Filling up the DagBag from /workspaces/hands-on-introduction-data-engineering-4395021/airflow/dags/one_task_dag.py
[2025-04-09T20:52:54.185+0000] {processor.py:836} INFO - DAG(s) dict_keys(['one_task_dag']) retrieved from /workspaces/hands-on-introduction-data-engineering-4395021/airflow/dags/one_task_dag.py
[2025-04-09T20:52:54.203+0000] {logging_mixin.py:150} INFO - [2025-04-09T20:52:54.202+0000] {dag.py:2742} INFO - Sync 1 DAGs
[2025-04-09T20:52:54.216+0000] {logging_mixin.py:150} INFO - [2025-04-09T20:52:54.216+0000] {dag.py:3504} INFO - Setting next_dagrun for one_task_dag to None, run_after=None
[2025-04-09T20:52:54.230+0000] {processor.py:179} INFO - Processing /workspaces/hands-on-introduction-data-engineering-4395021/airflow/dags/one_task_dag.py took 0.057 seconds
[2025-04-09T20:53:24.333+0000] {processor.py:157} INFO - Started process (PID=33128) to work on /workspaces/hands-on-introduction-data-engineering-4395021/airflow/dags/one_task_dag.py
[2025-04-09T20:53:24.334+0000] {processor.py:826} INFO - Processing file /workspaces/hands-on-introduction-data-engineering-4395021/airflow/dags/one_task_dag.py for tasks to queue
[2025-04-09T20:53:24.335+0000] {logging_mixin.py:150} INFO - [2025-04-09T20:53:24.335+0000] {dagbag.py:541} INFO - Filling up the DagBag from /workspaces/hands-on-introduction-data-engineering-4395021/airflow/dags/one_task_dag.py
[2025-04-09T20:53:24.342+0000] {processor.py:836} INFO - DAG(s) dict_keys(['one_task_dag']) retrieved from /workspaces/hands-on-introduction-data-engineering-4395021/airflow/dags/one_task_dag.py
[2025-04-09T20:53:24.360+0000] {logging_mixin.py:150} INFO - [2025-04-09T20:53:24.360+0000] {dag.py:2742} INFO - Sync 1 DAGs
[2025-04-09T20:53:24.374+0000] {logging_mixin.py:150} INFO - [2025-04-09T20:53:24.374+0000] {dag.py:3504} INFO - Setting next_dagrun for one_task_dag to None, run_after=None
[2025-04-09T20:53:24.388+0000] {processor.py:179} INFO - Processing /workspaces/hands-on-introduction-data-engineering-4395021/airflow/dags/one_task_dag.py took 0.057 seconds
[2025-04-09T20:53:54.493+0000] {processor.py:157} INFO - Started process (PID=33389) to work on /workspaces/hands-on-introduction-data-engineering-4395021/airflow/dags/one_task_dag.py
[2025-04-09T20:53:54.494+0000] {processor.py:826} INFO - Processing file /workspaces/hands-on-introduction-data-engineering-4395021/airflow/dags/one_task_dag.py for tasks to queue
[2025-04-09T20:53:54.494+0000] {logging_mixin.py:150} INFO - [2025-04-09T20:53:54.494+0000] {dagbag.py:541} INFO - Filling up the DagBag from /workspaces/hands-on-introduction-data-engineering-4395021/airflow/dags/one_task_dag.py
[2025-04-09T20:53:54.501+0000] {processor.py:836} INFO - DAG(s) dict_keys(['one_task_dag']) retrieved from /workspaces/hands-on-introduction-data-engineering-4395021/airflow/dags/one_task_dag.py
[2025-04-09T20:53:54.519+0000] {logging_mixin.py:150} INFO - [2025-04-09T20:53:54.519+0000] {dag.py:2742} INFO - Sync 1 DAGs
[2025-04-09T20:53:54.533+0000] {logging_mixin.py:150} INFO - [2025-04-09T20:53:54.532+0000] {dag.py:3504} INFO - Setting next_dagrun for one_task_dag to None, run_after=None
[2025-04-09T20:53:54.546+0000] {processor.py:179} INFO - Processing /workspaces/hands-on-introduction-data-engineering-4395021/airflow/dags/one_task_dag.py took 0.056 seconds
[2025-04-09T20:54:24.650+0000] {processor.py:157} INFO - Started process (PID=33562) to work on /workspaces/hands-on-introduction-data-engineering-4395021/airflow/dags/one_task_dag.py
[2025-04-09T20:54:24.651+0000] {processor.py:826} INFO - Processing file /workspaces/hands-on-introduction-data-engineering-4395021/airflow/dags/one_task_dag.py for tasks to queue
[2025-04-09T20:54:24.651+0000] {logging_mixin.py:150} INFO - [2025-04-09T20:54:24.651+0000] {dagbag.py:541} INFO - Filling up the DagBag from /workspaces/hands-on-introduction-data-engineering-4395021/airflow/dags/one_task_dag.py
[2025-04-09T20:54:24.659+0000] {processor.py:836} INFO - DAG(s) dict_keys(['one_task_dag']) retrieved from /workspaces/hands-on-introduction-data-engineering-4395021/airflow/dags/one_task_dag.py
[2025-04-09T20:54:24.679+0000] {logging_mixin.py:150} INFO - [2025-04-09T20:54:24.679+0000] {dag.py:2742} INFO - Sync 1 DAGs
[2025-04-09T20:54:24.701+0000] {logging_mixin.py:150} INFO - [2025-04-09T20:54:24.700+0000] {dag.py:3504} INFO - Setting next_dagrun for one_task_dag to None, run_after=None
[2025-04-09T20:54:24.722+0000] {processor.py:179} INFO - Processing /workspaces/hands-on-introduction-data-engineering-4395021/airflow/dags/one_task_dag.py took 0.075 seconds
[2025-04-09T20:54:55.942+0000] {processor.py:157} INFO - Started process (PID=33740) to work on /workspaces/hands-on-introduction-data-engineering-4395021/airflow/dags/one_task_dag.py
[2025-04-09T20:54:55.942+0000] {processor.py:826} INFO - Processing file /workspaces/hands-on-introduction-data-engineering-4395021/airflow/dags/one_task_dag.py for tasks to queue
[2025-04-09T20:54:55.943+0000] {logging_mixin.py:150} INFO - [2025-04-09T20:54:55.943+0000] {dagbag.py:541} INFO - Filling up the DagBag from /workspaces/hands-on-introduction-data-engineering-4395021/airflow/dags/one_task_dag.py
[2025-04-09T20:54:55.950+0000] {processor.py:836} INFO - DAG(s) dict_keys(['one_task_dag']) retrieved from /workspaces/hands-on-introduction-data-engineering-4395021/airflow/dags/one_task_dag.py
[2025-04-09T20:54:55.968+0000] {logging_mixin.py:150} INFO - [2025-04-09T20:54:55.968+0000] {dag.py:2742} INFO - Sync 1 DAGs
[2025-04-09T20:54:55.981+0000] {logging_mixin.py:150} INFO - [2025-04-09T20:54:55.981+0000] {dag.py:3504} INFO - Setting next_dagrun for one_task_dag to None, run_after=None
[2025-04-09T20:54:55.995+0000] {processor.py:179} INFO - Processing /workspaces/hands-on-introduction-data-engineering-4395021/airflow/dags/one_task_dag.py took 0.056 seconds
[2025-04-09T20:55:26.102+0000] {processor.py:157} INFO - Started process (PID=33972) to work on /workspaces/hands-on-introduction-data-engineering-4395021/airflow/dags/one_task_dag.py
[2025-04-09T20:55:26.103+0000] {processor.py:826} INFO - Processing file /workspaces/hands-on-introduction-data-engineering-4395021/airflow/dags/one_task_dag.py for tasks to queue
[2025-04-09T20:55:26.103+0000] {logging_mixin.py:150} INFO - [2025-04-09T20:55:26.103+0000] {dagbag.py:541} INFO - Filling up the DagBag from /workspaces/hands-on-introduction-data-engineering-4395021/airflow/dags/one_task_dag.py
[2025-04-09T20:55:26.111+0000] {processor.py:836} INFO - DAG(s) dict_keys(['one_task_dag']) retrieved from /workspaces/hands-on-introduction-data-engineering-4395021/airflow/dags/one_task_dag.py
[2025-04-09T20:55:26.129+0000] {logging_mixin.py:150} INFO - [2025-04-09T20:55:26.129+0000] {dag.py:2742} INFO - Sync 1 DAGs
[2025-04-09T20:55:26.143+0000] {logging_mixin.py:150} INFO - [2025-04-09T20:55:26.143+0000] {dag.py:3504} INFO - Setting next_dagrun for one_task_dag to None, run_after=None
[2025-04-09T20:55:26.157+0000] {processor.py:179} INFO - Processing /workspaces/hands-on-introduction-data-engineering-4395021/airflow/dags/one_task_dag.py took 0.057 seconds
[2025-04-09T20:55:57.627+0000] {processor.py:157} INFO - Started process (PID=34198) to work on /workspaces/hands-on-introduction-data-engineering-4395021/airflow/dags/one_task_dag.py
[2025-04-09T20:55:57.628+0000] {processor.py:826} INFO - Processing file /workspaces/hands-on-introduction-data-engineering-4395021/airflow/dags/one_task_dag.py for tasks to queue
[2025-04-09T20:55:57.629+0000] {logging_mixin.py:150} INFO - [2025-04-09T20:55:57.629+0000] {dagbag.py:541} INFO - Filling up the DagBag from /workspaces/hands-on-introduction-data-engineering-4395021/airflow/dags/one_task_dag.py
[2025-04-09T20:55:57.640+0000] {processor.py:836} INFO - DAG(s) dict_keys(['one_task_dag']) retrieved from /workspaces/hands-on-introduction-data-engineering-4395021/airflow/dags/one_task_dag.py
[2025-04-09T20:55:57.658+0000] {logging_mixin.py:150} INFO - [2025-04-09T20:55:57.658+0000] {dag.py:2742} INFO - Sync 1 DAGs
[2025-04-09T20:55:57.671+0000] {logging_mixin.py:150} INFO - [2025-04-09T20:55:57.671+0000] {dag.py:3504} INFO - Setting next_dagrun for one_task_dag to None, run_after=None
[2025-04-09T20:55:57.684+0000] {processor.py:179} INFO - Processing /workspaces/hands-on-introduction-data-engineering-4395021/airflow/dags/one_task_dag.py took 0.061 seconds
[2025-04-09T20:56:30.338+0000] {processor.py:157} INFO - Started process (PID=34430) to work on /workspaces/hands-on-introduction-data-engineering-4395021/airflow/dags/one_task_dag.py
[2025-04-09T20:56:30.341+0000] {processor.py:826} INFO - Processing file /workspaces/hands-on-introduction-data-engineering-4395021/airflow/dags/one_task_dag.py for tasks to queue
[2025-04-09T20:56:30.342+0000] {logging_mixin.py:150} INFO - [2025-04-09T20:56:30.342+0000] {dagbag.py:541} INFO - Filling up the DagBag from /workspaces/hands-on-introduction-data-engineering-4395021/airflow/dags/one_task_dag.py
[2025-04-09T20:56:30.359+0000] {processor.py:836} INFO - DAG(s) dict_keys(['one_task_dag']) retrieved from /workspaces/hands-on-introduction-data-engineering-4395021/airflow/dags/one_task_dag.py
[2025-04-09T20:56:30.387+0000] {logging_mixin.py:150} INFO - [2025-04-09T20:56:30.387+0000] {dag.py:2742} INFO - Sync 1 DAGs
[2025-04-09T20:56:30.408+0000] {logging_mixin.py:150} INFO - [2025-04-09T20:56:30.408+0000] {dag.py:3504} INFO - Setting next_dagrun for one_task_dag to None, run_after=None
[2025-04-09T20:56:30.429+0000] {processor.py:179} INFO - Processing /workspaces/hands-on-introduction-data-engineering-4395021/airflow/dags/one_task_dag.py took 0.099 seconds
[2025-04-09T20:57:01.910+0000] {processor.py:157} INFO - Started process (PID=34646) to work on /workspaces/hands-on-introduction-data-engineering-4395021/airflow/dags/one_task_dag.py
[2025-04-09T20:57:01.911+0000] {processor.py:826} INFO - Processing file /workspaces/hands-on-introduction-data-engineering-4395021/airflow/dags/one_task_dag.py for tasks to queue
[2025-04-09T20:57:01.912+0000] {logging_mixin.py:150} INFO - [2025-04-09T20:57:01.911+0000] {dagbag.py:541} INFO - Filling up the DagBag from /workspaces/hands-on-introduction-data-engineering-4395021/airflow/dags/one_task_dag.py
[2025-04-09T20:57:01.919+0000] {processor.py:836} INFO - DAG(s) dict_keys(['one_task_dag']) retrieved from /workspaces/hands-on-introduction-data-engineering-4395021/airflow/dags/one_task_dag.py
[2025-04-09T20:57:01.941+0000] {logging_mixin.py:150} INFO - [2025-04-09T20:57:01.941+0000] {dag.py:2742} INFO - Sync 1 DAGs
[2025-04-09T20:57:01.962+0000] {logging_mixin.py:150} INFO - [2025-04-09T20:57:01.962+0000] {dag.py:3504} INFO - Setting next_dagrun for one_task_dag to None, run_after=None
[2025-04-09T20:57:01.982+0000] {processor.py:179} INFO - Processing /workspaces/hands-on-introduction-data-engineering-4395021/airflow/dags/one_task_dag.py took 0.074 seconds
[2025-04-09T20:57:33.016+0000] {processor.py:157} INFO - Started process (PID=34857) to work on /workspaces/hands-on-introduction-data-engineering-4395021/airflow/dags/one_task_dag.py
[2025-04-09T20:57:33.017+0000] {processor.py:826} INFO - Processing file /workspaces/hands-on-introduction-data-engineering-4395021/airflow/dags/one_task_dag.py for tasks to queue
[2025-04-09T20:57:33.019+0000] {logging_mixin.py:150} INFO - [2025-04-09T20:57:33.018+0000] {dagbag.py:541} INFO - Filling up the DagBag from /workspaces/hands-on-introduction-data-engineering-4395021/airflow/dags/one_task_dag.py
[2025-04-09T20:57:33.029+0000] {processor.py:836} INFO - DAG(s) dict_keys(['one_task_dag']) retrieved from /workspaces/hands-on-introduction-data-engineering-4395021/airflow/dags/one_task_dag.py
[2025-04-09T20:57:33.053+0000] {logging_mixin.py:150} INFO - [2025-04-09T20:57:33.053+0000] {dag.py:2742} INFO - Sync 1 DAGs
[2025-04-09T20:57:33.067+0000] {logging_mixin.py:150} INFO - [2025-04-09T20:57:33.067+0000] {dag.py:3504} INFO - Setting next_dagrun for one_task_dag to None, run_after=None
[2025-04-09T20:57:33.080+0000] {processor.py:179} INFO - Processing /workspaces/hands-on-introduction-data-engineering-4395021/airflow/dags/one_task_dag.py took 0.067 seconds
[2025-04-09T20:58:03.220+0000] {processor.py:157} INFO - Started process (PID=35050) to work on /workspaces/hands-on-introduction-data-engineering-4395021/airflow/dags/one_task_dag.py
[2025-04-09T20:58:03.221+0000] {processor.py:826} INFO - Processing file /workspaces/hands-on-introduction-data-engineering-4395021/airflow/dags/one_task_dag.py for tasks to queue
[2025-04-09T20:58:03.222+0000] {logging_mixin.py:150} INFO - [2025-04-09T20:58:03.221+0000] {dagbag.py:541} INFO - Filling up the DagBag from /workspaces/hands-on-introduction-data-engineering-4395021/airflow/dags/one_task_dag.py
[2025-04-09T20:58:03.229+0000] {processor.py:836} INFO - DAG(s) dict_keys(['one_task_dag']) retrieved from /workspaces/hands-on-introduction-data-engineering-4395021/airflow/dags/one_task_dag.py
[2025-04-09T20:58:03.246+0000] {logging_mixin.py:150} INFO - [2025-04-09T20:58:03.246+0000] {dag.py:2742} INFO - Sync 1 DAGs
[2025-04-09T20:58:03.260+0000] {logging_mixin.py:150} INFO - [2025-04-09T20:58:03.260+0000] {dag.py:3504} INFO - Setting next_dagrun for one_task_dag to None, run_after=None
[2025-04-09T20:58:03.273+0000] {processor.py:179} INFO - Processing /workspaces/hands-on-introduction-data-engineering-4395021/airflow/dags/one_task_dag.py took 0.056 seconds
[2025-04-09T20:58:33.487+0000] {processor.py:157} INFO - Started process (PID=35228) to work on /workspaces/hands-on-introduction-data-engineering-4395021/airflow/dags/one_task_dag.py
[2025-04-09T20:58:33.488+0000] {processor.py:826} INFO - Processing file /workspaces/hands-on-introduction-data-engineering-4395021/airflow/dags/one_task_dag.py for tasks to queue
[2025-04-09T20:58:33.489+0000] {logging_mixin.py:150} INFO - [2025-04-09T20:58:33.489+0000] {dagbag.py:541} INFO - Filling up the DagBag from /workspaces/hands-on-introduction-data-engineering-4395021/airflow/dags/one_task_dag.py
[2025-04-09T20:58:33.496+0000] {processor.py:836} INFO - DAG(s) dict_keys(['one_task_dag']) retrieved from /workspaces/hands-on-introduction-data-engineering-4395021/airflow/dags/one_task_dag.py
[2025-04-09T20:58:33.514+0000] {logging_mixin.py:150} INFO - [2025-04-09T20:58:33.514+0000] {dag.py:2742} INFO - Sync 1 DAGs
[2025-04-09T20:58:33.527+0000] {logging_mixin.py:150} INFO - [2025-04-09T20:58:33.527+0000] {dag.py:3504} INFO - Setting next_dagrun for one_task_dag to None, run_after=None
[2025-04-09T20:58:33.541+0000] {processor.py:179} INFO - Processing /workspaces/hands-on-introduction-data-engineering-4395021/airflow/dags/one_task_dag.py took 0.056 seconds
[2025-04-09T20:59:04.299+0000] {processor.py:157} INFO - Started process (PID=35438) to work on /workspaces/hands-on-introduction-data-engineering-4395021/airflow/dags/one_task_dag.py
[2025-04-09T20:59:04.299+0000] {processor.py:826} INFO - Processing file /workspaces/hands-on-introduction-data-engineering-4395021/airflow/dags/one_task_dag.py for tasks to queue
[2025-04-09T20:59:04.300+0000] {logging_mixin.py:150} INFO - [2025-04-09T20:59:04.300+0000] {dagbag.py:541} INFO - Filling up the DagBag from /workspaces/hands-on-introduction-data-engineering-4395021/airflow/dags/one_task_dag.py
[2025-04-09T20:59:04.307+0000] {processor.py:836} INFO - DAG(s) dict_keys(['one_task_dag']) retrieved from /workspaces/hands-on-introduction-data-engineering-4395021/airflow/dags/one_task_dag.py
[2025-04-09T20:59:04.328+0000] {logging_mixin.py:150} INFO - [2025-04-09T20:59:04.327+0000] {dag.py:2742} INFO - Sync 1 DAGs
[2025-04-09T20:59:04.341+0000] {logging_mixin.py:150} INFO - [2025-04-09T20:59:04.341+0000] {dag.py:3504} INFO - Setting next_dagrun for one_task_dag to None, run_after=None
[2025-04-09T20:59:04.355+0000] {processor.py:179} INFO - Processing /workspaces/hands-on-introduction-data-engineering-4395021/airflow/dags/one_task_dag.py took 0.059 seconds
[2025-04-09T20:59:34.937+0000] {processor.py:157} INFO - Started process (PID=35639) to work on /workspaces/hands-on-introduction-data-engineering-4395021/airflow/dags/one_task_dag.py
[2025-04-09T20:59:34.937+0000] {processor.py:826} INFO - Processing file /workspaces/hands-on-introduction-data-engineering-4395021/airflow/dags/one_task_dag.py for tasks to queue
[2025-04-09T20:59:34.938+0000] {logging_mixin.py:150} INFO - [2025-04-09T20:59:34.938+0000] {dagbag.py:541} INFO - Filling up the DagBag from /workspaces/hands-on-introduction-data-engineering-4395021/airflow/dags/one_task_dag.py
[2025-04-09T20:59:34.946+0000] {processor.py:836} INFO - DAG(s) dict_keys(['one_task_dag']) retrieved from /workspaces/hands-on-introduction-data-engineering-4395021/airflow/dags/one_task_dag.py
[2025-04-09T20:59:34.963+0000] {logging_mixin.py:150} INFO - [2025-04-09T20:59:34.963+0000] {dag.py:2742} INFO - Sync 1 DAGs
[2025-04-09T20:59:34.976+0000] {logging_mixin.py:150} INFO - [2025-04-09T20:59:34.976+0000] {dag.py:3504} INFO - Setting next_dagrun for one_task_dag to None, run_after=None
[2025-04-09T20:59:34.989+0000] {processor.py:179} INFO - Processing /workspaces/hands-on-introduction-data-engineering-4395021/airflow/dags/one_task_dag.py took 0.055 seconds
[2025-04-09T21:00:05.091+0000] {processor.py:157} INFO - Started process (PID=35872) to work on /workspaces/hands-on-introduction-data-engineering-4395021/airflow/dags/one_task_dag.py
[2025-04-09T21:00:05.092+0000] {processor.py:826} INFO - Processing file /workspaces/hands-on-introduction-data-engineering-4395021/airflow/dags/one_task_dag.py for tasks to queue
[2025-04-09T21:00:05.093+0000] {logging_mixin.py:150} INFO - [2025-04-09T21:00:05.092+0000] {dagbag.py:541} INFO - Filling up the DagBag from /workspaces/hands-on-introduction-data-engineering-4395021/airflow/dags/one_task_dag.py
[2025-04-09T21:00:05.100+0000] {processor.py:836} INFO - DAG(s) dict_keys(['one_task_dag']) retrieved from /workspaces/hands-on-introduction-data-engineering-4395021/airflow/dags/one_task_dag.py
[2025-04-09T21:00:05.117+0000] {logging_mixin.py:150} INFO - [2025-04-09T21:00:05.117+0000] {dag.py:2742} INFO - Sync 1 DAGs
[2025-04-09T21:00:05.132+0000] {logging_mixin.py:150} INFO - [2025-04-09T21:00:05.132+0000] {dag.py:3504} INFO - Setting next_dagrun for one_task_dag to None, run_after=None
[2025-04-09T21:00:05.147+0000] {processor.py:179} INFO - Processing /workspaces/hands-on-introduction-data-engineering-4395021/airflow/dags/one_task_dag.py took 0.058 seconds
[2025-04-09T21:00:35.382+0000] {processor.py:157} INFO - Started process (PID=36141) to work on /workspaces/hands-on-introduction-data-engineering-4395021/airflow/dags/one_task_dag.py
[2025-04-09T21:00:35.383+0000] {processor.py:826} INFO - Processing file /workspaces/hands-on-introduction-data-engineering-4395021/airflow/dags/one_task_dag.py for tasks to queue
[2025-04-09T21:00:35.384+0000] {logging_mixin.py:150} INFO - [2025-04-09T21:00:35.383+0000] {dagbag.py:541} INFO - Filling up the DagBag from /workspaces/hands-on-introduction-data-engineering-4395021/airflow/dags/one_task_dag.py
[2025-04-09T21:00:35.391+0000] {processor.py:836} INFO - DAG(s) dict_keys(['one_task_dag']) retrieved from /workspaces/hands-on-introduction-data-engineering-4395021/airflow/dags/one_task_dag.py
[2025-04-09T21:00:35.408+0000] {logging_mixin.py:150} INFO - [2025-04-09T21:00:35.408+0000] {dag.py:2742} INFO - Sync 1 DAGs
[2025-04-09T21:00:35.422+0000] {logging_mixin.py:150} INFO - [2025-04-09T21:00:35.421+0000] {dag.py:3504} INFO - Setting next_dagrun for one_task_dag to None, run_after=None
[2025-04-09T21:00:35.435+0000] {processor.py:179} INFO - Processing /workspaces/hands-on-introduction-data-engineering-4395021/airflow/dags/one_task_dag.py took 0.056 seconds
[2025-04-09T21:01:05.669+0000] {processor.py:157} INFO - Started process (PID=36348) to work on /workspaces/hands-on-introduction-data-engineering-4395021/airflow/dags/one_task_dag.py
[2025-04-09T21:01:05.670+0000] {processor.py:826} INFO - Processing file /workspaces/hands-on-introduction-data-engineering-4395021/airflow/dags/one_task_dag.py for tasks to queue
[2025-04-09T21:01:05.671+0000] {logging_mixin.py:150} INFO - [2025-04-09T21:01:05.670+0000] {dagbag.py:541} INFO - Filling up the DagBag from /workspaces/hands-on-introduction-data-engineering-4395021/airflow/dags/one_task_dag.py
[2025-04-09T21:01:05.678+0000] {processor.py:836} INFO - DAG(s) dict_keys(['one_task_dag']) retrieved from /workspaces/hands-on-introduction-data-engineering-4395021/airflow/dags/one_task_dag.py
[2025-04-09T21:01:05.696+0000] {logging_mixin.py:150} INFO - [2025-04-09T21:01:05.695+0000] {dag.py:2742} INFO - Sync 1 DAGs
[2025-04-09T21:01:05.709+0000] {logging_mixin.py:150} INFO - [2025-04-09T21:01:05.709+0000] {dag.py:3504} INFO - Setting next_dagrun for one_task_dag to None, run_after=None
[2025-04-09T21:01:05.723+0000] {processor.py:179} INFO - Processing /workspaces/hands-on-introduction-data-engineering-4395021/airflow/dags/one_task_dag.py took 0.056 seconds
[2025-04-09T21:01:35.954+0000] {processor.py:157} INFO - Started process (PID=36554) to work on /workspaces/hands-on-introduction-data-engineering-4395021/airflow/dags/one_task_dag.py
[2025-04-09T21:01:35.955+0000] {processor.py:826} INFO - Processing file /workspaces/hands-on-introduction-data-engineering-4395021/airflow/dags/one_task_dag.py for tasks to queue
[2025-04-09T21:01:35.956+0000] {logging_mixin.py:150} INFO - [2025-04-09T21:01:35.956+0000] {dagbag.py:541} INFO - Filling up the DagBag from /workspaces/hands-on-introduction-data-engineering-4395021/airflow/dags/one_task_dag.py
[2025-04-09T21:01:35.963+0000] {processor.py:836} INFO - DAG(s) dict_keys(['one_task_dag']) retrieved from /workspaces/hands-on-introduction-data-engineering-4395021/airflow/dags/one_task_dag.py
[2025-04-09T21:01:35.981+0000] {logging_mixin.py:150} INFO - [2025-04-09T21:01:35.981+0000] {dag.py:2742} INFO - Sync 1 DAGs
[2025-04-09T21:01:36.001+0000] {logging_mixin.py:150} INFO - [2025-04-09T21:01:36.000+0000] {dag.py:3504} INFO - Setting next_dagrun for one_task_dag to None, run_after=None
[2025-04-09T21:01:36.019+0000] {processor.py:179} INFO - Processing /workspaces/hands-on-introduction-data-engineering-4395021/airflow/dags/one_task_dag.py took 0.068 seconds
[2025-04-09T21:02:06.239+0000] {processor.py:157} INFO - Started process (PID=36741) to work on /workspaces/hands-on-introduction-data-engineering-4395021/airflow/dags/one_task_dag.py
[2025-04-09T21:02:06.240+0000] {processor.py:826} INFO - Processing file /workspaces/hands-on-introduction-data-engineering-4395021/airflow/dags/one_task_dag.py for tasks to queue
[2025-04-09T21:02:06.240+0000] {logging_mixin.py:150} INFO - [2025-04-09T21:02:06.240+0000] {dagbag.py:541} INFO - Filling up the DagBag from /workspaces/hands-on-introduction-data-engineering-4395021/airflow/dags/one_task_dag.py
[2025-04-09T21:02:06.248+0000] {processor.py:836} INFO - DAG(s) dict_keys(['one_task_dag']) retrieved from /workspaces/hands-on-introduction-data-engineering-4395021/airflow/dags/one_task_dag.py
[2025-04-09T21:02:06.265+0000] {logging_mixin.py:150} INFO - [2025-04-09T21:02:06.265+0000] {dag.py:2742} INFO - Sync 1 DAGs
[2025-04-09T21:02:06.279+0000] {logging_mixin.py:150} INFO - [2025-04-09T21:02:06.279+0000] {dag.py:3504} INFO - Setting next_dagrun for one_task_dag to None, run_after=None
[2025-04-09T21:02:06.292+0000] {processor.py:179} INFO - Processing /workspaces/hands-on-introduction-data-engineering-4395021/airflow/dags/one_task_dag.py took 0.056 seconds
[2025-04-09T21:02:36.526+0000] {processor.py:157} INFO - Started process (PID=36914) to work on /workspaces/hands-on-introduction-data-engineering-4395021/airflow/dags/one_task_dag.py
[2025-04-09T21:02:36.527+0000] {processor.py:826} INFO - Processing file /workspaces/hands-on-introduction-data-engineering-4395021/airflow/dags/one_task_dag.py for tasks to queue
[2025-04-09T21:02:36.528+0000] {logging_mixin.py:150} INFO - [2025-04-09T21:02:36.528+0000] {dagbag.py:541} INFO - Filling up the DagBag from /workspaces/hands-on-introduction-data-engineering-4395021/airflow/dags/one_task_dag.py
[2025-04-09T21:02:36.535+0000] {processor.py:836} INFO - DAG(s) dict_keys(['one_task_dag']) retrieved from /workspaces/hands-on-introduction-data-engineering-4395021/airflow/dags/one_task_dag.py
[2025-04-09T21:02:36.553+0000] {logging_mixin.py:150} INFO - [2025-04-09T21:02:36.553+0000] {dag.py:2742} INFO - Sync 1 DAGs
[2025-04-09T21:02:36.566+0000] {logging_mixin.py:150} INFO - [2025-04-09T21:02:36.566+0000] {dag.py:3504} INFO - Setting next_dagrun for one_task_dag to None, run_after=None
[2025-04-09T21:02:36.580+0000] {processor.py:179} INFO - Processing /workspaces/hands-on-introduction-data-engineering-4395021/airflow/dags/one_task_dag.py took 0.056 seconds
[2025-04-09T21:03:06.814+0000] {processor.py:157} INFO - Started process (PID=37093) to work on /workspaces/hands-on-introduction-data-engineering-4395021/airflow/dags/one_task_dag.py
[2025-04-09T21:03:06.815+0000] {processor.py:826} INFO - Processing file /workspaces/hands-on-introduction-data-engineering-4395021/airflow/dags/one_task_dag.py for tasks to queue
[2025-04-09T21:03:06.816+0000] {logging_mixin.py:150} INFO - [2025-04-09T21:03:06.815+0000] {dagbag.py:541} INFO - Filling up the DagBag from /workspaces/hands-on-introduction-data-engineering-4395021/airflow/dags/one_task_dag.py
[2025-04-09T21:03:06.823+0000] {processor.py:836} INFO - DAG(s) dict_keys(['one_task_dag']) retrieved from /workspaces/hands-on-introduction-data-engineering-4395021/airflow/dags/one_task_dag.py
[2025-04-09T21:03:06.841+0000] {logging_mixin.py:150} INFO - [2025-04-09T21:03:06.840+0000] {dag.py:2742} INFO - Sync 1 DAGs
[2025-04-09T21:03:06.854+0000] {logging_mixin.py:150} INFO - [2025-04-09T21:03:06.854+0000] {dag.py:3504} INFO - Setting next_dagrun for one_task_dag to None, run_after=None
[2025-04-09T21:03:06.867+0000] {processor.py:179} INFO - Processing /workspaces/hands-on-introduction-data-engineering-4395021/airflow/dags/one_task_dag.py took 0.056 seconds
[2025-04-09T21:03:37.106+0000] {processor.py:157} INFO - Started process (PID=37267) to work on /workspaces/hands-on-introduction-data-engineering-4395021/airflow/dags/one_task_dag.py
[2025-04-09T21:03:37.107+0000] {processor.py:826} INFO - Processing file /workspaces/hands-on-introduction-data-engineering-4395021/airflow/dags/one_task_dag.py for tasks to queue
[2025-04-09T21:03:37.108+0000] {logging_mixin.py:150} INFO - [2025-04-09T21:03:37.107+0000] {dagbag.py:541} INFO - Filling up the DagBag from /workspaces/hands-on-introduction-data-engineering-4395021/airflow/dags/one_task_dag.py
[2025-04-09T21:03:37.115+0000] {processor.py:836} INFO - DAG(s) dict_keys(['one_task_dag']) retrieved from /workspaces/hands-on-introduction-data-engineering-4395021/airflow/dags/one_task_dag.py
[2025-04-09T21:03:37.132+0000] {logging_mixin.py:150} INFO - [2025-04-09T21:03:37.132+0000] {dag.py:2742} INFO - Sync 1 DAGs
[2025-04-09T21:03:37.149+0000] {logging_mixin.py:150} INFO - [2025-04-09T21:03:37.149+0000] {dag.py:3504} INFO - Setting next_dagrun for one_task_dag to None, run_after=None
[2025-04-09T21:03:37.162+0000] {processor.py:179} INFO - Processing /workspaces/hands-on-introduction-data-engineering-4395021/airflow/dags/one_task_dag.py took 0.059 seconds
[2025-04-09T21:04:07.400+0000] {processor.py:157} INFO - Started process (PID=37444) to work on /workspaces/hands-on-introduction-data-engineering-4395021/airflow/dags/one_task_dag.py
[2025-04-09T21:04:07.401+0000] {processor.py:826} INFO - Processing file /workspaces/hands-on-introduction-data-engineering-4395021/airflow/dags/one_task_dag.py for tasks to queue
[2025-04-09T21:04:07.401+0000] {logging_mixin.py:150} INFO - [2025-04-09T21:04:07.401+0000] {dagbag.py:541} INFO - Filling up the DagBag from /workspaces/hands-on-introduction-data-engineering-4395021/airflow/dags/one_task_dag.py
[2025-04-09T21:04:07.409+0000] {processor.py:836} INFO - DAG(s) dict_keys(['one_task_dag']) retrieved from /workspaces/hands-on-introduction-data-engineering-4395021/airflow/dags/one_task_dag.py
[2025-04-09T21:04:07.426+0000] {logging_mixin.py:150} INFO - [2025-04-09T21:04:07.426+0000] {dag.py:2742} INFO - Sync 1 DAGs
[2025-04-09T21:04:07.439+0000] {logging_mixin.py:150} INFO - [2025-04-09T21:04:07.439+0000] {dag.py:3504} INFO - Setting next_dagrun for one_task_dag to None, run_after=None
[2025-04-09T21:04:07.453+0000] {processor.py:179} INFO - Processing /workspaces/hands-on-introduction-data-engineering-4395021/airflow/dags/one_task_dag.py took 0.055 seconds
[2025-04-09T21:04:37.686+0000] {processor.py:157} INFO - Started process (PID=37622) to work on /workspaces/hands-on-introduction-data-engineering-4395021/airflow/dags/one_task_dag.py
[2025-04-09T21:04:37.687+0000] {processor.py:826} INFO - Processing file /workspaces/hands-on-introduction-data-engineering-4395021/airflow/dags/one_task_dag.py for tasks to queue
[2025-04-09T21:04:37.688+0000] {logging_mixin.py:150} INFO - [2025-04-09T21:04:37.687+0000] {dagbag.py:541} INFO - Filling up the DagBag from /workspaces/hands-on-introduction-data-engineering-4395021/airflow/dags/one_task_dag.py
[2025-04-09T21:04:37.695+0000] {processor.py:836} INFO - DAG(s) dict_keys(['one_task_dag']) retrieved from /workspaces/hands-on-introduction-data-engineering-4395021/airflow/dags/one_task_dag.py
[2025-04-09T21:04:37.712+0000] {logging_mixin.py:150} INFO - [2025-04-09T21:04:37.712+0000] {dag.py:2742} INFO - Sync 1 DAGs
[2025-04-09T21:04:37.726+0000] {logging_mixin.py:150} INFO - [2025-04-09T21:04:37.726+0000] {dag.py:3504} INFO - Setting next_dagrun for one_task_dag to None, run_after=None
[2025-04-09T21:04:37.740+0000] {processor.py:179} INFO - Processing /workspaces/hands-on-introduction-data-engineering-4395021/airflow/dags/one_task_dag.py took 0.056 seconds
[2025-04-09T21:05:07.973+0000] {processor.py:157} INFO - Started process (PID=37795) to work on /workspaces/hands-on-introduction-data-engineering-4395021/airflow/dags/one_task_dag.py
[2025-04-09T21:05:07.974+0000] {processor.py:826} INFO - Processing file /workspaces/hands-on-introduction-data-engineering-4395021/airflow/dags/one_task_dag.py for tasks to queue
[2025-04-09T21:05:07.974+0000] {logging_mixin.py:150} INFO - [2025-04-09T21:05:07.974+0000] {dagbag.py:541} INFO - Filling up the DagBag from /workspaces/hands-on-introduction-data-engineering-4395021/airflow/dags/one_task_dag.py
[2025-04-09T21:05:07.982+0000] {processor.py:836} INFO - DAG(s) dict_keys(['one_task_dag']) retrieved from /workspaces/hands-on-introduction-data-engineering-4395021/airflow/dags/one_task_dag.py
[2025-04-09T21:05:08.000+0000] {logging_mixin.py:150} INFO - [2025-04-09T21:05:07.999+0000] {dag.py:2742} INFO - Sync 1 DAGs
[2025-04-09T21:05:08.013+0000] {logging_mixin.py:150} INFO - [2025-04-09T21:05:08.013+0000] {dag.py:3504} INFO - Setting next_dagrun for one_task_dag to None, run_after=None
[2025-04-09T21:05:08.027+0000] {processor.py:179} INFO - Processing /workspaces/hands-on-introduction-data-engineering-4395021/airflow/dags/one_task_dag.py took 0.056 seconds
[2025-04-09T21:05:38.259+0000] {processor.py:157} INFO - Started process (PID=37975) to work on /workspaces/hands-on-introduction-data-engineering-4395021/airflow/dags/one_task_dag.py
[2025-04-09T21:05:38.260+0000] {processor.py:826} INFO - Processing file /workspaces/hands-on-introduction-data-engineering-4395021/airflow/dags/one_task_dag.py for tasks to queue
[2025-04-09T21:05:38.261+0000] {logging_mixin.py:150} INFO - [2025-04-09T21:05:38.260+0000] {dagbag.py:541} INFO - Filling up the DagBag from /workspaces/hands-on-introduction-data-engineering-4395021/airflow/dags/one_task_dag.py
[2025-04-09T21:05:38.268+0000] {processor.py:836} INFO - DAG(s) dict_keys(['one_task_dag']) retrieved from /workspaces/hands-on-introduction-data-engineering-4395021/airflow/dags/one_task_dag.py
[2025-04-09T21:05:38.285+0000] {logging_mixin.py:150} INFO - [2025-04-09T21:05:38.285+0000] {dag.py:2742} INFO - Sync 1 DAGs
[2025-04-09T21:05:38.299+0000] {logging_mixin.py:150} INFO - [2025-04-09T21:05:38.299+0000] {dag.py:3504} INFO - Setting next_dagrun for one_task_dag to None, run_after=None
[2025-04-09T21:05:38.312+0000] {processor.py:179} INFO - Processing /workspaces/hands-on-introduction-data-engineering-4395021/airflow/dags/one_task_dag.py took 0.055 seconds
[2025-04-09T21:06:08.546+0000] {processor.py:157} INFO - Started process (PID=38154) to work on /workspaces/hands-on-introduction-data-engineering-4395021/airflow/dags/one_task_dag.py
[2025-04-09T21:06:08.547+0000] {processor.py:826} INFO - Processing file /workspaces/hands-on-introduction-data-engineering-4395021/airflow/dags/one_task_dag.py for tasks to queue
[2025-04-09T21:06:08.547+0000] {logging_mixin.py:150} INFO - [2025-04-09T21:06:08.547+0000] {dagbag.py:541} INFO - Filling up the DagBag from /workspaces/hands-on-introduction-data-engineering-4395021/airflow/dags/one_task_dag.py
[2025-04-09T21:06:08.555+0000] {processor.py:836} INFO - DAG(s) dict_keys(['one_task_dag']) retrieved from /workspaces/hands-on-introduction-data-engineering-4395021/airflow/dags/one_task_dag.py
[2025-04-09T21:06:08.573+0000] {logging_mixin.py:150} INFO - [2025-04-09T21:06:08.572+0000] {dag.py:2742} INFO - Sync 1 DAGs
[2025-04-09T21:06:08.586+0000] {logging_mixin.py:150} INFO - [2025-04-09T21:06:08.586+0000] {dag.py:3504} INFO - Setting next_dagrun for one_task_dag to None, run_after=None
[2025-04-09T21:06:08.599+0000] {processor.py:179} INFO - Processing /workspaces/hands-on-introduction-data-engineering-4395021/airflow/dags/one_task_dag.py took 0.056 seconds
[2025-04-09T21:06:38.841+0000] {processor.py:157} INFO - Started process (PID=38342) to work on /workspaces/hands-on-introduction-data-engineering-4395021/airflow/dags/one_task_dag.py
[2025-04-09T21:06:38.842+0000] {processor.py:826} INFO - Processing file /workspaces/hands-on-introduction-data-engineering-4395021/airflow/dags/one_task_dag.py for tasks to queue
[2025-04-09T21:06:38.843+0000] {logging_mixin.py:150} INFO - [2025-04-09T21:06:38.843+0000] {dagbag.py:541} INFO - Filling up the DagBag from /workspaces/hands-on-introduction-data-engineering-4395021/airflow/dags/one_task_dag.py
[2025-04-09T21:06:38.850+0000] {processor.py:836} INFO - DAG(s) dict_keys(['one_task_dag']) retrieved from /workspaces/hands-on-introduction-data-engineering-4395021/airflow/dags/one_task_dag.py
[2025-04-09T21:06:38.868+0000] {logging_mixin.py:150} INFO - [2025-04-09T21:06:38.868+0000] {dag.py:2742} INFO - Sync 1 DAGs
[2025-04-09T21:06:38.881+0000] {logging_mixin.py:150} INFO - [2025-04-09T21:06:38.881+0000] {dag.py:3504} INFO - Setting next_dagrun for one_task_dag to None, run_after=None
[2025-04-09T21:06:38.894+0000] {processor.py:179} INFO - Processing /workspaces/hands-on-introduction-data-engineering-4395021/airflow/dags/one_task_dag.py took 0.056 seconds
[2025-04-09T21:07:09.128+0000] {processor.py:157} INFO - Started process (PID=38554) to work on /workspaces/hands-on-introduction-data-engineering-4395021/airflow/dags/one_task_dag.py
[2025-04-09T21:07:09.129+0000] {processor.py:826} INFO - Processing file /workspaces/hands-on-introduction-data-engineering-4395021/airflow/dags/one_task_dag.py for tasks to queue
[2025-04-09T21:07:09.130+0000] {logging_mixin.py:150} INFO - [2025-04-09T21:07:09.130+0000] {dagbag.py:541} INFO - Filling up the DagBag from /workspaces/hands-on-introduction-data-engineering-4395021/airflow/dags/one_task_dag.py
[2025-04-09T21:07:09.138+0000] {processor.py:836} INFO - DAG(s) dict_keys(['one_task_dag']) retrieved from /workspaces/hands-on-introduction-data-engineering-4395021/airflow/dags/one_task_dag.py
[2025-04-09T21:07:09.155+0000] {logging_mixin.py:150} INFO - [2025-04-09T21:07:09.155+0000] {dag.py:2742} INFO - Sync 1 DAGs
[2025-04-09T21:07:09.168+0000] {logging_mixin.py:150} INFO - [2025-04-09T21:07:09.168+0000] {dag.py:3504} INFO - Setting next_dagrun for one_task_dag to None, run_after=None
[2025-04-09T21:07:09.182+0000] {processor.py:179} INFO - Processing /workspaces/hands-on-introduction-data-engineering-4395021/airflow/dags/one_task_dag.py took 0.056 seconds
[2025-04-09T21:07:39.418+0000] {processor.py:157} INFO - Started process (PID=38740) to work on /workspaces/hands-on-introduction-data-engineering-4395021/airflow/dags/one_task_dag.py
[2025-04-09T21:07:39.419+0000] {processor.py:826} INFO - Processing file /workspaces/hands-on-introduction-data-engineering-4395021/airflow/dags/one_task_dag.py for tasks to queue
[2025-04-09T21:07:39.420+0000] {logging_mixin.py:150} INFO - [2025-04-09T21:07:39.420+0000] {dagbag.py:541} INFO - Filling up the DagBag from /workspaces/hands-on-introduction-data-engineering-4395021/airflow/dags/one_task_dag.py
[2025-04-09T21:07:39.428+0000] {processor.py:836} INFO - DAG(s) dict_keys(['one_task_dag']) retrieved from /workspaces/hands-on-introduction-data-engineering-4395021/airflow/dags/one_task_dag.py
[2025-04-09T21:07:39.447+0000] {logging_mixin.py:150} INFO - [2025-04-09T21:07:39.447+0000] {dag.py:2742} INFO - Sync 1 DAGs
[2025-04-09T21:07:39.460+0000] {logging_mixin.py:150} INFO - [2025-04-09T21:07:39.460+0000] {dag.py:3504} INFO - Setting next_dagrun for one_task_dag to None, run_after=None
[2025-04-09T21:07:39.474+0000] {processor.py:179} INFO - Processing /workspaces/hands-on-introduction-data-engineering-4395021/airflow/dags/one_task_dag.py took 0.058 seconds
[2025-04-09T21:08:09.708+0000] {processor.py:157} INFO - Started process (PID=38918) to work on /workspaces/hands-on-introduction-data-engineering-4395021/airflow/dags/one_task_dag.py
[2025-04-09T21:08:09.708+0000] {processor.py:826} INFO - Processing file /workspaces/hands-on-introduction-data-engineering-4395021/airflow/dags/one_task_dag.py for tasks to queue
[2025-04-09T21:08:09.709+0000] {logging_mixin.py:150} INFO - [2025-04-09T21:08:09.709+0000] {dagbag.py:541} INFO - Filling up the DagBag from /workspaces/hands-on-introduction-data-engineering-4395021/airflow/dags/one_task_dag.py
[2025-04-09T21:08:09.716+0000] {processor.py:836} INFO - DAG(s) dict_keys(['one_task_dag']) retrieved from /workspaces/hands-on-introduction-data-engineering-4395021/airflow/dags/one_task_dag.py
[2025-04-09T21:08:09.733+0000] {logging_mixin.py:150} INFO - [2025-04-09T21:08:09.733+0000] {dag.py:2742} INFO - Sync 1 DAGs
[2025-04-09T21:08:09.747+0000] {logging_mixin.py:150} INFO - [2025-04-09T21:08:09.747+0000] {dag.py:3504} INFO - Setting next_dagrun for one_task_dag to None, run_after=None
[2025-04-09T21:08:09.761+0000] {processor.py:179} INFO - Processing /workspaces/hands-on-introduction-data-engineering-4395021/airflow/dags/one_task_dag.py took 0.056 seconds
[2025-04-09T21:08:40.020+0000] {processor.py:157} INFO - Started process (PID=39196) to work on /workspaces/hands-on-introduction-data-engineering-4395021/airflow/dags/one_task_dag.py
[2025-04-09T21:08:40.021+0000] {processor.py:826} INFO - Processing file /workspaces/hands-on-introduction-data-engineering-4395021/airflow/dags/one_task_dag.py for tasks to queue
[2025-04-09T21:08:40.021+0000] {logging_mixin.py:150} INFO - [2025-04-09T21:08:40.021+0000] {dagbag.py:541} INFO - Filling up the DagBag from /workspaces/hands-on-introduction-data-engineering-4395021/airflow/dags/one_task_dag.py
[2025-04-09T21:08:40.029+0000] {processor.py:836} INFO - DAG(s) dict_keys(['one_task_dag']) retrieved from /workspaces/hands-on-introduction-data-engineering-4395021/airflow/dags/one_task_dag.py
[2025-04-09T21:08:40.046+0000] {logging_mixin.py:150} INFO - [2025-04-09T21:08:40.046+0000] {dag.py:2742} INFO - Sync 1 DAGs
[2025-04-09T21:08:40.061+0000] {logging_mixin.py:150} INFO - [2025-04-09T21:08:40.061+0000] {dag.py:3504} INFO - Setting next_dagrun for one_task_dag to None, run_after=None
[2025-04-09T21:08:40.074+0000] {processor.py:179} INFO - Processing /workspaces/hands-on-introduction-data-engineering-4395021/airflow/dags/one_task_dag.py took 0.056 seconds
[2025-04-09T21:09:10.314+0000] {processor.py:157} INFO - Started process (PID=39435) to work on /workspaces/hands-on-introduction-data-engineering-4395021/airflow/dags/one_task_dag.py
[2025-04-09T21:09:10.314+0000] {processor.py:826} INFO - Processing file /workspaces/hands-on-introduction-data-engineering-4395021/airflow/dags/one_task_dag.py for tasks to queue
[2025-04-09T21:09:10.315+0000] {logging_mixin.py:150} INFO - [2025-04-09T21:09:10.315+0000] {dagbag.py:541} INFO - Filling up the DagBag from /workspaces/hands-on-introduction-data-engineering-4395021/airflow/dags/one_task_dag.py
[2025-04-09T21:09:10.322+0000] {processor.py:836} INFO - DAG(s) dict_keys(['one_task_dag']) retrieved from /workspaces/hands-on-introduction-data-engineering-4395021/airflow/dags/one_task_dag.py
[2025-04-09T21:09:10.339+0000] {logging_mixin.py:150} INFO - [2025-04-09T21:09:10.339+0000] {dag.py:2742} INFO - Sync 1 DAGs
[2025-04-09T21:09:10.353+0000] {logging_mixin.py:150} INFO - [2025-04-09T21:09:10.353+0000] {dag.py:3504} INFO - Setting next_dagrun for one_task_dag to None, run_after=None
[2025-04-09T21:09:10.366+0000] {processor.py:179} INFO - Processing /workspaces/hands-on-introduction-data-engineering-4395021/airflow/dags/one_task_dag.py took 0.055 seconds
[2025-04-09T21:09:40.599+0000] {processor.py:157} INFO - Started process (PID=39774) to work on /workspaces/hands-on-introduction-data-engineering-4395021/airflow/dags/one_task_dag.py
[2025-04-09T21:09:40.600+0000] {processor.py:826} INFO - Processing file /workspaces/hands-on-introduction-data-engineering-4395021/airflow/dags/one_task_dag.py for tasks to queue
[2025-04-09T21:09:40.600+0000] {logging_mixin.py:150} INFO - [2025-04-09T21:09:40.600+0000] {dagbag.py:541} INFO - Filling up the DagBag from /workspaces/hands-on-introduction-data-engineering-4395021/airflow/dags/one_task_dag.py
[2025-04-09T21:09:40.607+0000] {processor.py:836} INFO - DAG(s) dict_keys(['one_task_dag']) retrieved from /workspaces/hands-on-introduction-data-engineering-4395021/airflow/dags/one_task_dag.py
[2025-04-09T21:09:40.625+0000] {logging_mixin.py:150} INFO - [2025-04-09T21:09:40.625+0000] {dag.py:2742} INFO - Sync 1 DAGs
[2025-04-09T21:09:40.639+0000] {logging_mixin.py:150} INFO - [2025-04-09T21:09:40.639+0000] {dag.py:3504} INFO - Setting next_dagrun for one_task_dag to None, run_after=None
[2025-04-09T21:09:40.653+0000] {processor.py:179} INFO - Processing /workspaces/hands-on-introduction-data-engineering-4395021/airflow/dags/one_task_dag.py took 0.056 seconds
[2025-04-09T21:10:10.889+0000] {processor.py:157} INFO - Started process (PID=40155) to work on /workspaces/hands-on-introduction-data-engineering-4395021/airflow/dags/one_task_dag.py
[2025-04-09T21:10:10.890+0000] {processor.py:826} INFO - Processing file /workspaces/hands-on-introduction-data-engineering-4395021/airflow/dags/one_task_dag.py for tasks to queue
[2025-04-09T21:10:10.890+0000] {logging_mixin.py:150} INFO - [2025-04-09T21:10:10.890+0000] {dagbag.py:541} INFO - Filling up the DagBag from /workspaces/hands-on-introduction-data-engineering-4395021/airflow/dags/one_task_dag.py
[2025-04-09T21:10:10.898+0000] {processor.py:836} INFO - DAG(s) dict_keys(['one_task_dag']) retrieved from /workspaces/hands-on-introduction-data-engineering-4395021/airflow/dags/one_task_dag.py
[2025-04-09T21:10:10.916+0000] {logging_mixin.py:150} INFO - [2025-04-09T21:10:10.915+0000] {dag.py:2742} INFO - Sync 1 DAGs
[2025-04-09T21:10:10.929+0000] {logging_mixin.py:150} INFO - [2025-04-09T21:10:10.929+0000] {dag.py:3504} INFO - Setting next_dagrun for one_task_dag to None, run_after=None
[2025-04-09T21:10:10.942+0000] {processor.py:179} INFO - Processing /workspaces/hands-on-introduction-data-engineering-4395021/airflow/dags/one_task_dag.py took 0.057 seconds
[2025-04-09T21:10:41.177+0000] {processor.py:157} INFO - Started process (PID=40465) to work on /workspaces/hands-on-introduction-data-engineering-4395021/airflow/dags/one_task_dag.py
[2025-04-09T21:10:41.178+0000] {processor.py:826} INFO - Processing file /workspaces/hands-on-introduction-data-engineering-4395021/airflow/dags/one_task_dag.py for tasks to queue
[2025-04-09T21:10:41.179+0000] {logging_mixin.py:150} INFO - [2025-04-09T21:10:41.178+0000] {dagbag.py:541} INFO - Filling up the DagBag from /workspaces/hands-on-introduction-data-engineering-4395021/airflow/dags/one_task_dag.py
[2025-04-09T21:10:41.186+0000] {processor.py:836} INFO - DAG(s) dict_keys(['one_task_dag']) retrieved from /workspaces/hands-on-introduction-data-engineering-4395021/airflow/dags/one_task_dag.py
[2025-04-09T21:10:41.203+0000] {logging_mixin.py:150} INFO - [2025-04-09T21:10:41.203+0000] {dag.py:2742} INFO - Sync 1 DAGs
[2025-04-09T21:10:41.216+0000] {logging_mixin.py:150} INFO - [2025-04-09T21:10:41.216+0000] {dag.py:3504} INFO - Setting next_dagrun for one_task_dag to None, run_after=None
[2025-04-09T21:10:41.230+0000] {processor.py:179} INFO - Processing /workspaces/hands-on-introduction-data-engineering-4395021/airflow/dags/one_task_dag.py took 0.055 seconds
[2025-04-09T21:11:11.464+0000] {processor.py:157} INFO - Started process (PID=40758) to work on /workspaces/hands-on-introduction-data-engineering-4395021/airflow/dags/one_task_dag.py
[2025-04-09T21:11:11.465+0000] {processor.py:826} INFO - Processing file /workspaces/hands-on-introduction-data-engineering-4395021/airflow/dags/one_task_dag.py for tasks to queue
[2025-04-09T21:11:11.466+0000] {logging_mixin.py:150} INFO - [2025-04-09T21:11:11.466+0000] {dagbag.py:541} INFO - Filling up the DagBag from /workspaces/hands-on-introduction-data-engineering-4395021/airflow/dags/one_task_dag.py
[2025-04-09T21:11:11.473+0000] {processor.py:836} INFO - DAG(s) dict_keys(['one_task_dag']) retrieved from /workspaces/hands-on-introduction-data-engineering-4395021/airflow/dags/one_task_dag.py
[2025-04-09T21:11:11.490+0000] {logging_mixin.py:150} INFO - [2025-04-09T21:11:11.490+0000] {dag.py:2742} INFO - Sync 1 DAGs
[2025-04-09T21:11:11.504+0000] {logging_mixin.py:150} INFO - [2025-04-09T21:11:11.504+0000] {dag.py:3504} INFO - Setting next_dagrun for one_task_dag to None, run_after=None
[2025-04-09T21:11:11.517+0000] {processor.py:179} INFO - Processing /workspaces/hands-on-introduction-data-engineering-4395021/airflow/dags/one_task_dag.py took 0.056 seconds
[2025-04-09T21:11:41.750+0000] {processor.py:157} INFO - Started process (PID=40951) to work on /workspaces/hands-on-introduction-data-engineering-4395021/airflow/dags/one_task_dag.py
[2025-04-09T21:11:41.751+0000] {processor.py:826} INFO - Processing file /workspaces/hands-on-introduction-data-engineering-4395021/airflow/dags/one_task_dag.py for tasks to queue
[2025-04-09T21:11:41.751+0000] {logging_mixin.py:150} INFO - [2025-04-09T21:11:41.751+0000] {dagbag.py:541} INFO - Filling up the DagBag from /workspaces/hands-on-introduction-data-engineering-4395021/airflow/dags/one_task_dag.py
[2025-04-09T21:11:41.759+0000] {processor.py:836} INFO - DAG(s) dict_keys(['one_task_dag']) retrieved from /workspaces/hands-on-introduction-data-engineering-4395021/airflow/dags/one_task_dag.py
[2025-04-09T21:11:41.778+0000] {logging_mixin.py:150} INFO - [2025-04-09T21:11:41.778+0000] {dag.py:2742} INFO - Sync 1 DAGs
[2025-04-09T21:11:41.791+0000] {logging_mixin.py:150} INFO - [2025-04-09T21:11:41.791+0000] {dag.py:3504} INFO - Setting next_dagrun for one_task_dag to None, run_after=None
[2025-04-09T21:11:41.806+0000] {processor.py:179} INFO - Processing /workspaces/hands-on-introduction-data-engineering-4395021/airflow/dags/one_task_dag.py took 0.059 seconds
[2025-04-09T21:12:12.036+0000] {processor.py:157} INFO - Started process (PID=41130) to work on /workspaces/hands-on-introduction-data-engineering-4395021/airflow/dags/one_task_dag.py
[2025-04-09T21:12:12.037+0000] {processor.py:826} INFO - Processing file /workspaces/hands-on-introduction-data-engineering-4395021/airflow/dags/one_task_dag.py for tasks to queue
[2025-04-09T21:12:12.037+0000] {logging_mixin.py:150} INFO - [2025-04-09T21:12:12.037+0000] {dagbag.py:541} INFO - Filling up the DagBag from /workspaces/hands-on-introduction-data-engineering-4395021/airflow/dags/one_task_dag.py
[2025-04-09T21:12:12.045+0000] {processor.py:836} INFO - DAG(s) dict_keys(['one_task_dag']) retrieved from /workspaces/hands-on-introduction-data-engineering-4395021/airflow/dags/one_task_dag.py
[2025-04-09T21:12:12.062+0000] {logging_mixin.py:150} INFO - [2025-04-09T21:12:12.062+0000] {dag.py:2742} INFO - Sync 1 DAGs
[2025-04-09T21:12:12.076+0000] {logging_mixin.py:150} INFO - [2025-04-09T21:12:12.076+0000] {dag.py:3504} INFO - Setting next_dagrun for one_task_dag to None, run_after=None
[2025-04-09T21:12:12.089+0000] {processor.py:179} INFO - Processing /workspaces/hands-on-introduction-data-engineering-4395021/airflow/dags/one_task_dag.py took 0.056 seconds
[2025-04-09T21:12:42.326+0000] {processor.py:157} INFO - Started process (PID=41374) to work on /workspaces/hands-on-introduction-data-engineering-4395021/airflow/dags/one_task_dag.py
[2025-04-09T21:12:42.327+0000] {processor.py:826} INFO - Processing file /workspaces/hands-on-introduction-data-engineering-4395021/airflow/dags/one_task_dag.py for tasks to queue
[2025-04-09T21:12:42.328+0000] {logging_mixin.py:150} INFO - [2025-04-09T21:12:42.327+0000] {dagbag.py:541} INFO - Filling up the DagBag from /workspaces/hands-on-introduction-data-engineering-4395021/airflow/dags/one_task_dag.py
[2025-04-09T21:12:42.336+0000] {processor.py:836} INFO - DAG(s) dict_keys(['one_task_dag']) retrieved from /workspaces/hands-on-introduction-data-engineering-4395021/airflow/dags/one_task_dag.py
[2025-04-09T21:12:42.354+0000] {logging_mixin.py:150} INFO - [2025-04-09T21:12:42.354+0000] {dag.py:2742} INFO - Sync 1 DAGs
[2025-04-09T21:12:42.368+0000] {logging_mixin.py:150} INFO - [2025-04-09T21:12:42.368+0000] {dag.py:3504} INFO - Setting next_dagrun for one_task_dag to None, run_after=None
[2025-04-09T21:12:42.381+0000] {processor.py:179} INFO - Processing /workspaces/hands-on-introduction-data-engineering-4395021/airflow/dags/one_task_dag.py took 0.058 seconds
[2025-04-09T21:13:12.601+0000] {processor.py:157} INFO - Started process (PID=41559) to work on /workspaces/hands-on-introduction-data-engineering-4395021/airflow/dags/one_task_dag.py
[2025-04-09T21:13:12.602+0000] {processor.py:826} INFO - Processing file /workspaces/hands-on-introduction-data-engineering-4395021/airflow/dags/one_task_dag.py for tasks to queue
[2025-04-09T21:13:12.603+0000] {logging_mixin.py:150} INFO - [2025-04-09T21:13:12.603+0000] {dagbag.py:541} INFO - Filling up the DagBag from /workspaces/hands-on-introduction-data-engineering-4395021/airflow/dags/one_task_dag.py
[2025-04-09T21:13:12.610+0000] {processor.py:836} INFO - DAG(s) dict_keys(['one_task_dag']) retrieved from /workspaces/hands-on-introduction-data-engineering-4395021/airflow/dags/one_task_dag.py
[2025-04-09T21:13:12.628+0000] {logging_mixin.py:150} INFO - [2025-04-09T21:13:12.628+0000] {dag.py:2742} INFO - Sync 1 DAGs
[2025-04-09T21:13:12.641+0000] {logging_mixin.py:150} INFO - [2025-04-09T21:13:12.641+0000] {dag.py:3504} INFO - Setting next_dagrun for one_task_dag to None, run_after=None
[2025-04-09T21:13:12.654+0000] {processor.py:179} INFO - Processing /workspaces/hands-on-introduction-data-engineering-4395021/airflow/dags/one_task_dag.py took 0.055 seconds
[2025-04-09T21:13:42.796+0000] {processor.py:157} INFO - Started process (PID=41767) to work on /workspaces/hands-on-introduction-data-engineering-4395021/airflow/dags/one_task_dag.py
[2025-04-09T21:13:42.797+0000] {processor.py:826} INFO - Processing file /workspaces/hands-on-introduction-data-engineering-4395021/airflow/dags/one_task_dag.py for tasks to queue
[2025-04-09T21:13:42.797+0000] {logging_mixin.py:150} INFO - [2025-04-09T21:13:42.797+0000] {dagbag.py:541} INFO - Filling up the DagBag from /workspaces/hands-on-introduction-data-engineering-4395021/airflow/dags/one_task_dag.py
[2025-04-09T21:13:42.805+0000] {processor.py:836} INFO - DAG(s) dict_keys(['one_task_dag']) retrieved from /workspaces/hands-on-introduction-data-engineering-4395021/airflow/dags/one_task_dag.py
[2025-04-09T21:13:42.823+0000] {logging_mixin.py:150} INFO - [2025-04-09T21:13:42.822+0000] {dag.py:2742} INFO - Sync 1 DAGs
[2025-04-09T21:13:42.836+0000] {logging_mixin.py:150} INFO - [2025-04-09T21:13:42.836+0000] {dag.py:3504} INFO - Setting next_dagrun for one_task_dag to None, run_after=None
[2025-04-09T21:13:42.849+0000] {processor.py:179} INFO - Processing /workspaces/hands-on-introduction-data-engineering-4395021/airflow/dags/one_task_dag.py took 0.056 seconds
[2025-04-09T21:14:12.985+0000] {processor.py:157} INFO - Started process (PID=41964) to work on /workspaces/hands-on-introduction-data-engineering-4395021/airflow/dags/one_task_dag.py
[2025-04-09T21:14:12.985+0000] {processor.py:826} INFO - Processing file /workspaces/hands-on-introduction-data-engineering-4395021/airflow/dags/one_task_dag.py for tasks to queue
[2025-04-09T21:14:12.986+0000] {logging_mixin.py:150} INFO - [2025-04-09T21:14:12.986+0000] {dagbag.py:541} INFO - Filling up the DagBag from /workspaces/hands-on-introduction-data-engineering-4395021/airflow/dags/one_task_dag.py
[2025-04-09T21:14:12.994+0000] {processor.py:836} INFO - DAG(s) dict_keys(['one_task_dag']) retrieved from /workspaces/hands-on-introduction-data-engineering-4395021/airflow/dags/one_task_dag.py
[2025-04-09T21:14:13.012+0000] {logging_mixin.py:150} INFO - [2025-04-09T21:14:13.012+0000] {dag.py:2742} INFO - Sync 1 DAGs
[2025-04-09T21:14:13.025+0000] {logging_mixin.py:150} INFO - [2025-04-09T21:14:13.025+0000] {dag.py:3504} INFO - Setting next_dagrun for one_task_dag to None, run_after=None
[2025-04-09T21:14:13.038+0000] {processor.py:179} INFO - Processing /workspaces/hands-on-introduction-data-engineering-4395021/airflow/dags/one_task_dag.py took 0.056 seconds
[2025-04-09T21:14:43.188+0000] {processor.py:157} INFO - Started process (PID=42166) to work on /workspaces/hands-on-introduction-data-engineering-4395021/airflow/dags/one_task_dag.py
[2025-04-09T21:14:43.188+0000] {processor.py:826} INFO - Processing file /workspaces/hands-on-introduction-data-engineering-4395021/airflow/dags/one_task_dag.py for tasks to queue
[2025-04-09T21:14:43.189+0000] {logging_mixin.py:150} INFO - [2025-04-09T21:14:43.189+0000] {dagbag.py:541} INFO - Filling up the DagBag from /workspaces/hands-on-introduction-data-engineering-4395021/airflow/dags/one_task_dag.py
[2025-04-09T21:14:43.196+0000] {processor.py:836} INFO - DAG(s) dict_keys(['one_task_dag']) retrieved from /workspaces/hands-on-introduction-data-engineering-4395021/airflow/dags/one_task_dag.py
[2025-04-09T21:14:43.214+0000] {logging_mixin.py:150} INFO - [2025-04-09T21:14:43.214+0000] {dag.py:2742} INFO - Sync 1 DAGs
[2025-04-09T21:14:43.229+0000] {logging_mixin.py:150} INFO - [2025-04-09T21:14:43.229+0000] {dag.py:3504} INFO - Setting next_dagrun for one_task_dag to None, run_after=None
[2025-04-09T21:14:43.242+0000] {processor.py:179} INFO - Processing /workspaces/hands-on-introduction-data-engineering-4395021/airflow/dags/one_task_dag.py took 0.057 seconds
[2025-04-09T21:15:13.376+0000] {processor.py:157} INFO - Started process (PID=42363) to work on /workspaces/hands-on-introduction-data-engineering-4395021/airflow/dags/one_task_dag.py
[2025-04-09T21:15:13.377+0000] {processor.py:826} INFO - Processing file /workspaces/hands-on-introduction-data-engineering-4395021/airflow/dags/one_task_dag.py for tasks to queue
[2025-04-09T21:15:13.377+0000] {logging_mixin.py:150} INFO - [2025-04-09T21:15:13.377+0000] {dagbag.py:541} INFO - Filling up the DagBag from /workspaces/hands-on-introduction-data-engineering-4395021/airflow/dags/one_task_dag.py
[2025-04-09T21:15:13.385+0000] {processor.py:836} INFO - DAG(s) dict_keys(['one_task_dag']) retrieved from /workspaces/hands-on-introduction-data-engineering-4395021/airflow/dags/one_task_dag.py
[2025-04-09T21:15:13.402+0000] {logging_mixin.py:150} INFO - [2025-04-09T21:15:13.402+0000] {dag.py:2742} INFO - Sync 1 DAGs
[2025-04-09T21:15:13.416+0000] {logging_mixin.py:150} INFO - [2025-04-09T21:15:13.416+0000] {dag.py:3504} INFO - Setting next_dagrun for one_task_dag to None, run_after=None
[2025-04-09T21:15:13.429+0000] {processor.py:179} INFO - Processing /workspaces/hands-on-introduction-data-engineering-4395021/airflow/dags/one_task_dag.py took 0.056 seconds
[2025-04-09T21:15:43.565+0000] {processor.py:157} INFO - Started process (PID=42560) to work on /workspaces/hands-on-introduction-data-engineering-4395021/airflow/dags/one_task_dag.py
[2025-04-09T21:15:43.566+0000] {processor.py:826} INFO - Processing file /workspaces/hands-on-introduction-data-engineering-4395021/airflow/dags/one_task_dag.py for tasks to queue
[2025-04-09T21:15:43.567+0000] {logging_mixin.py:150} INFO - [2025-04-09T21:15:43.567+0000] {dagbag.py:541} INFO - Filling up the DagBag from /workspaces/hands-on-introduction-data-engineering-4395021/airflow/dags/one_task_dag.py
[2025-04-09T21:15:43.575+0000] {processor.py:836} INFO - DAG(s) dict_keys(['one_task_dag']) retrieved from /workspaces/hands-on-introduction-data-engineering-4395021/airflow/dags/one_task_dag.py
[2025-04-09T21:15:43.598+0000] {logging_mixin.py:150} INFO - [2025-04-09T21:15:43.598+0000] {dag.py:2742} INFO - Sync 1 DAGs
[2025-04-09T21:15:43.618+0000] {logging_mixin.py:150} INFO - [2025-04-09T21:15:43.618+0000] {dag.py:3504} INFO - Setting next_dagrun for one_task_dag to None, run_after=None
[2025-04-09T21:15:43.632+0000] {processor.py:179} INFO - Processing /workspaces/hands-on-introduction-data-engineering-4395021/airflow/dags/one_task_dag.py took 0.070 seconds
[2025-04-09T21:16:13.753+0000] {processor.py:157} INFO - Started process (PID=42766) to work on /workspaces/hands-on-introduction-data-engineering-4395021/airflow/dags/one_task_dag.py
[2025-04-09T21:16:13.754+0000] {processor.py:826} INFO - Processing file /workspaces/hands-on-introduction-data-engineering-4395021/airflow/dags/one_task_dag.py for tasks to queue
[2025-04-09T21:16:13.755+0000] {logging_mixin.py:150} INFO - [2025-04-09T21:16:13.754+0000] {dagbag.py:541} INFO - Filling up the DagBag from /workspaces/hands-on-introduction-data-engineering-4395021/airflow/dags/one_task_dag.py
[2025-04-09T21:16:13.762+0000] {processor.py:836} INFO - DAG(s) dict_keys(['one_task_dag']) retrieved from /workspaces/hands-on-introduction-data-engineering-4395021/airflow/dags/one_task_dag.py
[2025-04-09T21:16:13.779+0000] {logging_mixin.py:150} INFO - [2025-04-09T21:16:13.779+0000] {dag.py:2742} INFO - Sync 1 DAGs
[2025-04-09T21:16:13.793+0000] {logging_mixin.py:150} INFO - [2025-04-09T21:16:13.793+0000] {dag.py:3504} INFO - Setting next_dagrun for one_task_dag to None, run_after=None
[2025-04-09T21:16:13.809+0000] {processor.py:179} INFO - Processing /workspaces/hands-on-introduction-data-engineering-4395021/airflow/dags/one_task_dag.py took 0.059 seconds
[2025-04-09T21:16:43.969+0000] {processor.py:157} INFO - Started process (PID=42967) to work on /workspaces/hands-on-introduction-data-engineering-4395021/airflow/dags/one_task_dag.py
[2025-04-09T21:16:43.970+0000] {processor.py:826} INFO - Processing file /workspaces/hands-on-introduction-data-engineering-4395021/airflow/dags/one_task_dag.py for tasks to queue
[2025-04-09T21:16:43.971+0000] {logging_mixin.py:150} INFO - [2025-04-09T21:16:43.970+0000] {dagbag.py:541} INFO - Filling up the DagBag from /workspaces/hands-on-introduction-data-engineering-4395021/airflow/dags/one_task_dag.py
[2025-04-09T21:16:43.978+0000] {processor.py:836} INFO - DAG(s) dict_keys(['one_task_dag']) retrieved from /workspaces/hands-on-introduction-data-engineering-4395021/airflow/dags/one_task_dag.py
[2025-04-09T21:16:43.995+0000] {logging_mixin.py:150} INFO - [2025-04-09T21:16:43.995+0000] {dag.py:2742} INFO - Sync 1 DAGs
[2025-04-09T21:16:44.009+0000] {logging_mixin.py:150} INFO - [2025-04-09T21:16:44.009+0000] {dag.py:3504} INFO - Setting next_dagrun for one_task_dag to None, run_after=None
[2025-04-09T21:16:44.022+0000] {processor.py:179} INFO - Processing /workspaces/hands-on-introduction-data-engineering-4395021/airflow/dags/one_task_dag.py took 0.056 seconds
[2025-04-09T21:17:14.176+0000] {processor.py:157} INFO - Started process (PID=43177) to work on /workspaces/hands-on-introduction-data-engineering-4395021/airflow/dags/one_task_dag.py
[2025-04-09T21:17:14.177+0000] {processor.py:826} INFO - Processing file /workspaces/hands-on-introduction-data-engineering-4395021/airflow/dags/one_task_dag.py for tasks to queue
[2025-04-09T21:17:14.178+0000] {logging_mixin.py:150} INFO - [2025-04-09T21:17:14.177+0000] {dagbag.py:541} INFO - Filling up the DagBag from /workspaces/hands-on-introduction-data-engineering-4395021/airflow/dags/one_task_dag.py
[2025-04-09T21:17:14.185+0000] {processor.py:836} INFO - DAG(s) dict_keys(['one_task_dag']) retrieved from /workspaces/hands-on-introduction-data-engineering-4395021/airflow/dags/one_task_dag.py
[2025-04-09T21:17:14.203+0000] {logging_mixin.py:150} INFO - [2025-04-09T21:17:14.203+0000] {dag.py:2742} INFO - Sync 1 DAGs
[2025-04-09T21:17:14.218+0000] {logging_mixin.py:150} INFO - [2025-04-09T21:17:14.218+0000] {dag.py:3504} INFO - Setting next_dagrun for one_task_dag to None, run_after=None
[2025-04-09T21:17:14.231+0000] {processor.py:179} INFO - Processing /workspaces/hands-on-introduction-data-engineering-4395021/airflow/dags/one_task_dag.py took 0.058 seconds
[2025-04-09T21:17:44.391+0000] {processor.py:157} INFO - Started process (PID=43378) to work on /workspaces/hands-on-introduction-data-engineering-4395021/airflow/dags/one_task_dag.py
[2025-04-09T21:17:44.394+0000] {processor.py:826} INFO - Processing file /workspaces/hands-on-introduction-data-engineering-4395021/airflow/dags/one_task_dag.py for tasks to queue
[2025-04-09T21:17:44.395+0000] {logging_mixin.py:150} INFO - [2025-04-09T21:17:44.395+0000] {dagbag.py:541} INFO - Filling up the DagBag from /workspaces/hands-on-introduction-data-engineering-4395021/airflow/dags/one_task_dag.py
[2025-04-09T21:17:44.415+0000] {processor.py:836} INFO - DAG(s) dict_keys(['one_task_dag']) retrieved from /workspaces/hands-on-introduction-data-engineering-4395021/airflow/dags/one_task_dag.py
[2025-04-09T21:17:44.469+0000] {logging_mixin.py:150} INFO - [2025-04-09T21:17:44.469+0000] {dag.py:2742} INFO - Sync 1 DAGs
[2025-04-09T21:17:44.511+0000] {logging_mixin.py:150} INFO - [2025-04-09T21:17:44.511+0000] {dag.py:3504} INFO - Setting next_dagrun for one_task_dag to None, run_after=None
[2025-04-09T21:17:44.568+0000] {processor.py:179} INFO - Processing /workspaces/hands-on-introduction-data-engineering-4395021/airflow/dags/one_task_dag.py took 0.184 seconds
[2025-04-09T21:18:14.711+0000] {processor.py:157} INFO - Started process (PID=43577) to work on /workspaces/hands-on-introduction-data-engineering-4395021/airflow/dags/one_task_dag.py
[2025-04-09T21:18:14.712+0000] {processor.py:826} INFO - Processing file /workspaces/hands-on-introduction-data-engineering-4395021/airflow/dags/one_task_dag.py for tasks to queue
[2025-04-09T21:18:14.713+0000] {logging_mixin.py:150} INFO - [2025-04-09T21:18:14.712+0000] {dagbag.py:541} INFO - Filling up the DagBag from /workspaces/hands-on-introduction-data-engineering-4395021/airflow/dags/one_task_dag.py
[2025-04-09T21:18:14.721+0000] {processor.py:836} INFO - DAG(s) dict_keys(['one_task_dag']) retrieved from /workspaces/hands-on-introduction-data-engineering-4395021/airflow/dags/one_task_dag.py
[2025-04-09T21:18:14.767+0000] {logging_mixin.py:150} INFO - [2025-04-09T21:18:14.767+0000] {dag.py:2742} INFO - Sync 1 DAGs
[2025-04-09T21:18:14.782+0000] {logging_mixin.py:150} INFO - [2025-04-09T21:18:14.781+0000] {dag.py:3504} INFO - Setting next_dagrun for one_task_dag to None, run_after=None
[2025-04-09T21:18:14.795+0000] {processor.py:179} INFO - Processing /workspaces/hands-on-introduction-data-engineering-4395021/airflow/dags/one_task_dag.py took 0.086 seconds
[2025-04-09T21:18:45.968+0000] {processor.py:157} INFO - Started process (PID=43793) to work on /workspaces/hands-on-introduction-data-engineering-4395021/airflow/dags/one_task_dag.py
[2025-04-09T21:18:45.969+0000] {processor.py:826} INFO - Processing file /workspaces/hands-on-introduction-data-engineering-4395021/airflow/dags/one_task_dag.py for tasks to queue
[2025-04-09T21:18:45.970+0000] {logging_mixin.py:150} INFO - [2025-04-09T21:18:45.970+0000] {dagbag.py:541} INFO - Filling up the DagBag from /workspaces/hands-on-introduction-data-engineering-4395021/airflow/dags/one_task_dag.py
[2025-04-09T21:18:45.977+0000] {processor.py:836} INFO - DAG(s) dict_keys(['one_task_dag']) retrieved from /workspaces/hands-on-introduction-data-engineering-4395021/airflow/dags/one_task_dag.py
[2025-04-09T21:18:45.995+0000] {logging_mixin.py:150} INFO - [2025-04-09T21:18:45.995+0000] {dag.py:2742} INFO - Sync 1 DAGs
[2025-04-09T21:18:46.008+0000] {logging_mixin.py:150} INFO - [2025-04-09T21:18:46.008+0000] {dag.py:3504} INFO - Setting next_dagrun for one_task_dag to None, run_after=None
[2025-04-09T21:18:46.021+0000] {processor.py:179} INFO - Processing /workspaces/hands-on-introduction-data-engineering-4395021/airflow/dags/one_task_dag.py took 0.055 seconds
[2025-04-09T21:19:16.259+0000] {processor.py:157} INFO - Started process (PID=43993) to work on /workspaces/hands-on-introduction-data-engineering-4395021/airflow/dags/one_task_dag.py
[2025-04-09T21:19:16.260+0000] {processor.py:826} INFO - Processing file /workspaces/hands-on-introduction-data-engineering-4395021/airflow/dags/one_task_dag.py for tasks to queue
[2025-04-09T21:19:16.261+0000] {logging_mixin.py:150} INFO - [2025-04-09T21:19:16.260+0000] {dagbag.py:541} INFO - Filling up the DagBag from /workspaces/hands-on-introduction-data-engineering-4395021/airflow/dags/one_task_dag.py
[2025-04-09T21:19:16.268+0000] {processor.py:836} INFO - DAG(s) dict_keys(['one_task_dag']) retrieved from /workspaces/hands-on-introduction-data-engineering-4395021/airflow/dags/one_task_dag.py
[2025-04-09T21:19:16.285+0000] {logging_mixin.py:150} INFO - [2025-04-09T21:19:16.285+0000] {dag.py:2742} INFO - Sync 1 DAGs
[2025-04-09T21:19:16.299+0000] {logging_mixin.py:150} INFO - [2025-04-09T21:19:16.299+0000] {dag.py:3504} INFO - Setting next_dagrun for one_task_dag to None, run_after=None
[2025-04-09T21:19:16.312+0000] {processor.py:179} INFO - Processing /workspaces/hands-on-introduction-data-engineering-4395021/airflow/dags/one_task_dag.py took 0.056 seconds
[2025-04-09T21:19:46.654+0000] {processor.py:157} INFO - Started process (PID=44185) to work on /workspaces/hands-on-introduction-data-engineering-4395021/airflow/dags/one_task_dag.py
[2025-04-09T21:19:46.655+0000] {processor.py:826} INFO - Processing file /workspaces/hands-on-introduction-data-engineering-4395021/airflow/dags/one_task_dag.py for tasks to queue
[2025-04-09T21:19:46.656+0000] {logging_mixin.py:150} INFO - [2025-04-09T21:19:46.655+0000] {dagbag.py:541} INFO - Filling up the DagBag from /workspaces/hands-on-introduction-data-engineering-4395021/airflow/dags/one_task_dag.py
[2025-04-09T21:19:46.662+0000] {processor.py:836} INFO - DAG(s) dict_keys(['one_task_dag']) retrieved from /workspaces/hands-on-introduction-data-engineering-4395021/airflow/dags/one_task_dag.py
[2025-04-09T21:19:46.679+0000] {logging_mixin.py:150} INFO - [2025-04-09T21:19:46.679+0000] {dag.py:2742} INFO - Sync 1 DAGs
[2025-04-09T21:19:46.692+0000] {logging_mixin.py:150} INFO - [2025-04-09T21:19:46.692+0000] {dag.py:3504} INFO - Setting next_dagrun for one_task_dag to None, run_after=None
[2025-04-09T21:19:46.706+0000] {processor.py:179} INFO - Processing /workspaces/hands-on-introduction-data-engineering-4395021/airflow/dags/one_task_dag.py took 0.055 seconds
[2025-04-09T21:20:17.050+0000] {processor.py:157} INFO - Started process (PID=44365) to work on /workspaces/hands-on-introduction-data-engineering-4395021/airflow/dags/one_task_dag.py
[2025-04-09T21:20:17.051+0000] {processor.py:826} INFO - Processing file /workspaces/hands-on-introduction-data-engineering-4395021/airflow/dags/one_task_dag.py for tasks to queue
[2025-04-09T21:20:17.051+0000] {logging_mixin.py:150} INFO - [2025-04-09T21:20:17.051+0000] {dagbag.py:541} INFO - Filling up the DagBag from /workspaces/hands-on-introduction-data-engineering-4395021/airflow/dags/one_task_dag.py
[2025-04-09T21:20:17.058+0000] {processor.py:836} INFO - DAG(s) dict_keys(['one_task_dag']) retrieved from /workspaces/hands-on-introduction-data-engineering-4395021/airflow/dags/one_task_dag.py
[2025-04-09T21:20:17.076+0000] {logging_mixin.py:150} INFO - [2025-04-09T21:20:17.076+0000] {dag.py:2742} INFO - Sync 1 DAGs
[2025-04-09T21:20:17.089+0000] {logging_mixin.py:150} INFO - [2025-04-09T21:20:17.089+0000] {dag.py:3504} INFO - Setting next_dagrun for one_task_dag to None, run_after=None
[2025-04-09T21:20:17.103+0000] {processor.py:179} INFO - Processing /workspaces/hands-on-introduction-data-engineering-4395021/airflow/dags/one_task_dag.py took 0.056 seconds
[2025-04-09T21:20:47.445+0000] {processor.py:157} INFO - Started process (PID=44540) to work on /workspaces/hands-on-introduction-data-engineering-4395021/airflow/dags/one_task_dag.py
[2025-04-09T21:20:47.446+0000] {processor.py:826} INFO - Processing file /workspaces/hands-on-introduction-data-engineering-4395021/airflow/dags/one_task_dag.py for tasks to queue
[2025-04-09T21:20:47.446+0000] {logging_mixin.py:150} INFO - [2025-04-09T21:20:47.446+0000] {dagbag.py:541} INFO - Filling up the DagBag from /workspaces/hands-on-introduction-data-engineering-4395021/airflow/dags/one_task_dag.py
[2025-04-09T21:20:47.454+0000] {processor.py:836} INFO - DAG(s) dict_keys(['one_task_dag']) retrieved from /workspaces/hands-on-introduction-data-engineering-4395021/airflow/dags/one_task_dag.py
[2025-04-09T21:20:47.471+0000] {logging_mixin.py:150} INFO - [2025-04-09T21:20:47.471+0000] {dag.py:2742} INFO - Sync 1 DAGs
[2025-04-09T21:20:47.484+0000] {logging_mixin.py:150} INFO - [2025-04-09T21:20:47.484+0000] {dag.py:3504} INFO - Setting next_dagrun for one_task_dag to None, run_after=None
[2025-04-09T21:20:47.497+0000] {processor.py:179} INFO - Processing /workspaces/hands-on-introduction-data-engineering-4395021/airflow/dags/one_task_dag.py took 0.055 seconds
[2025-04-09T21:21:17.848+0000] {processor.py:157} INFO - Started process (PID=44720) to work on /workspaces/hands-on-introduction-data-engineering-4395021/airflow/dags/one_task_dag.py
[2025-04-09T21:21:17.848+0000] {processor.py:826} INFO - Processing file /workspaces/hands-on-introduction-data-engineering-4395021/airflow/dags/one_task_dag.py for tasks to queue
[2025-04-09T21:21:17.849+0000] {logging_mixin.py:150} INFO - [2025-04-09T21:21:17.849+0000] {dagbag.py:541} INFO - Filling up the DagBag from /workspaces/hands-on-introduction-data-engineering-4395021/airflow/dags/one_task_dag.py
[2025-04-09T21:21:17.857+0000] {processor.py:836} INFO - DAG(s) dict_keys(['one_task_dag']) retrieved from /workspaces/hands-on-introduction-data-engineering-4395021/airflow/dags/one_task_dag.py
[2025-04-09T21:21:17.875+0000] {logging_mixin.py:150} INFO - [2025-04-09T21:21:17.875+0000] {dag.py:2742} INFO - Sync 1 DAGs
[2025-04-09T21:21:17.889+0000] {logging_mixin.py:150} INFO - [2025-04-09T21:21:17.888+0000] {dag.py:3504} INFO - Setting next_dagrun for one_task_dag to None, run_after=None
[2025-04-09T21:21:17.903+0000] {processor.py:179} INFO - Processing /workspaces/hands-on-introduction-data-engineering-4395021/airflow/dags/one_task_dag.py took 0.057 seconds
[2025-04-09T21:21:48.242+0000] {processor.py:157} INFO - Started process (PID=44893) to work on /workspaces/hands-on-introduction-data-engineering-4395021/airflow/dags/one_task_dag.py
[2025-04-09T21:21:48.242+0000] {processor.py:826} INFO - Processing file /workspaces/hands-on-introduction-data-engineering-4395021/airflow/dags/one_task_dag.py for tasks to queue
[2025-04-09T21:21:48.243+0000] {logging_mixin.py:150} INFO - [2025-04-09T21:21:48.243+0000] {dagbag.py:541} INFO - Filling up the DagBag from /workspaces/hands-on-introduction-data-engineering-4395021/airflow/dags/one_task_dag.py
[2025-04-09T21:21:48.251+0000] {processor.py:836} INFO - DAG(s) dict_keys(['one_task_dag']) retrieved from /workspaces/hands-on-introduction-data-engineering-4395021/airflow/dags/one_task_dag.py
[2025-04-09T21:21:48.268+0000] {logging_mixin.py:150} INFO - [2025-04-09T21:21:48.268+0000] {dag.py:2742} INFO - Sync 1 DAGs
[2025-04-09T21:21:48.281+0000] {logging_mixin.py:150} INFO - [2025-04-09T21:21:48.281+0000] {dag.py:3504} INFO - Setting next_dagrun for one_task_dag to None, run_after=None
[2025-04-09T21:21:48.294+0000] {processor.py:179} INFO - Processing /workspaces/hands-on-introduction-data-engineering-4395021/airflow/dags/one_task_dag.py took 0.056 seconds
[2025-04-09T21:22:18.632+0000] {processor.py:157} INFO - Started process (PID=45069) to work on /workspaces/hands-on-introduction-data-engineering-4395021/airflow/dags/one_task_dag.py
[2025-04-09T21:22:18.632+0000] {processor.py:826} INFO - Processing file /workspaces/hands-on-introduction-data-engineering-4395021/airflow/dags/one_task_dag.py for tasks to queue
[2025-04-09T21:22:18.633+0000] {logging_mixin.py:150} INFO - [2025-04-09T21:22:18.633+0000] {dagbag.py:541} INFO - Filling up the DagBag from /workspaces/hands-on-introduction-data-engineering-4395021/airflow/dags/one_task_dag.py
[2025-04-09T21:22:18.640+0000] {processor.py:836} INFO - DAG(s) dict_keys(['one_task_dag']) retrieved from /workspaces/hands-on-introduction-data-engineering-4395021/airflow/dags/one_task_dag.py
[2025-04-09T21:22:18.657+0000] {logging_mixin.py:150} INFO - [2025-04-09T21:22:18.657+0000] {dag.py:2742} INFO - Sync 1 DAGs
[2025-04-09T21:22:18.671+0000] {logging_mixin.py:150} INFO - [2025-04-09T21:22:18.671+0000] {dag.py:3504} INFO - Setting next_dagrun for one_task_dag to None, run_after=None
[2025-04-09T21:22:18.684+0000] {processor.py:179} INFO - Processing /workspaces/hands-on-introduction-data-engineering-4395021/airflow/dags/one_task_dag.py took 0.054 seconds
[2025-04-09T21:22:48.989+0000] {processor.py:157} INFO - Started process (PID=45248) to work on /workspaces/hands-on-introduction-data-engineering-4395021/airflow/dags/one_task_dag.py
[2025-04-09T21:22:48.989+0000] {processor.py:826} INFO - Processing file /workspaces/hands-on-introduction-data-engineering-4395021/airflow/dags/one_task_dag.py for tasks to queue
[2025-04-09T21:22:48.990+0000] {logging_mixin.py:150} INFO - [2025-04-09T21:22:48.990+0000] {dagbag.py:541} INFO - Filling up the DagBag from /workspaces/hands-on-introduction-data-engineering-4395021/airflow/dags/one_task_dag.py
[2025-04-09T21:22:48.997+0000] {processor.py:836} INFO - DAG(s) dict_keys(['one_task_dag']) retrieved from /workspaces/hands-on-introduction-data-engineering-4395021/airflow/dags/one_task_dag.py
[2025-04-09T21:22:49.014+0000] {logging_mixin.py:150} INFO - [2025-04-09T21:22:49.014+0000] {dag.py:2742} INFO - Sync 1 DAGs
[2025-04-09T21:22:49.028+0000] {logging_mixin.py:150} INFO - [2025-04-09T21:22:49.028+0000] {dag.py:3504} INFO - Setting next_dagrun for one_task_dag to None, run_after=None
[2025-04-09T21:22:49.041+0000] {processor.py:179} INFO - Processing /workspaces/hands-on-introduction-data-engineering-4395021/airflow/dags/one_task_dag.py took 0.054 seconds
[2025-04-09T21:23:19.350+0000] {processor.py:157} INFO - Started process (PID=45422) to work on /workspaces/hands-on-introduction-data-engineering-4395021/airflow/dags/one_task_dag.py
[2025-04-09T21:23:19.351+0000] {processor.py:826} INFO - Processing file /workspaces/hands-on-introduction-data-engineering-4395021/airflow/dags/one_task_dag.py for tasks to queue
[2025-04-09T21:23:19.352+0000] {logging_mixin.py:150} INFO - [2025-04-09T21:23:19.352+0000] {dagbag.py:541} INFO - Filling up the DagBag from /workspaces/hands-on-introduction-data-engineering-4395021/airflow/dags/one_task_dag.py
[2025-04-09T21:23:19.360+0000] {processor.py:836} INFO - DAG(s) dict_keys(['one_task_dag']) retrieved from /workspaces/hands-on-introduction-data-engineering-4395021/airflow/dags/one_task_dag.py
[2025-04-09T21:23:19.377+0000] {logging_mixin.py:150} INFO - [2025-04-09T21:23:19.376+0000] {dag.py:2742} INFO - Sync 1 DAGs
[2025-04-09T21:23:19.390+0000] {logging_mixin.py:150} INFO - [2025-04-09T21:23:19.390+0000] {dag.py:3504} INFO - Setting next_dagrun for one_task_dag to None, run_after=None
[2025-04-09T21:23:19.403+0000] {processor.py:179} INFO - Processing /workspaces/hands-on-introduction-data-engineering-4395021/airflow/dags/one_task_dag.py took 0.055 seconds
[2025-04-09T21:23:49.708+0000] {processor.py:157} INFO - Started process (PID=45603) to work on /workspaces/hands-on-introduction-data-engineering-4395021/airflow/dags/one_task_dag.py
[2025-04-09T21:23:49.709+0000] {processor.py:826} INFO - Processing file /workspaces/hands-on-introduction-data-engineering-4395021/airflow/dags/one_task_dag.py for tasks to queue
[2025-04-09T21:23:49.710+0000] {logging_mixin.py:150} INFO - [2025-04-09T21:23:49.709+0000] {dagbag.py:541} INFO - Filling up the DagBag from /workspaces/hands-on-introduction-data-engineering-4395021/airflow/dags/one_task_dag.py
[2025-04-09T21:23:49.717+0000] {processor.py:836} INFO - DAG(s) dict_keys(['one_task_dag']) retrieved from /workspaces/hands-on-introduction-data-engineering-4395021/airflow/dags/one_task_dag.py
[2025-04-09T21:23:49.734+0000] {logging_mixin.py:150} INFO - [2025-04-09T21:23:49.734+0000] {dag.py:2742} INFO - Sync 1 DAGs
[2025-04-09T21:23:49.747+0000] {logging_mixin.py:150} INFO - [2025-04-09T21:23:49.747+0000] {dag.py:3504} INFO - Setting next_dagrun for one_task_dag to None, run_after=None
[2025-04-09T21:23:49.770+0000] {processor.py:179} INFO - Processing /workspaces/hands-on-introduction-data-engineering-4395021/airflow/dags/one_task_dag.py took 0.064 seconds
[2025-04-09T21:24:20.101+0000] {processor.py:157} INFO - Started process (PID=45783) to work on /workspaces/hands-on-introduction-data-engineering-4395021/airflow/dags/one_task_dag.py
[2025-04-09T21:24:20.102+0000] {processor.py:826} INFO - Processing file /workspaces/hands-on-introduction-data-engineering-4395021/airflow/dags/one_task_dag.py for tasks to queue
[2025-04-09T21:24:20.103+0000] {logging_mixin.py:150} INFO - [2025-04-09T21:24:20.102+0000] {dagbag.py:541} INFO - Filling up the DagBag from /workspaces/hands-on-introduction-data-engineering-4395021/airflow/dags/one_task_dag.py
[2025-04-09T21:24:20.110+0000] {processor.py:836} INFO - DAG(s) dict_keys(['one_task_dag']) retrieved from /workspaces/hands-on-introduction-data-engineering-4395021/airflow/dags/one_task_dag.py
[2025-04-09T21:24:20.127+0000] {logging_mixin.py:150} INFO - [2025-04-09T21:24:20.127+0000] {dag.py:2742} INFO - Sync 1 DAGs
[2025-04-09T21:24:20.142+0000] {logging_mixin.py:150} INFO - [2025-04-09T21:24:20.142+0000] {dag.py:3504} INFO - Setting next_dagrun for one_task_dag to None, run_after=None
[2025-04-09T21:24:20.155+0000] {processor.py:179} INFO - Processing /workspaces/hands-on-introduction-data-engineering-4395021/airflow/dags/one_task_dag.py took 0.057 seconds
[2025-04-09T21:24:50.495+0000] {processor.py:157} INFO - Started process (PID=45957) to work on /workspaces/hands-on-introduction-data-engineering-4395021/airflow/dags/one_task_dag.py
[2025-04-09T21:24:50.496+0000] {processor.py:826} INFO - Processing file /workspaces/hands-on-introduction-data-engineering-4395021/airflow/dags/one_task_dag.py for tasks to queue
[2025-04-09T21:24:50.496+0000] {logging_mixin.py:150} INFO - [2025-04-09T21:24:50.496+0000] {dagbag.py:541} INFO - Filling up the DagBag from /workspaces/hands-on-introduction-data-engineering-4395021/airflow/dags/one_task_dag.py
[2025-04-09T21:24:50.504+0000] {processor.py:836} INFO - DAG(s) dict_keys(['one_task_dag']) retrieved from /workspaces/hands-on-introduction-data-engineering-4395021/airflow/dags/one_task_dag.py
[2025-04-09T21:24:50.521+0000] {logging_mixin.py:150} INFO - [2025-04-09T21:24:50.521+0000] {dag.py:2742} INFO - Sync 1 DAGs
[2025-04-09T21:24:50.534+0000] {logging_mixin.py:150} INFO - [2025-04-09T21:24:50.534+0000] {dag.py:3504} INFO - Setting next_dagrun for one_task_dag to None, run_after=None
[2025-04-09T21:24:50.547+0000] {processor.py:179} INFO - Processing /workspaces/hands-on-introduction-data-engineering-4395021/airflow/dags/one_task_dag.py took 0.055 seconds
[2025-04-09T21:25:20.885+0000] {processor.py:157} INFO - Started process (PID=46138) to work on /workspaces/hands-on-introduction-data-engineering-4395021/airflow/dags/one_task_dag.py
[2025-04-09T21:25:20.886+0000] {processor.py:826} INFO - Processing file /workspaces/hands-on-introduction-data-engineering-4395021/airflow/dags/one_task_dag.py for tasks to queue
[2025-04-09T21:25:20.887+0000] {logging_mixin.py:150} INFO - [2025-04-09T21:25:20.887+0000] {dagbag.py:541} INFO - Filling up the DagBag from /workspaces/hands-on-introduction-data-engineering-4395021/airflow/dags/one_task_dag.py
[2025-04-09T21:25:20.894+0000] {processor.py:836} INFO - DAG(s) dict_keys(['one_task_dag']) retrieved from /workspaces/hands-on-introduction-data-engineering-4395021/airflow/dags/one_task_dag.py
[2025-04-09T21:25:20.912+0000] {logging_mixin.py:150} INFO - [2025-04-09T21:25:20.912+0000] {dag.py:2742} INFO - Sync 1 DAGs
[2025-04-09T21:25:20.925+0000] {logging_mixin.py:150} INFO - [2025-04-09T21:25:20.925+0000] {dag.py:3504} INFO - Setting next_dagrun for one_task_dag to None, run_after=None
[2025-04-09T21:25:20.938+0000] {processor.py:179} INFO - Processing /workspaces/hands-on-introduction-data-engineering-4395021/airflow/dags/one_task_dag.py took 0.055 seconds
[2025-04-09T21:25:51.132+0000] {processor.py:157} INFO - Started process (PID=46312) to work on /workspaces/hands-on-introduction-data-engineering-4395021/airflow/dags/one_task_dag.py
[2025-04-09T21:25:51.133+0000] {processor.py:826} INFO - Processing file /workspaces/hands-on-introduction-data-engineering-4395021/airflow/dags/one_task_dag.py for tasks to queue
[2025-04-09T21:25:51.134+0000] {logging_mixin.py:150} INFO - [2025-04-09T21:25:51.133+0000] {dagbag.py:541} INFO - Filling up the DagBag from /workspaces/hands-on-introduction-data-engineering-4395021/airflow/dags/one_task_dag.py
[2025-04-09T21:25:51.141+0000] {processor.py:836} INFO - DAG(s) dict_keys(['one_task_dag']) retrieved from /workspaces/hands-on-introduction-data-engineering-4395021/airflow/dags/one_task_dag.py
[2025-04-09T21:25:51.158+0000] {logging_mixin.py:150} INFO - [2025-04-09T21:25:51.158+0000] {dag.py:2742} INFO - Sync 1 DAGs
[2025-04-09T21:25:51.171+0000] {logging_mixin.py:150} INFO - [2025-04-09T21:25:51.171+0000] {dag.py:3504} INFO - Setting next_dagrun for one_task_dag to None, run_after=None
[2025-04-09T21:25:51.185+0000] {processor.py:179} INFO - Processing /workspaces/hands-on-introduction-data-engineering-4395021/airflow/dags/one_task_dag.py took 0.055 seconds
[2025-04-09T21:26:21.545+0000] {processor.py:157} INFO - Started process (PID=46492) to work on /workspaces/hands-on-introduction-data-engineering-4395021/airflow/dags/one_task_dag.py
[2025-04-09T21:26:21.546+0000] {processor.py:826} INFO - Processing file /workspaces/hands-on-introduction-data-engineering-4395021/airflow/dags/one_task_dag.py for tasks to queue
[2025-04-09T21:26:21.547+0000] {logging_mixin.py:150} INFO - [2025-04-09T21:26:21.547+0000] {dagbag.py:541} INFO - Filling up the DagBag from /workspaces/hands-on-introduction-data-engineering-4395021/airflow/dags/one_task_dag.py
[2025-04-09T21:26:21.555+0000] {processor.py:836} INFO - DAG(s) dict_keys(['one_task_dag']) retrieved from /workspaces/hands-on-introduction-data-engineering-4395021/airflow/dags/one_task_dag.py
[2025-04-09T21:26:21.572+0000] {logging_mixin.py:150} INFO - [2025-04-09T21:26:21.572+0000] {dag.py:2742} INFO - Sync 1 DAGs
[2025-04-09T21:26:21.585+0000] {logging_mixin.py:150} INFO - [2025-04-09T21:26:21.585+0000] {dag.py:3504} INFO - Setting next_dagrun for one_task_dag to None, run_after=None
[2025-04-09T21:26:21.598+0000] {processor.py:179} INFO - Processing /workspaces/hands-on-introduction-data-engineering-4395021/airflow/dags/one_task_dag.py took 0.055 seconds
[2025-04-09T21:26:51.942+0000] {processor.py:157} INFO - Started process (PID=46673) to work on /workspaces/hands-on-introduction-data-engineering-4395021/airflow/dags/one_task_dag.py
[2025-04-09T21:26:51.942+0000] {processor.py:826} INFO - Processing file /workspaces/hands-on-introduction-data-engineering-4395021/airflow/dags/one_task_dag.py for tasks to queue
[2025-04-09T21:26:51.943+0000] {logging_mixin.py:150} INFO - [2025-04-09T21:26:51.943+0000] {dagbag.py:541} INFO - Filling up the DagBag from /workspaces/hands-on-introduction-data-engineering-4395021/airflow/dags/one_task_dag.py
[2025-04-09T21:26:51.950+0000] {processor.py:836} INFO - DAG(s) dict_keys(['one_task_dag']) retrieved from /workspaces/hands-on-introduction-data-engineering-4395021/airflow/dags/one_task_dag.py
[2025-04-09T21:26:51.967+0000] {logging_mixin.py:150} INFO - [2025-04-09T21:26:51.967+0000] {dag.py:2742} INFO - Sync 1 DAGs
[2025-04-09T21:26:51.980+0000] {logging_mixin.py:150} INFO - [2025-04-09T21:26:51.980+0000] {dag.py:3504} INFO - Setting next_dagrun for one_task_dag to None, run_after=None
[2025-04-09T21:26:51.994+0000] {processor.py:179} INFO - Processing /workspaces/hands-on-introduction-data-engineering-4395021/airflow/dags/one_task_dag.py took 0.054 seconds
[2025-04-09T21:27:22.334+0000] {processor.py:157} INFO - Started process (PID=46846) to work on /workspaces/hands-on-introduction-data-engineering-4395021/airflow/dags/one_task_dag.py
[2025-04-09T21:27:22.334+0000] {processor.py:826} INFO - Processing file /workspaces/hands-on-introduction-data-engineering-4395021/airflow/dags/one_task_dag.py for tasks to queue
[2025-04-09T21:27:22.335+0000] {logging_mixin.py:150} INFO - [2025-04-09T21:27:22.335+0000] {dagbag.py:541} INFO - Filling up the DagBag from /workspaces/hands-on-introduction-data-engineering-4395021/airflow/dags/one_task_dag.py
[2025-04-09T21:27:22.343+0000] {processor.py:836} INFO - DAG(s) dict_keys(['one_task_dag']) retrieved from /workspaces/hands-on-introduction-data-engineering-4395021/airflow/dags/one_task_dag.py
[2025-04-09T21:27:22.360+0000] {logging_mixin.py:150} INFO - [2025-04-09T21:27:22.360+0000] {dag.py:2742} INFO - Sync 1 DAGs
[2025-04-09T21:27:22.373+0000] {logging_mixin.py:150} INFO - [2025-04-09T21:27:22.373+0000] {dag.py:3504} INFO - Setting next_dagrun for one_task_dag to None, run_after=None
[2025-04-09T21:27:22.387+0000] {processor.py:179} INFO - Processing /workspaces/hands-on-introduction-data-engineering-4395021/airflow/dags/one_task_dag.py took 0.056 seconds
[2025-04-09T21:27:52.697+0000] {processor.py:157} INFO - Started process (PID=47026) to work on /workspaces/hands-on-introduction-data-engineering-4395021/airflow/dags/one_task_dag.py
[2025-04-09T21:27:52.697+0000] {processor.py:826} INFO - Processing file /workspaces/hands-on-introduction-data-engineering-4395021/airflow/dags/one_task_dag.py for tasks to queue
[2025-04-09T21:27:52.698+0000] {logging_mixin.py:150} INFO - [2025-04-09T21:27:52.698+0000] {dagbag.py:541} INFO - Filling up the DagBag from /workspaces/hands-on-introduction-data-engineering-4395021/airflow/dags/one_task_dag.py
[2025-04-09T21:27:52.705+0000] {processor.py:836} INFO - DAG(s) dict_keys(['one_task_dag']) retrieved from /workspaces/hands-on-introduction-data-engineering-4395021/airflow/dags/one_task_dag.py
[2025-04-09T21:27:52.722+0000] {logging_mixin.py:150} INFO - [2025-04-09T21:27:52.722+0000] {dag.py:2742} INFO - Sync 1 DAGs
[2025-04-09T21:27:52.735+0000] {logging_mixin.py:150} INFO - [2025-04-09T21:27:52.735+0000] {dag.py:3504} INFO - Setting next_dagrun for one_task_dag to None, run_after=None
[2025-04-09T21:27:52.749+0000] {processor.py:179} INFO - Processing /workspaces/hands-on-introduction-data-engineering-4395021/airflow/dags/one_task_dag.py took 0.055 seconds
[2025-04-09T21:28:23.072+0000] {processor.py:157} INFO - Started process (PID=47201) to work on /workspaces/hands-on-introduction-data-engineering-4395021/airflow/dags/one_task_dag.py
[2025-04-09T21:28:23.072+0000] {processor.py:826} INFO - Processing file /workspaces/hands-on-introduction-data-engineering-4395021/airflow/dags/one_task_dag.py for tasks to queue
[2025-04-09T21:28:23.073+0000] {logging_mixin.py:150} INFO - [2025-04-09T21:28:23.073+0000] {dagbag.py:541} INFO - Filling up the DagBag from /workspaces/hands-on-introduction-data-engineering-4395021/airflow/dags/one_task_dag.py
[2025-04-09T21:28:23.080+0000] {processor.py:836} INFO - DAG(s) dict_keys(['one_task_dag']) retrieved from /workspaces/hands-on-introduction-data-engineering-4395021/airflow/dags/one_task_dag.py
[2025-04-09T21:28:23.098+0000] {logging_mixin.py:150} INFO - [2025-04-09T21:28:23.097+0000] {dag.py:2742} INFO - Sync 1 DAGs
[2025-04-09T21:28:23.118+0000] {logging_mixin.py:150} INFO - [2025-04-09T21:28:23.118+0000] {dag.py:3504} INFO - Setting next_dagrun for one_task_dag to None, run_after=None
[2025-04-09T21:28:23.138+0000] {processor.py:179} INFO - Processing /workspaces/hands-on-introduction-data-engineering-4395021/airflow/dags/one_task_dag.py took 0.069 seconds
[2025-04-09T21:28:53.429+0000] {processor.py:157} INFO - Started process (PID=47381) to work on /workspaces/hands-on-introduction-data-engineering-4395021/airflow/dags/one_task_dag.py
[2025-04-09T21:28:53.429+0000] {processor.py:826} INFO - Processing file /workspaces/hands-on-introduction-data-engineering-4395021/airflow/dags/one_task_dag.py for tasks to queue
[2025-04-09T21:28:53.430+0000] {logging_mixin.py:150} INFO - [2025-04-09T21:28:53.430+0000] {dagbag.py:541} INFO - Filling up the DagBag from /workspaces/hands-on-introduction-data-engineering-4395021/airflow/dags/one_task_dag.py
[2025-04-09T21:28:53.437+0000] {processor.py:836} INFO - DAG(s) dict_keys(['one_task_dag']) retrieved from /workspaces/hands-on-introduction-data-engineering-4395021/airflow/dags/one_task_dag.py
[2025-04-09T21:28:53.454+0000] {logging_mixin.py:150} INFO - [2025-04-09T21:28:53.454+0000] {dag.py:2742} INFO - Sync 1 DAGs
[2025-04-09T21:28:53.468+0000] {logging_mixin.py:150} INFO - [2025-04-09T21:28:53.468+0000] {dag.py:3504} INFO - Setting next_dagrun for one_task_dag to None, run_after=None
[2025-04-09T21:28:53.481+0000] {processor.py:179} INFO - Processing /workspaces/hands-on-introduction-data-engineering-4395021/airflow/dags/one_task_dag.py took 0.055 seconds
[2025-04-09T21:29:23.790+0000] {processor.py:157} INFO - Started process (PID=47561) to work on /workspaces/hands-on-introduction-data-engineering-4395021/airflow/dags/one_task_dag.py
[2025-04-09T21:29:23.791+0000] {processor.py:826} INFO - Processing file /workspaces/hands-on-introduction-data-engineering-4395021/airflow/dags/one_task_dag.py for tasks to queue
[2025-04-09T21:29:23.792+0000] {logging_mixin.py:150} INFO - [2025-04-09T21:29:23.791+0000] {dagbag.py:541} INFO - Filling up the DagBag from /workspaces/hands-on-introduction-data-engineering-4395021/airflow/dags/one_task_dag.py
[2025-04-09T21:29:23.799+0000] {processor.py:836} INFO - DAG(s) dict_keys(['one_task_dag']) retrieved from /workspaces/hands-on-introduction-data-engineering-4395021/airflow/dags/one_task_dag.py
[2025-04-09T21:29:23.817+0000] {logging_mixin.py:150} INFO - [2025-04-09T21:29:23.817+0000] {dag.py:2742} INFO - Sync 1 DAGs
[2025-04-09T21:29:23.830+0000] {logging_mixin.py:150} INFO - [2025-04-09T21:29:23.830+0000] {dag.py:3504} INFO - Setting next_dagrun for one_task_dag to None, run_after=None
[2025-04-09T21:29:23.844+0000] {processor.py:179} INFO - Processing /workspaces/hands-on-introduction-data-engineering-4395021/airflow/dags/one_task_dag.py took 0.056 seconds
[2025-04-09T21:29:54.151+0000] {processor.py:157} INFO - Started process (PID=47732) to work on /workspaces/hands-on-introduction-data-engineering-4395021/airflow/dags/one_task_dag.py
[2025-04-09T21:29:54.152+0000] {processor.py:826} INFO - Processing file /workspaces/hands-on-introduction-data-engineering-4395021/airflow/dags/one_task_dag.py for tasks to queue
[2025-04-09T21:29:54.153+0000] {logging_mixin.py:150} INFO - [2025-04-09T21:29:54.153+0000] {dagbag.py:541} INFO - Filling up the DagBag from /workspaces/hands-on-introduction-data-engineering-4395021/airflow/dags/one_task_dag.py
[2025-04-09T21:29:54.163+0000] {processor.py:836} INFO - DAG(s) dict_keys(['one_task_dag']) retrieved from /workspaces/hands-on-introduction-data-engineering-4395021/airflow/dags/one_task_dag.py
[2025-04-09T21:29:54.183+0000] {logging_mixin.py:150} INFO - [2025-04-09T21:29:54.183+0000] {dag.py:2742} INFO - Sync 1 DAGs
[2025-04-09T21:29:54.201+0000] {logging_mixin.py:150} INFO - [2025-04-09T21:29:54.201+0000] {dag.py:3504} INFO - Setting next_dagrun for one_task_dag to None, run_after=None
[2025-04-09T21:29:54.219+0000] {processor.py:179} INFO - Processing /workspaces/hands-on-introduction-data-engineering-4395021/airflow/dags/one_task_dag.py took 0.071 seconds
[2025-04-09T21:30:24.510+0000] {processor.py:157} INFO - Started process (PID=47909) to work on /workspaces/hands-on-introduction-data-engineering-4395021/airflow/dags/one_task_dag.py
[2025-04-09T21:30:24.511+0000] {processor.py:826} INFO - Processing file /workspaces/hands-on-introduction-data-engineering-4395021/airflow/dags/one_task_dag.py for tasks to queue
[2025-04-09T21:30:24.511+0000] {logging_mixin.py:150} INFO - [2025-04-09T21:30:24.511+0000] {dagbag.py:541} INFO - Filling up the DagBag from /workspaces/hands-on-introduction-data-engineering-4395021/airflow/dags/one_task_dag.py
[2025-04-09T21:30:24.521+0000] {processor.py:836} INFO - DAG(s) dict_keys(['one_task_dag']) retrieved from /workspaces/hands-on-introduction-data-engineering-4395021/airflow/dags/one_task_dag.py
[2025-04-09T21:30:24.546+0000] {logging_mixin.py:150} INFO - [2025-04-09T21:30:24.546+0000] {dag.py:2742} INFO - Sync 1 DAGs
[2025-04-09T21:30:24.566+0000] {logging_mixin.py:150} INFO - [2025-04-09T21:30:24.566+0000] {dag.py:3504} INFO - Setting next_dagrun for one_task_dag to None, run_after=None
[2025-04-09T21:30:24.597+0000] {processor.py:179} INFO - Processing /workspaces/hands-on-introduction-data-engineering-4395021/airflow/dags/one_task_dag.py took 0.090 seconds
[2025-04-09T21:30:54.873+0000] {processor.py:157} INFO - Started process (PID=48088) to work on /workspaces/hands-on-introduction-data-engineering-4395021/airflow/dags/one_task_dag.py
[2025-04-09T21:30:54.874+0000] {processor.py:826} INFO - Processing file /workspaces/hands-on-introduction-data-engineering-4395021/airflow/dags/one_task_dag.py for tasks to queue
[2025-04-09T21:30:54.875+0000] {logging_mixin.py:150} INFO - [2025-04-09T21:30:54.874+0000] {dagbag.py:541} INFO - Filling up the DagBag from /workspaces/hands-on-introduction-data-engineering-4395021/airflow/dags/one_task_dag.py
[2025-04-09T21:30:54.883+0000] {processor.py:836} INFO - DAG(s) dict_keys(['one_task_dag']) retrieved from /workspaces/hands-on-introduction-data-engineering-4395021/airflow/dags/one_task_dag.py
[2025-04-09T21:30:54.901+0000] {logging_mixin.py:150} INFO - [2025-04-09T21:30:54.901+0000] {dag.py:2742} INFO - Sync 1 DAGs
[2025-04-09T21:30:54.915+0000] {logging_mixin.py:150} INFO - [2025-04-09T21:30:54.914+0000] {dag.py:3504} INFO - Setting next_dagrun for one_task_dag to None, run_after=None
[2025-04-09T21:30:54.928+0000] {processor.py:179} INFO - Processing /workspaces/hands-on-introduction-data-engineering-4395021/airflow/dags/one_task_dag.py took 0.059 seconds
[2025-04-09T21:31:25.268+0000] {processor.py:157} INFO - Started process (PID=48348) to work on /workspaces/hands-on-introduction-data-engineering-4395021/airflow/dags/one_task_dag.py
[2025-04-09T21:31:25.269+0000] {processor.py:826} INFO - Processing file /workspaces/hands-on-introduction-data-engineering-4395021/airflow/dags/one_task_dag.py for tasks to queue
[2025-04-09T21:31:25.269+0000] {logging_mixin.py:150} INFO - [2025-04-09T21:31:25.269+0000] {dagbag.py:541} INFO - Filling up the DagBag from /workspaces/hands-on-introduction-data-engineering-4395021/airflow/dags/one_task_dag.py
[2025-04-09T21:31:25.277+0000] {processor.py:836} INFO - DAG(s) dict_keys(['one_task_dag']) retrieved from /workspaces/hands-on-introduction-data-engineering-4395021/airflow/dags/one_task_dag.py
[2025-04-09T21:31:25.296+0000] {logging_mixin.py:150} INFO - [2025-04-09T21:31:25.296+0000] {dag.py:2742} INFO - Sync 1 DAGs
[2025-04-09T21:31:25.310+0000] {logging_mixin.py:150} INFO - [2025-04-09T21:31:25.310+0000] {dag.py:3504} INFO - Setting next_dagrun for one_task_dag to None, run_after=None
[2025-04-09T21:31:25.325+0000] {processor.py:179} INFO - Processing /workspaces/hands-on-introduction-data-engineering-4395021/airflow/dags/one_task_dag.py took 0.060 seconds
[2025-04-09T21:31:55.674+0000] {processor.py:157} INFO - Started process (PID=48566) to work on /workspaces/hands-on-introduction-data-engineering-4395021/airflow/dags/one_task_dag.py
[2025-04-09T21:31:55.675+0000] {processor.py:826} INFO - Processing file /workspaces/hands-on-introduction-data-engineering-4395021/airflow/dags/one_task_dag.py for tasks to queue
[2025-04-09T21:31:55.676+0000] {logging_mixin.py:150} INFO - [2025-04-09T21:31:55.675+0000] {dagbag.py:541} INFO - Filling up the DagBag from /workspaces/hands-on-introduction-data-engineering-4395021/airflow/dags/one_task_dag.py
[2025-04-09T21:31:55.683+0000] {processor.py:836} INFO - DAG(s) dict_keys(['one_task_dag']) retrieved from /workspaces/hands-on-introduction-data-engineering-4395021/airflow/dags/one_task_dag.py
[2025-04-09T21:31:55.702+0000] {logging_mixin.py:150} INFO - [2025-04-09T21:31:55.702+0000] {dag.py:2742} INFO - Sync 1 DAGs
[2025-04-09T21:31:55.717+0000] {logging_mixin.py:150} INFO - [2025-04-09T21:31:55.717+0000] {dag.py:3504} INFO - Setting next_dagrun for one_task_dag to None, run_after=None
[2025-04-09T21:31:55.732+0000] {processor.py:179} INFO - Processing /workspaces/hands-on-introduction-data-engineering-4395021/airflow/dags/one_task_dag.py took 0.060 seconds
[2025-04-09T21:32:26.154+0000] {processor.py:157} INFO - Started process (PID=48758) to work on /workspaces/hands-on-introduction-data-engineering-4395021/airflow/dags/one_task_dag.py
[2025-04-09T21:32:26.155+0000] {processor.py:826} INFO - Processing file /workspaces/hands-on-introduction-data-engineering-4395021/airflow/dags/one_task_dag.py for tasks to queue
[2025-04-09T21:32:26.156+0000] {logging_mixin.py:150} INFO - [2025-04-09T21:32:26.156+0000] {dagbag.py:541} INFO - Filling up the DagBag from /workspaces/hands-on-introduction-data-engineering-4395021/airflow/dags/one_task_dag.py
[2025-04-09T21:32:26.163+0000] {processor.py:836} INFO - DAG(s) dict_keys(['one_task_dag']) retrieved from /workspaces/hands-on-introduction-data-engineering-4395021/airflow/dags/one_task_dag.py
[2025-04-09T21:32:26.181+0000] {logging_mixin.py:150} INFO - [2025-04-09T21:32:26.181+0000] {dag.py:2742} INFO - Sync 1 DAGs
[2025-04-09T21:32:26.195+0000] {logging_mixin.py:150} INFO - [2025-04-09T21:32:26.195+0000] {dag.py:3504} INFO - Setting next_dagrun for one_task_dag to None, run_after=None
[2025-04-09T21:32:26.208+0000] {processor.py:179} INFO - Processing /workspaces/hands-on-introduction-data-engineering-4395021/airflow/dags/one_task_dag.py took 0.057 seconds
[2025-04-09T21:32:56.543+0000] {processor.py:157} INFO - Started process (PID=48947) to work on /workspaces/hands-on-introduction-data-engineering-4395021/airflow/dags/one_task_dag.py
[2025-04-09T21:32:56.544+0000] {processor.py:826} INFO - Processing file /workspaces/hands-on-introduction-data-engineering-4395021/airflow/dags/one_task_dag.py for tasks to queue
[2025-04-09T21:32:56.545+0000] {logging_mixin.py:150} INFO - [2025-04-09T21:32:56.545+0000] {dagbag.py:541} INFO - Filling up the DagBag from /workspaces/hands-on-introduction-data-engineering-4395021/airflow/dags/one_task_dag.py
[2025-04-09T21:32:56.552+0000] {processor.py:836} INFO - DAG(s) dict_keys(['one_task_dag']) retrieved from /workspaces/hands-on-introduction-data-engineering-4395021/airflow/dags/one_task_dag.py
[2025-04-09T21:32:56.570+0000] {logging_mixin.py:150} INFO - [2025-04-09T21:32:56.570+0000] {dag.py:2742} INFO - Sync 1 DAGs
[2025-04-09T21:32:56.584+0000] {logging_mixin.py:150} INFO - [2025-04-09T21:32:56.583+0000] {dag.py:3504} INFO - Setting next_dagrun for one_task_dag to None, run_after=None
[2025-04-09T21:32:56.598+0000] {processor.py:179} INFO - Processing /workspaces/hands-on-introduction-data-engineering-4395021/airflow/dags/one_task_dag.py took 0.057 seconds
[2025-04-09T21:33:26.986+0000] {processor.py:157} INFO - Started process (PID=49159) to work on /workspaces/hands-on-introduction-data-engineering-4395021/airflow/dags/one_task_dag.py
[2025-04-09T21:33:26.987+0000] {processor.py:826} INFO - Processing file /workspaces/hands-on-introduction-data-engineering-4395021/airflow/dags/one_task_dag.py for tasks to queue
[2025-04-09T21:33:26.987+0000] {logging_mixin.py:150} INFO - [2025-04-09T21:33:26.987+0000] {dagbag.py:541} INFO - Filling up the DagBag from /workspaces/hands-on-introduction-data-engineering-4395021/airflow/dags/one_task_dag.py
[2025-04-09T21:33:26.995+0000] {processor.py:836} INFO - DAG(s) dict_keys(['one_task_dag']) retrieved from /workspaces/hands-on-introduction-data-engineering-4395021/airflow/dags/one_task_dag.py
[2025-04-09T21:33:27.012+0000] {logging_mixin.py:150} INFO - [2025-04-09T21:33:27.012+0000] {dag.py:2742} INFO - Sync 1 DAGs
[2025-04-09T21:33:27.026+0000] {logging_mixin.py:150} INFO - [2025-04-09T21:33:27.026+0000] {dag.py:3504} INFO - Setting next_dagrun for one_task_dag to None, run_after=None
[2025-04-09T21:33:27.039+0000] {processor.py:179} INFO - Processing /workspaces/hands-on-introduction-data-engineering-4395021/airflow/dags/one_task_dag.py took 0.056 seconds
[2025-04-09T21:33:57.352+0000] {processor.py:157} INFO - Started process (PID=49335) to work on /workspaces/hands-on-introduction-data-engineering-4395021/airflow/dags/one_task_dag.py
[2025-04-09T21:33:57.353+0000] {processor.py:826} INFO - Processing file /workspaces/hands-on-introduction-data-engineering-4395021/airflow/dags/one_task_dag.py for tasks to queue
[2025-04-09T21:33:57.354+0000] {logging_mixin.py:150} INFO - [2025-04-09T21:33:57.353+0000] {dagbag.py:541} INFO - Filling up the DagBag from /workspaces/hands-on-introduction-data-engineering-4395021/airflow/dags/one_task_dag.py
[2025-04-09T21:33:57.361+0000] {processor.py:836} INFO - DAG(s) dict_keys(['one_task_dag']) retrieved from /workspaces/hands-on-introduction-data-engineering-4395021/airflow/dags/one_task_dag.py
[2025-04-09T21:33:57.378+0000] {logging_mixin.py:150} INFO - [2025-04-09T21:33:57.378+0000] {dag.py:2742} INFO - Sync 1 DAGs
[2025-04-09T21:33:57.392+0000] {logging_mixin.py:150} INFO - [2025-04-09T21:33:57.392+0000] {dag.py:3504} INFO - Setting next_dagrun for one_task_dag to None, run_after=None
[2025-04-09T21:33:57.405+0000] {processor.py:179} INFO - Processing /workspaces/hands-on-introduction-data-engineering-4395021/airflow/dags/one_task_dag.py took 0.056 seconds
[2025-04-09T21:34:27.710+0000] {processor.py:157} INFO - Started process (PID=49516) to work on /workspaces/hands-on-introduction-data-engineering-4395021/airflow/dags/one_task_dag.py
[2025-04-09T21:34:27.711+0000] {processor.py:826} INFO - Processing file /workspaces/hands-on-introduction-data-engineering-4395021/airflow/dags/one_task_dag.py for tasks to queue
[2025-04-09T21:34:27.712+0000] {logging_mixin.py:150} INFO - [2025-04-09T21:34:27.712+0000] {dagbag.py:541} INFO - Filling up the DagBag from /workspaces/hands-on-introduction-data-engineering-4395021/airflow/dags/one_task_dag.py
[2025-04-09T21:34:27.719+0000] {processor.py:836} INFO - DAG(s) dict_keys(['one_task_dag']) retrieved from /workspaces/hands-on-introduction-data-engineering-4395021/airflow/dags/one_task_dag.py
[2025-04-09T21:34:27.737+0000] {logging_mixin.py:150} INFO - [2025-04-09T21:34:27.736+0000] {dag.py:2742} INFO - Sync 1 DAGs
[2025-04-09T21:34:27.750+0000] {logging_mixin.py:150} INFO - [2025-04-09T21:34:27.750+0000] {dag.py:3504} INFO - Setting next_dagrun for one_task_dag to None, run_after=None
[2025-04-09T21:34:27.764+0000] {processor.py:179} INFO - Processing /workspaces/hands-on-introduction-data-engineering-4395021/airflow/dags/one_task_dag.py took 0.056 seconds
[2025-04-09T21:34:58.075+0000] {processor.py:157} INFO - Started process (PID=49695) to work on /workspaces/hands-on-introduction-data-engineering-4395021/airflow/dags/one_task_dag.py
[2025-04-09T21:34:58.076+0000] {processor.py:826} INFO - Processing file /workspaces/hands-on-introduction-data-engineering-4395021/airflow/dags/one_task_dag.py for tasks to queue
[2025-04-09T21:34:58.078+0000] {logging_mixin.py:150} INFO - [2025-04-09T21:34:58.078+0000] {dagbag.py:541} INFO - Filling up the DagBag from /workspaces/hands-on-introduction-data-engineering-4395021/airflow/dags/one_task_dag.py
[2025-04-09T21:34:58.088+0000] {processor.py:836} INFO - DAG(s) dict_keys(['one_task_dag']) retrieved from /workspaces/hands-on-introduction-data-engineering-4395021/airflow/dags/one_task_dag.py
[2025-04-09T21:34:58.113+0000] {logging_mixin.py:150} INFO - [2025-04-09T21:34:58.113+0000] {dag.py:2742} INFO - Sync 1 DAGs
[2025-04-09T21:34:58.133+0000] {logging_mixin.py:150} INFO - [2025-04-09T21:34:58.133+0000] {dag.py:3504} INFO - Setting next_dagrun for one_task_dag to None, run_after=None
[2025-04-09T21:34:58.154+0000] {processor.py:179} INFO - Processing /workspaces/hands-on-introduction-data-engineering-4395021/airflow/dags/one_task_dag.py took 0.082 seconds
[2025-04-09T21:35:28.430+0000] {processor.py:157} INFO - Started process (PID=49877) to work on /workspaces/hands-on-introduction-data-engineering-4395021/airflow/dags/one_task_dag.py
[2025-04-09T21:35:28.431+0000] {processor.py:826} INFO - Processing file /workspaces/hands-on-introduction-data-engineering-4395021/airflow/dags/one_task_dag.py for tasks to queue
[2025-04-09T21:35:28.432+0000] {logging_mixin.py:150} INFO - [2025-04-09T21:35:28.431+0000] {dagbag.py:541} INFO - Filling up the DagBag from /workspaces/hands-on-introduction-data-engineering-4395021/airflow/dags/one_task_dag.py
[2025-04-09T21:35:28.438+0000] {processor.py:836} INFO - DAG(s) dict_keys(['one_task_dag']) retrieved from /workspaces/hands-on-introduction-data-engineering-4395021/airflow/dags/one_task_dag.py
[2025-04-09T21:35:28.456+0000] {logging_mixin.py:150} INFO - [2025-04-09T21:35:28.456+0000] {dag.py:2742} INFO - Sync 1 DAGs
[2025-04-09T21:35:28.469+0000] {logging_mixin.py:150} INFO - [2025-04-09T21:35:28.469+0000] {dag.py:3504} INFO - Setting next_dagrun for one_task_dag to None, run_after=None
[2025-04-09T21:35:28.482+0000] {processor.py:179} INFO - Processing /workspaces/hands-on-introduction-data-engineering-4395021/airflow/dags/one_task_dag.py took 0.055 seconds
[2025-04-09T21:35:58.607+0000] {processor.py:157} INFO - Started process (PID=50097) to work on /workspaces/hands-on-introduction-data-engineering-4395021/airflow/dags/one_task_dag.py
[2025-04-09T21:35:58.607+0000] {processor.py:826} INFO - Processing file /workspaces/hands-on-introduction-data-engineering-4395021/airflow/dags/one_task_dag.py for tasks to queue
[2025-04-09T21:35:58.608+0000] {logging_mixin.py:150} INFO - [2025-04-09T21:35:58.608+0000] {dagbag.py:541} INFO - Filling up the DagBag from /workspaces/hands-on-introduction-data-engineering-4395021/airflow/dags/one_task_dag.py
[2025-04-09T21:35:58.615+0000] {processor.py:836} INFO - DAG(s) dict_keys(['one_task_dag']) retrieved from /workspaces/hands-on-introduction-data-engineering-4395021/airflow/dags/one_task_dag.py
[2025-04-09T21:35:58.633+0000] {logging_mixin.py:150} INFO - [2025-04-09T21:35:58.633+0000] {dag.py:2742} INFO - Sync 1 DAGs
[2025-04-09T21:35:58.647+0000] {logging_mixin.py:150} INFO - [2025-04-09T21:35:58.647+0000] {dag.py:3504} INFO - Setting next_dagrun for one_task_dag to None, run_after=None
[2025-04-09T21:35:58.660+0000] {processor.py:179} INFO - Processing /workspaces/hands-on-introduction-data-engineering-4395021/airflow/dags/one_task_dag.py took 0.056 seconds
[2025-04-09T21:36:28.790+0000] {processor.py:157} INFO - Started process (PID=50409) to work on /workspaces/hands-on-introduction-data-engineering-4395021/airflow/dags/one_task_dag.py
[2025-04-09T21:36:28.791+0000] {processor.py:826} INFO - Processing file /workspaces/hands-on-introduction-data-engineering-4395021/airflow/dags/one_task_dag.py for tasks to queue
[2025-04-09T21:36:28.792+0000] {logging_mixin.py:150} INFO - [2025-04-09T21:36:28.791+0000] {dagbag.py:541} INFO - Filling up the DagBag from /workspaces/hands-on-introduction-data-engineering-4395021/airflow/dags/one_task_dag.py
[2025-04-09T21:36:28.799+0000] {processor.py:836} INFO - DAG(s) dict_keys(['one_task_dag']) retrieved from /workspaces/hands-on-introduction-data-engineering-4395021/airflow/dags/one_task_dag.py
[2025-04-09T21:36:28.816+0000] {logging_mixin.py:150} INFO - [2025-04-09T21:36:28.816+0000] {dag.py:2742} INFO - Sync 1 DAGs
[2025-04-09T21:36:28.830+0000] {logging_mixin.py:150} INFO - [2025-04-09T21:36:28.830+0000] {dag.py:3504} INFO - Setting next_dagrun for one_task_dag to None, run_after=None
[2025-04-09T21:36:28.843+0000] {processor.py:179} INFO - Processing /workspaces/hands-on-introduction-data-engineering-4395021/airflow/dags/one_task_dag.py took 0.056 seconds
[2025-04-09T21:36:58.974+0000] {processor.py:157} INFO - Started process (PID=50748) to work on /workspaces/hands-on-introduction-data-engineering-4395021/airflow/dags/one_task_dag.py
[2025-04-09T21:36:58.974+0000] {processor.py:826} INFO - Processing file /workspaces/hands-on-introduction-data-engineering-4395021/airflow/dags/one_task_dag.py for tasks to queue
[2025-04-09T21:36:58.975+0000] {logging_mixin.py:150} INFO - [2025-04-09T21:36:58.975+0000] {dagbag.py:541} INFO - Filling up the DagBag from /workspaces/hands-on-introduction-data-engineering-4395021/airflow/dags/one_task_dag.py
[2025-04-09T21:36:58.982+0000] {processor.py:836} INFO - DAG(s) dict_keys(['one_task_dag']) retrieved from /workspaces/hands-on-introduction-data-engineering-4395021/airflow/dags/one_task_dag.py
[2025-04-09T21:36:59.000+0000] {logging_mixin.py:150} INFO - [2025-04-09T21:36:59.000+0000] {dag.py:2742} INFO - Sync 1 DAGs
[2025-04-09T21:36:59.013+0000] {logging_mixin.py:150} INFO - [2025-04-09T21:36:59.013+0000] {dag.py:3504} INFO - Setting next_dagrun for one_task_dag to None, run_after=None
[2025-04-09T21:36:59.026+0000] {processor.py:179} INFO - Processing /workspaces/hands-on-introduction-data-engineering-4395021/airflow/dags/one_task_dag.py took 0.055 seconds
[2025-04-09T21:37:29.159+0000] {processor.py:157} INFO - Started process (PID=50953) to work on /workspaces/hands-on-introduction-data-engineering-4395021/airflow/dags/one_task_dag.py
[2025-04-09T21:37:29.160+0000] {processor.py:826} INFO - Processing file /workspaces/hands-on-introduction-data-engineering-4395021/airflow/dags/one_task_dag.py for tasks to queue
[2025-04-09T21:37:29.160+0000] {logging_mixin.py:150} INFO - [2025-04-09T21:37:29.160+0000] {dagbag.py:541} INFO - Filling up the DagBag from /workspaces/hands-on-introduction-data-engineering-4395021/airflow/dags/one_task_dag.py
[2025-04-09T21:37:29.167+0000] {processor.py:836} INFO - DAG(s) dict_keys(['one_task_dag']) retrieved from /workspaces/hands-on-introduction-data-engineering-4395021/airflow/dags/one_task_dag.py
[2025-04-09T21:37:29.185+0000] {logging_mixin.py:150} INFO - [2025-04-09T21:37:29.185+0000] {dag.py:2742} INFO - Sync 1 DAGs
[2025-04-09T21:37:29.198+0000] {logging_mixin.py:150} INFO - [2025-04-09T21:37:29.198+0000] {dag.py:3504} INFO - Setting next_dagrun for one_task_dag to None, run_after=None
[2025-04-09T21:37:29.211+0000] {processor.py:179} INFO - Processing /workspaces/hands-on-introduction-data-engineering-4395021/airflow/dags/one_task_dag.py took 0.055 seconds
[2025-04-09T21:37:59.355+0000] {processor.py:157} INFO - Started process (PID=51181) to work on /workspaces/hands-on-introduction-data-engineering-4395021/airflow/dags/one_task_dag.py
[2025-04-09T21:37:59.356+0000] {processor.py:826} INFO - Processing file /workspaces/hands-on-introduction-data-engineering-4395021/airflow/dags/one_task_dag.py for tasks to queue
[2025-04-09T21:37:59.357+0000] {logging_mixin.py:150} INFO - [2025-04-09T21:37:59.357+0000] {dagbag.py:541} INFO - Filling up the DagBag from /workspaces/hands-on-introduction-data-engineering-4395021/airflow/dags/one_task_dag.py
[2025-04-09T21:37:59.364+0000] {processor.py:836} INFO - DAG(s) dict_keys(['one_task_dag']) retrieved from /workspaces/hands-on-introduction-data-engineering-4395021/airflow/dags/one_task_dag.py
[2025-04-09T21:37:59.382+0000] {logging_mixin.py:150} INFO - [2025-04-09T21:37:59.382+0000] {dag.py:2742} INFO - Sync 1 DAGs
[2025-04-09T21:37:59.396+0000] {logging_mixin.py:150} INFO - [2025-04-09T21:37:59.396+0000] {dag.py:3504} INFO - Setting next_dagrun for one_task_dag to None, run_after=None
[2025-04-09T21:37:59.410+0000] {processor.py:179} INFO - Processing /workspaces/hands-on-introduction-data-engineering-4395021/airflow/dags/one_task_dag.py took 0.057 seconds
[2025-04-09T21:38:29.546+0000] {processor.py:157} INFO - Started process (PID=51445) to work on /workspaces/hands-on-introduction-data-engineering-4395021/airflow/dags/one_task_dag.py
[2025-04-09T21:38:29.547+0000] {processor.py:826} INFO - Processing file /workspaces/hands-on-introduction-data-engineering-4395021/airflow/dags/one_task_dag.py for tasks to queue
[2025-04-09T21:38:29.547+0000] {logging_mixin.py:150} INFO - [2025-04-09T21:38:29.547+0000] {dagbag.py:541} INFO - Filling up the DagBag from /workspaces/hands-on-introduction-data-engineering-4395021/airflow/dags/one_task_dag.py
[2025-04-09T21:38:29.555+0000] {processor.py:836} INFO - DAG(s) dict_keys(['one_task_dag']) retrieved from /workspaces/hands-on-introduction-data-engineering-4395021/airflow/dags/one_task_dag.py
[2025-04-09T21:38:29.573+0000] {logging_mixin.py:150} INFO - [2025-04-09T21:38:29.573+0000] {dag.py:2742} INFO - Sync 1 DAGs
[2025-04-09T21:38:29.586+0000] {logging_mixin.py:150} INFO - [2025-04-09T21:38:29.586+0000] {dag.py:3504} INFO - Setting next_dagrun for one_task_dag to None, run_after=None
[2025-04-09T21:38:29.600+0000] {processor.py:179} INFO - Processing /workspaces/hands-on-introduction-data-engineering-4395021/airflow/dags/one_task_dag.py took 0.057 seconds
[2025-04-09T21:38:59.729+0000] {processor.py:157} INFO - Started process (PID=51643) to work on /workspaces/hands-on-introduction-data-engineering-4395021/airflow/dags/one_task_dag.py
[2025-04-09T21:38:59.730+0000] {processor.py:826} INFO - Processing file /workspaces/hands-on-introduction-data-engineering-4395021/airflow/dags/one_task_dag.py for tasks to queue
[2025-04-09T21:38:59.731+0000] {logging_mixin.py:150} INFO - [2025-04-09T21:38:59.731+0000] {dagbag.py:541} INFO - Filling up the DagBag from /workspaces/hands-on-introduction-data-engineering-4395021/airflow/dags/one_task_dag.py
[2025-04-09T21:38:59.738+0000] {processor.py:836} INFO - DAG(s) dict_keys(['one_task_dag']) retrieved from /workspaces/hands-on-introduction-data-engineering-4395021/airflow/dags/one_task_dag.py
[2025-04-09T21:38:59.756+0000] {logging_mixin.py:150} INFO - [2025-04-09T21:38:59.756+0000] {dag.py:2742} INFO - Sync 1 DAGs
[2025-04-09T21:38:59.770+0000] {logging_mixin.py:150} INFO - [2025-04-09T21:38:59.770+0000] {dag.py:3504} INFO - Setting next_dagrun for one_task_dag to None, run_after=None
[2025-04-09T21:38:59.785+0000] {processor.py:179} INFO - Processing /workspaces/hands-on-introduction-data-engineering-4395021/airflow/dags/one_task_dag.py took 0.058 seconds
[2025-04-09T21:39:29.955+0000] {processor.py:157} INFO - Started process (PID=51904) to work on /workspaces/hands-on-introduction-data-engineering-4395021/airflow/dags/one_task_dag.py
[2025-04-09T21:39:29.956+0000] {processor.py:826} INFO - Processing file /workspaces/hands-on-introduction-data-engineering-4395021/airflow/dags/one_task_dag.py for tasks to queue
[2025-04-09T21:39:29.959+0000] {logging_mixin.py:150} INFO - [2025-04-09T21:39:29.958+0000] {dagbag.py:541} INFO - Filling up the DagBag from /workspaces/hands-on-introduction-data-engineering-4395021/airflow/dags/one_task_dag.py
[2025-04-09T21:39:29.990+0000] {processor.py:836} INFO - DAG(s) dict_keys(['one_task_dag']) retrieved from /workspaces/hands-on-introduction-data-engineering-4395021/airflow/dags/one_task_dag.py
[2025-04-09T21:39:30.027+0000] {logging_mixin.py:150} INFO - [2025-04-09T21:39:30.026+0000] {dag.py:2742} INFO - Sync 1 DAGs
[2025-04-09T21:39:30.047+0000] {logging_mixin.py:150} INFO - [2025-04-09T21:39:30.047+0000] {dag.py:3504} INFO - Setting next_dagrun for one_task_dag to None, run_after=None
[2025-04-09T21:39:30.079+0000] {processor.py:179} INFO - Processing /workspaces/hands-on-introduction-data-engineering-4395021/airflow/dags/one_task_dag.py took 0.137 seconds
[2025-04-09T21:40:01.128+0000] {processor.py:157} INFO - Started process (PID=52085) to work on /workspaces/hands-on-introduction-data-engineering-4395021/airflow/dags/one_task_dag.py
[2025-04-09T21:40:01.129+0000] {processor.py:826} INFO - Processing file /workspaces/hands-on-introduction-data-engineering-4395021/airflow/dags/one_task_dag.py for tasks to queue
[2025-04-09T21:40:01.129+0000] {logging_mixin.py:150} INFO - [2025-04-09T21:40:01.129+0000] {dagbag.py:541} INFO - Filling up the DagBag from /workspaces/hands-on-introduction-data-engineering-4395021/airflow/dags/one_task_dag.py
[2025-04-09T21:40:01.137+0000] {processor.py:836} INFO - DAG(s) dict_keys(['one_task_dag']) retrieved from /workspaces/hands-on-introduction-data-engineering-4395021/airflow/dags/one_task_dag.py
[2025-04-09T21:40:01.154+0000] {logging_mixin.py:150} INFO - [2025-04-09T21:40:01.154+0000] {dag.py:2742} INFO - Sync 1 DAGs
[2025-04-09T21:40:01.168+0000] {logging_mixin.py:150} INFO - [2025-04-09T21:40:01.168+0000] {dag.py:3504} INFO - Setting next_dagrun for one_task_dag to None, run_after=None
[2025-04-09T21:40:01.181+0000] {processor.py:179} INFO - Processing /workspaces/hands-on-introduction-data-engineering-4395021/airflow/dags/one_task_dag.py took 0.056 seconds
[2025-04-09T21:40:31.326+0000] {processor.py:157} INFO - Started process (PID=52383) to work on /workspaces/hands-on-introduction-data-engineering-4395021/airflow/dags/one_task_dag.py
[2025-04-09T21:40:31.327+0000] {processor.py:826} INFO - Processing file /workspaces/hands-on-introduction-data-engineering-4395021/airflow/dags/one_task_dag.py for tasks to queue
[2025-04-09T21:40:31.328+0000] {logging_mixin.py:150} INFO - [2025-04-09T21:40:31.327+0000] {dagbag.py:541} INFO - Filling up the DagBag from /workspaces/hands-on-introduction-data-engineering-4395021/airflow/dags/one_task_dag.py
[2025-04-09T21:40:31.335+0000] {processor.py:836} INFO - DAG(s) dict_keys(['one_task_dag']) retrieved from /workspaces/hands-on-introduction-data-engineering-4395021/airflow/dags/one_task_dag.py
[2025-04-09T21:40:31.353+0000] {logging_mixin.py:150} INFO - [2025-04-09T21:40:31.353+0000] {dag.py:2742} INFO - Sync 1 DAGs
[2025-04-09T21:40:31.367+0000] {logging_mixin.py:150} INFO - [2025-04-09T21:40:31.367+0000] {dag.py:3504} INFO - Setting next_dagrun for one_task_dag to None, run_after=None
[2025-04-09T21:40:31.380+0000] {processor.py:179} INFO - Processing /workspaces/hands-on-introduction-data-engineering-4395021/airflow/dags/one_task_dag.py took 0.057 seconds
[2025-04-09T21:41:01.513+0000] {processor.py:157} INFO - Started process (PID=52625) to work on /workspaces/hands-on-introduction-data-engineering-4395021/airflow/dags/one_task_dag.py
[2025-04-09T21:41:01.514+0000] {processor.py:826} INFO - Processing file /workspaces/hands-on-introduction-data-engineering-4395021/airflow/dags/one_task_dag.py for tasks to queue
[2025-04-09T21:41:01.515+0000] {logging_mixin.py:150} INFO - [2025-04-09T21:41:01.514+0000] {dagbag.py:541} INFO - Filling up the DagBag from /workspaces/hands-on-introduction-data-engineering-4395021/airflow/dags/one_task_dag.py
[2025-04-09T21:41:01.522+0000] {processor.py:836} INFO - DAG(s) dict_keys(['one_task_dag']) retrieved from /workspaces/hands-on-introduction-data-engineering-4395021/airflow/dags/one_task_dag.py
[2025-04-09T21:41:01.540+0000] {logging_mixin.py:150} INFO - [2025-04-09T21:41:01.539+0000] {dag.py:2742} INFO - Sync 1 DAGs
[2025-04-09T21:41:01.553+0000] {logging_mixin.py:150} INFO - [2025-04-09T21:41:01.553+0000] {dag.py:3504} INFO - Setting next_dagrun for one_task_dag to None, run_after=None
[2025-04-09T21:41:01.567+0000] {processor.py:179} INFO - Processing /workspaces/hands-on-introduction-data-engineering-4395021/airflow/dags/one_task_dag.py took 0.056 seconds
[2025-04-09T21:41:31.871+0000] {processor.py:157} INFO - Started process (PID=52913) to work on /workspaces/hands-on-introduction-data-engineering-4395021/airflow/dags/one_task_dag.py
[2025-04-09T21:41:31.872+0000] {processor.py:826} INFO - Processing file /workspaces/hands-on-introduction-data-engineering-4395021/airflow/dags/one_task_dag.py for tasks to queue
[2025-04-09T21:41:31.872+0000] {logging_mixin.py:150} INFO - [2025-04-09T21:41:31.872+0000] {dagbag.py:541} INFO - Filling up the DagBag from /workspaces/hands-on-introduction-data-engineering-4395021/airflow/dags/one_task_dag.py
[2025-04-09T21:41:31.880+0000] {processor.py:836} INFO - DAG(s) dict_keys(['one_task_dag']) retrieved from /workspaces/hands-on-introduction-data-engineering-4395021/airflow/dags/one_task_dag.py
[2025-04-09T21:41:31.903+0000] {logging_mixin.py:150} INFO - [2025-04-09T21:41:31.903+0000] {dag.py:2742} INFO - Sync 1 DAGs
[2025-04-09T21:41:31.922+0000] {logging_mixin.py:150} INFO - [2025-04-09T21:41:31.922+0000] {dag.py:3504} INFO - Setting next_dagrun for one_task_dag to None, run_after=None
[2025-04-09T21:41:31.935+0000] {processor.py:179} INFO - Processing /workspaces/hands-on-introduction-data-engineering-4395021/airflow/dags/one_task_dag.py took 0.067 seconds
[2025-04-09T21:42:02.364+0000] {processor.py:157} INFO - Started process (PID=53150) to work on /workspaces/hands-on-introduction-data-engineering-4395021/airflow/dags/one_task_dag.py
[2025-04-09T21:42:02.365+0000] {processor.py:826} INFO - Processing file /workspaces/hands-on-introduction-data-engineering-4395021/airflow/dags/one_task_dag.py for tasks to queue
[2025-04-09T21:42:02.366+0000] {logging_mixin.py:150} INFO - [2025-04-09T21:42:02.365+0000] {dagbag.py:541} INFO - Filling up the DagBag from /workspaces/hands-on-introduction-data-engineering-4395021/airflow/dags/one_task_dag.py
[2025-04-09T21:42:02.374+0000] {processor.py:836} INFO - DAG(s) dict_keys(['one_task_dag']) retrieved from /workspaces/hands-on-introduction-data-engineering-4395021/airflow/dags/one_task_dag.py
[2025-04-09T21:42:02.398+0000] {logging_mixin.py:150} INFO - [2025-04-09T21:42:02.397+0000] {dag.py:2742} INFO - Sync 1 DAGs
[2025-04-09T21:42:02.415+0000] {logging_mixin.py:150} INFO - [2025-04-09T21:42:02.415+0000] {dag.py:3504} INFO - Setting next_dagrun for one_task_dag to None, run_after=None
[2025-04-09T21:42:02.428+0000] {processor.py:179} INFO - Processing /workspaces/hands-on-introduction-data-engineering-4395021/airflow/dags/one_task_dag.py took 0.066 seconds
[2025-04-09T21:42:32.979+0000] {processor.py:157} INFO - Started process (PID=53477) to work on /workspaces/hands-on-introduction-data-engineering-4395021/airflow/dags/one_task_dag.py
[2025-04-09T21:42:32.980+0000] {processor.py:826} INFO - Processing file /workspaces/hands-on-introduction-data-engineering-4395021/airflow/dags/one_task_dag.py for tasks to queue
[2025-04-09T21:42:32.980+0000] {logging_mixin.py:150} INFO - [2025-04-09T21:42:32.980+0000] {dagbag.py:541} INFO - Filling up the DagBag from /workspaces/hands-on-introduction-data-engineering-4395021/airflow/dags/one_task_dag.py
[2025-04-09T21:42:32.987+0000] {processor.py:836} INFO - DAG(s) dict_keys(['one_task_dag']) retrieved from /workspaces/hands-on-introduction-data-engineering-4395021/airflow/dags/one_task_dag.py
[2025-04-09T21:42:33.005+0000] {logging_mixin.py:150} INFO - [2025-04-09T21:42:33.005+0000] {dag.py:2742} INFO - Sync 1 DAGs
[2025-04-09T21:42:33.019+0000] {logging_mixin.py:150} INFO - [2025-04-09T21:42:33.018+0000] {dag.py:3504} INFO - Setting next_dagrun for one_task_dag to None, run_after=None
[2025-04-09T21:42:33.035+0000] {processor.py:179} INFO - Processing /workspaces/hands-on-introduction-data-engineering-4395021/airflow/dags/one_task_dag.py took 0.059 seconds
[2025-04-09T21:43:03.454+0000] {processor.py:157} INFO - Started process (PID=53747) to work on /workspaces/hands-on-introduction-data-engineering-4395021/airflow/dags/one_task_dag.py
[2025-04-09T21:43:03.455+0000] {processor.py:826} INFO - Processing file /workspaces/hands-on-introduction-data-engineering-4395021/airflow/dags/one_task_dag.py for tasks to queue
[2025-04-09T21:43:03.456+0000] {logging_mixin.py:150} INFO - [2025-04-09T21:43:03.456+0000] {dagbag.py:541} INFO - Filling up the DagBag from /workspaces/hands-on-introduction-data-engineering-4395021/airflow/dags/one_task_dag.py
[2025-04-09T21:43:03.463+0000] {processor.py:836} INFO - DAG(s) dict_keys(['one_task_dag']) retrieved from /workspaces/hands-on-introduction-data-engineering-4395021/airflow/dags/one_task_dag.py
[2025-04-09T21:43:03.480+0000] {logging_mixin.py:150} INFO - [2025-04-09T21:43:03.480+0000] {dag.py:2742} INFO - Sync 1 DAGs
[2025-04-09T21:43:03.493+0000] {logging_mixin.py:150} INFO - [2025-04-09T21:43:03.493+0000] {dag.py:3504} INFO - Setting next_dagrun for one_task_dag to None, run_after=None
[2025-04-09T21:43:03.507+0000] {processor.py:179} INFO - Processing /workspaces/hands-on-introduction-data-engineering-4395021/airflow/dags/one_task_dag.py took 0.056 seconds
[2025-04-09T21:43:33.750+0000] {processor.py:157} INFO - Started process (PID=53946) to work on /workspaces/hands-on-introduction-data-engineering-4395021/airflow/dags/one_task_dag.py
[2025-04-09T21:43:33.751+0000] {processor.py:826} INFO - Processing file /workspaces/hands-on-introduction-data-engineering-4395021/airflow/dags/one_task_dag.py for tasks to queue
[2025-04-09T21:43:33.751+0000] {logging_mixin.py:150} INFO - [2025-04-09T21:43:33.751+0000] {dagbag.py:541} INFO - Filling up the DagBag from /workspaces/hands-on-introduction-data-engineering-4395021/airflow/dags/one_task_dag.py
[2025-04-09T21:43:33.759+0000] {processor.py:836} INFO - DAG(s) dict_keys(['one_task_dag']) retrieved from /workspaces/hands-on-introduction-data-engineering-4395021/airflow/dags/one_task_dag.py
[2025-04-09T21:43:33.777+0000] {logging_mixin.py:150} INFO - [2025-04-09T21:43:33.777+0000] {dag.py:2742} INFO - Sync 1 DAGs
[2025-04-09T21:43:33.791+0000] {logging_mixin.py:150} INFO - [2025-04-09T21:43:33.791+0000] {dag.py:3504} INFO - Setting next_dagrun for one_task_dag to None, run_after=None
[2025-04-09T21:43:33.804+0000] {processor.py:179} INFO - Processing /workspaces/hands-on-introduction-data-engineering-4395021/airflow/dags/one_task_dag.py took 0.057 seconds
[2025-04-09T21:44:04.144+0000] {processor.py:157} INFO - Started process (PID=54156) to work on /workspaces/hands-on-introduction-data-engineering-4395021/airflow/dags/one_task_dag.py
[2025-04-09T21:44:04.145+0000] {processor.py:826} INFO - Processing file /workspaces/hands-on-introduction-data-engineering-4395021/airflow/dags/one_task_dag.py for tasks to queue
[2025-04-09T21:44:04.146+0000] {logging_mixin.py:150} INFO - [2025-04-09T21:44:04.145+0000] {dagbag.py:541} INFO - Filling up the DagBag from /workspaces/hands-on-introduction-data-engineering-4395021/airflow/dags/one_task_dag.py
[2025-04-09T21:44:04.153+0000] {processor.py:836} INFO - DAG(s) dict_keys(['one_task_dag']) retrieved from /workspaces/hands-on-introduction-data-engineering-4395021/airflow/dags/one_task_dag.py
[2025-04-09T21:44:04.170+0000] {logging_mixin.py:150} INFO - [2025-04-09T21:44:04.170+0000] {dag.py:2742} INFO - Sync 1 DAGs
[2025-04-09T21:44:04.184+0000] {logging_mixin.py:150} INFO - [2025-04-09T21:44:04.184+0000] {dag.py:3504} INFO - Setting next_dagrun for one_task_dag to None, run_after=None
[2025-04-09T21:44:04.198+0000] {processor.py:179} INFO - Processing /workspaces/hands-on-introduction-data-engineering-4395021/airflow/dags/one_task_dag.py took 0.057 seconds
[2025-04-09T21:44:34.531+0000] {processor.py:157} INFO - Started process (PID=54357) to work on /workspaces/hands-on-introduction-data-engineering-4395021/airflow/dags/one_task_dag.py
[2025-04-09T21:44:34.532+0000] {processor.py:826} INFO - Processing file /workspaces/hands-on-introduction-data-engineering-4395021/airflow/dags/one_task_dag.py for tasks to queue
[2025-04-09T21:44:34.532+0000] {logging_mixin.py:150} INFO - [2025-04-09T21:44:34.532+0000] {dagbag.py:541} INFO - Filling up the DagBag from /workspaces/hands-on-introduction-data-engineering-4395021/airflow/dags/one_task_dag.py
[2025-04-09T21:44:34.540+0000] {processor.py:836} INFO - DAG(s) dict_keys(['one_task_dag']) retrieved from /workspaces/hands-on-introduction-data-engineering-4395021/airflow/dags/one_task_dag.py
[2025-04-09T21:44:34.557+0000] {logging_mixin.py:150} INFO - [2025-04-09T21:44:34.557+0000] {dag.py:2742} INFO - Sync 1 DAGs
[2025-04-09T21:44:34.571+0000] {logging_mixin.py:150} INFO - [2025-04-09T21:44:34.571+0000] {dag.py:3504} INFO - Setting next_dagrun for one_task_dag to None, run_after=None
[2025-04-09T21:44:34.587+0000] {processor.py:179} INFO - Processing /workspaces/hands-on-introduction-data-engineering-4395021/airflow/dags/one_task_dag.py took 0.059 seconds
[2025-04-09T21:45:04.929+0000] {processor.py:157} INFO - Started process (PID=54559) to work on /workspaces/hands-on-introduction-data-engineering-4395021/airflow/dags/one_task_dag.py
[2025-04-09T21:45:04.930+0000] {processor.py:826} INFO - Processing file /workspaces/hands-on-introduction-data-engineering-4395021/airflow/dags/one_task_dag.py for tasks to queue
[2025-04-09T21:45:04.931+0000] {logging_mixin.py:150} INFO - [2025-04-09T21:45:04.930+0000] {dagbag.py:541} INFO - Filling up the DagBag from /workspaces/hands-on-introduction-data-engineering-4395021/airflow/dags/one_task_dag.py
[2025-04-09T21:45:04.938+0000] {processor.py:836} INFO - DAG(s) dict_keys(['one_task_dag']) retrieved from /workspaces/hands-on-introduction-data-engineering-4395021/airflow/dags/one_task_dag.py
[2025-04-09T21:45:04.955+0000] {logging_mixin.py:150} INFO - [2025-04-09T21:45:04.955+0000] {dag.py:2742} INFO - Sync 1 DAGs
[2025-04-09T21:45:04.968+0000] {logging_mixin.py:150} INFO - [2025-04-09T21:45:04.968+0000] {dag.py:3504} INFO - Setting next_dagrun for one_task_dag to None, run_after=None
[2025-04-09T21:45:04.982+0000] {processor.py:179} INFO - Processing /workspaces/hands-on-introduction-data-engineering-4395021/airflow/dags/one_task_dag.py took 0.055 seconds
[2025-04-09T21:45:35.217+0000] {processor.py:157} INFO - Started process (PID=54749) to work on /workspaces/hands-on-introduction-data-engineering-4395021/airflow/dags/one_task_dag.py
[2025-04-09T21:45:35.218+0000] {processor.py:826} INFO - Processing file /workspaces/hands-on-introduction-data-engineering-4395021/airflow/dags/one_task_dag.py for tasks to queue
[2025-04-09T21:45:35.218+0000] {logging_mixin.py:150} INFO - [2025-04-09T21:45:35.218+0000] {dagbag.py:541} INFO - Filling up the DagBag from /workspaces/hands-on-introduction-data-engineering-4395021/airflow/dags/one_task_dag.py
[2025-04-09T21:45:35.226+0000] {processor.py:836} INFO - DAG(s) dict_keys(['one_task_dag']) retrieved from /workspaces/hands-on-introduction-data-engineering-4395021/airflow/dags/one_task_dag.py
[2025-04-09T21:45:35.243+0000] {logging_mixin.py:150} INFO - [2025-04-09T21:45:35.243+0000] {dag.py:2742} INFO - Sync 1 DAGs
[2025-04-09T21:45:35.256+0000] {logging_mixin.py:150} INFO - [2025-04-09T21:45:35.256+0000] {dag.py:3504} INFO - Setting next_dagrun for one_task_dag to None, run_after=None
[2025-04-09T21:45:35.269+0000] {processor.py:179} INFO - Processing /workspaces/hands-on-introduction-data-engineering-4395021/airflow/dags/one_task_dag.py took 0.055 seconds
[2025-04-09T21:46:05.506+0000] {processor.py:157} INFO - Started process (PID=54954) to work on /workspaces/hands-on-introduction-data-engineering-4395021/airflow/dags/one_task_dag.py
[2025-04-09T21:46:05.507+0000] {processor.py:826} INFO - Processing file /workspaces/hands-on-introduction-data-engineering-4395021/airflow/dags/one_task_dag.py for tasks to queue
[2025-04-09T21:46:05.508+0000] {logging_mixin.py:150} INFO - [2025-04-09T21:46:05.507+0000] {dagbag.py:541} INFO - Filling up the DagBag from /workspaces/hands-on-introduction-data-engineering-4395021/airflow/dags/one_task_dag.py
[2025-04-09T21:46:05.515+0000] {processor.py:836} INFO - DAG(s) dict_keys(['one_task_dag']) retrieved from /workspaces/hands-on-introduction-data-engineering-4395021/airflow/dags/one_task_dag.py
[2025-04-09T21:46:05.532+0000] {logging_mixin.py:150} INFO - [2025-04-09T21:46:05.532+0000] {dag.py:2742} INFO - Sync 1 DAGs
[2025-04-09T21:46:05.545+0000] {logging_mixin.py:150} INFO - [2025-04-09T21:46:05.545+0000] {dag.py:3504} INFO - Setting next_dagrun for one_task_dag to None, run_after=None
[2025-04-09T21:46:05.559+0000] {processor.py:179} INFO - Processing /workspaces/hands-on-introduction-data-engineering-4395021/airflow/dags/one_task_dag.py took 0.056 seconds
[2025-04-09T21:46:36.901+0000] {processor.py:157} INFO - Started process (PID=55161) to work on /workspaces/hands-on-introduction-data-engineering-4395021/airflow/dags/one_task_dag.py
[2025-04-09T21:46:36.902+0000] {processor.py:826} INFO - Processing file /workspaces/hands-on-introduction-data-engineering-4395021/airflow/dags/one_task_dag.py for tasks to queue
[2025-04-09T21:46:36.903+0000] {logging_mixin.py:150} INFO - [2025-04-09T21:46:36.902+0000] {dagbag.py:541} INFO - Filling up the DagBag from /workspaces/hands-on-introduction-data-engineering-4395021/airflow/dags/one_task_dag.py
[2025-04-09T21:46:36.910+0000] {processor.py:836} INFO - DAG(s) dict_keys(['one_task_dag']) retrieved from /workspaces/hands-on-introduction-data-engineering-4395021/airflow/dags/one_task_dag.py
[2025-04-09T21:46:36.929+0000] {logging_mixin.py:150} INFO - [2025-04-09T21:46:36.928+0000] {dag.py:2742} INFO - Sync 1 DAGs
[2025-04-09T21:46:36.944+0000] {logging_mixin.py:150} INFO - [2025-04-09T21:46:36.944+0000] {dag.py:3504} INFO - Setting next_dagrun for one_task_dag to None, run_after=None
[2025-04-09T21:46:36.958+0000] {processor.py:179} INFO - Processing /workspaces/hands-on-introduction-data-engineering-4395021/airflow/dags/one_task_dag.py took 0.060 seconds
[2025-04-09T21:47:08.473+0000] {processor.py:157} INFO - Started process (PID=55373) to work on /workspaces/hands-on-introduction-data-engineering-4395021/airflow/dags/one_task_dag.py
[2025-04-09T21:47:08.474+0000] {processor.py:826} INFO - Processing file /workspaces/hands-on-introduction-data-engineering-4395021/airflow/dags/one_task_dag.py for tasks to queue
[2025-04-09T21:47:08.475+0000] {logging_mixin.py:150} INFO - [2025-04-09T21:47:08.474+0000] {dagbag.py:541} INFO - Filling up the DagBag from /workspaces/hands-on-introduction-data-engineering-4395021/airflow/dags/one_task_dag.py
[2025-04-09T21:47:08.482+0000] {processor.py:836} INFO - DAG(s) dict_keys(['one_task_dag']) retrieved from /workspaces/hands-on-introduction-data-engineering-4395021/airflow/dags/one_task_dag.py
[2025-04-09T21:47:08.501+0000] {logging_mixin.py:150} INFO - [2025-04-09T21:47:08.501+0000] {dag.py:2742} INFO - Sync 1 DAGs
[2025-04-09T21:47:08.516+0000] {logging_mixin.py:150} INFO - [2025-04-09T21:47:08.516+0000] {dag.py:3504} INFO - Setting next_dagrun for one_task_dag to None, run_after=None
[2025-04-09T21:47:08.531+0000] {processor.py:179} INFO - Processing /workspaces/hands-on-introduction-data-engineering-4395021/airflow/dags/one_task_dag.py took 0.060 seconds
[2025-04-09T21:47:38.808+0000] {processor.py:157} INFO - Started process (PID=55574) to work on /workspaces/hands-on-introduction-data-engineering-4395021/airflow/dags/one_task_dag.py
[2025-04-09T21:47:38.809+0000] {processor.py:826} INFO - Processing file /workspaces/hands-on-introduction-data-engineering-4395021/airflow/dags/one_task_dag.py for tasks to queue
[2025-04-09T21:47:38.810+0000] {logging_mixin.py:150} INFO - [2025-04-09T21:47:38.809+0000] {dagbag.py:541} INFO - Filling up the DagBag from /workspaces/hands-on-introduction-data-engineering-4395021/airflow/dags/one_task_dag.py
[2025-04-09T21:47:38.817+0000] {processor.py:836} INFO - DAG(s) dict_keys(['one_task_dag']) retrieved from /workspaces/hands-on-introduction-data-engineering-4395021/airflow/dags/one_task_dag.py
[2025-04-09T21:47:38.835+0000] {logging_mixin.py:150} INFO - [2025-04-09T21:47:38.835+0000] {dag.py:2742} INFO - Sync 1 DAGs
[2025-04-09T21:47:38.849+0000] {logging_mixin.py:150} INFO - [2025-04-09T21:47:38.849+0000] {dag.py:3504} INFO - Setting next_dagrun for one_task_dag to None, run_after=None
[2025-04-09T21:47:38.863+0000] {processor.py:179} INFO - Processing /workspaces/hands-on-introduction-data-engineering-4395021/airflow/dags/one_task_dag.py took 0.058 seconds
[2025-04-09T21:48:09.207+0000] {processor.py:157} INFO - Started process (PID=55778) to work on /workspaces/hands-on-introduction-data-engineering-4395021/airflow/dags/one_task_dag.py
[2025-04-09T21:48:09.208+0000] {processor.py:826} INFO - Processing file /workspaces/hands-on-introduction-data-engineering-4395021/airflow/dags/one_task_dag.py for tasks to queue
[2025-04-09T21:48:09.209+0000] {logging_mixin.py:150} INFO - [2025-04-09T21:48:09.209+0000] {dagbag.py:541} INFO - Filling up the DagBag from /workspaces/hands-on-introduction-data-engineering-4395021/airflow/dags/one_task_dag.py
[2025-04-09T21:48:09.216+0000] {processor.py:836} INFO - DAG(s) dict_keys(['one_task_dag']) retrieved from /workspaces/hands-on-introduction-data-engineering-4395021/airflow/dags/one_task_dag.py
[2025-04-09T21:48:09.234+0000] {logging_mixin.py:150} INFO - [2025-04-09T21:48:09.234+0000] {dag.py:2742} INFO - Sync 1 DAGs
[2025-04-09T21:48:09.248+0000] {logging_mixin.py:150} INFO - [2025-04-09T21:48:09.247+0000] {dag.py:3504} INFO - Setting next_dagrun for one_task_dag to None, run_after=None
[2025-04-09T21:48:09.261+0000] {processor.py:179} INFO - Processing /workspaces/hands-on-introduction-data-engineering-4395021/airflow/dags/one_task_dag.py took 0.056 seconds
[2025-04-09T21:48:39.708+0000] {processor.py:157} INFO - Started process (PID=55975) to work on /workspaces/hands-on-introduction-data-engineering-4395021/airflow/dags/one_task_dag.py
[2025-04-09T21:48:39.708+0000] {processor.py:826} INFO - Processing file /workspaces/hands-on-introduction-data-engineering-4395021/airflow/dags/one_task_dag.py for tasks to queue
[2025-04-09T21:48:39.709+0000] {logging_mixin.py:150} INFO - [2025-04-09T21:48:39.709+0000] {dagbag.py:541} INFO - Filling up the DagBag from /workspaces/hands-on-introduction-data-engineering-4395021/airflow/dags/one_task_dag.py
[2025-04-09T21:48:39.716+0000] {processor.py:836} INFO - DAG(s) dict_keys(['one_task_dag']) retrieved from /workspaces/hands-on-introduction-data-engineering-4395021/airflow/dags/one_task_dag.py
[2025-04-09T21:48:39.734+0000] {logging_mixin.py:150} INFO - [2025-04-09T21:48:39.734+0000] {dag.py:2742} INFO - Sync 1 DAGs
[2025-04-09T21:48:39.748+0000] {logging_mixin.py:150} INFO - [2025-04-09T21:48:39.747+0000] {dag.py:3504} INFO - Setting next_dagrun for one_task_dag to None, run_after=None
[2025-04-09T21:48:39.761+0000] {processor.py:179} INFO - Processing /workspaces/hands-on-introduction-data-engineering-4395021/airflow/dags/one_task_dag.py took 0.056 seconds
[2025-04-09T21:49:10.054+0000] {processor.py:157} INFO - Started process (PID=56164) to work on /workspaces/hands-on-introduction-data-engineering-4395021/airflow/dags/one_task_dag.py
[2025-04-09T21:49:10.055+0000] {processor.py:826} INFO - Processing file /workspaces/hands-on-introduction-data-engineering-4395021/airflow/dags/one_task_dag.py for tasks to queue
[2025-04-09T21:49:10.056+0000] {logging_mixin.py:150} INFO - [2025-04-09T21:49:10.056+0000] {dagbag.py:541} INFO - Filling up the DagBag from /workspaces/hands-on-introduction-data-engineering-4395021/airflow/dags/one_task_dag.py
[2025-04-09T21:49:10.063+0000] {processor.py:836} INFO - DAG(s) dict_keys(['one_task_dag']) retrieved from /workspaces/hands-on-introduction-data-engineering-4395021/airflow/dags/one_task_dag.py
[2025-04-09T21:49:10.081+0000] {logging_mixin.py:150} INFO - [2025-04-09T21:49:10.081+0000] {dag.py:2742} INFO - Sync 1 DAGs
[2025-04-09T21:49:10.095+0000] {logging_mixin.py:150} INFO - [2025-04-09T21:49:10.095+0000] {dag.py:3504} INFO - Setting next_dagrun for one_task_dag to None, run_after=None
[2025-04-09T21:49:10.108+0000] {processor.py:179} INFO - Processing /workspaces/hands-on-introduction-data-engineering-4395021/airflow/dags/one_task_dag.py took 0.056 seconds
[2025-04-09T21:49:40.510+0000] {processor.py:157} INFO - Started process (PID=56362) to work on /workspaces/hands-on-introduction-data-engineering-4395021/airflow/dags/one_task_dag.py
[2025-04-09T21:49:40.511+0000] {processor.py:826} INFO - Processing file /workspaces/hands-on-introduction-data-engineering-4395021/airflow/dags/one_task_dag.py for tasks to queue
[2025-04-09T21:49:40.512+0000] {logging_mixin.py:150} INFO - [2025-04-09T21:49:40.511+0000] {dagbag.py:541} INFO - Filling up the DagBag from /workspaces/hands-on-introduction-data-engineering-4395021/airflow/dags/one_task_dag.py
[2025-04-09T21:49:40.524+0000] {processor.py:836} INFO - DAG(s) dict_keys(['one_task_dag']) retrieved from /workspaces/hands-on-introduction-data-engineering-4395021/airflow/dags/one_task_dag.py
[2025-04-09T21:49:40.550+0000] {logging_mixin.py:150} INFO - [2025-04-09T21:49:40.550+0000] {dag.py:2742} INFO - Sync 1 DAGs
[2025-04-09T21:49:40.581+0000] {logging_mixin.py:150} INFO - [2025-04-09T21:49:40.581+0000] {dag.py:3504} INFO - Setting next_dagrun for one_task_dag to None, run_after=None
[2025-04-09T21:49:40.613+0000] {processor.py:179} INFO - Processing /workspaces/hands-on-introduction-data-engineering-4395021/airflow/dags/one_task_dag.py took 0.111 seconds
[2025-04-09T21:50:10.923+0000] {processor.py:157} INFO - Started process (PID=56541) to work on /workspaces/hands-on-introduction-data-engineering-4395021/airflow/dags/one_task_dag.py
[2025-04-09T21:50:10.923+0000] {processor.py:826} INFO - Processing file /workspaces/hands-on-introduction-data-engineering-4395021/airflow/dags/one_task_dag.py for tasks to queue
[2025-04-09T21:50:10.924+0000] {logging_mixin.py:150} INFO - [2025-04-09T21:50:10.924+0000] {dagbag.py:541} INFO - Filling up the DagBag from /workspaces/hands-on-introduction-data-engineering-4395021/airflow/dags/one_task_dag.py
[2025-04-09T21:50:10.934+0000] {processor.py:836} INFO - DAG(s) dict_keys(['one_task_dag']) retrieved from /workspaces/hands-on-introduction-data-engineering-4395021/airflow/dags/one_task_dag.py
[2025-04-09T21:50:10.958+0000] {logging_mixin.py:150} INFO - [2025-04-09T21:50:10.958+0000] {dag.py:2742} INFO - Sync 1 DAGs
[2025-04-09T21:50:10.979+0000] {logging_mixin.py:150} INFO - [2025-04-09T21:50:10.978+0000] {dag.py:3504} INFO - Setting next_dagrun for one_task_dag to None, run_after=None
[2025-04-09T21:50:10.996+0000] {processor.py:179} INFO - Processing /workspaces/hands-on-introduction-data-engineering-4395021/airflow/dags/one_task_dag.py took 0.076 seconds
[2025-04-09T21:50:41.412+0000] {processor.py:157} INFO - Started process (PID=56721) to work on /workspaces/hands-on-introduction-data-engineering-4395021/airflow/dags/one_task_dag.py
[2025-04-09T21:50:41.413+0000] {processor.py:826} INFO - Processing file /workspaces/hands-on-introduction-data-engineering-4395021/airflow/dags/one_task_dag.py for tasks to queue
[2025-04-09T21:50:41.414+0000] {logging_mixin.py:150} INFO - [2025-04-09T21:50:41.413+0000] {dagbag.py:541} INFO - Filling up the DagBag from /workspaces/hands-on-introduction-data-engineering-4395021/airflow/dags/one_task_dag.py
[2025-04-09T21:50:41.421+0000] {processor.py:836} INFO - DAG(s) dict_keys(['one_task_dag']) retrieved from /workspaces/hands-on-introduction-data-engineering-4395021/airflow/dags/one_task_dag.py
[2025-04-09T21:50:41.439+0000] {logging_mixin.py:150} INFO - [2025-04-09T21:50:41.438+0000] {dag.py:2742} INFO - Sync 1 DAGs
[2025-04-09T21:50:41.452+0000] {logging_mixin.py:150} INFO - [2025-04-09T21:50:41.451+0000] {dag.py:3504} INFO - Setting next_dagrun for one_task_dag to None, run_after=None
[2025-04-09T21:50:41.466+0000] {processor.py:179} INFO - Processing /workspaces/hands-on-introduction-data-engineering-4395021/airflow/dags/one_task_dag.py took 0.056 seconds
[2025-04-09T21:51:11.795+0000] {processor.py:157} INFO - Started process (PID=56901) to work on /workspaces/hands-on-introduction-data-engineering-4395021/airflow/dags/one_task_dag.py
[2025-04-09T21:51:11.795+0000] {processor.py:826} INFO - Processing file /workspaces/hands-on-introduction-data-engineering-4395021/airflow/dags/one_task_dag.py for tasks to queue
[2025-04-09T21:51:11.796+0000] {logging_mixin.py:150} INFO - [2025-04-09T21:51:11.796+0000] {dagbag.py:541} INFO - Filling up the DagBag from /workspaces/hands-on-introduction-data-engineering-4395021/airflow/dags/one_task_dag.py
[2025-04-09T21:51:11.803+0000] {processor.py:836} INFO - DAG(s) dict_keys(['one_task_dag']) retrieved from /workspaces/hands-on-introduction-data-engineering-4395021/airflow/dags/one_task_dag.py
[2025-04-09T21:51:11.820+0000] {logging_mixin.py:150} INFO - [2025-04-09T21:51:11.820+0000] {dag.py:2742} INFO - Sync 1 DAGs
[2025-04-09T21:51:11.834+0000] {logging_mixin.py:150} INFO - [2025-04-09T21:51:11.834+0000] {dag.py:3504} INFO - Setting next_dagrun for one_task_dag to None, run_after=None
[2025-04-09T21:51:11.847+0000] {processor.py:179} INFO - Processing /workspaces/hands-on-introduction-data-engineering-4395021/airflow/dags/one_task_dag.py took 0.055 seconds
[2025-04-09T21:51:42.181+0000] {processor.py:157} INFO - Started process (PID=57093) to work on /workspaces/hands-on-introduction-data-engineering-4395021/airflow/dags/one_task_dag.py
[2025-04-09T21:51:42.181+0000] {processor.py:826} INFO - Processing file /workspaces/hands-on-introduction-data-engineering-4395021/airflow/dags/one_task_dag.py for tasks to queue
[2025-04-09T21:51:42.182+0000] {logging_mixin.py:150} INFO - [2025-04-09T21:51:42.182+0000] {dagbag.py:541} INFO - Filling up the DagBag from /workspaces/hands-on-introduction-data-engineering-4395021/airflow/dags/one_task_dag.py
[2025-04-09T21:51:42.189+0000] {processor.py:836} INFO - DAG(s) dict_keys(['one_task_dag']) retrieved from /workspaces/hands-on-introduction-data-engineering-4395021/airflow/dags/one_task_dag.py
[2025-04-09T21:51:42.207+0000] {logging_mixin.py:150} INFO - [2025-04-09T21:51:42.206+0000] {dag.py:2742} INFO - Sync 1 DAGs
[2025-04-09T21:51:42.220+0000] {logging_mixin.py:150} INFO - [2025-04-09T21:51:42.220+0000] {dag.py:3504} INFO - Setting next_dagrun for one_task_dag to None, run_after=None
[2025-04-09T21:51:42.233+0000] {processor.py:179} INFO - Processing /workspaces/hands-on-introduction-data-engineering-4395021/airflow/dags/one_task_dag.py took 0.055 seconds
[2025-04-09T21:52:13.304+0000] {processor.py:157} INFO - Started process (PID=57293) to work on /workspaces/hands-on-introduction-data-engineering-4395021/airflow/dags/one_task_dag.py
[2025-04-09T21:52:13.305+0000] {processor.py:826} INFO - Processing file /workspaces/hands-on-introduction-data-engineering-4395021/airflow/dags/one_task_dag.py for tasks to queue
[2025-04-09T21:52:13.305+0000] {logging_mixin.py:150} INFO - [2025-04-09T21:52:13.305+0000] {dagbag.py:541} INFO - Filling up the DagBag from /workspaces/hands-on-introduction-data-engineering-4395021/airflow/dags/one_task_dag.py
[2025-04-09T21:52:13.314+0000] {processor.py:836} INFO - DAG(s) dict_keys(['one_task_dag']) retrieved from /workspaces/hands-on-introduction-data-engineering-4395021/airflow/dags/one_task_dag.py
[2025-04-09T21:52:13.339+0000] {logging_mixin.py:150} INFO - [2025-04-09T21:52:13.338+0000] {dag.py:2742} INFO - Sync 1 DAGs
[2025-04-09T21:52:13.359+0000] {logging_mixin.py:150} INFO - [2025-04-09T21:52:13.359+0000] {dag.py:3504} INFO - Setting next_dagrun for one_task_dag to None, run_after=None
[2025-04-09T21:52:13.377+0000] {processor.py:179} INFO - Processing /workspaces/hands-on-introduction-data-engineering-4395021/airflow/dags/one_task_dag.py took 0.076 seconds
[2025-04-09T21:52:43.599+0000] {processor.py:157} INFO - Started process (PID=57506) to work on /workspaces/hands-on-introduction-data-engineering-4395021/airflow/dags/one_task_dag.py
[2025-04-09T21:52:43.600+0000] {processor.py:826} INFO - Processing file /workspaces/hands-on-introduction-data-engineering-4395021/airflow/dags/one_task_dag.py for tasks to queue
[2025-04-09T21:52:43.601+0000] {logging_mixin.py:150} INFO - [2025-04-09T21:52:43.600+0000] {dagbag.py:541} INFO - Filling up the DagBag from /workspaces/hands-on-introduction-data-engineering-4395021/airflow/dags/one_task_dag.py
[2025-04-09T21:52:43.608+0000] {processor.py:836} INFO - DAG(s) dict_keys(['one_task_dag']) retrieved from /workspaces/hands-on-introduction-data-engineering-4395021/airflow/dags/one_task_dag.py
[2025-04-09T21:52:43.626+0000] {logging_mixin.py:150} INFO - [2025-04-09T21:52:43.626+0000] {dag.py:2742} INFO - Sync 1 DAGs
[2025-04-09T21:52:43.639+0000] {logging_mixin.py:150} INFO - [2025-04-09T21:52:43.639+0000] {dag.py:3504} INFO - Setting next_dagrun for one_task_dag to None, run_after=None
[2025-04-09T21:52:43.653+0000] {processor.py:179} INFO - Processing /workspaces/hands-on-introduction-data-engineering-4395021/airflow/dags/one_task_dag.py took 0.056 seconds
[2025-04-09T21:53:13.904+0000] {processor.py:157} INFO - Started process (PID=57705) to work on /workspaces/hands-on-introduction-data-engineering-4395021/airflow/dags/one_task_dag.py
[2025-04-09T21:53:13.905+0000] {processor.py:826} INFO - Processing file /workspaces/hands-on-introduction-data-engineering-4395021/airflow/dags/one_task_dag.py for tasks to queue
[2025-04-09T21:53:13.906+0000] {logging_mixin.py:150} INFO - [2025-04-09T21:53:13.906+0000] {dagbag.py:541} INFO - Filling up the DagBag from /workspaces/hands-on-introduction-data-engineering-4395021/airflow/dags/one_task_dag.py
[2025-04-09T21:53:13.917+0000] {processor.py:836} INFO - DAG(s) dict_keys(['one_task_dag']) retrieved from /workspaces/hands-on-introduction-data-engineering-4395021/airflow/dags/one_task_dag.py
[2025-04-09T21:53:13.935+0000] {logging_mixin.py:150} INFO - [2025-04-09T21:53:13.935+0000] {dag.py:2742} INFO - Sync 1 DAGs
[2025-04-09T21:53:13.949+0000] {logging_mixin.py:150} INFO - [2025-04-09T21:53:13.949+0000] {dag.py:3504} INFO - Setting next_dagrun for one_task_dag to None, run_after=None
[2025-04-09T21:53:13.961+0000] {processor.py:179} INFO - Processing /workspaces/hands-on-introduction-data-engineering-4395021/airflow/dags/one_task_dag.py took 0.062 seconds
[2025-04-09T21:53:44.192+0000] {processor.py:157} INFO - Started process (PID=57910) to work on /workspaces/hands-on-introduction-data-engineering-4395021/airflow/dags/one_task_dag.py
[2025-04-09T21:53:44.193+0000] {processor.py:826} INFO - Processing file /workspaces/hands-on-introduction-data-engineering-4395021/airflow/dags/one_task_dag.py for tasks to queue
[2025-04-09T21:53:44.194+0000] {logging_mixin.py:150} INFO - [2025-04-09T21:53:44.193+0000] {dagbag.py:541} INFO - Filling up the DagBag from /workspaces/hands-on-introduction-data-engineering-4395021/airflow/dags/one_task_dag.py
[2025-04-09T21:53:44.201+0000] {processor.py:836} INFO - DAG(s) dict_keys(['one_task_dag']) retrieved from /workspaces/hands-on-introduction-data-engineering-4395021/airflow/dags/one_task_dag.py
[2025-04-09T21:53:44.218+0000] {logging_mixin.py:150} INFO - [2025-04-09T21:53:44.218+0000] {dag.py:2742} INFO - Sync 1 DAGs
[2025-04-09T21:53:44.231+0000] {logging_mixin.py:150} INFO - [2025-04-09T21:53:44.231+0000] {dag.py:3504} INFO - Setting next_dagrun for one_task_dag to None, run_after=None
[2025-04-09T21:53:44.245+0000] {processor.py:179} INFO - Processing /workspaces/hands-on-introduction-data-engineering-4395021/airflow/dags/one_task_dag.py took 0.056 seconds
[2025-04-09T21:54:14.490+0000] {processor.py:157} INFO - Started process (PID=58106) to work on /workspaces/hands-on-introduction-data-engineering-4395021/airflow/dags/one_task_dag.py
[2025-04-09T21:54:14.491+0000] {processor.py:826} INFO - Processing file /workspaces/hands-on-introduction-data-engineering-4395021/airflow/dags/one_task_dag.py for tasks to queue
[2025-04-09T21:54:14.491+0000] {logging_mixin.py:150} INFO - [2025-04-09T21:54:14.491+0000] {dagbag.py:541} INFO - Filling up the DagBag from /workspaces/hands-on-introduction-data-engineering-4395021/airflow/dags/one_task_dag.py
[2025-04-09T21:54:14.499+0000] {processor.py:836} INFO - DAG(s) dict_keys(['one_task_dag']) retrieved from /workspaces/hands-on-introduction-data-engineering-4395021/airflow/dags/one_task_dag.py
[2025-04-09T21:54:14.516+0000] {logging_mixin.py:150} INFO - [2025-04-09T21:54:14.516+0000] {dag.py:2742} INFO - Sync 1 DAGs
[2025-04-09T21:54:14.530+0000] {logging_mixin.py:150} INFO - [2025-04-09T21:54:14.530+0000] {dag.py:3504} INFO - Setting next_dagrun for one_task_dag to None, run_after=None
[2025-04-09T21:54:14.543+0000] {processor.py:179} INFO - Processing /workspaces/hands-on-introduction-data-engineering-4395021/airflow/dags/one_task_dag.py took 0.056 seconds
[2025-04-09T21:54:44.805+0000] {processor.py:157} INFO - Started process (PID=58310) to work on /workspaces/hands-on-introduction-data-engineering-4395021/airflow/dags/one_task_dag.py
[2025-04-09T21:54:44.806+0000] {processor.py:826} INFO - Processing file /workspaces/hands-on-introduction-data-engineering-4395021/airflow/dags/one_task_dag.py for tasks to queue
[2025-04-09T21:54:44.806+0000] {logging_mixin.py:150} INFO - [2025-04-09T21:54:44.806+0000] {dagbag.py:541} INFO - Filling up the DagBag from /workspaces/hands-on-introduction-data-engineering-4395021/airflow/dags/one_task_dag.py
[2025-04-09T21:54:44.814+0000] {processor.py:836} INFO - DAG(s) dict_keys(['one_task_dag']) retrieved from /workspaces/hands-on-introduction-data-engineering-4395021/airflow/dags/one_task_dag.py
[2025-04-09T21:54:44.831+0000] {logging_mixin.py:150} INFO - [2025-04-09T21:54:44.831+0000] {dag.py:2742} INFO - Sync 1 DAGs
[2025-04-09T21:54:44.845+0000] {logging_mixin.py:150} INFO - [2025-04-09T21:54:44.844+0000] {dag.py:3504} INFO - Setting next_dagrun for one_task_dag to None, run_after=None
[2025-04-09T21:54:44.859+0000] {processor.py:179} INFO - Processing /workspaces/hands-on-introduction-data-engineering-4395021/airflow/dags/one_task_dag.py took 0.057 seconds
[2025-04-09T21:55:15.168+0000] {processor.py:157} INFO - Started process (PID=58514) to work on /workspaces/hands-on-introduction-data-engineering-4395021/airflow/dags/one_task_dag.py
[2025-04-09T21:55:15.169+0000] {processor.py:826} INFO - Processing file /workspaces/hands-on-introduction-data-engineering-4395021/airflow/dags/one_task_dag.py for tasks to queue
[2025-04-09T21:55:15.170+0000] {logging_mixin.py:150} INFO - [2025-04-09T21:55:15.169+0000] {dagbag.py:541} INFO - Filling up the DagBag from /workspaces/hands-on-introduction-data-engineering-4395021/airflow/dags/one_task_dag.py
[2025-04-09T21:55:15.179+0000] {processor.py:836} INFO - DAG(s) dict_keys(['one_task_dag']) retrieved from /workspaces/hands-on-introduction-data-engineering-4395021/airflow/dags/one_task_dag.py
[2025-04-09T21:55:15.197+0000] {logging_mixin.py:150} INFO - [2025-04-09T21:55:15.197+0000] {dag.py:2742} INFO - Sync 1 DAGs
[2025-04-09T21:55:15.213+0000] {logging_mixin.py:150} INFO - [2025-04-09T21:55:15.213+0000] {dag.py:3504} INFO - Setting next_dagrun for one_task_dag to None, run_after=None
[2025-04-09T21:55:15.230+0000] {processor.py:179} INFO - Processing /workspaces/hands-on-introduction-data-engineering-4395021/airflow/dags/one_task_dag.py took 0.064 seconds
[2025-04-09T21:55:45.397+0000] {processor.py:157} INFO - Started process (PID=58713) to work on /workspaces/hands-on-introduction-data-engineering-4395021/airflow/dags/one_task_dag.py
[2025-04-09T21:55:45.398+0000] {processor.py:826} INFO - Processing file /workspaces/hands-on-introduction-data-engineering-4395021/airflow/dags/one_task_dag.py for tasks to queue
[2025-04-09T21:55:45.399+0000] {logging_mixin.py:150} INFO - [2025-04-09T21:55:45.398+0000] {dagbag.py:541} INFO - Filling up the DagBag from /workspaces/hands-on-introduction-data-engineering-4395021/airflow/dags/one_task_dag.py
[2025-04-09T21:55:45.409+0000] {processor.py:836} INFO - DAG(s) dict_keys(['one_task_dag']) retrieved from /workspaces/hands-on-introduction-data-engineering-4395021/airflow/dags/one_task_dag.py
[2025-04-09T21:55:45.427+0000] {logging_mixin.py:150} INFO - [2025-04-09T21:55:45.426+0000] {dag.py:2742} INFO - Sync 1 DAGs
[2025-04-09T21:55:45.441+0000] {logging_mixin.py:150} INFO - [2025-04-09T21:55:45.441+0000] {dag.py:3504} INFO - Setting next_dagrun for one_task_dag to None, run_after=None
[2025-04-09T21:55:45.454+0000] {processor.py:179} INFO - Processing /workspaces/hands-on-introduction-data-engineering-4395021/airflow/dags/one_task_dag.py took 0.060 seconds
[2025-04-09T21:56:15.899+0000] {processor.py:157} INFO - Started process (PID=58959) to work on /workspaces/hands-on-introduction-data-engineering-4395021/airflow/dags/one_task_dag.py
[2025-04-09T21:56:15.900+0000] {processor.py:826} INFO - Processing file /workspaces/hands-on-introduction-data-engineering-4395021/airflow/dags/one_task_dag.py for tasks to queue
[2025-04-09T21:56:15.901+0000] {logging_mixin.py:150} INFO - [2025-04-09T21:56:15.901+0000] {dagbag.py:541} INFO - Filling up the DagBag from /workspaces/hands-on-introduction-data-engineering-4395021/airflow/dags/one_task_dag.py
[2025-04-09T21:56:15.908+0000] {processor.py:836} INFO - DAG(s) dict_keys(['one_task_dag']) retrieved from /workspaces/hands-on-introduction-data-engineering-4395021/airflow/dags/one_task_dag.py
[2025-04-09T21:56:15.925+0000] {logging_mixin.py:150} INFO - [2025-04-09T21:56:15.925+0000] {dag.py:2742} INFO - Sync 1 DAGs
[2025-04-09T21:56:15.939+0000] {logging_mixin.py:150} INFO - [2025-04-09T21:56:15.939+0000] {dag.py:3504} INFO - Setting next_dagrun for one_task_dag to None, run_after=None
[2025-04-09T21:56:15.952+0000] {processor.py:179} INFO - Processing /workspaces/hands-on-introduction-data-engineering-4395021/airflow/dags/one_task_dag.py took 0.055 seconds
[2025-04-09T21:56:46.276+0000] {processor.py:157} INFO - Started process (PID=59279) to work on /workspaces/hands-on-introduction-data-engineering-4395021/airflow/dags/one_task_dag.py
[2025-04-09T21:56:46.277+0000] {processor.py:826} INFO - Processing file /workspaces/hands-on-introduction-data-engineering-4395021/airflow/dags/one_task_dag.py for tasks to queue
[2025-04-09T21:56:46.278+0000] {logging_mixin.py:150} INFO - [2025-04-09T21:56:46.277+0000] {dagbag.py:541} INFO - Filling up the DagBag from /workspaces/hands-on-introduction-data-engineering-4395021/airflow/dags/one_task_dag.py
[2025-04-09T21:56:46.285+0000] {processor.py:836} INFO - DAG(s) dict_keys(['one_task_dag']) retrieved from /workspaces/hands-on-introduction-data-engineering-4395021/airflow/dags/one_task_dag.py
[2025-04-09T21:56:46.305+0000] {logging_mixin.py:150} INFO - [2025-04-09T21:56:46.305+0000] {dag.py:2742} INFO - Sync 1 DAGs
[2025-04-09T21:56:46.326+0000] {logging_mixin.py:150} INFO - [2025-04-09T21:56:46.325+0000] {dag.py:3504} INFO - Setting next_dagrun for one_task_dag to None, run_after=None
[2025-04-09T21:56:46.345+0000] {processor.py:179} INFO - Processing /workspaces/hands-on-introduction-data-engineering-4395021/airflow/dags/one_task_dag.py took 0.071 seconds
[2025-04-09T21:57:16.637+0000] {processor.py:157} INFO - Started process (PID=59595) to work on /workspaces/hands-on-introduction-data-engineering-4395021/airflow/dags/one_task_dag.py
[2025-04-09T21:57:16.638+0000] {processor.py:826} INFO - Processing file /workspaces/hands-on-introduction-data-engineering-4395021/airflow/dags/one_task_dag.py for tasks to queue
[2025-04-09T21:57:16.638+0000] {logging_mixin.py:150} INFO - [2025-04-09T21:57:16.638+0000] {dagbag.py:541} INFO - Filling up the DagBag from /workspaces/hands-on-introduction-data-engineering-4395021/airflow/dags/one_task_dag.py
[2025-04-09T21:57:16.646+0000] {processor.py:836} INFO - DAG(s) dict_keys(['one_task_dag']) retrieved from /workspaces/hands-on-introduction-data-engineering-4395021/airflow/dags/one_task_dag.py
[2025-04-09T21:57:16.665+0000] {logging_mixin.py:150} INFO - [2025-04-09T21:57:16.665+0000] {dag.py:2742} INFO - Sync 1 DAGs
[2025-04-09T21:57:16.679+0000] {logging_mixin.py:150} INFO - [2025-04-09T21:57:16.679+0000] {dag.py:3504} INFO - Setting next_dagrun for one_task_dag to None, run_after=None
[2025-04-09T21:57:16.693+0000] {processor.py:179} INFO - Processing /workspaces/hands-on-introduction-data-engineering-4395021/airflow/dags/one_task_dag.py took 0.059 seconds
