[2025-04-09T16:58:49.373+0000] {processor.py:157} INFO - Started process (PID=3450) to work on /workspaces/hands-on-introduction-data-engineering-4395021/airflow/dags/two_task_dag.py
[2025-04-09T16:58:49.374+0000] {processor.py:826} INFO - Processing file /workspaces/hands-on-introduction-data-engineering-4395021/airflow/dags/two_task_dag.py for tasks to queue
[2025-04-09T16:58:49.374+0000] {logging_mixin.py:150} INFO - [2025-04-09T16:58:49.374+0000] {dagbag.py:541} INFO - Filling up the DagBag from /workspaces/hands-on-introduction-data-engineering-4395021/airflow/dags/two_task_dag.py
[2025-04-09T16:58:49.387+0000] {processor.py:836} INFO - DAG(s) dict_keys(['two_task_dag']) retrieved from /workspaces/hands-on-introduction-data-engineering-4395021/airflow/dags/two_task_dag.py
[2025-04-09T16:58:49.499+0000] {logging_mixin.py:150} INFO - [2025-04-09T16:58:49.499+0000] {dag.py:2742} INFO - Sync 1 DAGs
[2025-04-09T16:58:49.513+0000] {logging_mixin.py:150} INFO - [2025-04-09T16:58:49.512+0000] {dag.py:3504} INFO - Setting next_dagrun for two_task_dag to None, run_after=None
[2025-04-09T16:58:49.527+0000] {processor.py:179} INFO - Processing /workspaces/hands-on-introduction-data-engineering-4395021/airflow/dags/two_task_dag.py took 0.156 seconds
[2025-04-09T16:59:19.593+0000] {processor.py:157} INFO - Started process (PID=3733) to work on /workspaces/hands-on-introduction-data-engineering-4395021/airflow/dags/two_task_dag.py
[2025-04-09T16:59:19.594+0000] {processor.py:826} INFO - Processing file /workspaces/hands-on-introduction-data-engineering-4395021/airflow/dags/two_task_dag.py for tasks to queue
[2025-04-09T16:59:19.595+0000] {logging_mixin.py:150} INFO - [2025-04-09T16:59:19.594+0000] {dagbag.py:541} INFO - Filling up the DagBag from /workspaces/hands-on-introduction-data-engineering-4395021/airflow/dags/two_task_dag.py
[2025-04-09T16:59:19.602+0000] {processor.py:836} INFO - DAG(s) dict_keys(['two_task_dag']) retrieved from /workspaces/hands-on-introduction-data-engineering-4395021/airflow/dags/two_task_dag.py
[2025-04-09T16:59:19.619+0000] {logging_mixin.py:150} INFO - [2025-04-09T16:59:19.619+0000] {dag.py:2742} INFO - Sync 1 DAGs
[2025-04-09T16:59:19.633+0000] {logging_mixin.py:150} INFO - [2025-04-09T16:59:19.632+0000] {dag.py:3504} INFO - Setting next_dagrun for two_task_dag to None, run_after=None
[2025-04-09T16:59:19.665+0000] {processor.py:179} INFO - Processing /workspaces/hands-on-introduction-data-engineering-4395021/airflow/dags/two_task_dag.py took 0.074 seconds
[2025-04-09T16:59:49.905+0000] {processor.py:157} INFO - Started process (PID=3957) to work on /workspaces/hands-on-introduction-data-engineering-4395021/airflow/dags/two_task_dag.py
[2025-04-09T16:59:49.906+0000] {processor.py:826} INFO - Processing file /workspaces/hands-on-introduction-data-engineering-4395021/airflow/dags/two_task_dag.py for tasks to queue
[2025-04-09T16:59:49.907+0000] {logging_mixin.py:150} INFO - [2025-04-09T16:59:49.906+0000] {dagbag.py:541} INFO - Filling up the DagBag from /workspaces/hands-on-introduction-data-engineering-4395021/airflow/dags/two_task_dag.py
[2025-04-09T16:59:49.913+0000] {processor.py:836} INFO - DAG(s) dict_keys(['two_task_dag']) retrieved from /workspaces/hands-on-introduction-data-engineering-4395021/airflow/dags/two_task_dag.py
[2025-04-09T16:59:49.934+0000] {logging_mixin.py:150} INFO - [2025-04-09T16:59:49.934+0000] {dag.py:2742} INFO - Sync 1 DAGs
[2025-04-09T16:59:49.948+0000] {logging_mixin.py:150} INFO - [2025-04-09T16:59:49.948+0000] {dag.py:3504} INFO - Setting next_dagrun for two_task_dag to None, run_after=None
[2025-04-09T16:59:49.962+0000] {processor.py:179} INFO - Processing /workspaces/hands-on-introduction-data-engineering-4395021/airflow/dags/two_task_dag.py took 0.059 seconds
[2025-04-09T17:00:20.250+0000] {processor.py:157} INFO - Started process (PID=4172) to work on /workspaces/hands-on-introduction-data-engineering-4395021/airflow/dags/two_task_dag.py
[2025-04-09T17:00:20.250+0000] {processor.py:826} INFO - Processing file /workspaces/hands-on-introduction-data-engineering-4395021/airflow/dags/two_task_dag.py for tasks to queue
[2025-04-09T17:00:20.251+0000] {logging_mixin.py:150} INFO - [2025-04-09T17:00:20.251+0000] {dagbag.py:541} INFO - Filling up the DagBag from /workspaces/hands-on-introduction-data-engineering-4395021/airflow/dags/two_task_dag.py
[2025-04-09T17:00:20.261+0000] {processor.py:836} INFO - DAG(s) dict_keys(['two_task_dag']) retrieved from /workspaces/hands-on-introduction-data-engineering-4395021/airflow/dags/two_task_dag.py
[2025-04-09T17:00:20.279+0000] {logging_mixin.py:150} INFO - [2025-04-09T17:00:20.279+0000] {dag.py:2742} INFO - Sync 1 DAGs
[2025-04-09T17:00:20.293+0000] {logging_mixin.py:150} INFO - [2025-04-09T17:00:20.293+0000] {dag.py:3504} INFO - Setting next_dagrun for two_task_dag to None, run_after=None
[2025-04-09T17:00:20.306+0000] {processor.py:179} INFO - Processing /workspaces/hands-on-introduction-data-engineering-4395021/airflow/dags/two_task_dag.py took 0.059 seconds
[2025-04-09T17:00:50.585+0000] {processor.py:157} INFO - Started process (PID=4373) to work on /workspaces/hands-on-introduction-data-engineering-4395021/airflow/dags/two_task_dag.py
[2025-04-09T17:00:50.586+0000] {processor.py:826} INFO - Processing file /workspaces/hands-on-introduction-data-engineering-4395021/airflow/dags/two_task_dag.py for tasks to queue
[2025-04-09T17:00:50.586+0000] {logging_mixin.py:150} INFO - [2025-04-09T17:00:50.586+0000] {dagbag.py:541} INFO - Filling up the DagBag from /workspaces/hands-on-introduction-data-engineering-4395021/airflow/dags/two_task_dag.py
[2025-04-09T17:00:50.595+0000] {processor.py:836} INFO - DAG(s) dict_keys(['two_task_dag']) retrieved from /workspaces/hands-on-introduction-data-engineering-4395021/airflow/dags/two_task_dag.py
[2025-04-09T17:00:50.613+0000] {logging_mixin.py:150} INFO - [2025-04-09T17:00:50.613+0000] {dag.py:2742} INFO - Sync 1 DAGs
[2025-04-09T17:00:50.627+0000] {logging_mixin.py:150} INFO - [2025-04-09T17:00:50.627+0000] {dag.py:3504} INFO - Setting next_dagrun for two_task_dag to None, run_after=None
[2025-04-09T17:00:50.641+0000] {processor.py:179} INFO - Processing /workspaces/hands-on-introduction-data-engineering-4395021/airflow/dags/two_task_dag.py took 0.058 seconds
[2025-04-09T17:01:20.701+0000] {processor.py:157} INFO - Started process (PID=4580) to work on /workspaces/hands-on-introduction-data-engineering-4395021/airflow/dags/two_task_dag.py
[2025-04-09T17:01:20.702+0000] {processor.py:826} INFO - Processing file /workspaces/hands-on-introduction-data-engineering-4395021/airflow/dags/two_task_dag.py for tasks to queue
[2025-04-09T17:01:20.703+0000] {logging_mixin.py:150} INFO - [2025-04-09T17:01:20.703+0000] {dagbag.py:541} INFO - Filling up the DagBag from /workspaces/hands-on-introduction-data-engineering-4395021/airflow/dags/two_task_dag.py
[2025-04-09T17:01:20.712+0000] {processor.py:836} INFO - DAG(s) dict_keys(['two_task_dag']) retrieved from /workspaces/hands-on-introduction-data-engineering-4395021/airflow/dags/two_task_dag.py
[2025-04-09T17:01:20.730+0000] {logging_mixin.py:150} INFO - [2025-04-09T17:01:20.730+0000] {dag.py:2742} INFO - Sync 1 DAGs
[2025-04-09T17:01:20.745+0000] {logging_mixin.py:150} INFO - [2025-04-09T17:01:20.745+0000] {dag.py:3504} INFO - Setting next_dagrun for two_task_dag to None, run_after=None
[2025-04-09T17:01:20.760+0000] {processor.py:179} INFO - Processing /workspaces/hands-on-introduction-data-engineering-4395021/airflow/dags/two_task_dag.py took 0.061 seconds
[2025-04-09T17:01:51.078+0000] {processor.py:157} INFO - Started process (PID=4786) to work on /workspaces/hands-on-introduction-data-engineering-4395021/airflow/dags/two_task_dag.py
[2025-04-09T17:01:51.078+0000] {processor.py:826} INFO - Processing file /workspaces/hands-on-introduction-data-engineering-4395021/airflow/dags/two_task_dag.py for tasks to queue
[2025-04-09T17:01:51.079+0000] {logging_mixin.py:150} INFO - [2025-04-09T17:01:51.079+0000] {dagbag.py:541} INFO - Filling up the DagBag from /workspaces/hands-on-introduction-data-engineering-4395021/airflow/dags/two_task_dag.py
[2025-04-09T17:01:51.087+0000] {processor.py:836} INFO - DAG(s) dict_keys(['two_task_dag']) retrieved from /workspaces/hands-on-introduction-data-engineering-4395021/airflow/dags/two_task_dag.py
[2025-04-09T17:01:51.104+0000] {logging_mixin.py:150} INFO - [2025-04-09T17:01:51.104+0000] {dag.py:2742} INFO - Sync 1 DAGs
[2025-04-09T17:01:51.118+0000] {logging_mixin.py:150} INFO - [2025-04-09T17:01:51.118+0000] {dag.py:3504} INFO - Setting next_dagrun for two_task_dag to None, run_after=None
[2025-04-09T17:01:51.138+0000] {processor.py:179} INFO - Processing /workspaces/hands-on-introduction-data-engineering-4395021/airflow/dags/two_task_dag.py took 0.063 seconds
[2025-04-09T17:02:21.368+0000] {processor.py:157} INFO - Started process (PID=4986) to work on /workspaces/hands-on-introduction-data-engineering-4395021/airflow/dags/two_task_dag.py
[2025-04-09T17:02:21.369+0000] {processor.py:826} INFO - Processing file /workspaces/hands-on-introduction-data-engineering-4395021/airflow/dags/two_task_dag.py for tasks to queue
[2025-04-09T17:02:21.370+0000] {logging_mixin.py:150} INFO - [2025-04-09T17:02:21.370+0000] {dagbag.py:541} INFO - Filling up the DagBag from /workspaces/hands-on-introduction-data-engineering-4395021/airflow/dags/two_task_dag.py
[2025-04-09T17:02:21.378+0000] {processor.py:836} INFO - DAG(s) dict_keys(['two_task_dag']) retrieved from /workspaces/hands-on-introduction-data-engineering-4395021/airflow/dags/two_task_dag.py
[2025-04-09T17:02:21.395+0000] {logging_mixin.py:150} INFO - [2025-04-09T17:02:21.395+0000] {dag.py:2742} INFO - Sync 1 DAGs
[2025-04-09T17:02:21.409+0000] {logging_mixin.py:150} INFO - [2025-04-09T17:02:21.409+0000] {dag.py:3504} INFO - Setting next_dagrun for two_task_dag to None, run_after=None
[2025-04-09T17:02:21.422+0000] {processor.py:179} INFO - Processing /workspaces/hands-on-introduction-data-engineering-4395021/airflow/dags/two_task_dag.py took 0.057 seconds
[2025-04-09T17:02:51.657+0000] {processor.py:157} INFO - Started process (PID=5193) to work on /workspaces/hands-on-introduction-data-engineering-4395021/airflow/dags/two_task_dag.py
[2025-04-09T17:02:51.658+0000] {processor.py:826} INFO - Processing file /workspaces/hands-on-introduction-data-engineering-4395021/airflow/dags/two_task_dag.py for tasks to queue
[2025-04-09T17:02:51.658+0000] {logging_mixin.py:150} INFO - [2025-04-09T17:02:51.658+0000] {dagbag.py:541} INFO - Filling up the DagBag from /workspaces/hands-on-introduction-data-engineering-4395021/airflow/dags/two_task_dag.py
[2025-04-09T17:02:51.666+0000] {processor.py:836} INFO - DAG(s) dict_keys(['two_task_dag']) retrieved from /workspaces/hands-on-introduction-data-engineering-4395021/airflow/dags/two_task_dag.py
[2025-04-09T17:02:51.683+0000] {logging_mixin.py:150} INFO - [2025-04-09T17:02:51.683+0000] {dag.py:2742} INFO - Sync 1 DAGs
[2025-04-09T17:02:51.697+0000] {logging_mixin.py:150} INFO - [2025-04-09T17:02:51.697+0000] {dag.py:3504} INFO - Setting next_dagrun for two_task_dag to None, run_after=None
[2025-04-09T17:02:51.711+0000] {processor.py:179} INFO - Processing /workspaces/hands-on-introduction-data-engineering-4395021/airflow/dags/two_task_dag.py took 0.057 seconds
[2025-04-09T17:03:22.050+0000] {processor.py:157} INFO - Started process (PID=5393) to work on /workspaces/hands-on-introduction-data-engineering-4395021/airflow/dags/two_task_dag.py
[2025-04-09T17:03:22.051+0000] {processor.py:826} INFO - Processing file /workspaces/hands-on-introduction-data-engineering-4395021/airflow/dags/two_task_dag.py for tasks to queue
[2025-04-09T17:03:22.051+0000] {logging_mixin.py:150} INFO - [2025-04-09T17:03:22.051+0000] {dagbag.py:541} INFO - Filling up the DagBag from /workspaces/hands-on-introduction-data-engineering-4395021/airflow/dags/two_task_dag.py
[2025-04-09T17:03:22.059+0000] {processor.py:836} INFO - DAG(s) dict_keys(['two_task_dag']) retrieved from /workspaces/hands-on-introduction-data-engineering-4395021/airflow/dags/two_task_dag.py
[2025-04-09T17:03:22.078+0000] {logging_mixin.py:150} INFO - [2025-04-09T17:03:22.077+0000] {dag.py:2742} INFO - Sync 1 DAGs
[2025-04-09T17:03:22.091+0000] {logging_mixin.py:150} INFO - [2025-04-09T17:03:22.091+0000] {dag.py:3504} INFO - Setting next_dagrun for two_task_dag to None, run_after=None
[2025-04-09T17:03:22.106+0000] {processor.py:179} INFO - Processing /workspaces/hands-on-introduction-data-engineering-4395021/airflow/dags/two_task_dag.py took 0.058 seconds
[2025-04-09T17:03:52.286+0000] {processor.py:157} INFO - Started process (PID=5594) to work on /workspaces/hands-on-introduction-data-engineering-4395021/airflow/dags/two_task_dag.py
[2025-04-09T17:03:52.288+0000] {processor.py:826} INFO - Processing file /workspaces/hands-on-introduction-data-engineering-4395021/airflow/dags/two_task_dag.py for tasks to queue
[2025-04-09T17:03:52.292+0000] {logging_mixin.py:150} INFO - [2025-04-09T17:03:52.291+0000] {dagbag.py:541} INFO - Filling up the DagBag from /workspaces/hands-on-introduction-data-engineering-4395021/airflow/dags/two_task_dag.py
[2025-04-09T17:03:52.325+0000] {processor.py:836} INFO - DAG(s) dict_keys(['two_task_dag']) retrieved from /workspaces/hands-on-introduction-data-engineering-4395021/airflow/dags/two_task_dag.py
[2025-04-09T17:03:52.400+0000] {logging_mixin.py:150} INFO - [2025-04-09T17:03:52.400+0000] {dag.py:2742} INFO - Sync 1 DAGs
[2025-04-09T17:03:52.453+0000] {logging_mixin.py:150} INFO - [2025-04-09T17:03:52.453+0000] {dag.py:3504} INFO - Setting next_dagrun for two_task_dag to None, run_after=None
[2025-04-09T17:03:52.480+0000] {processor.py:179} INFO - Processing /workspaces/hands-on-introduction-data-engineering-4395021/airflow/dags/two_task_dag.py took 0.203 seconds
[2025-04-09T17:04:22.889+0000] {processor.py:157} INFO - Started process (PID=5804) to work on /workspaces/hands-on-introduction-data-engineering-4395021/airflow/dags/two_task_dag.py
[2025-04-09T17:04:22.890+0000] {processor.py:826} INFO - Processing file /workspaces/hands-on-introduction-data-engineering-4395021/airflow/dags/two_task_dag.py for tasks to queue
[2025-04-09T17:04:22.891+0000] {logging_mixin.py:150} INFO - [2025-04-09T17:04:22.891+0000] {dagbag.py:541} INFO - Filling up the DagBag from /workspaces/hands-on-introduction-data-engineering-4395021/airflow/dags/two_task_dag.py
[2025-04-09T17:04:22.918+0000] {processor.py:836} INFO - DAG(s) dict_keys(['two_task_dag']) retrieved from /workspaces/hands-on-introduction-data-engineering-4395021/airflow/dags/two_task_dag.py
[2025-04-09T17:04:22.983+0000] {logging_mixin.py:150} INFO - [2025-04-09T17:04:22.983+0000] {dag.py:2742} INFO - Sync 1 DAGs
[2025-04-09T17:04:23.016+0000] {logging_mixin.py:150} INFO - [2025-04-09T17:04:23.016+0000] {dag.py:3504} INFO - Setting next_dagrun for two_task_dag to None, run_after=None
[2025-04-09T17:04:23.038+0000] {processor.py:179} INFO - Processing /workspaces/hands-on-introduction-data-engineering-4395021/airflow/dags/two_task_dag.py took 0.155 seconds
[2025-04-09T17:04:53.441+0000] {processor.py:157} INFO - Started process (PID=6015) to work on /workspaces/hands-on-introduction-data-engineering-4395021/airflow/dags/two_task_dag.py
[2025-04-09T17:04:53.442+0000] {processor.py:826} INFO - Processing file /workspaces/hands-on-introduction-data-engineering-4395021/airflow/dags/two_task_dag.py for tasks to queue
[2025-04-09T17:04:53.443+0000] {logging_mixin.py:150} INFO - [2025-04-09T17:04:53.442+0000] {dagbag.py:541} INFO - Filling up the DagBag from /workspaces/hands-on-introduction-data-engineering-4395021/airflow/dags/two_task_dag.py
[2025-04-09T17:04:53.450+0000] {processor.py:836} INFO - DAG(s) dict_keys(['two_task_dag']) retrieved from /workspaces/hands-on-introduction-data-engineering-4395021/airflow/dags/two_task_dag.py
[2025-04-09T17:04:53.471+0000] {logging_mixin.py:150} INFO - [2025-04-09T17:04:53.471+0000] {dag.py:2742} INFO - Sync 1 DAGs
[2025-04-09T17:04:53.486+0000] {logging_mixin.py:150} INFO - [2025-04-09T17:04:53.486+0000] {dag.py:3504} INFO - Setting next_dagrun for two_task_dag to None, run_after=None
[2025-04-09T17:04:53.501+0000] {processor.py:179} INFO - Processing /workspaces/hands-on-introduction-data-engineering-4395021/airflow/dags/two_task_dag.py took 0.062 seconds
[2025-04-09T17:05:23.560+0000] {processor.py:157} INFO - Started process (PID=6227) to work on /workspaces/hands-on-introduction-data-engineering-4395021/airflow/dags/two_task_dag.py
[2025-04-09T17:05:23.561+0000] {processor.py:826} INFO - Processing file /workspaces/hands-on-introduction-data-engineering-4395021/airflow/dags/two_task_dag.py for tasks to queue
[2025-04-09T17:05:23.561+0000] {logging_mixin.py:150} INFO - [2025-04-09T17:05:23.561+0000] {dagbag.py:541} INFO - Filling up the DagBag from /workspaces/hands-on-introduction-data-engineering-4395021/airflow/dags/two_task_dag.py
[2025-04-09T17:05:23.569+0000] {processor.py:836} INFO - DAG(s) dict_keys(['two_task_dag']) retrieved from /workspaces/hands-on-introduction-data-engineering-4395021/airflow/dags/two_task_dag.py
[2025-04-09T17:05:23.586+0000] {logging_mixin.py:150} INFO - [2025-04-09T17:05:23.586+0000] {dag.py:2742} INFO - Sync 1 DAGs
[2025-04-09T17:05:23.601+0000] {logging_mixin.py:150} INFO - [2025-04-09T17:05:23.600+0000] {dag.py:3504} INFO - Setting next_dagrun for two_task_dag to None, run_after=None
[2025-04-09T17:05:23.615+0000] {processor.py:179} INFO - Processing /workspaces/hands-on-introduction-data-engineering-4395021/airflow/dags/two_task_dag.py took 0.058 seconds
[2025-04-09T17:05:53.701+0000] {processor.py:157} INFO - Started process (PID=6432) to work on /workspaces/hands-on-introduction-data-engineering-4395021/airflow/dags/two_task_dag.py
[2025-04-09T17:05:53.702+0000] {processor.py:826} INFO - Processing file /workspaces/hands-on-introduction-data-engineering-4395021/airflow/dags/two_task_dag.py for tasks to queue
[2025-04-09T17:05:53.704+0000] {logging_mixin.py:150} INFO - [2025-04-09T17:05:53.703+0000] {dagbag.py:541} INFO - Filling up the DagBag from /workspaces/hands-on-introduction-data-engineering-4395021/airflow/dags/two_task_dag.py
[2025-04-09T17:05:53.713+0000] {processor.py:836} INFO - DAG(s) dict_keys(['two_task_dag']) retrieved from /workspaces/hands-on-introduction-data-engineering-4395021/airflow/dags/two_task_dag.py
[2025-04-09T17:05:53.732+0000] {logging_mixin.py:150} INFO - [2025-04-09T17:05:53.732+0000] {dag.py:2742} INFO - Sync 1 DAGs
[2025-04-09T17:05:53.745+0000] {logging_mixin.py:150} INFO - [2025-04-09T17:05:53.745+0000] {dag.py:3504} INFO - Setting next_dagrun for two_task_dag to None, run_after=None
[2025-04-09T17:05:53.758+0000] {processor.py:179} INFO - Processing /workspaces/hands-on-introduction-data-engineering-4395021/airflow/dags/two_task_dag.py took 0.060 seconds
[2025-04-09T17:06:23.916+0000] {processor.py:157} INFO - Started process (PID=6640) to work on /workspaces/hands-on-introduction-data-engineering-4395021/airflow/dags/two_task_dag.py
[2025-04-09T17:06:23.917+0000] {processor.py:826} INFO - Processing file /workspaces/hands-on-introduction-data-engineering-4395021/airflow/dags/two_task_dag.py for tasks to queue
[2025-04-09T17:06:23.918+0000] {logging_mixin.py:150} INFO - [2025-04-09T17:06:23.918+0000] {dagbag.py:541} INFO - Filling up the DagBag from /workspaces/hands-on-introduction-data-engineering-4395021/airflow/dags/two_task_dag.py
[2025-04-09T17:06:23.925+0000] {processor.py:836} INFO - DAG(s) dict_keys(['two_task_dag']) retrieved from /workspaces/hands-on-introduction-data-engineering-4395021/airflow/dags/two_task_dag.py
[2025-04-09T17:06:23.942+0000] {logging_mixin.py:150} INFO - [2025-04-09T17:06:23.942+0000] {dag.py:2742} INFO - Sync 1 DAGs
[2025-04-09T17:06:23.955+0000] {logging_mixin.py:150} INFO - [2025-04-09T17:06:23.955+0000] {dag.py:3504} INFO - Setting next_dagrun for two_task_dag to None, run_after=None
[2025-04-09T17:06:23.969+0000] {processor.py:179} INFO - Processing /workspaces/hands-on-introduction-data-engineering-4395021/airflow/dags/two_task_dag.py took 0.055 seconds
[2025-04-09T17:06:54.776+0000] {processor.py:157} INFO - Started process (PID=6902) to work on /workspaces/hands-on-introduction-data-engineering-4395021/airflow/dags/two_task_dag.py
[2025-04-09T17:06:54.776+0000] {processor.py:826} INFO - Processing file /workspaces/hands-on-introduction-data-engineering-4395021/airflow/dags/two_task_dag.py for tasks to queue
[2025-04-09T17:06:54.777+0000] {logging_mixin.py:150} INFO - [2025-04-09T17:06:54.777+0000] {dagbag.py:541} INFO - Filling up the DagBag from /workspaces/hands-on-introduction-data-engineering-4395021/airflow/dags/two_task_dag.py
[2025-04-09T17:06:54.785+0000] {processor.py:836} INFO - DAG(s) dict_keys(['two_task_dag']) retrieved from /workspaces/hands-on-introduction-data-engineering-4395021/airflow/dags/two_task_dag.py
[2025-04-09T17:06:54.802+0000] {logging_mixin.py:150} INFO - [2025-04-09T17:06:54.802+0000] {dag.py:2742} INFO - Sync 1 DAGs
[2025-04-09T17:06:54.816+0000] {logging_mixin.py:150} INFO - [2025-04-09T17:06:54.816+0000] {dag.py:3504} INFO - Setting next_dagrun for two_task_dag to None, run_after=None
[2025-04-09T17:06:54.830+0000] {processor.py:179} INFO - Processing /workspaces/hands-on-introduction-data-engineering-4395021/airflow/dags/two_task_dag.py took 0.057 seconds
[2025-04-09T17:07:25.006+0000] {processor.py:157} INFO - Started process (PID=7109) to work on /workspaces/hands-on-introduction-data-engineering-4395021/airflow/dags/two_task_dag.py
[2025-04-09T17:07:25.007+0000] {processor.py:826} INFO - Processing file /workspaces/hands-on-introduction-data-engineering-4395021/airflow/dags/two_task_dag.py for tasks to queue
[2025-04-09T17:07:25.008+0000] {logging_mixin.py:150} INFO - [2025-04-09T17:07:25.007+0000] {dagbag.py:541} INFO - Filling up the DagBag from /workspaces/hands-on-introduction-data-engineering-4395021/airflow/dags/two_task_dag.py
[2025-04-09T17:07:25.015+0000] {processor.py:836} INFO - DAG(s) dict_keys(['two_task_dag']) retrieved from /workspaces/hands-on-introduction-data-engineering-4395021/airflow/dags/two_task_dag.py
[2025-04-09T17:07:25.032+0000] {logging_mixin.py:150} INFO - [2025-04-09T17:07:25.032+0000] {dag.py:2742} INFO - Sync 1 DAGs
[2025-04-09T17:07:25.047+0000] {logging_mixin.py:150} INFO - [2025-04-09T17:07:25.047+0000] {dag.py:3504} INFO - Setting next_dagrun for two_task_dag to None, run_after=None
[2025-04-09T17:07:25.060+0000] {processor.py:179} INFO - Processing /workspaces/hands-on-introduction-data-engineering-4395021/airflow/dags/two_task_dag.py took 0.057 seconds
[2025-04-09T17:07:55.179+0000] {processor.py:157} INFO - Started process (PID=7317) to work on /workspaces/hands-on-introduction-data-engineering-4395021/airflow/dags/two_task_dag.py
[2025-04-09T17:07:55.179+0000] {processor.py:826} INFO - Processing file /workspaces/hands-on-introduction-data-engineering-4395021/airflow/dags/two_task_dag.py for tasks to queue
[2025-04-09T17:07:55.180+0000] {logging_mixin.py:150} INFO - [2025-04-09T17:07:55.180+0000] {dagbag.py:541} INFO - Filling up the DagBag from /workspaces/hands-on-introduction-data-engineering-4395021/airflow/dags/two_task_dag.py
[2025-04-09T17:07:55.187+0000] {processor.py:836} INFO - DAG(s) dict_keys(['two_task_dag']) retrieved from /workspaces/hands-on-introduction-data-engineering-4395021/airflow/dags/two_task_dag.py
[2025-04-09T17:07:55.206+0000] {logging_mixin.py:150} INFO - [2025-04-09T17:07:55.206+0000] {dag.py:2742} INFO - Sync 1 DAGs
[2025-04-09T17:07:55.219+0000] {logging_mixin.py:150} INFO - [2025-04-09T17:07:55.219+0000] {dag.py:3504} INFO - Setting next_dagrun for two_task_dag to None, run_after=None
[2025-04-09T17:07:55.236+0000] {processor.py:179} INFO - Processing /workspaces/hands-on-introduction-data-engineering-4395021/airflow/dags/two_task_dag.py took 0.059 seconds
[2025-04-09T17:08:25.540+0000] {processor.py:157} INFO - Started process (PID=7517) to work on /workspaces/hands-on-introduction-data-engineering-4395021/airflow/dags/two_task_dag.py
[2025-04-09T17:08:25.541+0000] {processor.py:826} INFO - Processing file /workspaces/hands-on-introduction-data-engineering-4395021/airflow/dags/two_task_dag.py for tasks to queue
[2025-04-09T17:08:25.544+0000] {logging_mixin.py:150} INFO - [2025-04-09T17:08:25.543+0000] {dagbag.py:541} INFO - Filling up the DagBag from /workspaces/hands-on-introduction-data-engineering-4395021/airflow/dags/two_task_dag.py
[2025-04-09T17:08:25.559+0000] {processor.py:836} INFO - DAG(s) dict_keys(['two_task_dag']) retrieved from /workspaces/hands-on-introduction-data-engineering-4395021/airflow/dags/two_task_dag.py
[2025-04-09T17:08:25.634+0000] {logging_mixin.py:150} INFO - [2025-04-09T17:08:25.634+0000] {dag.py:2742} INFO - Sync 1 DAGs
[2025-04-09T17:08:25.732+0000] {logging_mixin.py:150} INFO - [2025-04-09T17:08:25.732+0000] {dag.py:3504} INFO - Setting next_dagrun for two_task_dag to None, run_after=None
[2025-04-09T17:08:25.778+0000] {processor.py:179} INFO - Processing /workspaces/hands-on-introduction-data-engineering-4395021/airflow/dags/two_task_dag.py took 0.248 seconds
[2025-04-09T17:08:56.080+0000] {processor.py:157} INFO - Started process (PID=7846) to work on /workspaces/hands-on-introduction-data-engineering-4395021/airflow/dags/two_task_dag.py
[2025-04-09T17:08:56.081+0000] {processor.py:826} INFO - Processing file /workspaces/hands-on-introduction-data-engineering-4395021/airflow/dags/two_task_dag.py for tasks to queue
[2025-04-09T17:08:56.082+0000] {logging_mixin.py:150} INFO - [2025-04-09T17:08:56.081+0000] {dagbag.py:541} INFO - Filling up the DagBag from /workspaces/hands-on-introduction-data-engineering-4395021/airflow/dags/two_task_dag.py
[2025-04-09T17:08:56.089+0000] {processor.py:836} INFO - DAG(s) dict_keys(['two_task_dag']) retrieved from /workspaces/hands-on-introduction-data-engineering-4395021/airflow/dags/two_task_dag.py
[2025-04-09T17:08:56.107+0000] {logging_mixin.py:150} INFO - [2025-04-09T17:08:56.107+0000] {dag.py:2742} INFO - Sync 1 DAGs
[2025-04-09T17:08:56.120+0000] {logging_mixin.py:150} INFO - [2025-04-09T17:08:56.120+0000] {dag.py:3504} INFO - Setting next_dagrun for two_task_dag to None, run_after=None
[2025-04-09T17:08:56.134+0000] {processor.py:179} INFO - Processing /workspaces/hands-on-introduction-data-engineering-4395021/airflow/dags/two_task_dag.py took 0.057 seconds
[2025-04-09T17:09:26.371+0000] {processor.py:157} INFO - Started process (PID=8156) to work on /workspaces/hands-on-introduction-data-engineering-4395021/airflow/dags/two_task_dag.py
[2025-04-09T17:09:26.372+0000] {processor.py:826} INFO - Processing file /workspaces/hands-on-introduction-data-engineering-4395021/airflow/dags/two_task_dag.py for tasks to queue
[2025-04-09T17:09:26.373+0000] {logging_mixin.py:150} INFO - [2025-04-09T17:09:26.373+0000] {dagbag.py:541} INFO - Filling up the DagBag from /workspaces/hands-on-introduction-data-engineering-4395021/airflow/dags/two_task_dag.py
[2025-04-09T17:09:26.380+0000] {processor.py:836} INFO - DAG(s) dict_keys(['two_task_dag']) retrieved from /workspaces/hands-on-introduction-data-engineering-4395021/airflow/dags/two_task_dag.py
[2025-04-09T17:09:26.398+0000] {logging_mixin.py:150} INFO - [2025-04-09T17:09:26.398+0000] {dag.py:2742} INFO - Sync 1 DAGs
[2025-04-09T17:09:26.411+0000] {logging_mixin.py:150} INFO - [2025-04-09T17:09:26.411+0000] {dag.py:3504} INFO - Setting next_dagrun for two_task_dag to None, run_after=None
[2025-04-09T17:09:26.426+0000] {processor.py:179} INFO - Processing /workspaces/hands-on-introduction-data-engineering-4395021/airflow/dags/two_task_dag.py took 0.057 seconds
[2025-04-09T17:09:56.687+0000] {processor.py:157} INFO - Started process (PID=8479) to work on /workspaces/hands-on-introduction-data-engineering-4395021/airflow/dags/two_task_dag.py
[2025-04-09T17:09:56.688+0000] {processor.py:826} INFO - Processing file /workspaces/hands-on-introduction-data-engineering-4395021/airflow/dags/two_task_dag.py for tasks to queue
[2025-04-09T17:09:56.689+0000] {logging_mixin.py:150} INFO - [2025-04-09T17:09:56.688+0000] {dagbag.py:541} INFO - Filling up the DagBag from /workspaces/hands-on-introduction-data-engineering-4395021/airflow/dags/two_task_dag.py
[2025-04-09T17:09:56.696+0000] {processor.py:836} INFO - DAG(s) dict_keys(['two_task_dag']) retrieved from /workspaces/hands-on-introduction-data-engineering-4395021/airflow/dags/two_task_dag.py
[2025-04-09T17:09:56.714+0000] {logging_mixin.py:150} INFO - [2025-04-09T17:09:56.713+0000] {dag.py:2742} INFO - Sync 1 DAGs
[2025-04-09T17:09:56.727+0000] {logging_mixin.py:150} INFO - [2025-04-09T17:09:56.727+0000] {dag.py:3504} INFO - Setting next_dagrun for two_task_dag to None, run_after=None
[2025-04-09T17:09:56.740+0000] {processor.py:179} INFO - Processing /workspaces/hands-on-introduction-data-engineering-4395021/airflow/dags/two_task_dag.py took 0.056 seconds
[2025-04-09T17:10:26.978+0000] {processor.py:157} INFO - Started process (PID=8738) to work on /workspaces/hands-on-introduction-data-engineering-4395021/airflow/dags/two_task_dag.py
[2025-04-09T17:10:26.979+0000] {processor.py:826} INFO - Processing file /workspaces/hands-on-introduction-data-engineering-4395021/airflow/dags/two_task_dag.py for tasks to queue
[2025-04-09T17:10:26.979+0000] {logging_mixin.py:150} INFO - [2025-04-09T17:10:26.979+0000] {dagbag.py:541} INFO - Filling up the DagBag from /workspaces/hands-on-introduction-data-engineering-4395021/airflow/dags/two_task_dag.py
[2025-04-09T17:10:26.987+0000] {processor.py:836} INFO - DAG(s) dict_keys(['two_task_dag']) retrieved from /workspaces/hands-on-introduction-data-engineering-4395021/airflow/dags/two_task_dag.py
[2025-04-09T17:10:27.004+0000] {logging_mixin.py:150} INFO - [2025-04-09T17:10:27.004+0000] {dag.py:2742} INFO - Sync 1 DAGs
[2025-04-09T17:10:27.018+0000] {logging_mixin.py:150} INFO - [2025-04-09T17:10:27.018+0000] {dag.py:3504} INFO - Setting next_dagrun for two_task_dag to None, run_after=None
[2025-04-09T17:10:27.032+0000] {processor.py:179} INFO - Processing /workspaces/hands-on-introduction-data-engineering-4395021/airflow/dags/two_task_dag.py took 0.057 seconds
[2025-04-09T17:10:57.270+0000] {processor.py:157} INFO - Started process (PID=9024) to work on /workspaces/hands-on-introduction-data-engineering-4395021/airflow/dags/two_task_dag.py
[2025-04-09T17:10:57.271+0000] {processor.py:826} INFO - Processing file /workspaces/hands-on-introduction-data-engineering-4395021/airflow/dags/two_task_dag.py for tasks to queue
[2025-04-09T17:10:57.272+0000] {logging_mixin.py:150} INFO - [2025-04-09T17:10:57.271+0000] {dagbag.py:541} INFO - Filling up the DagBag from /workspaces/hands-on-introduction-data-engineering-4395021/airflow/dags/two_task_dag.py
[2025-04-09T17:10:57.279+0000] {processor.py:836} INFO - DAG(s) dict_keys(['two_task_dag']) retrieved from /workspaces/hands-on-introduction-data-engineering-4395021/airflow/dags/two_task_dag.py
[2025-04-09T17:10:57.296+0000] {logging_mixin.py:150} INFO - [2025-04-09T17:10:57.296+0000] {dag.py:2742} INFO - Sync 1 DAGs
[2025-04-09T17:10:57.310+0000] {logging_mixin.py:150} INFO - [2025-04-09T17:10:57.310+0000] {dag.py:3504} INFO - Setting next_dagrun for two_task_dag to None, run_after=None
[2025-04-09T17:10:57.323+0000] {processor.py:179} INFO - Processing /workspaces/hands-on-introduction-data-engineering-4395021/airflow/dags/two_task_dag.py took 0.056 seconds
[2025-04-09T17:11:27.665+0000] {processor.py:157} INFO - Started process (PID=9334) to work on /workspaces/hands-on-introduction-data-engineering-4395021/airflow/dags/two_task_dag.py
[2025-04-09T17:11:27.666+0000] {processor.py:826} INFO - Processing file /workspaces/hands-on-introduction-data-engineering-4395021/airflow/dags/two_task_dag.py for tasks to queue
[2025-04-09T17:11:27.667+0000] {logging_mixin.py:150} INFO - [2025-04-09T17:11:27.667+0000] {dagbag.py:541} INFO - Filling up the DagBag from /workspaces/hands-on-introduction-data-engineering-4395021/airflow/dags/two_task_dag.py
[2025-04-09T17:11:27.675+0000] {processor.py:836} INFO - DAG(s) dict_keys(['two_task_dag']) retrieved from /workspaces/hands-on-introduction-data-engineering-4395021/airflow/dags/two_task_dag.py
[2025-04-09T17:11:27.692+0000] {logging_mixin.py:150} INFO - [2025-04-09T17:11:27.692+0000] {dag.py:2742} INFO - Sync 1 DAGs
[2025-04-09T17:11:27.706+0000] {logging_mixin.py:150} INFO - [2025-04-09T17:11:27.706+0000] {dag.py:3504} INFO - Setting next_dagrun for two_task_dag to None, run_after=None
[2025-04-09T17:11:27.719+0000] {processor.py:179} INFO - Processing /workspaces/hands-on-introduction-data-engineering-4395021/airflow/dags/two_task_dag.py took 0.057 seconds
[2025-04-09T17:11:58.029+0000] {processor.py:157} INFO - Started process (PID=9593) to work on /workspaces/hands-on-introduction-data-engineering-4395021/airflow/dags/two_task_dag.py
[2025-04-09T17:11:58.030+0000] {processor.py:826} INFO - Processing file /workspaces/hands-on-introduction-data-engineering-4395021/airflow/dags/two_task_dag.py for tasks to queue
[2025-04-09T17:11:58.031+0000] {logging_mixin.py:150} INFO - [2025-04-09T17:11:58.030+0000] {dagbag.py:541} INFO - Filling up the DagBag from /workspaces/hands-on-introduction-data-engineering-4395021/airflow/dags/two_task_dag.py
[2025-04-09T17:11:58.038+0000] {processor.py:836} INFO - DAG(s) dict_keys(['two_task_dag']) retrieved from /workspaces/hands-on-introduction-data-engineering-4395021/airflow/dags/two_task_dag.py
[2025-04-09T17:11:58.055+0000] {logging_mixin.py:150} INFO - [2025-04-09T17:11:58.055+0000] {dag.py:2742} INFO - Sync 1 DAGs
[2025-04-09T17:11:58.071+0000] {logging_mixin.py:150} INFO - [2025-04-09T17:11:58.071+0000] {dag.py:3504} INFO - Setting next_dagrun for two_task_dag to None, run_after=None
[2025-04-09T17:11:58.089+0000] {processor.py:179} INFO - Processing /workspaces/hands-on-introduction-data-engineering-4395021/airflow/dags/two_task_dag.py took 0.063 seconds
[2025-04-09T17:12:28.311+0000] {processor.py:157} INFO - Started process (PID=9966) to work on /workspaces/hands-on-introduction-data-engineering-4395021/airflow/dags/two_task_dag.py
[2025-04-09T17:12:28.312+0000] {processor.py:826} INFO - Processing file /workspaces/hands-on-introduction-data-engineering-4395021/airflow/dags/two_task_dag.py for tasks to queue
[2025-04-09T17:12:28.313+0000] {logging_mixin.py:150} INFO - [2025-04-09T17:12:28.312+0000] {dagbag.py:541} INFO - Filling up the DagBag from /workspaces/hands-on-introduction-data-engineering-4395021/airflow/dags/two_task_dag.py
[2025-04-09T17:12:28.320+0000] {processor.py:836} INFO - DAG(s) dict_keys(['two_task_dag']) retrieved from /workspaces/hands-on-introduction-data-engineering-4395021/airflow/dags/two_task_dag.py
[2025-04-09T17:12:28.338+0000] {logging_mixin.py:150} INFO - [2025-04-09T17:12:28.338+0000] {dag.py:2742} INFO - Sync 1 DAGs
[2025-04-09T17:12:28.353+0000] {logging_mixin.py:150} INFO - [2025-04-09T17:12:28.353+0000] {dag.py:3504} INFO - Setting next_dagrun for two_task_dag to None, run_after=None
[2025-04-09T17:12:28.367+0000] {processor.py:179} INFO - Processing /workspaces/hands-on-introduction-data-engineering-4395021/airflow/dags/two_task_dag.py took 0.059 seconds
[2025-04-09T17:12:58.814+0000] {processor.py:157} INFO - Started process (PID=10213) to work on /workspaces/hands-on-introduction-data-engineering-4395021/airflow/dags/two_task_dag.py
[2025-04-09T17:12:58.815+0000] {processor.py:826} INFO - Processing file /workspaces/hands-on-introduction-data-engineering-4395021/airflow/dags/two_task_dag.py for tasks to queue
[2025-04-09T17:12:58.816+0000] {logging_mixin.py:150} INFO - [2025-04-09T17:12:58.816+0000] {dagbag.py:541} INFO - Filling up the DagBag from /workspaces/hands-on-introduction-data-engineering-4395021/airflow/dags/two_task_dag.py
[2025-04-09T17:12:58.824+0000] {processor.py:836} INFO - DAG(s) dict_keys(['two_task_dag']) retrieved from /workspaces/hands-on-introduction-data-engineering-4395021/airflow/dags/two_task_dag.py
[2025-04-09T17:12:58.841+0000] {logging_mixin.py:150} INFO - [2025-04-09T17:12:58.841+0000] {dag.py:2742} INFO - Sync 1 DAGs
[2025-04-09T17:12:58.855+0000] {logging_mixin.py:150} INFO - [2025-04-09T17:12:58.855+0000] {dag.py:3504} INFO - Setting next_dagrun for two_task_dag to None, run_after=None
[2025-04-09T17:12:58.868+0000] {processor.py:179} INFO - Processing /workspaces/hands-on-introduction-data-engineering-4395021/airflow/dags/two_task_dag.py took 0.057 seconds
[2025-04-09T17:13:29.124+0000] {processor.py:157} INFO - Started process (PID=10416) to work on /workspaces/hands-on-introduction-data-engineering-4395021/airflow/dags/two_task_dag.py
[2025-04-09T17:13:29.125+0000] {processor.py:826} INFO - Processing file /workspaces/hands-on-introduction-data-engineering-4395021/airflow/dags/two_task_dag.py for tasks to queue
[2025-04-09T17:13:29.126+0000] {logging_mixin.py:150} INFO - [2025-04-09T17:13:29.125+0000] {dagbag.py:541} INFO - Filling up the DagBag from /workspaces/hands-on-introduction-data-engineering-4395021/airflow/dags/two_task_dag.py
[2025-04-09T17:13:29.134+0000] {processor.py:836} INFO - DAG(s) dict_keys(['two_task_dag']) retrieved from /workspaces/hands-on-introduction-data-engineering-4395021/airflow/dags/two_task_dag.py
[2025-04-09T17:13:29.151+0000] {logging_mixin.py:150} INFO - [2025-04-09T17:13:29.151+0000] {dag.py:2742} INFO - Sync 1 DAGs
[2025-04-09T17:13:29.164+0000] {logging_mixin.py:150} INFO - [2025-04-09T17:13:29.164+0000] {dag.py:3504} INFO - Setting next_dagrun for two_task_dag to None, run_after=None
[2025-04-09T17:13:29.177+0000] {processor.py:179} INFO - Processing /workspaces/hands-on-introduction-data-engineering-4395021/airflow/dags/two_task_dag.py took 0.056 seconds
[2025-04-09T17:13:59.649+0000] {processor.py:157} INFO - Started process (PID=10627) to work on /workspaces/hands-on-introduction-data-engineering-4395021/airflow/dags/two_task_dag.py
[2025-04-09T17:13:59.650+0000] {processor.py:826} INFO - Processing file /workspaces/hands-on-introduction-data-engineering-4395021/airflow/dags/two_task_dag.py for tasks to queue
[2025-04-09T17:13:59.651+0000] {logging_mixin.py:150} INFO - [2025-04-09T17:13:59.650+0000] {dagbag.py:541} INFO - Filling up the DagBag from /workspaces/hands-on-introduction-data-engineering-4395021/airflow/dags/two_task_dag.py
[2025-04-09T17:13:59.658+0000] {processor.py:836} INFO - DAG(s) dict_keys(['two_task_dag']) retrieved from /workspaces/hands-on-introduction-data-engineering-4395021/airflow/dags/two_task_dag.py
[2025-04-09T17:13:59.676+0000] {logging_mixin.py:150} INFO - [2025-04-09T17:13:59.676+0000] {dag.py:2742} INFO - Sync 1 DAGs
[2025-04-09T17:13:59.690+0000] {logging_mixin.py:150} INFO - [2025-04-09T17:13:59.689+0000] {dag.py:3504} INFO - Setting next_dagrun for two_task_dag to None, run_after=None
[2025-04-09T17:13:59.704+0000] {processor.py:179} INFO - Processing /workspaces/hands-on-introduction-data-engineering-4395021/airflow/dags/two_task_dag.py took 0.058 seconds
[2025-04-09T17:14:30.433+0000] {processor.py:157} INFO - Started process (PID=10815) to work on /workspaces/hands-on-introduction-data-engineering-4395021/airflow/dags/two_task_dag.py
[2025-04-09T17:14:30.434+0000] {processor.py:826} INFO - Processing file /workspaces/hands-on-introduction-data-engineering-4395021/airflow/dags/two_task_dag.py for tasks to queue
[2025-04-09T17:14:30.434+0000] {logging_mixin.py:150} INFO - [2025-04-09T17:14:30.434+0000] {dagbag.py:541} INFO - Filling up the DagBag from /workspaces/hands-on-introduction-data-engineering-4395021/airflow/dags/two_task_dag.py
[2025-04-09T17:14:30.442+0000] {processor.py:836} INFO - DAG(s) dict_keys(['two_task_dag']) retrieved from /workspaces/hands-on-introduction-data-engineering-4395021/airflow/dags/two_task_dag.py
[2025-04-09T17:14:30.459+0000] {logging_mixin.py:150} INFO - [2025-04-09T17:14:30.459+0000] {dag.py:2742} INFO - Sync 1 DAGs
[2025-04-09T17:14:30.473+0000] {logging_mixin.py:150} INFO - [2025-04-09T17:14:30.473+0000] {dag.py:3504} INFO - Setting next_dagrun for two_task_dag to None, run_after=None
[2025-04-09T17:14:30.487+0000] {processor.py:179} INFO - Processing /workspaces/hands-on-introduction-data-engineering-4395021/airflow/dags/two_task_dag.py took 0.056 seconds
[2025-04-09T17:15:00.654+0000] {processor.py:157} INFO - Started process (PID=10986) to work on /workspaces/hands-on-introduction-data-engineering-4395021/airflow/dags/two_task_dag.py
[2025-04-09T17:15:00.655+0000] {processor.py:826} INFO - Processing file /workspaces/hands-on-introduction-data-engineering-4395021/airflow/dags/two_task_dag.py for tasks to queue
[2025-04-09T17:15:00.656+0000] {logging_mixin.py:150} INFO - [2025-04-09T17:15:00.655+0000] {dagbag.py:541} INFO - Filling up the DagBag from /workspaces/hands-on-introduction-data-engineering-4395021/airflow/dags/two_task_dag.py
[2025-04-09T17:15:00.663+0000] {processor.py:836} INFO - DAG(s) dict_keys(['two_task_dag']) retrieved from /workspaces/hands-on-introduction-data-engineering-4395021/airflow/dags/two_task_dag.py
[2025-04-09T17:15:00.681+0000] {logging_mixin.py:150} INFO - [2025-04-09T17:15:00.681+0000] {dag.py:2742} INFO - Sync 1 DAGs
[2025-04-09T17:15:00.696+0000] {logging_mixin.py:150} INFO - [2025-04-09T17:15:00.696+0000] {dag.py:3504} INFO - Setting next_dagrun for two_task_dag to None, run_after=None
[2025-04-09T17:15:00.709+0000] {processor.py:179} INFO - Processing /workspaces/hands-on-introduction-data-engineering-4395021/airflow/dags/two_task_dag.py took 0.058 seconds
[2025-04-09T17:15:30.856+0000] {processor.py:157} INFO - Started process (PID=11169) to work on /workspaces/hands-on-introduction-data-engineering-4395021/airflow/dags/two_task_dag.py
[2025-04-09T17:15:30.857+0000] {processor.py:826} INFO - Processing file /workspaces/hands-on-introduction-data-engineering-4395021/airflow/dags/two_task_dag.py for tasks to queue
[2025-04-09T17:15:30.858+0000] {logging_mixin.py:150} INFO - [2025-04-09T17:15:30.858+0000] {dagbag.py:541} INFO - Filling up the DagBag from /workspaces/hands-on-introduction-data-engineering-4395021/airflow/dags/two_task_dag.py
[2025-04-09T17:15:30.865+0000] {processor.py:836} INFO - DAG(s) dict_keys(['two_task_dag']) retrieved from /workspaces/hands-on-introduction-data-engineering-4395021/airflow/dags/two_task_dag.py
[2025-04-09T17:15:30.883+0000] {logging_mixin.py:150} INFO - [2025-04-09T17:15:30.883+0000] {dag.py:2742} INFO - Sync 1 DAGs
[2025-04-09T17:15:30.897+0000] {logging_mixin.py:150} INFO - [2025-04-09T17:15:30.896+0000] {dag.py:3504} INFO - Setting next_dagrun for two_task_dag to None, run_after=None
[2025-04-09T17:15:30.910+0000] {processor.py:179} INFO - Processing /workspaces/hands-on-introduction-data-engineering-4395021/airflow/dags/two_task_dag.py took 0.057 seconds
[2025-04-09T17:16:01.020+0000] {processor.py:157} INFO - Started process (PID=11473) to work on /workspaces/hands-on-introduction-data-engineering-4395021/airflow/dags/two_task_dag.py
[2025-04-09T17:16:01.021+0000] {processor.py:826} INFO - Processing file /workspaces/hands-on-introduction-data-engineering-4395021/airflow/dags/two_task_dag.py for tasks to queue
[2025-04-09T17:16:01.022+0000] {logging_mixin.py:150} INFO - [2025-04-09T17:16:01.022+0000] {dagbag.py:541} INFO - Filling up the DagBag from /workspaces/hands-on-introduction-data-engineering-4395021/airflow/dags/two_task_dag.py
[2025-04-09T17:16:01.030+0000] {processor.py:836} INFO - DAG(s) dict_keys(['two_task_dag']) retrieved from /workspaces/hands-on-introduction-data-engineering-4395021/airflow/dags/two_task_dag.py
[2025-04-09T17:16:01.050+0000] {logging_mixin.py:150} INFO - [2025-04-09T17:16:01.050+0000] {dag.py:2742} INFO - Sync 1 DAGs
[2025-04-09T17:16:01.071+0000] {logging_mixin.py:150} INFO - [2025-04-09T17:16:01.071+0000] {dag.py:3504} INFO - Setting next_dagrun for two_task_dag to None, run_after=None
[2025-04-09T17:16:01.088+0000] {processor.py:179} INFO - Processing /workspaces/hands-on-introduction-data-engineering-4395021/airflow/dags/two_task_dag.py took 0.070 seconds
[2025-04-09T17:16:31.269+0000] {processor.py:157} INFO - Started process (PID=11828) to work on /workspaces/hands-on-introduction-data-engineering-4395021/airflow/dags/two_task_dag.py
[2025-04-09T17:16:31.270+0000] {processor.py:826} INFO - Processing file /workspaces/hands-on-introduction-data-engineering-4395021/airflow/dags/two_task_dag.py for tasks to queue
[2025-04-09T17:16:31.273+0000] {logging_mixin.py:150} INFO - [2025-04-09T17:16:31.272+0000] {dagbag.py:541} INFO - Filling up the DagBag from /workspaces/hands-on-introduction-data-engineering-4395021/airflow/dags/two_task_dag.py
[2025-04-09T17:16:31.284+0000] {processor.py:836} INFO - DAG(s) dict_keys(['two_task_dag']) retrieved from /workspaces/hands-on-introduction-data-engineering-4395021/airflow/dags/two_task_dag.py
[2025-04-09T17:16:31.305+0000] {logging_mixin.py:150} INFO - [2025-04-09T17:16:31.305+0000] {dag.py:2742} INFO - Sync 1 DAGs
[2025-04-09T17:16:31.318+0000] {logging_mixin.py:150} INFO - [2025-04-09T17:16:31.318+0000] {dag.py:3504} INFO - Setting next_dagrun for two_task_dag to None, run_after=None
[2025-04-09T17:16:31.332+0000] {processor.py:179} INFO - Processing /workspaces/hands-on-introduction-data-engineering-4395021/airflow/dags/two_task_dag.py took 0.066 seconds
[2025-04-09T17:17:01.434+0000] {processor.py:157} INFO - Started process (PID=12039) to work on /workspaces/hands-on-introduction-data-engineering-4395021/airflow/dags/two_task_dag.py
[2025-04-09T17:17:01.435+0000] {processor.py:826} INFO - Processing file /workspaces/hands-on-introduction-data-engineering-4395021/airflow/dags/two_task_dag.py for tasks to queue
[2025-04-09T17:17:01.436+0000] {logging_mixin.py:150} INFO - [2025-04-09T17:17:01.435+0000] {dagbag.py:541} INFO - Filling up the DagBag from /workspaces/hands-on-introduction-data-engineering-4395021/airflow/dags/two_task_dag.py
[2025-04-09T17:17:01.443+0000] {processor.py:836} INFO - DAG(s) dict_keys(['two_task_dag']) retrieved from /workspaces/hands-on-introduction-data-engineering-4395021/airflow/dags/two_task_dag.py
[2025-04-09T17:17:01.461+0000] {logging_mixin.py:150} INFO - [2025-04-09T17:17:01.460+0000] {dag.py:2742} INFO - Sync 1 DAGs
[2025-04-09T17:17:01.474+0000] {logging_mixin.py:150} INFO - [2025-04-09T17:17:01.474+0000] {dag.py:3504} INFO - Setting next_dagrun for two_task_dag to None, run_after=None
[2025-04-09T17:17:01.487+0000] {processor.py:179} INFO - Processing /workspaces/hands-on-introduction-data-engineering-4395021/airflow/dags/two_task_dag.py took 0.056 seconds
[2025-04-09T17:17:32.542+0000] {processor.py:157} INFO - Started process (PID=12251) to work on /workspaces/hands-on-introduction-data-engineering-4395021/airflow/dags/two_task_dag.py
[2025-04-09T17:17:32.543+0000] {processor.py:826} INFO - Processing file /workspaces/hands-on-introduction-data-engineering-4395021/airflow/dags/two_task_dag.py for tasks to queue
[2025-04-09T17:17:32.543+0000] {logging_mixin.py:150} INFO - [2025-04-09T17:17:32.543+0000] {dagbag.py:541} INFO - Filling up the DagBag from /workspaces/hands-on-introduction-data-engineering-4395021/airflow/dags/two_task_dag.py
[2025-04-09T17:17:32.551+0000] {processor.py:836} INFO - DAG(s) dict_keys(['two_task_dag']) retrieved from /workspaces/hands-on-introduction-data-engineering-4395021/airflow/dags/two_task_dag.py
[2025-04-09T17:17:32.568+0000] {logging_mixin.py:150} INFO - [2025-04-09T17:17:32.568+0000] {dag.py:2742} INFO - Sync 1 DAGs
[2025-04-09T17:17:32.582+0000] {logging_mixin.py:150} INFO - [2025-04-09T17:17:32.582+0000] {dag.py:3504} INFO - Setting next_dagrun for two_task_dag to None, run_after=None
[2025-04-09T17:17:32.595+0000] {processor.py:179} INFO - Processing /workspaces/hands-on-introduction-data-engineering-4395021/airflow/dags/two_task_dag.py took 0.056 seconds
[2025-04-09T17:18:02.868+0000] {processor.py:157} INFO - Started process (PID=12508) to work on /workspaces/hands-on-introduction-data-engineering-4395021/airflow/dags/two_task_dag.py
[2025-04-09T17:18:02.869+0000] {processor.py:826} INFO - Processing file /workspaces/hands-on-introduction-data-engineering-4395021/airflow/dags/two_task_dag.py for tasks to queue
[2025-04-09T17:18:02.870+0000] {logging_mixin.py:150} INFO - [2025-04-09T17:18:02.869+0000] {dagbag.py:541} INFO - Filling up the DagBag from /workspaces/hands-on-introduction-data-engineering-4395021/airflow/dags/two_task_dag.py
[2025-04-09T17:18:02.876+0000] {processor.py:836} INFO - DAG(s) dict_keys(['two_task_dag']) retrieved from /workspaces/hands-on-introduction-data-engineering-4395021/airflow/dags/two_task_dag.py
[2025-04-09T17:18:02.894+0000] {logging_mixin.py:150} INFO - [2025-04-09T17:18:02.894+0000] {dag.py:2742} INFO - Sync 1 DAGs
[2025-04-09T17:18:02.907+0000] {logging_mixin.py:150} INFO - [2025-04-09T17:18:02.907+0000] {dag.py:3504} INFO - Setting next_dagrun for two_task_dag to None, run_after=None
[2025-04-09T17:18:02.922+0000] {processor.py:179} INFO - Processing /workspaces/hands-on-introduction-data-engineering-4395021/airflow/dags/two_task_dag.py took 0.057 seconds
[2025-04-09T17:18:33.158+0000] {processor.py:157} INFO - Started process (PID=12720) to work on /workspaces/hands-on-introduction-data-engineering-4395021/airflow/dags/two_task_dag.py
[2025-04-09T17:18:33.159+0000] {processor.py:826} INFO - Processing file /workspaces/hands-on-introduction-data-engineering-4395021/airflow/dags/two_task_dag.py for tasks to queue
[2025-04-09T17:18:33.159+0000] {logging_mixin.py:150} INFO - [2025-04-09T17:18:33.159+0000] {dagbag.py:541} INFO - Filling up the DagBag from /workspaces/hands-on-introduction-data-engineering-4395021/airflow/dags/two_task_dag.py
[2025-04-09T17:18:33.167+0000] {processor.py:836} INFO - DAG(s) dict_keys(['two_task_dag']) retrieved from /workspaces/hands-on-introduction-data-engineering-4395021/airflow/dags/two_task_dag.py
[2025-04-09T17:18:33.192+0000] {logging_mixin.py:150} INFO - [2025-04-09T17:18:33.192+0000] {dag.py:2742} INFO - Sync 1 DAGs
[2025-04-09T17:18:33.214+0000] {logging_mixin.py:150} INFO - [2025-04-09T17:18:33.214+0000] {dag.py:3504} INFO - Setting next_dagrun for two_task_dag to None, run_after=None
[2025-04-09T17:18:33.238+0000] {processor.py:179} INFO - Processing /workspaces/hands-on-introduction-data-engineering-4395021/airflow/dags/two_task_dag.py took 0.083 seconds
[2025-04-09T17:19:03.363+0000] {processor.py:157} INFO - Started process (PID=12901) to work on /workspaces/hands-on-introduction-data-engineering-4395021/airflow/dags/two_task_dag.py
[2025-04-09T17:19:03.363+0000] {processor.py:826} INFO - Processing file /workspaces/hands-on-introduction-data-engineering-4395021/airflow/dags/two_task_dag.py for tasks to queue
[2025-04-09T17:19:03.364+0000] {logging_mixin.py:150} INFO - [2025-04-09T17:19:03.364+0000] {dagbag.py:541} INFO - Filling up the DagBag from /workspaces/hands-on-introduction-data-engineering-4395021/airflow/dags/two_task_dag.py
[2025-04-09T17:19:03.372+0000] {processor.py:836} INFO - DAG(s) dict_keys(['two_task_dag']) retrieved from /workspaces/hands-on-introduction-data-engineering-4395021/airflow/dags/two_task_dag.py
[2025-04-09T17:19:03.389+0000] {logging_mixin.py:150} INFO - [2025-04-09T17:19:03.389+0000] {dag.py:2742} INFO - Sync 1 DAGs
[2025-04-09T17:19:03.403+0000] {logging_mixin.py:150} INFO - [2025-04-09T17:19:03.403+0000] {dag.py:3504} INFO - Setting next_dagrun for two_task_dag to None, run_after=None
[2025-04-09T17:19:03.419+0000] {processor.py:179} INFO - Processing /workspaces/hands-on-introduction-data-engineering-4395021/airflow/dags/two_task_dag.py took 0.059 seconds
[2025-04-09T17:19:33.592+0000] {processor.py:157} INFO - Started process (PID=13299) to work on /workspaces/hands-on-introduction-data-engineering-4395021/airflow/dags/two_task_dag.py
[2025-04-09T17:19:33.592+0000] {processor.py:826} INFO - Processing file /workspaces/hands-on-introduction-data-engineering-4395021/airflow/dags/two_task_dag.py for tasks to queue
[2025-04-09T17:19:33.593+0000] {logging_mixin.py:150} INFO - [2025-04-09T17:19:33.593+0000] {dagbag.py:541} INFO - Filling up the DagBag from /workspaces/hands-on-introduction-data-engineering-4395021/airflow/dags/two_task_dag.py
[2025-04-09T17:19:33.602+0000] {processor.py:836} INFO - DAG(s) dict_keys(['two_task_dag']) retrieved from /workspaces/hands-on-introduction-data-engineering-4395021/airflow/dags/two_task_dag.py
[2025-04-09T17:19:33.628+0000] {logging_mixin.py:150} INFO - [2025-04-09T17:19:33.628+0000] {dag.py:2742} INFO - Sync 1 DAGs
[2025-04-09T17:19:33.648+0000] {logging_mixin.py:150} INFO - [2025-04-09T17:19:33.648+0000] {dag.py:3504} INFO - Setting next_dagrun for two_task_dag to None, run_after=None
[2025-04-09T17:19:33.667+0000] {processor.py:179} INFO - Processing /workspaces/hands-on-introduction-data-engineering-4395021/airflow/dags/two_task_dag.py took 0.077 seconds
[2025-04-09T17:20:03.810+0000] {processor.py:157} INFO - Started process (PID=13469) to work on /workspaces/hands-on-introduction-data-engineering-4395021/airflow/dags/two_task_dag.py
[2025-04-09T17:20:03.811+0000] {processor.py:826} INFO - Processing file /workspaces/hands-on-introduction-data-engineering-4395021/airflow/dags/two_task_dag.py for tasks to queue
[2025-04-09T17:20:03.813+0000] {logging_mixin.py:150} INFO - [2025-04-09T17:20:03.812+0000] {dagbag.py:541} INFO - Filling up the DagBag from /workspaces/hands-on-introduction-data-engineering-4395021/airflow/dags/two_task_dag.py
[2025-04-09T17:20:03.824+0000] {processor.py:836} INFO - DAG(s) dict_keys(['two_task_dag']) retrieved from /workspaces/hands-on-introduction-data-engineering-4395021/airflow/dags/two_task_dag.py
[2025-04-09T17:20:03.849+0000] {logging_mixin.py:150} INFO - [2025-04-09T17:20:03.849+0000] {dag.py:2742} INFO - Sync 1 DAGs
[2025-04-09T17:20:03.869+0000] {logging_mixin.py:150} INFO - [2025-04-09T17:20:03.869+0000] {dag.py:3504} INFO - Setting next_dagrun for two_task_dag to None, run_after=None
[2025-04-09T17:20:03.882+0000] {processor.py:179} INFO - Processing /workspaces/hands-on-introduction-data-engineering-4395021/airflow/dags/two_task_dag.py took 0.076 seconds
[2025-04-09T17:20:34.009+0000] {processor.py:157} INFO - Started process (PID=13646) to work on /workspaces/hands-on-introduction-data-engineering-4395021/airflow/dags/two_task_dag.py
[2025-04-09T17:20:34.010+0000] {processor.py:826} INFO - Processing file /workspaces/hands-on-introduction-data-engineering-4395021/airflow/dags/two_task_dag.py for tasks to queue
[2025-04-09T17:20:34.011+0000] {logging_mixin.py:150} INFO - [2025-04-09T17:20:34.011+0000] {dagbag.py:541} INFO - Filling up the DagBag from /workspaces/hands-on-introduction-data-engineering-4395021/airflow/dags/two_task_dag.py
[2025-04-09T17:20:34.021+0000] {processor.py:836} INFO - DAG(s) dict_keys(['two_task_dag']) retrieved from /workspaces/hands-on-introduction-data-engineering-4395021/airflow/dags/two_task_dag.py
[2025-04-09T17:20:34.047+0000] {logging_mixin.py:150} INFO - [2025-04-09T17:20:34.047+0000] {dag.py:2742} INFO - Sync 1 DAGs
[2025-04-09T17:20:34.061+0000] {logging_mixin.py:150} INFO - [2025-04-09T17:20:34.061+0000] {dag.py:3504} INFO - Setting next_dagrun for two_task_dag to None, run_after=None
[2025-04-09T17:20:34.075+0000] {processor.py:179} INFO - Processing /workspaces/hands-on-introduction-data-engineering-4395021/airflow/dags/two_task_dag.py took 0.069 seconds
[2025-04-09T17:21:04.213+0000] {processor.py:157} INFO - Started process (PID=13830) to work on /workspaces/hands-on-introduction-data-engineering-4395021/airflow/dags/two_task_dag.py
[2025-04-09T17:21:04.215+0000] {processor.py:826} INFO - Processing file /workspaces/hands-on-introduction-data-engineering-4395021/airflow/dags/two_task_dag.py for tasks to queue
[2025-04-09T17:21:04.216+0000] {logging_mixin.py:150} INFO - [2025-04-09T17:21:04.215+0000] {dagbag.py:541} INFO - Filling up the DagBag from /workspaces/hands-on-introduction-data-engineering-4395021/airflow/dags/two_task_dag.py
[2025-04-09T17:21:04.224+0000] {processor.py:836} INFO - DAG(s) dict_keys(['two_task_dag']) retrieved from /workspaces/hands-on-introduction-data-engineering-4395021/airflow/dags/two_task_dag.py
[2025-04-09T17:21:04.242+0000] {logging_mixin.py:150} INFO - [2025-04-09T17:21:04.241+0000] {dag.py:2742} INFO - Sync 1 DAGs
[2025-04-09T17:21:04.259+0000] {logging_mixin.py:150} INFO - [2025-04-09T17:21:04.259+0000] {dag.py:3504} INFO - Setting next_dagrun for two_task_dag to None, run_after=None
[2025-04-09T17:21:04.278+0000] {processor.py:179} INFO - Processing /workspaces/hands-on-introduction-data-engineering-4395021/airflow/dags/two_task_dag.py took 0.068 seconds
[2025-04-09T17:21:34.403+0000] {processor.py:157} INFO - Started process (PID=13994) to work on /workspaces/hands-on-introduction-data-engineering-4395021/airflow/dags/two_task_dag.py
[2025-04-09T17:21:34.403+0000] {processor.py:826} INFO - Processing file /workspaces/hands-on-introduction-data-engineering-4395021/airflow/dags/two_task_dag.py for tasks to queue
[2025-04-09T17:21:34.404+0000] {logging_mixin.py:150} INFO - [2025-04-09T17:21:34.404+0000] {dagbag.py:541} INFO - Filling up the DagBag from /workspaces/hands-on-introduction-data-engineering-4395021/airflow/dags/two_task_dag.py
[2025-04-09T17:21:34.411+0000] {processor.py:836} INFO - DAG(s) dict_keys(['two_task_dag']) retrieved from /workspaces/hands-on-introduction-data-engineering-4395021/airflow/dags/two_task_dag.py
[2025-04-09T17:21:34.429+0000] {logging_mixin.py:150} INFO - [2025-04-09T17:21:34.429+0000] {dag.py:2742} INFO - Sync 1 DAGs
[2025-04-09T17:21:34.446+0000] {logging_mixin.py:150} INFO - [2025-04-09T17:21:34.445+0000] {dag.py:3504} INFO - Setting next_dagrun for two_task_dag to None, run_after=None
[2025-04-09T17:21:34.464+0000] {processor.py:179} INFO - Processing /workspaces/hands-on-introduction-data-engineering-4395021/airflow/dags/two_task_dag.py took 0.064 seconds
[2025-04-09T17:22:04.882+0000] {processor.py:157} INFO - Started process (PID=14179) to work on /workspaces/hands-on-introduction-data-engineering-4395021/airflow/dags/two_task_dag.py
[2025-04-09T17:22:04.882+0000] {processor.py:826} INFO - Processing file /workspaces/hands-on-introduction-data-engineering-4395021/airflow/dags/two_task_dag.py for tasks to queue
[2025-04-09T17:22:04.883+0000] {logging_mixin.py:150} INFO - [2025-04-09T17:22:04.883+0000] {dagbag.py:541} INFO - Filling up the DagBag from /workspaces/hands-on-introduction-data-engineering-4395021/airflow/dags/two_task_dag.py
[2025-04-09T17:22:04.891+0000] {processor.py:836} INFO - DAG(s) dict_keys(['two_task_dag']) retrieved from /workspaces/hands-on-introduction-data-engineering-4395021/airflow/dags/two_task_dag.py
[2025-04-09T17:22:04.908+0000] {logging_mixin.py:150} INFO - [2025-04-09T17:22:04.908+0000] {dag.py:2742} INFO - Sync 1 DAGs
[2025-04-09T17:22:04.922+0000] {logging_mixin.py:150} INFO - [2025-04-09T17:22:04.922+0000] {dag.py:3504} INFO - Setting next_dagrun for two_task_dag to None, run_after=None
[2025-04-09T17:22:04.936+0000] {processor.py:179} INFO - Processing /workspaces/hands-on-introduction-data-engineering-4395021/airflow/dags/two_task_dag.py took 0.057 seconds
[2025-04-09T17:22:35.179+0000] {processor.py:157} INFO - Started process (PID=14349) to work on /workspaces/hands-on-introduction-data-engineering-4395021/airflow/dags/two_task_dag.py
[2025-04-09T17:22:35.180+0000] {processor.py:826} INFO - Processing file /workspaces/hands-on-introduction-data-engineering-4395021/airflow/dags/two_task_dag.py for tasks to queue
[2025-04-09T17:22:35.180+0000] {logging_mixin.py:150} INFO - [2025-04-09T17:22:35.180+0000] {dagbag.py:541} INFO - Filling up the DagBag from /workspaces/hands-on-introduction-data-engineering-4395021/airflow/dags/two_task_dag.py
[2025-04-09T17:22:35.187+0000] {processor.py:836} INFO - DAG(s) dict_keys(['two_task_dag']) retrieved from /workspaces/hands-on-introduction-data-engineering-4395021/airflow/dags/two_task_dag.py
[2025-04-09T17:22:35.205+0000] {logging_mixin.py:150} INFO - [2025-04-09T17:22:35.205+0000] {dag.py:2742} INFO - Sync 1 DAGs
[2025-04-09T17:22:35.220+0000] {logging_mixin.py:150} INFO - [2025-04-09T17:22:35.220+0000] {dag.py:3504} INFO - Setting next_dagrun for two_task_dag to None, run_after=None
[2025-04-09T17:22:35.234+0000] {processor.py:179} INFO - Processing /workspaces/hands-on-introduction-data-engineering-4395021/airflow/dags/two_task_dag.py took 0.058 seconds
[2025-04-09T17:23:05.480+0000] {processor.py:157} INFO - Started process (PID=14551) to work on /workspaces/hands-on-introduction-data-engineering-4395021/airflow/dags/two_task_dag.py
[2025-04-09T17:23:05.481+0000] {processor.py:826} INFO - Processing file /workspaces/hands-on-introduction-data-engineering-4395021/airflow/dags/two_task_dag.py for tasks to queue
[2025-04-09T17:23:05.482+0000] {logging_mixin.py:150} INFO - [2025-04-09T17:23:05.481+0000] {dagbag.py:541} INFO - Filling up the DagBag from /workspaces/hands-on-introduction-data-engineering-4395021/airflow/dags/two_task_dag.py
[2025-04-09T17:23:05.489+0000] {processor.py:836} INFO - DAG(s) dict_keys(['two_task_dag']) retrieved from /workspaces/hands-on-introduction-data-engineering-4395021/airflow/dags/two_task_dag.py
[2025-04-09T17:23:05.512+0000] {logging_mixin.py:150} INFO - [2025-04-09T17:23:05.512+0000] {dag.py:2742} INFO - Sync 1 DAGs
[2025-04-09T17:23:05.533+0000] {logging_mixin.py:150} INFO - [2025-04-09T17:23:05.533+0000] {dag.py:3504} INFO - Setting next_dagrun for two_task_dag to None, run_after=None
[2025-04-09T17:23:05.552+0000] {processor.py:179} INFO - Processing /workspaces/hands-on-introduction-data-engineering-4395021/airflow/dags/two_task_dag.py took 0.074 seconds
[2025-04-09T17:23:35.791+0000] {processor.py:157} INFO - Started process (PID=14805) to work on /workspaces/hands-on-introduction-data-engineering-4395021/airflow/dags/two_task_dag.py
[2025-04-09T17:23:35.792+0000] {processor.py:826} INFO - Processing file /workspaces/hands-on-introduction-data-engineering-4395021/airflow/dags/two_task_dag.py for tasks to queue
[2025-04-09T17:23:35.793+0000] {logging_mixin.py:150} INFO - [2025-04-09T17:23:35.793+0000] {dagbag.py:541} INFO - Filling up the DagBag from /workspaces/hands-on-introduction-data-engineering-4395021/airflow/dags/two_task_dag.py
[2025-04-09T17:23:35.801+0000] {processor.py:836} INFO - DAG(s) dict_keys(['two_task_dag']) retrieved from /workspaces/hands-on-introduction-data-engineering-4395021/airflow/dags/two_task_dag.py
[2025-04-09T17:23:35.827+0000] {logging_mixin.py:150} INFO - [2025-04-09T17:23:35.827+0000] {dag.py:2742} INFO - Sync 1 DAGs
[2025-04-09T17:23:35.848+0000] {logging_mixin.py:150} INFO - [2025-04-09T17:23:35.848+0000] {dag.py:3504} INFO - Setting next_dagrun for two_task_dag to None, run_after=None
[2025-04-09T17:23:35.870+0000] {processor.py:179} INFO - Processing /workspaces/hands-on-introduction-data-engineering-4395021/airflow/dags/two_task_dag.py took 0.082 seconds
[2025-04-09T17:24:06.201+0000] {processor.py:157} INFO - Started process (PID=15004) to work on /workspaces/hands-on-introduction-data-engineering-4395021/airflow/dags/two_task_dag.py
[2025-04-09T17:24:06.202+0000] {processor.py:826} INFO - Processing file /workspaces/hands-on-introduction-data-engineering-4395021/airflow/dags/two_task_dag.py for tasks to queue
[2025-04-09T17:24:06.202+0000] {logging_mixin.py:150} INFO - [2025-04-09T17:24:06.202+0000] {dagbag.py:541} INFO - Filling up the DagBag from /workspaces/hands-on-introduction-data-engineering-4395021/airflow/dags/two_task_dag.py
[2025-04-09T17:24:06.210+0000] {processor.py:836} INFO - DAG(s) dict_keys(['two_task_dag']) retrieved from /workspaces/hands-on-introduction-data-engineering-4395021/airflow/dags/two_task_dag.py
[2025-04-09T17:24:06.228+0000] {logging_mixin.py:150} INFO - [2025-04-09T17:24:06.228+0000] {dag.py:2742} INFO - Sync 1 DAGs
[2025-04-09T17:24:06.241+0000] {logging_mixin.py:150} INFO - [2025-04-09T17:24:06.241+0000] {dag.py:3504} INFO - Setting next_dagrun for two_task_dag to None, run_after=None
[2025-04-09T17:24:06.254+0000] {processor.py:179} INFO - Processing /workspaces/hands-on-introduction-data-engineering-4395021/airflow/dags/two_task_dag.py took 0.056 seconds
[2025-04-09T17:24:37.084+0000] {processor.py:157} INFO - Started process (PID=15186) to work on /workspaces/hands-on-introduction-data-engineering-4395021/airflow/dags/two_task_dag.py
[2025-04-09T17:24:37.084+0000] {processor.py:826} INFO - Processing file /workspaces/hands-on-introduction-data-engineering-4395021/airflow/dags/two_task_dag.py for tasks to queue
[2025-04-09T17:24:37.085+0000] {logging_mixin.py:150} INFO - [2025-04-09T17:24:37.085+0000] {dagbag.py:541} INFO - Filling up the DagBag from /workspaces/hands-on-introduction-data-engineering-4395021/airflow/dags/two_task_dag.py
[2025-04-09T17:24:37.093+0000] {processor.py:836} INFO - DAG(s) dict_keys(['two_task_dag']) retrieved from /workspaces/hands-on-introduction-data-engineering-4395021/airflow/dags/two_task_dag.py
[2025-04-09T17:24:37.120+0000] {logging_mixin.py:150} INFO - [2025-04-09T17:24:37.120+0000] {dag.py:2742} INFO - Sync 1 DAGs
[2025-04-09T17:24:37.142+0000] {logging_mixin.py:150} INFO - [2025-04-09T17:24:37.141+0000] {dag.py:3504} INFO - Setting next_dagrun for two_task_dag to None, run_after=None
[2025-04-09T17:24:37.169+0000] {processor.py:179} INFO - Processing /workspaces/hands-on-introduction-data-engineering-4395021/airflow/dags/two_task_dag.py took 0.088 seconds
[2025-04-09T17:25:07.312+0000] {processor.py:157} INFO - Started process (PID=15373) to work on /workspaces/hands-on-introduction-data-engineering-4395021/airflow/dags/two_task_dag.py
[2025-04-09T17:25:07.313+0000] {processor.py:826} INFO - Processing file /workspaces/hands-on-introduction-data-engineering-4395021/airflow/dags/two_task_dag.py for tasks to queue
[2025-04-09T17:25:07.313+0000] {logging_mixin.py:150} INFO - [2025-04-09T17:25:07.313+0000] {dagbag.py:541} INFO - Filling up the DagBag from /workspaces/hands-on-introduction-data-engineering-4395021/airflow/dags/two_task_dag.py
[2025-04-09T17:25:07.320+0000] {processor.py:836} INFO - DAG(s) dict_keys(['two_task_dag']) retrieved from /workspaces/hands-on-introduction-data-engineering-4395021/airflow/dags/two_task_dag.py
[2025-04-09T17:25:07.338+0000] {logging_mixin.py:150} INFO - [2025-04-09T17:25:07.338+0000] {dag.py:2742} INFO - Sync 1 DAGs
[2025-04-09T17:25:07.351+0000] {logging_mixin.py:150} INFO - [2025-04-09T17:25:07.351+0000] {dag.py:3504} INFO - Setting next_dagrun for two_task_dag to None, run_after=None
[2025-04-09T17:25:07.364+0000] {processor.py:179} INFO - Processing /workspaces/hands-on-introduction-data-engineering-4395021/airflow/dags/two_task_dag.py took 0.055 seconds
[2025-04-09T17:25:37.429+0000] {processor.py:157} INFO - Started process (PID=15619) to work on /workspaces/hands-on-introduction-data-engineering-4395021/airflow/dags/two_task_dag.py
[2025-04-09T17:25:37.429+0000] {processor.py:826} INFO - Processing file /workspaces/hands-on-introduction-data-engineering-4395021/airflow/dags/two_task_dag.py for tasks to queue
[2025-04-09T17:25:37.430+0000] {logging_mixin.py:150} INFO - [2025-04-09T17:25:37.430+0000] {dagbag.py:541} INFO - Filling up the DagBag from /workspaces/hands-on-introduction-data-engineering-4395021/airflow/dags/two_task_dag.py
[2025-04-09T17:25:37.437+0000] {processor.py:836} INFO - DAG(s) dict_keys(['two_task_dag']) retrieved from /workspaces/hands-on-introduction-data-engineering-4395021/airflow/dags/two_task_dag.py
[2025-04-09T17:25:37.455+0000] {logging_mixin.py:150} INFO - [2025-04-09T17:25:37.455+0000] {dag.py:2742} INFO - Sync 1 DAGs
[2025-04-09T17:25:37.468+0000] {logging_mixin.py:150} INFO - [2025-04-09T17:25:37.468+0000] {dag.py:3504} INFO - Setting next_dagrun for two_task_dag to None, run_after=None
[2025-04-09T17:25:37.482+0000] {processor.py:179} INFO - Processing /workspaces/hands-on-introduction-data-engineering-4395021/airflow/dags/two_task_dag.py took 0.056 seconds
[2025-04-09T17:26:07.699+0000] {processor.py:157} INFO - Started process (PID=16018) to work on /workspaces/hands-on-introduction-data-engineering-4395021/airflow/dags/two_task_dag.py
[2025-04-09T17:26:07.700+0000] {processor.py:826} INFO - Processing file /workspaces/hands-on-introduction-data-engineering-4395021/airflow/dags/two_task_dag.py for tasks to queue
[2025-04-09T17:26:07.701+0000] {logging_mixin.py:150} INFO - [2025-04-09T17:26:07.700+0000] {dagbag.py:541} INFO - Filling up the DagBag from /workspaces/hands-on-introduction-data-engineering-4395021/airflow/dags/two_task_dag.py
[2025-04-09T17:26:07.708+0000] {processor.py:836} INFO - DAG(s) dict_keys(['two_task_dag']) retrieved from /workspaces/hands-on-introduction-data-engineering-4395021/airflow/dags/two_task_dag.py
[2025-04-09T17:26:07.728+0000] {logging_mixin.py:150} INFO - [2025-04-09T17:26:07.728+0000] {dag.py:2742} INFO - Sync 1 DAGs
[2025-04-09T17:26:07.742+0000] {logging_mixin.py:150} INFO - [2025-04-09T17:26:07.742+0000] {dag.py:3504} INFO - Setting next_dagrun for two_task_dag to None, run_after=None
[2025-04-09T17:26:07.755+0000] {processor.py:179} INFO - Processing /workspaces/hands-on-introduction-data-engineering-4395021/airflow/dags/two_task_dag.py took 0.059 seconds
[2025-04-09T17:26:37.893+0000] {processor.py:157} INFO - Started process (PID=16312) to work on /workspaces/hands-on-introduction-data-engineering-4395021/airflow/dags/two_task_dag.py
[2025-04-09T17:26:37.894+0000] {processor.py:826} INFO - Processing file /workspaces/hands-on-introduction-data-engineering-4395021/airflow/dags/two_task_dag.py for tasks to queue
[2025-04-09T17:26:37.895+0000] {logging_mixin.py:150} INFO - [2025-04-09T17:26:37.895+0000] {dagbag.py:541} INFO - Filling up the DagBag from /workspaces/hands-on-introduction-data-engineering-4395021/airflow/dags/two_task_dag.py
[2025-04-09T17:26:37.902+0000] {processor.py:836} INFO - DAG(s) dict_keys(['two_task_dag']) retrieved from /workspaces/hands-on-introduction-data-engineering-4395021/airflow/dags/two_task_dag.py
[2025-04-09T17:26:37.920+0000] {logging_mixin.py:150} INFO - [2025-04-09T17:26:37.919+0000] {dag.py:2742} INFO - Sync 1 DAGs
[2025-04-09T17:26:37.933+0000] {logging_mixin.py:150} INFO - [2025-04-09T17:26:37.933+0000] {dag.py:3504} INFO - Setting next_dagrun for two_task_dag to None, run_after=None
[2025-04-09T17:26:37.947+0000] {processor.py:179} INFO - Processing /workspaces/hands-on-introduction-data-engineering-4395021/airflow/dags/two_task_dag.py took 0.056 seconds
[2025-04-09T17:27:08.087+0000] {processor.py:157} INFO - Started process (PID=16506) to work on /workspaces/hands-on-introduction-data-engineering-4395021/airflow/dags/two_task_dag.py
[2025-04-09T17:27:08.088+0000] {processor.py:826} INFO - Processing file /workspaces/hands-on-introduction-data-engineering-4395021/airflow/dags/two_task_dag.py for tasks to queue
[2025-04-09T17:27:08.089+0000] {logging_mixin.py:150} INFO - [2025-04-09T17:27:08.089+0000] {dagbag.py:541} INFO - Filling up the DagBag from /workspaces/hands-on-introduction-data-engineering-4395021/airflow/dags/two_task_dag.py
[2025-04-09T17:27:08.096+0000] {processor.py:836} INFO - DAG(s) dict_keys(['two_task_dag']) retrieved from /workspaces/hands-on-introduction-data-engineering-4395021/airflow/dags/two_task_dag.py
[2025-04-09T17:27:08.114+0000] {logging_mixin.py:150} INFO - [2025-04-09T17:27:08.114+0000] {dag.py:2742} INFO - Sync 1 DAGs
[2025-04-09T17:27:08.128+0000] {logging_mixin.py:150} INFO - [2025-04-09T17:27:08.128+0000] {dag.py:3504} INFO - Setting next_dagrun for two_task_dag to None, run_after=None
[2025-04-09T17:27:08.142+0000] {processor.py:179} INFO - Processing /workspaces/hands-on-introduction-data-engineering-4395021/airflow/dags/two_task_dag.py took 0.057 seconds
[2025-04-09T17:27:38.266+0000] {processor.py:157} INFO - Started process (PID=16673) to work on /workspaces/hands-on-introduction-data-engineering-4395021/airflow/dags/two_task_dag.py
[2025-04-09T17:27:38.267+0000] {processor.py:826} INFO - Processing file /workspaces/hands-on-introduction-data-engineering-4395021/airflow/dags/two_task_dag.py for tasks to queue
[2025-04-09T17:27:38.268+0000] {logging_mixin.py:150} INFO - [2025-04-09T17:27:38.267+0000] {dagbag.py:541} INFO - Filling up the DagBag from /workspaces/hands-on-introduction-data-engineering-4395021/airflow/dags/two_task_dag.py
[2025-04-09T17:27:38.275+0000] {processor.py:836} INFO - DAG(s) dict_keys(['two_task_dag']) retrieved from /workspaces/hands-on-introduction-data-engineering-4395021/airflow/dags/two_task_dag.py
[2025-04-09T17:27:38.293+0000] {logging_mixin.py:150} INFO - [2025-04-09T17:27:38.293+0000] {dag.py:2742} INFO - Sync 1 DAGs
[2025-04-09T17:27:38.306+0000] {logging_mixin.py:150} INFO - [2025-04-09T17:27:38.306+0000] {dag.py:3504} INFO - Setting next_dagrun for two_task_dag to None, run_after=None
[2025-04-09T17:27:38.319+0000] {processor.py:179} INFO - Processing /workspaces/hands-on-introduction-data-engineering-4395021/airflow/dags/two_task_dag.py took 0.056 seconds
[2025-04-09T17:28:08.461+0000] {processor.py:157} INFO - Started process (PID=16892) to work on /workspaces/hands-on-introduction-data-engineering-4395021/airflow/dags/two_task_dag.py
[2025-04-09T17:28:08.462+0000] {processor.py:826} INFO - Processing file /workspaces/hands-on-introduction-data-engineering-4395021/airflow/dags/two_task_dag.py for tasks to queue
[2025-04-09T17:28:08.463+0000] {logging_mixin.py:150} INFO - [2025-04-09T17:28:08.463+0000] {dagbag.py:541} INFO - Filling up the DagBag from /workspaces/hands-on-introduction-data-engineering-4395021/airflow/dags/two_task_dag.py
[2025-04-09T17:28:08.470+0000] {processor.py:836} INFO - DAG(s) dict_keys(['two_task_dag']) retrieved from /workspaces/hands-on-introduction-data-engineering-4395021/airflow/dags/two_task_dag.py
[2025-04-09T17:28:08.488+0000] {logging_mixin.py:150} INFO - [2025-04-09T17:28:08.488+0000] {dag.py:2742} INFO - Sync 1 DAGs
[2025-04-09T17:28:08.501+0000] {logging_mixin.py:150} INFO - [2025-04-09T17:28:08.501+0000] {dag.py:3504} INFO - Setting next_dagrun for two_task_dag to None, run_after=None
[2025-04-09T17:28:08.514+0000] {processor.py:179} INFO - Processing /workspaces/hands-on-introduction-data-engineering-4395021/airflow/dags/two_task_dag.py took 0.055 seconds
[2025-04-09T17:28:38.651+0000] {processor.py:157} INFO - Started process (PID=17274) to work on /workspaces/hands-on-introduction-data-engineering-4395021/airflow/dags/two_task_dag.py
[2025-04-09T17:28:38.651+0000] {processor.py:826} INFO - Processing file /workspaces/hands-on-introduction-data-engineering-4395021/airflow/dags/two_task_dag.py for tasks to queue
[2025-04-09T17:28:38.652+0000] {logging_mixin.py:150} INFO - [2025-04-09T17:28:38.652+0000] {dagbag.py:541} INFO - Filling up the DagBag from /workspaces/hands-on-introduction-data-engineering-4395021/airflow/dags/two_task_dag.py
[2025-04-09T17:28:38.660+0000] {processor.py:836} INFO - DAG(s) dict_keys(['two_task_dag']) retrieved from /workspaces/hands-on-introduction-data-engineering-4395021/airflow/dags/two_task_dag.py
[2025-04-09T17:28:38.677+0000] {logging_mixin.py:150} INFO - [2025-04-09T17:28:38.677+0000] {dag.py:2742} INFO - Sync 1 DAGs
[2025-04-09T17:28:38.690+0000] {logging_mixin.py:150} INFO - [2025-04-09T17:28:38.690+0000] {dag.py:3504} INFO - Setting next_dagrun for two_task_dag to None, run_after=None
[2025-04-09T17:28:38.703+0000] {processor.py:179} INFO - Processing /workspaces/hands-on-introduction-data-engineering-4395021/airflow/dags/two_task_dag.py took 0.055 seconds
[2025-04-09T17:29:08.848+0000] {processor.py:157} INFO - Started process (PID=17632) to work on /workspaces/hands-on-introduction-data-engineering-4395021/airflow/dags/two_task_dag.py
[2025-04-09T17:29:08.849+0000] {processor.py:826} INFO - Processing file /workspaces/hands-on-introduction-data-engineering-4395021/airflow/dags/two_task_dag.py for tasks to queue
[2025-04-09T17:29:08.850+0000] {logging_mixin.py:150} INFO - [2025-04-09T17:29:08.849+0000] {dagbag.py:541} INFO - Filling up the DagBag from /workspaces/hands-on-introduction-data-engineering-4395021/airflow/dags/two_task_dag.py
[2025-04-09T17:29:08.857+0000] {processor.py:836} INFO - DAG(s) dict_keys(['two_task_dag']) retrieved from /workspaces/hands-on-introduction-data-engineering-4395021/airflow/dags/two_task_dag.py
[2025-04-09T17:29:08.875+0000] {logging_mixin.py:150} INFO - [2025-04-09T17:29:08.875+0000] {dag.py:2742} INFO - Sync 1 DAGs
[2025-04-09T17:29:08.888+0000] {logging_mixin.py:150} INFO - [2025-04-09T17:29:08.888+0000] {dag.py:3504} INFO - Setting next_dagrun for two_task_dag to None, run_after=None
[2025-04-09T17:29:08.903+0000] {processor.py:179} INFO - Processing /workspaces/hands-on-introduction-data-engineering-4395021/airflow/dags/two_task_dag.py took 0.058 seconds
[2025-04-09T17:29:39.162+0000] {processor.py:157} INFO - Started process (PID=17857) to work on /workspaces/hands-on-introduction-data-engineering-4395021/airflow/dags/two_task_dag.py
[2025-04-09T17:29:39.164+0000] {processor.py:826} INFO - Processing file /workspaces/hands-on-introduction-data-engineering-4395021/airflow/dags/two_task_dag.py for tasks to queue
[2025-04-09T17:29:39.166+0000] {logging_mixin.py:150} INFO - [2025-04-09T17:29:39.165+0000] {dagbag.py:541} INFO - Filling up the DagBag from /workspaces/hands-on-introduction-data-engineering-4395021/airflow/dags/two_task_dag.py
[2025-04-09T17:29:39.181+0000] {processor.py:836} INFO - DAG(s) dict_keys(['two_task_dag']) retrieved from /workspaces/hands-on-introduction-data-engineering-4395021/airflow/dags/two_task_dag.py
[2025-04-09T17:29:39.221+0000] {logging_mixin.py:150} INFO - [2025-04-09T17:29:39.221+0000] {dag.py:2742} INFO - Sync 1 DAGs
[2025-04-09T17:29:39.249+0000] {logging_mixin.py:150} INFO - [2025-04-09T17:29:39.248+0000] {dag.py:3504} INFO - Setting next_dagrun for two_task_dag to None, run_after=None
[2025-04-09T17:29:39.276+0000] {processor.py:179} INFO - Processing /workspaces/hands-on-introduction-data-engineering-4395021/airflow/dags/two_task_dag.py took 0.119 seconds
[2025-04-09T17:30:10.102+0000] {processor.py:157} INFO - Started process (PID=18029) to work on /workspaces/hands-on-introduction-data-engineering-4395021/airflow/dags/two_task_dag.py
[2025-04-09T17:30:10.103+0000] {processor.py:826} INFO - Processing file /workspaces/hands-on-introduction-data-engineering-4395021/airflow/dags/two_task_dag.py for tasks to queue
[2025-04-09T17:30:10.104+0000] {logging_mixin.py:150} INFO - [2025-04-09T17:30:10.103+0000] {dagbag.py:541} INFO - Filling up the DagBag from /workspaces/hands-on-introduction-data-engineering-4395021/airflow/dags/two_task_dag.py
[2025-04-09T17:30:10.111+0000] {processor.py:836} INFO - DAG(s) dict_keys(['two_task_dag']) retrieved from /workspaces/hands-on-introduction-data-engineering-4395021/airflow/dags/two_task_dag.py
[2025-04-09T17:30:10.128+0000] {logging_mixin.py:150} INFO - [2025-04-09T17:30:10.128+0000] {dag.py:2742} INFO - Sync 1 DAGs
[2025-04-09T17:30:10.143+0000] {logging_mixin.py:150} INFO - [2025-04-09T17:30:10.143+0000] {dag.py:3504} INFO - Setting next_dagrun for two_task_dag to None, run_after=None
[2025-04-09T17:30:10.156+0000] {processor.py:179} INFO - Processing /workspaces/hands-on-introduction-data-engineering-4395021/airflow/dags/two_task_dag.py took 0.056 seconds
[2025-04-09T17:30:40.398+0000] {processor.py:157} INFO - Started process (PID=18219) to work on /workspaces/hands-on-introduction-data-engineering-4395021/airflow/dags/two_task_dag.py
[2025-04-09T17:30:40.399+0000] {processor.py:826} INFO - Processing file /workspaces/hands-on-introduction-data-engineering-4395021/airflow/dags/two_task_dag.py for tasks to queue
[2025-04-09T17:30:40.399+0000] {logging_mixin.py:150} INFO - [2025-04-09T17:30:40.399+0000] {dagbag.py:541} INFO - Filling up the DagBag from /workspaces/hands-on-introduction-data-engineering-4395021/airflow/dags/two_task_dag.py
[2025-04-09T17:30:40.407+0000] {processor.py:836} INFO - DAG(s) dict_keys(['two_task_dag']) retrieved from /workspaces/hands-on-introduction-data-engineering-4395021/airflow/dags/two_task_dag.py
[2025-04-09T17:30:40.424+0000] {logging_mixin.py:150} INFO - [2025-04-09T17:30:40.424+0000] {dag.py:2742} INFO - Sync 1 DAGs
[2025-04-09T17:30:40.437+0000] {logging_mixin.py:150} INFO - [2025-04-09T17:30:40.437+0000] {dag.py:3504} INFO - Setting next_dagrun for two_task_dag to None, run_after=None
[2025-04-09T17:30:40.450+0000] {processor.py:179} INFO - Processing /workspaces/hands-on-introduction-data-engineering-4395021/airflow/dags/two_task_dag.py took 0.055 seconds
[2025-04-09T17:31:10.589+0000] {processor.py:157} INFO - Started process (PID=18416) to work on /workspaces/hands-on-introduction-data-engineering-4395021/airflow/dags/two_task_dag.py
[2025-04-09T17:31:10.589+0000] {processor.py:826} INFO - Processing file /workspaces/hands-on-introduction-data-engineering-4395021/airflow/dags/two_task_dag.py for tasks to queue
[2025-04-09T17:31:10.590+0000] {logging_mixin.py:150} INFO - [2025-04-09T17:31:10.590+0000] {dagbag.py:541} INFO - Filling up the DagBag from /workspaces/hands-on-introduction-data-engineering-4395021/airflow/dags/two_task_dag.py
[2025-04-09T17:31:10.597+0000] {processor.py:836} INFO - DAG(s) dict_keys(['two_task_dag']) retrieved from /workspaces/hands-on-introduction-data-engineering-4395021/airflow/dags/two_task_dag.py
[2025-04-09T17:31:10.621+0000] {logging_mixin.py:150} INFO - [2025-04-09T17:31:10.621+0000] {dag.py:2742} INFO - Sync 1 DAGs
[2025-04-09T17:31:10.643+0000] {logging_mixin.py:150} INFO - [2025-04-09T17:31:10.643+0000] {dag.py:3504} INFO - Setting next_dagrun for two_task_dag to None, run_after=None
[2025-04-09T17:31:10.661+0000] {processor.py:179} INFO - Processing /workspaces/hands-on-introduction-data-engineering-4395021/airflow/dags/two_task_dag.py took 0.075 seconds
[2025-04-09T17:31:40.778+0000] {processor.py:157} INFO - Started process (PID=18621) to work on /workspaces/hands-on-introduction-data-engineering-4395021/airflow/dags/two_task_dag.py
[2025-04-09T17:31:40.779+0000] {processor.py:826} INFO - Processing file /workspaces/hands-on-introduction-data-engineering-4395021/airflow/dags/two_task_dag.py for tasks to queue
[2025-04-09T17:31:40.780+0000] {logging_mixin.py:150} INFO - [2025-04-09T17:31:40.780+0000] {dagbag.py:541} INFO - Filling up the DagBag from /workspaces/hands-on-introduction-data-engineering-4395021/airflow/dags/two_task_dag.py
[2025-04-09T17:31:40.787+0000] {processor.py:836} INFO - DAG(s) dict_keys(['two_task_dag']) retrieved from /workspaces/hands-on-introduction-data-engineering-4395021/airflow/dags/two_task_dag.py
[2025-04-09T17:31:40.805+0000] {logging_mixin.py:150} INFO - [2025-04-09T17:31:40.804+0000] {dag.py:2742} INFO - Sync 1 DAGs
[2025-04-09T17:31:40.817+0000] {logging_mixin.py:150} INFO - [2025-04-09T17:31:40.817+0000] {dag.py:3504} INFO - Setting next_dagrun for two_task_dag to None, run_after=None
[2025-04-09T17:31:40.831+0000] {processor.py:179} INFO - Processing /workspaces/hands-on-introduction-data-engineering-4395021/airflow/dags/two_task_dag.py took 0.055 seconds
[2025-04-09T17:32:10.967+0000] {processor.py:157} INFO - Started process (PID=18797) to work on /workspaces/hands-on-introduction-data-engineering-4395021/airflow/dags/two_task_dag.py
[2025-04-09T17:32:10.968+0000] {processor.py:826} INFO - Processing file /workspaces/hands-on-introduction-data-engineering-4395021/airflow/dags/two_task_dag.py for tasks to queue
[2025-04-09T17:32:10.969+0000] {logging_mixin.py:150} INFO - [2025-04-09T17:32:10.968+0000] {dagbag.py:541} INFO - Filling up the DagBag from /workspaces/hands-on-introduction-data-engineering-4395021/airflow/dags/two_task_dag.py
[2025-04-09T17:32:10.978+0000] {processor.py:836} INFO - DAG(s) dict_keys(['two_task_dag']) retrieved from /workspaces/hands-on-introduction-data-engineering-4395021/airflow/dags/two_task_dag.py
[2025-04-09T17:32:11.003+0000] {logging_mixin.py:150} INFO - [2025-04-09T17:32:11.003+0000] {dag.py:2742} INFO - Sync 1 DAGs
[2025-04-09T17:32:11.022+0000] {logging_mixin.py:150} INFO - [2025-04-09T17:32:11.022+0000] {dag.py:3504} INFO - Setting next_dagrun for two_task_dag to None, run_after=None
[2025-04-09T17:32:11.048+0000] {processor.py:179} INFO - Processing /workspaces/hands-on-introduction-data-engineering-4395021/airflow/dags/two_task_dag.py took 0.085 seconds
[2025-04-09T17:32:41.135+0000] {processor.py:157} INFO - Started process (PID=18973) to work on /workspaces/hands-on-introduction-data-engineering-4395021/airflow/dags/two_task_dag.py
[2025-04-09T17:32:41.136+0000] {processor.py:826} INFO - Processing file /workspaces/hands-on-introduction-data-engineering-4395021/airflow/dags/two_task_dag.py for tasks to queue
[2025-04-09T17:32:41.137+0000] {logging_mixin.py:150} INFO - [2025-04-09T17:32:41.137+0000] {dagbag.py:541} INFO - Filling up the DagBag from /workspaces/hands-on-introduction-data-engineering-4395021/airflow/dags/two_task_dag.py
[2025-04-09T17:32:41.145+0000] {processor.py:836} INFO - DAG(s) dict_keys(['two_task_dag']) retrieved from /workspaces/hands-on-introduction-data-engineering-4395021/airflow/dags/two_task_dag.py
[2025-04-09T17:32:41.163+0000] {logging_mixin.py:150} INFO - [2025-04-09T17:32:41.162+0000] {dag.py:2742} INFO - Sync 1 DAGs
[2025-04-09T17:32:41.176+0000] {logging_mixin.py:150} INFO - [2025-04-09T17:32:41.176+0000] {dag.py:3504} INFO - Setting next_dagrun for two_task_dag to None, run_after=None
[2025-04-09T17:32:41.189+0000] {processor.py:179} INFO - Processing /workspaces/hands-on-introduction-data-engineering-4395021/airflow/dags/two_task_dag.py took 0.056 seconds
[2025-04-09T17:33:11.294+0000] {processor.py:157} INFO - Started process (PID=19158) to work on /workspaces/hands-on-introduction-data-engineering-4395021/airflow/dags/two_task_dag.py
[2025-04-09T17:33:11.294+0000] {processor.py:826} INFO - Processing file /workspaces/hands-on-introduction-data-engineering-4395021/airflow/dags/two_task_dag.py for tasks to queue
[2025-04-09T17:33:11.295+0000] {logging_mixin.py:150} INFO - [2025-04-09T17:33:11.295+0000] {dagbag.py:541} INFO - Filling up the DagBag from /workspaces/hands-on-introduction-data-engineering-4395021/airflow/dags/two_task_dag.py
[2025-04-09T17:33:11.302+0000] {processor.py:836} INFO - DAG(s) dict_keys(['two_task_dag']) retrieved from /workspaces/hands-on-introduction-data-engineering-4395021/airflow/dags/two_task_dag.py
[2025-04-09T17:33:11.320+0000] {logging_mixin.py:150} INFO - [2025-04-09T17:33:11.320+0000] {dag.py:2742} INFO - Sync 1 DAGs
[2025-04-09T17:33:11.333+0000] {logging_mixin.py:150} INFO - [2025-04-09T17:33:11.333+0000] {dag.py:3504} INFO - Setting next_dagrun for two_task_dag to None, run_after=None
[2025-04-09T17:33:11.347+0000] {processor.py:179} INFO - Processing /workspaces/hands-on-introduction-data-engineering-4395021/airflow/dags/two_task_dag.py took 0.056 seconds
[2025-04-09T17:33:41.453+0000] {processor.py:157} INFO - Started process (PID=19340) to work on /workspaces/hands-on-introduction-data-engineering-4395021/airflow/dags/two_task_dag.py
[2025-04-09T17:33:41.453+0000] {processor.py:826} INFO - Processing file /workspaces/hands-on-introduction-data-engineering-4395021/airflow/dags/two_task_dag.py for tasks to queue
[2025-04-09T17:33:41.454+0000] {logging_mixin.py:150} INFO - [2025-04-09T17:33:41.454+0000] {dagbag.py:541} INFO - Filling up the DagBag from /workspaces/hands-on-introduction-data-engineering-4395021/airflow/dags/two_task_dag.py
[2025-04-09T17:33:41.461+0000] {processor.py:836} INFO - DAG(s) dict_keys(['two_task_dag']) retrieved from /workspaces/hands-on-introduction-data-engineering-4395021/airflow/dags/two_task_dag.py
[2025-04-09T17:33:41.478+0000] {logging_mixin.py:150} INFO - [2025-04-09T17:33:41.478+0000] {dag.py:2742} INFO - Sync 1 DAGs
[2025-04-09T17:33:41.492+0000] {logging_mixin.py:150} INFO - [2025-04-09T17:33:41.492+0000] {dag.py:3504} INFO - Setting next_dagrun for two_task_dag to None, run_after=None
[2025-04-09T17:33:41.505+0000] {processor.py:179} INFO - Processing /workspaces/hands-on-introduction-data-engineering-4395021/airflow/dags/two_task_dag.py took 0.056 seconds
[2025-04-09T17:34:11.611+0000] {processor.py:157} INFO - Started process (PID=19537) to work on /workspaces/hands-on-introduction-data-engineering-4395021/airflow/dags/two_task_dag.py
[2025-04-09T17:34:11.612+0000] {processor.py:826} INFO - Processing file /workspaces/hands-on-introduction-data-engineering-4395021/airflow/dags/two_task_dag.py for tasks to queue
[2025-04-09T17:34:11.613+0000] {logging_mixin.py:150} INFO - [2025-04-09T17:34:11.613+0000] {dagbag.py:541} INFO - Filling up the DagBag from /workspaces/hands-on-introduction-data-engineering-4395021/airflow/dags/two_task_dag.py
[2025-04-09T17:34:11.620+0000] {processor.py:836} INFO - DAG(s) dict_keys(['two_task_dag']) retrieved from /workspaces/hands-on-introduction-data-engineering-4395021/airflow/dags/two_task_dag.py
[2025-04-09T17:34:11.638+0000] {logging_mixin.py:150} INFO - [2025-04-09T17:34:11.638+0000] {dag.py:2742} INFO - Sync 1 DAGs
[2025-04-09T17:34:11.652+0000] {logging_mixin.py:150} INFO - [2025-04-09T17:34:11.652+0000] {dag.py:3504} INFO - Setting next_dagrun for two_task_dag to None, run_after=None
[2025-04-09T17:34:11.666+0000] {processor.py:179} INFO - Processing /workspaces/hands-on-introduction-data-engineering-4395021/airflow/dags/two_task_dag.py took 0.057 seconds
[2025-04-09T17:34:41.769+0000] {processor.py:157} INFO - Started process (PID=19726) to work on /workspaces/hands-on-introduction-data-engineering-4395021/airflow/dags/two_task_dag.py
[2025-04-09T17:34:41.770+0000] {processor.py:826} INFO - Processing file /workspaces/hands-on-introduction-data-engineering-4395021/airflow/dags/two_task_dag.py for tasks to queue
[2025-04-09T17:34:41.770+0000] {logging_mixin.py:150} INFO - [2025-04-09T17:34:41.770+0000] {dagbag.py:541} INFO - Filling up the DagBag from /workspaces/hands-on-introduction-data-engineering-4395021/airflow/dags/two_task_dag.py
[2025-04-09T17:34:41.778+0000] {processor.py:836} INFO - DAG(s) dict_keys(['two_task_dag']) retrieved from /workspaces/hands-on-introduction-data-engineering-4395021/airflow/dags/two_task_dag.py
[2025-04-09T17:34:41.795+0000] {logging_mixin.py:150} INFO - [2025-04-09T17:34:41.795+0000] {dag.py:2742} INFO - Sync 1 DAGs
[2025-04-09T17:34:41.809+0000] {logging_mixin.py:150} INFO - [2025-04-09T17:34:41.809+0000] {dag.py:3504} INFO - Setting next_dagrun for two_task_dag to None, run_after=None
[2025-04-09T17:34:41.822+0000] {processor.py:179} INFO - Processing /workspaces/hands-on-introduction-data-engineering-4395021/airflow/dags/two_task_dag.py took 0.056 seconds
[2025-04-09T17:35:11.927+0000] {processor.py:157} INFO - Started process (PID=19947) to work on /workspaces/hands-on-introduction-data-engineering-4395021/airflow/dags/two_task_dag.py
[2025-04-09T17:35:11.928+0000] {processor.py:826} INFO - Processing file /workspaces/hands-on-introduction-data-engineering-4395021/airflow/dags/two_task_dag.py for tasks to queue
[2025-04-09T17:35:11.929+0000] {logging_mixin.py:150} INFO - [2025-04-09T17:35:11.928+0000] {dagbag.py:541} INFO - Filling up the DagBag from /workspaces/hands-on-introduction-data-engineering-4395021/airflow/dags/two_task_dag.py
[2025-04-09T17:35:11.936+0000] {processor.py:836} INFO - DAG(s) dict_keys(['two_task_dag']) retrieved from /workspaces/hands-on-introduction-data-engineering-4395021/airflow/dags/two_task_dag.py
[2025-04-09T17:35:11.953+0000] {logging_mixin.py:150} INFO - [2025-04-09T17:35:11.953+0000] {dag.py:2742} INFO - Sync 1 DAGs
[2025-04-09T17:35:11.967+0000] {logging_mixin.py:150} INFO - [2025-04-09T17:35:11.966+0000] {dag.py:3504} INFO - Setting next_dagrun for two_task_dag to None, run_after=None
[2025-04-09T17:35:11.980+0000] {processor.py:179} INFO - Processing /workspaces/hands-on-introduction-data-engineering-4395021/airflow/dags/two_task_dag.py took 0.055 seconds
[2025-04-09T17:35:42.084+0000] {processor.py:157} INFO - Started process (PID=20136) to work on /workspaces/hands-on-introduction-data-engineering-4395021/airflow/dags/two_task_dag.py
[2025-04-09T17:35:42.085+0000] {processor.py:826} INFO - Processing file /workspaces/hands-on-introduction-data-engineering-4395021/airflow/dags/two_task_dag.py for tasks to queue
[2025-04-09T17:35:42.086+0000] {logging_mixin.py:150} INFO - [2025-04-09T17:35:42.086+0000] {dagbag.py:541} INFO - Filling up the DagBag from /workspaces/hands-on-introduction-data-engineering-4395021/airflow/dags/two_task_dag.py
[2025-04-09T17:35:42.093+0000] {processor.py:836} INFO - DAG(s) dict_keys(['two_task_dag']) retrieved from /workspaces/hands-on-introduction-data-engineering-4395021/airflow/dags/two_task_dag.py
[2025-04-09T17:35:42.111+0000] {logging_mixin.py:150} INFO - [2025-04-09T17:35:42.111+0000] {dag.py:2742} INFO - Sync 1 DAGs
[2025-04-09T17:35:42.124+0000] {logging_mixin.py:150} INFO - [2025-04-09T17:35:42.124+0000] {dag.py:3504} INFO - Setting next_dagrun for two_task_dag to None, run_after=None
[2025-04-09T17:35:42.138+0000] {processor.py:179} INFO - Processing /workspaces/hands-on-introduction-data-engineering-4395021/airflow/dags/two_task_dag.py took 0.056 seconds
[2025-04-09T17:36:12.241+0000] {processor.py:157} INFO - Started process (PID=20329) to work on /workspaces/hands-on-introduction-data-engineering-4395021/airflow/dags/two_task_dag.py
[2025-04-09T17:36:12.242+0000] {processor.py:826} INFO - Processing file /workspaces/hands-on-introduction-data-engineering-4395021/airflow/dags/two_task_dag.py for tasks to queue
[2025-04-09T17:36:12.243+0000] {logging_mixin.py:150} INFO - [2025-04-09T17:36:12.243+0000] {dagbag.py:541} INFO - Filling up the DagBag from /workspaces/hands-on-introduction-data-engineering-4395021/airflow/dags/two_task_dag.py
[2025-04-09T17:36:12.250+0000] {processor.py:836} INFO - DAG(s) dict_keys(['two_task_dag']) retrieved from /workspaces/hands-on-introduction-data-engineering-4395021/airflow/dags/two_task_dag.py
[2025-04-09T17:36:12.267+0000] {logging_mixin.py:150} INFO - [2025-04-09T17:36:12.267+0000] {dag.py:2742} INFO - Sync 1 DAGs
[2025-04-09T17:36:12.280+0000] {logging_mixin.py:150} INFO - [2025-04-09T17:36:12.280+0000] {dag.py:3504} INFO - Setting next_dagrun for two_task_dag to None, run_after=None
[2025-04-09T17:36:12.294+0000] {processor.py:179} INFO - Processing /workspaces/hands-on-introduction-data-engineering-4395021/airflow/dags/two_task_dag.py took 0.055 seconds
[2025-04-09T17:36:42.399+0000] {processor.py:157} INFO - Started process (PID=20521) to work on /workspaces/hands-on-introduction-data-engineering-4395021/airflow/dags/two_task_dag.py
[2025-04-09T17:36:42.400+0000] {processor.py:826} INFO - Processing file /workspaces/hands-on-introduction-data-engineering-4395021/airflow/dags/two_task_dag.py for tasks to queue
[2025-04-09T17:36:42.400+0000] {logging_mixin.py:150} INFO - [2025-04-09T17:36:42.400+0000] {dagbag.py:541} INFO - Filling up the DagBag from /workspaces/hands-on-introduction-data-engineering-4395021/airflow/dags/two_task_dag.py
[2025-04-09T17:36:42.408+0000] {processor.py:836} INFO - DAG(s) dict_keys(['two_task_dag']) retrieved from /workspaces/hands-on-introduction-data-engineering-4395021/airflow/dags/two_task_dag.py
[2025-04-09T17:36:42.425+0000] {logging_mixin.py:150} INFO - [2025-04-09T17:36:42.425+0000] {dag.py:2742} INFO - Sync 1 DAGs
[2025-04-09T17:36:42.439+0000] {logging_mixin.py:150} INFO - [2025-04-09T17:36:42.438+0000] {dag.py:3504} INFO - Setting next_dagrun for two_task_dag to None, run_after=None
[2025-04-09T17:36:42.452+0000] {processor.py:179} INFO - Processing /workspaces/hands-on-introduction-data-engineering-4395021/airflow/dags/two_task_dag.py took 0.056 seconds
[2025-04-09T17:37:13.427+0000] {processor.py:157} INFO - Started process (PID=20707) to work on /workspaces/hands-on-introduction-data-engineering-4395021/airflow/dags/two_task_dag.py
[2025-04-09T17:37:13.428+0000] {processor.py:826} INFO - Processing file /workspaces/hands-on-introduction-data-engineering-4395021/airflow/dags/two_task_dag.py for tasks to queue
[2025-04-09T17:37:13.429+0000] {logging_mixin.py:150} INFO - [2025-04-09T17:37:13.429+0000] {dagbag.py:541} INFO - Filling up the DagBag from /workspaces/hands-on-introduction-data-engineering-4395021/airflow/dags/two_task_dag.py
[2025-04-09T17:37:13.437+0000] {processor.py:836} INFO - DAG(s) dict_keys(['two_task_dag']) retrieved from /workspaces/hands-on-introduction-data-engineering-4395021/airflow/dags/two_task_dag.py
[2025-04-09T17:37:13.458+0000] {logging_mixin.py:150} INFO - [2025-04-09T17:37:13.458+0000] {dag.py:2742} INFO - Sync 1 DAGs
[2025-04-09T17:37:13.471+0000] {logging_mixin.py:150} INFO - [2025-04-09T17:37:13.471+0000] {dag.py:3504} INFO - Setting next_dagrun for two_task_dag to None, run_after=None
[2025-04-09T17:37:13.485+0000] {processor.py:179} INFO - Processing /workspaces/hands-on-introduction-data-engineering-4395021/airflow/dags/two_task_dag.py took 0.061 seconds
[2025-04-09T17:37:43.587+0000] {processor.py:157} INFO - Started process (PID=20879) to work on /workspaces/hands-on-introduction-data-engineering-4395021/airflow/dags/two_task_dag.py
[2025-04-09T17:37:43.588+0000] {processor.py:826} INFO - Processing file /workspaces/hands-on-introduction-data-engineering-4395021/airflow/dags/two_task_dag.py for tasks to queue
[2025-04-09T17:37:43.588+0000] {logging_mixin.py:150} INFO - [2025-04-09T17:37:43.588+0000] {dagbag.py:541} INFO - Filling up the DagBag from /workspaces/hands-on-introduction-data-engineering-4395021/airflow/dags/two_task_dag.py
[2025-04-09T17:37:43.596+0000] {processor.py:836} INFO - DAG(s) dict_keys(['two_task_dag']) retrieved from /workspaces/hands-on-introduction-data-engineering-4395021/airflow/dags/two_task_dag.py
[2025-04-09T17:37:43.613+0000] {logging_mixin.py:150} INFO - [2025-04-09T17:37:43.613+0000] {dag.py:2742} INFO - Sync 1 DAGs
[2025-04-09T17:37:43.627+0000] {logging_mixin.py:150} INFO - [2025-04-09T17:37:43.627+0000] {dag.py:3504} INFO - Setting next_dagrun for two_task_dag to None, run_after=None
[2025-04-09T17:37:43.643+0000] {processor.py:179} INFO - Processing /workspaces/hands-on-introduction-data-engineering-4395021/airflow/dags/two_task_dag.py took 0.059 seconds
[2025-04-09T17:38:13.876+0000] {processor.py:157} INFO - Started process (PID=21056) to work on /workspaces/hands-on-introduction-data-engineering-4395021/airflow/dags/two_task_dag.py
[2025-04-09T17:38:13.876+0000] {processor.py:826} INFO - Processing file /workspaces/hands-on-introduction-data-engineering-4395021/airflow/dags/two_task_dag.py for tasks to queue
[2025-04-09T17:38:13.877+0000] {logging_mixin.py:150} INFO - [2025-04-09T17:38:13.877+0000] {dagbag.py:541} INFO - Filling up the DagBag from /workspaces/hands-on-introduction-data-engineering-4395021/airflow/dags/two_task_dag.py
[2025-04-09T17:38:13.884+0000] {processor.py:836} INFO - DAG(s) dict_keys(['two_task_dag']) retrieved from /workspaces/hands-on-introduction-data-engineering-4395021/airflow/dags/two_task_dag.py
[2025-04-09T17:38:13.902+0000] {logging_mixin.py:150} INFO - [2025-04-09T17:38:13.902+0000] {dag.py:2742} INFO - Sync 1 DAGs
[2025-04-09T17:38:13.916+0000] {logging_mixin.py:150} INFO - [2025-04-09T17:38:13.916+0000] {dag.py:3504} INFO - Setting next_dagrun for two_task_dag to None, run_after=None
[2025-04-09T17:38:13.929+0000] {processor.py:179} INFO - Processing /workspaces/hands-on-introduction-data-engineering-4395021/airflow/dags/two_task_dag.py took 0.056 seconds
[2025-04-09T17:38:44.168+0000] {processor.py:157} INFO - Started process (PID=21227) to work on /workspaces/hands-on-introduction-data-engineering-4395021/airflow/dags/two_task_dag.py
[2025-04-09T17:38:44.168+0000] {processor.py:826} INFO - Processing file /workspaces/hands-on-introduction-data-engineering-4395021/airflow/dags/two_task_dag.py for tasks to queue
[2025-04-09T17:38:44.169+0000] {logging_mixin.py:150} INFO - [2025-04-09T17:38:44.169+0000] {dagbag.py:541} INFO - Filling up the DagBag from /workspaces/hands-on-introduction-data-engineering-4395021/airflow/dags/two_task_dag.py
[2025-04-09T17:38:44.177+0000] {processor.py:836} INFO - DAG(s) dict_keys(['two_task_dag']) retrieved from /workspaces/hands-on-introduction-data-engineering-4395021/airflow/dags/two_task_dag.py
[2025-04-09T17:38:44.194+0000] {logging_mixin.py:150} INFO - [2025-04-09T17:38:44.194+0000] {dag.py:2742} INFO - Sync 1 DAGs
[2025-04-09T17:38:44.208+0000] {logging_mixin.py:150} INFO - [2025-04-09T17:38:44.208+0000] {dag.py:3504} INFO - Setting next_dagrun for two_task_dag to None, run_after=None
[2025-04-09T17:38:44.221+0000] {processor.py:179} INFO - Processing /workspaces/hands-on-introduction-data-engineering-4395021/airflow/dags/two_task_dag.py took 0.057 seconds
[2025-04-09T17:39:14.472+0000] {processor.py:157} INFO - Started process (PID=21408) to work on /workspaces/hands-on-introduction-data-engineering-4395021/airflow/dags/two_task_dag.py
[2025-04-09T17:39:14.473+0000] {processor.py:826} INFO - Processing file /workspaces/hands-on-introduction-data-engineering-4395021/airflow/dags/two_task_dag.py for tasks to queue
[2025-04-09T17:39:14.473+0000] {logging_mixin.py:150} INFO - [2025-04-09T17:39:14.473+0000] {dagbag.py:541} INFO - Filling up the DagBag from /workspaces/hands-on-introduction-data-engineering-4395021/airflow/dags/two_task_dag.py
[2025-04-09T17:39:14.481+0000] {processor.py:836} INFO - DAG(s) dict_keys(['two_task_dag']) retrieved from /workspaces/hands-on-introduction-data-engineering-4395021/airflow/dags/two_task_dag.py
[2025-04-09T17:39:14.498+0000] {logging_mixin.py:150} INFO - [2025-04-09T17:39:14.498+0000] {dag.py:2742} INFO - Sync 1 DAGs
[2025-04-09T17:39:14.512+0000] {logging_mixin.py:150} INFO - [2025-04-09T17:39:14.512+0000] {dag.py:3504} INFO - Setting next_dagrun for two_task_dag to None, run_after=None
[2025-04-09T17:39:14.525+0000] {processor.py:179} INFO - Processing /workspaces/hands-on-introduction-data-engineering-4395021/airflow/dags/two_task_dag.py took 0.056 seconds
[2025-04-09T17:39:45.174+0000] {processor.py:157} INFO - Started process (PID=21613) to work on /workspaces/hands-on-introduction-data-engineering-4395021/airflow/dags/two_task_dag.py
[2025-04-09T17:39:45.175+0000] {processor.py:826} INFO - Processing file /workspaces/hands-on-introduction-data-engineering-4395021/airflow/dags/two_task_dag.py for tasks to queue
[2025-04-09T17:39:45.175+0000] {logging_mixin.py:150} INFO - [2025-04-09T17:39:45.175+0000] {dagbag.py:541} INFO - Filling up the DagBag from /workspaces/hands-on-introduction-data-engineering-4395021/airflow/dags/two_task_dag.py
[2025-04-09T17:39:45.185+0000] {processor.py:836} INFO - DAG(s) dict_keys(['two_task_dag']) retrieved from /workspaces/hands-on-introduction-data-engineering-4395021/airflow/dags/two_task_dag.py
[2025-04-09T17:39:45.213+0000] {logging_mixin.py:150} INFO - [2025-04-09T17:39:45.212+0000] {dag.py:2742} INFO - Sync 1 DAGs
[2025-04-09T17:39:45.233+0000] {logging_mixin.py:150} INFO - [2025-04-09T17:39:45.232+0000] {dag.py:3504} INFO - Setting next_dagrun for two_task_dag to None, run_after=None
[2025-04-09T17:39:45.253+0000] {processor.py:179} INFO - Processing /workspaces/hands-on-introduction-data-engineering-4395021/airflow/dags/two_task_dag.py took 0.084 seconds
[2025-04-09T17:40:15.330+0000] {processor.py:157} INFO - Started process (PID=21807) to work on /workspaces/hands-on-introduction-data-engineering-4395021/airflow/dags/two_task_dag.py
[2025-04-09T17:40:15.331+0000] {processor.py:826} INFO - Processing file /workspaces/hands-on-introduction-data-engineering-4395021/airflow/dags/two_task_dag.py for tasks to queue
[2025-04-09T17:40:15.331+0000] {logging_mixin.py:150} INFO - [2025-04-09T17:40:15.331+0000] {dagbag.py:541} INFO - Filling up the DagBag from /workspaces/hands-on-introduction-data-engineering-4395021/airflow/dags/two_task_dag.py
[2025-04-09T17:40:15.338+0000] {processor.py:836} INFO - DAG(s) dict_keys(['two_task_dag']) retrieved from /workspaces/hands-on-introduction-data-engineering-4395021/airflow/dags/two_task_dag.py
[2025-04-09T17:40:15.356+0000] {logging_mixin.py:150} INFO - [2025-04-09T17:40:15.356+0000] {dag.py:2742} INFO - Sync 1 DAGs
[2025-04-09T17:40:15.369+0000] {logging_mixin.py:150} INFO - [2025-04-09T17:40:15.369+0000] {dag.py:3504} INFO - Setting next_dagrun for two_task_dag to None, run_after=None
[2025-04-09T17:40:15.382+0000] {processor.py:179} INFO - Processing /workspaces/hands-on-introduction-data-engineering-4395021/airflow/dags/two_task_dag.py took 0.055 seconds
[2025-04-09T17:40:45.488+0000] {processor.py:157} INFO - Started process (PID=22007) to work on /workspaces/hands-on-introduction-data-engineering-4395021/airflow/dags/two_task_dag.py
[2025-04-09T17:40:45.489+0000] {processor.py:826} INFO - Processing file /workspaces/hands-on-introduction-data-engineering-4395021/airflow/dags/two_task_dag.py for tasks to queue
[2025-04-09T17:40:45.490+0000] {logging_mixin.py:150} INFO - [2025-04-09T17:40:45.490+0000] {dagbag.py:541} INFO - Filling up the DagBag from /workspaces/hands-on-introduction-data-engineering-4395021/airflow/dags/two_task_dag.py
[2025-04-09T17:40:45.498+0000] {processor.py:836} INFO - DAG(s) dict_keys(['two_task_dag']) retrieved from /workspaces/hands-on-introduction-data-engineering-4395021/airflow/dags/two_task_dag.py
[2025-04-09T17:40:45.516+0000] {logging_mixin.py:150} INFO - [2025-04-09T17:40:45.516+0000] {dag.py:2742} INFO - Sync 1 DAGs
[2025-04-09T17:40:45.529+0000] {logging_mixin.py:150} INFO - [2025-04-09T17:40:45.529+0000] {dag.py:3504} INFO - Setting next_dagrun for two_task_dag to None, run_after=None
[2025-04-09T17:40:45.543+0000] {processor.py:179} INFO - Processing /workspaces/hands-on-introduction-data-engineering-4395021/airflow/dags/two_task_dag.py took 0.057 seconds
[2025-04-09T17:41:15.646+0000] {processor.py:157} INFO - Started process (PID=22199) to work on /workspaces/hands-on-introduction-data-engineering-4395021/airflow/dags/two_task_dag.py
[2025-04-09T17:41:15.646+0000] {processor.py:826} INFO - Processing file /workspaces/hands-on-introduction-data-engineering-4395021/airflow/dags/two_task_dag.py for tasks to queue
[2025-04-09T17:41:15.647+0000] {logging_mixin.py:150} INFO - [2025-04-09T17:41:15.647+0000] {dagbag.py:541} INFO - Filling up the DagBag from /workspaces/hands-on-introduction-data-engineering-4395021/airflow/dags/two_task_dag.py
[2025-04-09T17:41:15.655+0000] {processor.py:836} INFO - DAG(s) dict_keys(['two_task_dag']) retrieved from /workspaces/hands-on-introduction-data-engineering-4395021/airflow/dags/two_task_dag.py
[2025-04-09T17:41:15.672+0000] {logging_mixin.py:150} INFO - [2025-04-09T17:41:15.672+0000] {dag.py:2742} INFO - Sync 1 DAGs
[2025-04-09T17:41:15.686+0000] {logging_mixin.py:150} INFO - [2025-04-09T17:41:15.686+0000] {dag.py:3504} INFO - Setting next_dagrun for two_task_dag to None, run_after=None
[2025-04-09T17:41:15.699+0000] {processor.py:179} INFO - Processing /workspaces/hands-on-introduction-data-engineering-4395021/airflow/dags/two_task_dag.py took 0.056 seconds
[2025-04-09T17:41:45.805+0000] {processor.py:157} INFO - Started process (PID=22386) to work on /workspaces/hands-on-introduction-data-engineering-4395021/airflow/dags/two_task_dag.py
[2025-04-09T17:41:45.805+0000] {processor.py:826} INFO - Processing file /workspaces/hands-on-introduction-data-engineering-4395021/airflow/dags/two_task_dag.py for tasks to queue
[2025-04-09T17:41:45.806+0000] {logging_mixin.py:150} INFO - [2025-04-09T17:41:45.806+0000] {dagbag.py:541} INFO - Filling up the DagBag from /workspaces/hands-on-introduction-data-engineering-4395021/airflow/dags/two_task_dag.py
[2025-04-09T17:41:45.814+0000] {processor.py:836} INFO - DAG(s) dict_keys(['two_task_dag']) retrieved from /workspaces/hands-on-introduction-data-engineering-4395021/airflow/dags/two_task_dag.py
[2025-04-09T17:41:45.831+0000] {logging_mixin.py:150} INFO - [2025-04-09T17:41:45.831+0000] {dag.py:2742} INFO - Sync 1 DAGs
[2025-04-09T17:41:45.845+0000] {logging_mixin.py:150} INFO - [2025-04-09T17:41:45.845+0000] {dag.py:3504} INFO - Setting next_dagrun for two_task_dag to None, run_after=None
[2025-04-09T17:41:45.859+0000] {processor.py:179} INFO - Processing /workspaces/hands-on-introduction-data-engineering-4395021/airflow/dags/two_task_dag.py took 0.057 seconds
[2025-04-09T17:42:15.966+0000] {processor.py:157} INFO - Started process (PID=22564) to work on /workspaces/hands-on-introduction-data-engineering-4395021/airflow/dags/two_task_dag.py
[2025-04-09T17:42:15.967+0000] {processor.py:826} INFO - Processing file /workspaces/hands-on-introduction-data-engineering-4395021/airflow/dags/two_task_dag.py for tasks to queue
[2025-04-09T17:42:15.968+0000] {logging_mixin.py:150} INFO - [2025-04-09T17:42:15.968+0000] {dagbag.py:541} INFO - Filling up the DagBag from /workspaces/hands-on-introduction-data-engineering-4395021/airflow/dags/two_task_dag.py
[2025-04-09T17:42:15.977+0000] {processor.py:836} INFO - DAG(s) dict_keys(['two_task_dag']) retrieved from /workspaces/hands-on-introduction-data-engineering-4395021/airflow/dags/two_task_dag.py
[2025-04-09T17:42:15.995+0000] {logging_mixin.py:150} INFO - [2025-04-09T17:42:15.995+0000] {dag.py:2742} INFO - Sync 1 DAGs
[2025-04-09T17:42:16.009+0000] {logging_mixin.py:150} INFO - [2025-04-09T17:42:16.009+0000] {dag.py:3504} INFO - Setting next_dagrun for two_task_dag to None, run_after=None
[2025-04-09T17:42:16.022+0000] {processor.py:179} INFO - Processing /workspaces/hands-on-introduction-data-engineering-4395021/airflow/dags/two_task_dag.py took 0.060 seconds
[2025-04-09T17:42:46.148+0000] {processor.py:157} INFO - Started process (PID=22735) to work on /workspaces/hands-on-introduction-data-engineering-4395021/airflow/dags/two_task_dag.py
[2025-04-09T17:42:46.149+0000] {processor.py:826} INFO - Processing file /workspaces/hands-on-introduction-data-engineering-4395021/airflow/dags/two_task_dag.py for tasks to queue
[2025-04-09T17:42:46.150+0000] {logging_mixin.py:150} INFO - [2025-04-09T17:42:46.150+0000] {dagbag.py:541} INFO - Filling up the DagBag from /workspaces/hands-on-introduction-data-engineering-4395021/airflow/dags/two_task_dag.py
[2025-04-09T17:42:46.158+0000] {processor.py:836} INFO - DAG(s) dict_keys(['two_task_dag']) retrieved from /workspaces/hands-on-introduction-data-engineering-4395021/airflow/dags/two_task_dag.py
[2025-04-09T17:42:46.176+0000] {logging_mixin.py:150} INFO - [2025-04-09T17:42:46.176+0000] {dag.py:2742} INFO - Sync 1 DAGs
[2025-04-09T17:42:46.191+0000] {logging_mixin.py:150} INFO - [2025-04-09T17:42:46.191+0000] {dag.py:3504} INFO - Setting next_dagrun for two_task_dag to None, run_after=None
[2025-04-09T17:42:46.206+0000] {processor.py:179} INFO - Processing /workspaces/hands-on-introduction-data-engineering-4395021/airflow/dags/two_task_dag.py took 0.060 seconds
[2025-04-09T17:43:16.335+0000] {processor.py:157} INFO - Started process (PID=22911) to work on /workspaces/hands-on-introduction-data-engineering-4395021/airflow/dags/two_task_dag.py
[2025-04-09T17:43:16.335+0000] {processor.py:826} INFO - Processing file /workspaces/hands-on-introduction-data-engineering-4395021/airflow/dags/two_task_dag.py for tasks to queue
[2025-04-09T17:43:16.336+0000] {logging_mixin.py:150} INFO - [2025-04-09T17:43:16.336+0000] {dagbag.py:541} INFO - Filling up the DagBag from /workspaces/hands-on-introduction-data-engineering-4395021/airflow/dags/two_task_dag.py
[2025-04-09T17:43:16.344+0000] {processor.py:836} INFO - DAG(s) dict_keys(['two_task_dag']) retrieved from /workspaces/hands-on-introduction-data-engineering-4395021/airflow/dags/two_task_dag.py
[2025-04-09T17:43:16.361+0000] {logging_mixin.py:150} INFO - [2025-04-09T17:43:16.361+0000] {dag.py:2742} INFO - Sync 1 DAGs
[2025-04-09T17:43:16.375+0000] {logging_mixin.py:150} INFO - [2025-04-09T17:43:16.374+0000] {dag.py:3504} INFO - Setting next_dagrun for two_task_dag to None, run_after=None
[2025-04-09T17:43:16.388+0000] {processor.py:179} INFO - Processing /workspaces/hands-on-introduction-data-engineering-4395021/airflow/dags/two_task_dag.py took 0.056 seconds
[2025-04-09T17:43:46.519+0000] {processor.py:157} INFO - Started process (PID=23077) to work on /workspaces/hands-on-introduction-data-engineering-4395021/airflow/dags/two_task_dag.py
[2025-04-09T17:43:46.520+0000] {processor.py:826} INFO - Processing file /workspaces/hands-on-introduction-data-engineering-4395021/airflow/dags/two_task_dag.py for tasks to queue
[2025-04-09T17:43:46.521+0000] {logging_mixin.py:150} INFO - [2025-04-09T17:43:46.520+0000] {dagbag.py:541} INFO - Filling up the DagBag from /workspaces/hands-on-introduction-data-engineering-4395021/airflow/dags/two_task_dag.py
[2025-04-09T17:43:46.528+0000] {processor.py:836} INFO - DAG(s) dict_keys(['two_task_dag']) retrieved from /workspaces/hands-on-introduction-data-engineering-4395021/airflow/dags/two_task_dag.py
[2025-04-09T17:43:46.546+0000] {logging_mixin.py:150} INFO - [2025-04-09T17:43:46.545+0000] {dag.py:2742} INFO - Sync 1 DAGs
[2025-04-09T17:43:46.559+0000] {logging_mixin.py:150} INFO - [2025-04-09T17:43:46.559+0000] {dag.py:3504} INFO - Setting next_dagrun for two_task_dag to None, run_after=None
[2025-04-09T17:43:46.572+0000] {processor.py:179} INFO - Processing /workspaces/hands-on-introduction-data-engineering-4395021/airflow/dags/two_task_dag.py took 0.056 seconds
[2025-04-09T17:44:16.703+0000] {processor.py:157} INFO - Started process (PID=23254) to work on /workspaces/hands-on-introduction-data-engineering-4395021/airflow/dags/two_task_dag.py
[2025-04-09T17:44:16.704+0000] {processor.py:826} INFO - Processing file /workspaces/hands-on-introduction-data-engineering-4395021/airflow/dags/two_task_dag.py for tasks to queue
[2025-04-09T17:44:16.705+0000] {logging_mixin.py:150} INFO - [2025-04-09T17:44:16.704+0000] {dagbag.py:541} INFO - Filling up the DagBag from /workspaces/hands-on-introduction-data-engineering-4395021/airflow/dags/two_task_dag.py
[2025-04-09T17:44:16.712+0000] {processor.py:836} INFO - DAG(s) dict_keys(['two_task_dag']) retrieved from /workspaces/hands-on-introduction-data-engineering-4395021/airflow/dags/two_task_dag.py
[2025-04-09T17:44:16.730+0000] {logging_mixin.py:150} INFO - [2025-04-09T17:44:16.729+0000] {dag.py:2742} INFO - Sync 1 DAGs
[2025-04-09T17:44:16.743+0000] {logging_mixin.py:150} INFO - [2025-04-09T17:44:16.742+0000] {dag.py:3504} INFO - Setting next_dagrun for two_task_dag to None, run_after=None
[2025-04-09T17:44:16.756+0000] {processor.py:179} INFO - Processing /workspaces/hands-on-introduction-data-engineering-4395021/airflow/dags/two_task_dag.py took 0.056 seconds
[2025-04-09T17:44:46.885+0000] {processor.py:157} INFO - Started process (PID=23473) to work on /workspaces/hands-on-introduction-data-engineering-4395021/airflow/dags/two_task_dag.py
[2025-04-09T17:44:46.886+0000] {processor.py:826} INFO - Processing file /workspaces/hands-on-introduction-data-engineering-4395021/airflow/dags/two_task_dag.py for tasks to queue
[2025-04-09T17:44:46.886+0000] {logging_mixin.py:150} INFO - [2025-04-09T17:44:46.886+0000] {dagbag.py:541} INFO - Filling up the DagBag from /workspaces/hands-on-introduction-data-engineering-4395021/airflow/dags/two_task_dag.py
[2025-04-09T17:44:46.894+0000] {processor.py:836} INFO - DAG(s) dict_keys(['two_task_dag']) retrieved from /workspaces/hands-on-introduction-data-engineering-4395021/airflow/dags/two_task_dag.py
[2025-04-09T17:44:46.911+0000] {logging_mixin.py:150} INFO - [2025-04-09T17:44:46.911+0000] {dag.py:2742} INFO - Sync 1 DAGs
[2025-04-09T17:44:46.924+0000] {logging_mixin.py:150} INFO - [2025-04-09T17:44:46.924+0000] {dag.py:3504} INFO - Setting next_dagrun for two_task_dag to None, run_after=None
[2025-04-09T17:44:46.938+0000] {processor.py:179} INFO - Processing /workspaces/hands-on-introduction-data-engineering-4395021/airflow/dags/two_task_dag.py took 0.055 seconds
[2025-04-09T17:45:17.070+0000] {processor.py:157} INFO - Started process (PID=23654) to work on /workspaces/hands-on-introduction-data-engineering-4395021/airflow/dags/two_task_dag.py
[2025-04-09T17:45:17.070+0000] {processor.py:826} INFO - Processing file /workspaces/hands-on-introduction-data-engineering-4395021/airflow/dags/two_task_dag.py for tasks to queue
[2025-04-09T17:45:17.071+0000] {logging_mixin.py:150} INFO - [2025-04-09T17:45:17.071+0000] {dagbag.py:541} INFO - Filling up the DagBag from /workspaces/hands-on-introduction-data-engineering-4395021/airflow/dags/two_task_dag.py
[2025-04-09T17:45:17.079+0000] {processor.py:836} INFO - DAG(s) dict_keys(['two_task_dag']) retrieved from /workspaces/hands-on-introduction-data-engineering-4395021/airflow/dags/two_task_dag.py
[2025-04-09T17:45:17.096+0000] {logging_mixin.py:150} INFO - [2025-04-09T17:45:17.096+0000] {dag.py:2742} INFO - Sync 1 DAGs
[2025-04-09T17:45:17.110+0000] {logging_mixin.py:150} INFO - [2025-04-09T17:45:17.110+0000] {dag.py:3504} INFO - Setting next_dagrun for two_task_dag to None, run_after=None
[2025-04-09T17:45:17.123+0000] {processor.py:179} INFO - Processing /workspaces/hands-on-introduction-data-engineering-4395021/airflow/dags/two_task_dag.py took 0.056 seconds
[2025-04-09T17:45:47.254+0000] {processor.py:157} INFO - Started process (PID=23832) to work on /workspaces/hands-on-introduction-data-engineering-4395021/airflow/dags/two_task_dag.py
[2025-04-09T17:45:47.254+0000] {processor.py:826} INFO - Processing file /workspaces/hands-on-introduction-data-engineering-4395021/airflow/dags/two_task_dag.py for tasks to queue
[2025-04-09T17:45:47.255+0000] {logging_mixin.py:150} INFO - [2025-04-09T17:45:47.255+0000] {dagbag.py:541} INFO - Filling up the DagBag from /workspaces/hands-on-introduction-data-engineering-4395021/airflow/dags/two_task_dag.py
[2025-04-09T17:45:47.262+0000] {processor.py:836} INFO - DAG(s) dict_keys(['two_task_dag']) retrieved from /workspaces/hands-on-introduction-data-engineering-4395021/airflow/dags/two_task_dag.py
[2025-04-09T17:45:47.280+0000] {logging_mixin.py:150} INFO - [2025-04-09T17:45:47.280+0000] {dag.py:2742} INFO - Sync 1 DAGs
[2025-04-09T17:45:47.293+0000] {logging_mixin.py:150} INFO - [2025-04-09T17:45:47.293+0000] {dag.py:3504} INFO - Setting next_dagrun for two_task_dag to None, run_after=None
[2025-04-09T17:45:47.307+0000] {processor.py:179} INFO - Processing /workspaces/hands-on-introduction-data-engineering-4395021/airflow/dags/two_task_dag.py took 0.055 seconds
[2025-04-09T17:46:17.447+0000] {processor.py:157} INFO - Started process (PID=24006) to work on /workspaces/hands-on-introduction-data-engineering-4395021/airflow/dags/two_task_dag.py
[2025-04-09T17:46:17.448+0000] {processor.py:826} INFO - Processing file /workspaces/hands-on-introduction-data-engineering-4395021/airflow/dags/two_task_dag.py for tasks to queue
[2025-04-09T17:46:17.449+0000] {logging_mixin.py:150} INFO - [2025-04-09T17:46:17.449+0000] {dagbag.py:541} INFO - Filling up the DagBag from /workspaces/hands-on-introduction-data-engineering-4395021/airflow/dags/two_task_dag.py
[2025-04-09T17:46:17.456+0000] {processor.py:836} INFO - DAG(s) dict_keys(['two_task_dag']) retrieved from /workspaces/hands-on-introduction-data-engineering-4395021/airflow/dags/two_task_dag.py
[2025-04-09T17:46:17.473+0000] {logging_mixin.py:150} INFO - [2025-04-09T17:46:17.473+0000] {dag.py:2742} INFO - Sync 1 DAGs
[2025-04-09T17:46:17.487+0000] {logging_mixin.py:150} INFO - [2025-04-09T17:46:17.487+0000] {dag.py:3504} INFO - Setting next_dagrun for two_task_dag to None, run_after=None
[2025-04-09T17:46:17.501+0000] {processor.py:179} INFO - Processing /workspaces/hands-on-introduction-data-engineering-4395021/airflow/dags/two_task_dag.py took 0.057 seconds
[2025-04-09T17:46:47.631+0000] {processor.py:157} INFO - Started process (PID=24411) to work on /workspaces/hands-on-introduction-data-engineering-4395021/airflow/dags/two_task_dag.py
[2025-04-09T17:46:47.631+0000] {processor.py:826} INFO - Processing file /workspaces/hands-on-introduction-data-engineering-4395021/airflow/dags/two_task_dag.py for tasks to queue
[2025-04-09T17:46:47.632+0000] {logging_mixin.py:150} INFO - [2025-04-09T17:46:47.632+0000] {dagbag.py:541} INFO - Filling up the DagBag from /workspaces/hands-on-introduction-data-engineering-4395021/airflow/dags/two_task_dag.py
[2025-04-09T17:46:47.640+0000] {processor.py:836} INFO - DAG(s) dict_keys(['two_task_dag']) retrieved from /workspaces/hands-on-introduction-data-engineering-4395021/airflow/dags/two_task_dag.py
[2025-04-09T17:46:47.658+0000] {logging_mixin.py:150} INFO - [2025-04-09T17:46:47.657+0000] {dag.py:2742} INFO - Sync 1 DAGs
[2025-04-09T17:46:47.671+0000] {logging_mixin.py:150} INFO - [2025-04-09T17:46:47.671+0000] {dag.py:3504} INFO - Setting next_dagrun for two_task_dag to None, run_after=None
[2025-04-09T17:46:47.688+0000] {processor.py:179} INFO - Processing /workspaces/hands-on-introduction-data-engineering-4395021/airflow/dags/two_task_dag.py took 0.060 seconds
[2025-04-09T17:47:17.822+0000] {processor.py:157} INFO - Started process (PID=24727) to work on /workspaces/hands-on-introduction-data-engineering-4395021/airflow/dags/two_task_dag.py
[2025-04-09T17:47:17.822+0000] {processor.py:826} INFO - Processing file /workspaces/hands-on-introduction-data-engineering-4395021/airflow/dags/two_task_dag.py for tasks to queue
[2025-04-09T17:47:17.823+0000] {logging_mixin.py:150} INFO - [2025-04-09T17:47:17.823+0000] {dagbag.py:541} INFO - Filling up the DagBag from /workspaces/hands-on-introduction-data-engineering-4395021/airflow/dags/two_task_dag.py
[2025-04-09T17:47:17.834+0000] {processor.py:836} INFO - DAG(s) dict_keys(['two_task_dag']) retrieved from /workspaces/hands-on-introduction-data-engineering-4395021/airflow/dags/two_task_dag.py
[2025-04-09T17:47:17.864+0000] {logging_mixin.py:150} INFO - [2025-04-09T17:47:17.863+0000] {dag.py:2742} INFO - Sync 1 DAGs
[2025-04-09T17:47:17.883+0000] {logging_mixin.py:150} INFO - [2025-04-09T17:47:17.883+0000] {dag.py:3504} INFO - Setting next_dagrun for two_task_dag to None, run_after=None
[2025-04-09T17:47:17.897+0000] {processor.py:179} INFO - Processing /workspaces/hands-on-introduction-data-engineering-4395021/airflow/dags/two_task_dag.py took 0.078 seconds
[2025-04-09T17:47:48.004+0000] {processor.py:157} INFO - Started process (PID=25022) to work on /workspaces/hands-on-introduction-data-engineering-4395021/airflow/dags/two_task_dag.py
[2025-04-09T17:47:48.005+0000] {processor.py:826} INFO - Processing file /workspaces/hands-on-introduction-data-engineering-4395021/airflow/dags/two_task_dag.py for tasks to queue
[2025-04-09T17:47:48.005+0000] {logging_mixin.py:150} INFO - [2025-04-09T17:47:48.005+0000] {dagbag.py:541} INFO - Filling up the DagBag from /workspaces/hands-on-introduction-data-engineering-4395021/airflow/dags/two_task_dag.py
[2025-04-09T17:47:48.013+0000] {processor.py:836} INFO - DAG(s) dict_keys(['two_task_dag']) retrieved from /workspaces/hands-on-introduction-data-engineering-4395021/airflow/dags/two_task_dag.py
[2025-04-09T17:47:48.031+0000] {logging_mixin.py:150} INFO - [2025-04-09T17:47:48.031+0000] {dag.py:2742} INFO - Sync 1 DAGs
[2025-04-09T17:47:48.044+0000] {logging_mixin.py:150} INFO - [2025-04-09T17:47:48.044+0000] {dag.py:3504} INFO - Setting next_dagrun for two_task_dag to None, run_after=None
[2025-04-09T17:47:48.059+0000] {processor.py:179} INFO - Processing /workspaces/hands-on-introduction-data-engineering-4395021/airflow/dags/two_task_dag.py took 0.057 seconds
[2025-04-09T17:48:18.187+0000] {processor.py:157} INFO - Started process (PID=25333) to work on /workspaces/hands-on-introduction-data-engineering-4395021/airflow/dags/two_task_dag.py
[2025-04-09T17:48:18.188+0000] {processor.py:826} INFO - Processing file /workspaces/hands-on-introduction-data-engineering-4395021/airflow/dags/two_task_dag.py for tasks to queue
[2025-04-09T17:48:18.188+0000] {logging_mixin.py:150} INFO - [2025-04-09T17:48:18.188+0000] {dagbag.py:541} INFO - Filling up the DagBag from /workspaces/hands-on-introduction-data-engineering-4395021/airflow/dags/two_task_dag.py
[2025-04-09T17:48:18.196+0000] {processor.py:836} INFO - DAG(s) dict_keys(['two_task_dag']) retrieved from /workspaces/hands-on-introduction-data-engineering-4395021/airflow/dags/two_task_dag.py
[2025-04-09T17:48:18.214+0000] {logging_mixin.py:150} INFO - [2025-04-09T17:48:18.214+0000] {dag.py:2742} INFO - Sync 1 DAGs
[2025-04-09T17:48:18.228+0000] {logging_mixin.py:150} INFO - [2025-04-09T17:48:18.228+0000] {dag.py:3504} INFO - Setting next_dagrun for two_task_dag to None, run_after=None
[2025-04-09T17:48:18.242+0000] {processor.py:179} INFO - Processing /workspaces/hands-on-introduction-data-engineering-4395021/airflow/dags/two_task_dag.py took 0.057 seconds
[2025-04-09T17:48:48.381+0000] {processor.py:157} INFO - Started process (PID=25610) to work on /workspaces/hands-on-introduction-data-engineering-4395021/airflow/dags/two_task_dag.py
[2025-04-09T17:48:48.382+0000] {processor.py:826} INFO - Processing file /workspaces/hands-on-introduction-data-engineering-4395021/airflow/dags/two_task_dag.py for tasks to queue
[2025-04-09T17:48:48.383+0000] {logging_mixin.py:150} INFO - [2025-04-09T17:48:48.382+0000] {dagbag.py:541} INFO - Filling up the DagBag from /workspaces/hands-on-introduction-data-engineering-4395021/airflow/dags/two_task_dag.py
[2025-04-09T17:48:48.390+0000] {processor.py:836} INFO - DAG(s) dict_keys(['two_task_dag']) retrieved from /workspaces/hands-on-introduction-data-engineering-4395021/airflow/dags/two_task_dag.py
[2025-04-09T17:48:48.408+0000] {logging_mixin.py:150} INFO - [2025-04-09T17:48:48.408+0000] {dag.py:2742} INFO - Sync 1 DAGs
[2025-04-09T17:48:48.421+0000] {logging_mixin.py:150} INFO - [2025-04-09T17:48:48.421+0000] {dag.py:3504} INFO - Setting next_dagrun for two_task_dag to None, run_after=None
[2025-04-09T17:48:48.436+0000] {processor.py:179} INFO - Processing /workspaces/hands-on-introduction-data-engineering-4395021/airflow/dags/two_task_dag.py took 0.058 seconds
[2025-04-09T17:49:18.567+0000] {processor.py:157} INFO - Started process (PID=25976) to work on /workspaces/hands-on-introduction-data-engineering-4395021/airflow/dags/two_task_dag.py
[2025-04-09T17:49:18.568+0000] {processor.py:826} INFO - Processing file /workspaces/hands-on-introduction-data-engineering-4395021/airflow/dags/two_task_dag.py for tasks to queue
[2025-04-09T17:49:18.569+0000] {logging_mixin.py:150} INFO - [2025-04-09T17:49:18.569+0000] {dagbag.py:541} INFO - Filling up the DagBag from /workspaces/hands-on-introduction-data-engineering-4395021/airflow/dags/two_task_dag.py
[2025-04-09T17:49:18.577+0000] {processor.py:836} INFO - DAG(s) dict_keys(['two_task_dag']) retrieved from /workspaces/hands-on-introduction-data-engineering-4395021/airflow/dags/two_task_dag.py
[2025-04-09T17:49:18.594+0000] {logging_mixin.py:150} INFO - [2025-04-09T17:49:18.594+0000] {dag.py:2742} INFO - Sync 1 DAGs
[2025-04-09T17:49:18.608+0000] {logging_mixin.py:150} INFO - [2025-04-09T17:49:18.608+0000] {dag.py:3504} INFO - Setting next_dagrun for two_task_dag to None, run_after=None
[2025-04-09T17:49:18.621+0000] {processor.py:179} INFO - Processing /workspaces/hands-on-introduction-data-engineering-4395021/airflow/dags/two_task_dag.py took 0.057 seconds
[2025-04-09T17:49:48.835+0000] {processor.py:157} INFO - Started process (PID=26373) to work on /workspaces/hands-on-introduction-data-engineering-4395021/airflow/dags/two_task_dag.py
[2025-04-09T17:49:48.836+0000] {processor.py:826} INFO - Processing file /workspaces/hands-on-introduction-data-engineering-4395021/airflow/dags/two_task_dag.py for tasks to queue
[2025-04-09T17:49:48.837+0000] {logging_mixin.py:150} INFO - [2025-04-09T17:49:48.836+0000] {dagbag.py:541} INFO - Filling up the DagBag from /workspaces/hands-on-introduction-data-engineering-4395021/airflow/dags/two_task_dag.py
[2025-04-09T17:49:48.844+0000] {processor.py:836} INFO - DAG(s) dict_keys(['two_task_dag']) retrieved from /workspaces/hands-on-introduction-data-engineering-4395021/airflow/dags/two_task_dag.py
[2025-04-09T17:49:48.863+0000] {logging_mixin.py:150} INFO - [2025-04-09T17:49:48.863+0000] {dag.py:2742} INFO - Sync 1 DAGs
[2025-04-09T17:49:48.879+0000] {logging_mixin.py:150} INFO - [2025-04-09T17:49:48.879+0000] {dag.py:3504} INFO - Setting next_dagrun for two_task_dag to None, run_after=None
[2025-04-09T17:49:48.893+0000] {processor.py:179} INFO - Processing /workspaces/hands-on-introduction-data-engineering-4395021/airflow/dags/two_task_dag.py took 0.061 seconds
[2025-04-09T17:50:19.098+0000] {processor.py:157} INFO - Started process (PID=26799) to work on /workspaces/hands-on-introduction-data-engineering-4395021/airflow/dags/two_task_dag.py
[2025-04-09T17:50:19.099+0000] {processor.py:826} INFO - Processing file /workspaces/hands-on-introduction-data-engineering-4395021/airflow/dags/two_task_dag.py for tasks to queue
[2025-04-09T17:50:19.100+0000] {logging_mixin.py:150} INFO - [2025-04-09T17:50:19.100+0000] {dagbag.py:541} INFO - Filling up the DagBag from /workspaces/hands-on-introduction-data-engineering-4395021/airflow/dags/two_task_dag.py
[2025-04-09T17:50:19.107+0000] {processor.py:836} INFO - DAG(s) dict_keys(['two_task_dag']) retrieved from /workspaces/hands-on-introduction-data-engineering-4395021/airflow/dags/two_task_dag.py
[2025-04-09T17:50:19.125+0000] {logging_mixin.py:150} INFO - [2025-04-09T17:50:19.125+0000] {dag.py:2742} INFO - Sync 1 DAGs
[2025-04-09T17:50:19.139+0000] {logging_mixin.py:150} INFO - [2025-04-09T17:50:19.139+0000] {dag.py:3504} INFO - Setting next_dagrun for two_task_dag to None, run_after=None
[2025-04-09T17:50:19.153+0000] {processor.py:179} INFO - Processing /workspaces/hands-on-introduction-data-engineering-4395021/airflow/dags/two_task_dag.py took 0.057 seconds
[2025-04-09T17:50:49.362+0000] {processor.py:157} INFO - Started process (PID=27194) to work on /workspaces/hands-on-introduction-data-engineering-4395021/airflow/dags/two_task_dag.py
[2025-04-09T17:50:49.362+0000] {processor.py:826} INFO - Processing file /workspaces/hands-on-introduction-data-engineering-4395021/airflow/dags/two_task_dag.py for tasks to queue
[2025-04-09T17:50:49.363+0000] {logging_mixin.py:150} INFO - [2025-04-09T17:50:49.363+0000] {dagbag.py:541} INFO - Filling up the DagBag from /workspaces/hands-on-introduction-data-engineering-4395021/airflow/dags/two_task_dag.py
[2025-04-09T17:50:49.370+0000] {processor.py:836} INFO - DAG(s) dict_keys(['two_task_dag']) retrieved from /workspaces/hands-on-introduction-data-engineering-4395021/airflow/dags/two_task_dag.py
[2025-04-09T17:50:49.388+0000] {logging_mixin.py:150} INFO - [2025-04-09T17:50:49.388+0000] {dag.py:2742} INFO - Sync 1 DAGs
[2025-04-09T17:50:49.401+0000] {logging_mixin.py:150} INFO - [2025-04-09T17:50:49.401+0000] {dag.py:3504} INFO - Setting next_dagrun for two_task_dag to None, run_after=None
[2025-04-09T17:50:49.415+0000] {processor.py:179} INFO - Processing /workspaces/hands-on-introduction-data-engineering-4395021/airflow/dags/two_task_dag.py took 0.056 seconds
[2025-04-09T17:51:19.625+0000] {processor.py:157} INFO - Started process (PID=27549) to work on /workspaces/hands-on-introduction-data-engineering-4395021/airflow/dags/two_task_dag.py
[2025-04-09T17:51:19.625+0000] {processor.py:826} INFO - Processing file /workspaces/hands-on-introduction-data-engineering-4395021/airflow/dags/two_task_dag.py for tasks to queue
[2025-04-09T17:51:19.626+0000] {logging_mixin.py:150} INFO - [2025-04-09T17:51:19.626+0000] {dagbag.py:541} INFO - Filling up the DagBag from /workspaces/hands-on-introduction-data-engineering-4395021/airflow/dags/two_task_dag.py
[2025-04-09T17:51:19.633+0000] {processor.py:836} INFO - DAG(s) dict_keys(['two_task_dag']) retrieved from /workspaces/hands-on-introduction-data-engineering-4395021/airflow/dags/two_task_dag.py
[2025-04-09T17:51:19.661+0000] {logging_mixin.py:150} INFO - [2025-04-09T17:51:19.661+0000] {dag.py:2742} INFO - Sync 1 DAGs
[2025-04-09T17:51:19.677+0000] {logging_mixin.py:150} INFO - [2025-04-09T17:51:19.677+0000] {dag.py:3504} INFO - Setting next_dagrun for two_task_dag to None, run_after=None
[2025-04-09T17:51:19.690+0000] {processor.py:179} INFO - Processing /workspaces/hands-on-introduction-data-engineering-4395021/airflow/dags/two_task_dag.py took 0.069 seconds
[2025-04-09T17:51:49.887+0000] {processor.py:157} INFO - Started process (PID=27812) to work on /workspaces/hands-on-introduction-data-engineering-4395021/airflow/dags/two_task_dag.py
[2025-04-09T17:51:49.888+0000] {processor.py:826} INFO - Processing file /workspaces/hands-on-introduction-data-engineering-4395021/airflow/dags/two_task_dag.py for tasks to queue
[2025-04-09T17:51:49.888+0000] {logging_mixin.py:150} INFO - [2025-04-09T17:51:49.888+0000] {dagbag.py:541} INFO - Filling up the DagBag from /workspaces/hands-on-introduction-data-engineering-4395021/airflow/dags/two_task_dag.py
[2025-04-09T17:51:49.898+0000] {processor.py:836} INFO - DAG(s) dict_keys(['two_task_dag']) retrieved from /workspaces/hands-on-introduction-data-engineering-4395021/airflow/dags/two_task_dag.py
[2025-04-09T17:51:49.916+0000] {logging_mixin.py:150} INFO - [2025-04-09T17:51:49.915+0000] {dag.py:2742} INFO - Sync 1 DAGs
[2025-04-09T17:51:49.929+0000] {logging_mixin.py:150} INFO - [2025-04-09T17:51:49.929+0000] {dag.py:3504} INFO - Setting next_dagrun for two_task_dag to None, run_after=None
[2025-04-09T17:51:49.943+0000] {processor.py:179} INFO - Processing /workspaces/hands-on-introduction-data-engineering-4395021/airflow/dags/two_task_dag.py took 0.058 seconds
[2025-04-09T17:52:20.158+0000] {processor.py:157} INFO - Started process (PID=28082) to work on /workspaces/hands-on-introduction-data-engineering-4395021/airflow/dags/two_task_dag.py
[2025-04-09T17:52:20.159+0000] {processor.py:826} INFO - Processing file /workspaces/hands-on-introduction-data-engineering-4395021/airflow/dags/two_task_dag.py for tasks to queue
[2025-04-09T17:52:20.159+0000] {logging_mixin.py:150} INFO - [2025-04-09T17:52:20.159+0000] {dagbag.py:541} INFO - Filling up the DagBag from /workspaces/hands-on-introduction-data-engineering-4395021/airflow/dags/two_task_dag.py
[2025-04-09T17:52:20.167+0000] {processor.py:836} INFO - DAG(s) dict_keys(['two_task_dag']) retrieved from /workspaces/hands-on-introduction-data-engineering-4395021/airflow/dags/two_task_dag.py
[2025-04-09T17:52:20.189+0000] {logging_mixin.py:150} INFO - [2025-04-09T17:52:20.189+0000] {dag.py:2742} INFO - Sync 1 DAGs
[2025-04-09T17:52:20.211+0000] {logging_mixin.py:150} INFO - [2025-04-09T17:52:20.210+0000] {dag.py:3504} INFO - Setting next_dagrun for two_task_dag to None, run_after=None
[2025-04-09T17:52:20.226+0000] {processor.py:179} INFO - Processing /workspaces/hands-on-introduction-data-engineering-4395021/airflow/dags/two_task_dag.py took 0.071 seconds
[2025-04-09T17:52:50.424+0000] {processor.py:157} INFO - Started process (PID=28365) to work on /workspaces/hands-on-introduction-data-engineering-4395021/airflow/dags/two_task_dag.py
[2025-04-09T17:52:50.424+0000] {processor.py:826} INFO - Processing file /workspaces/hands-on-introduction-data-engineering-4395021/airflow/dags/two_task_dag.py for tasks to queue
[2025-04-09T17:52:50.425+0000] {logging_mixin.py:150} INFO - [2025-04-09T17:52:50.425+0000] {dagbag.py:541} INFO - Filling up the DagBag from /workspaces/hands-on-introduction-data-engineering-4395021/airflow/dags/two_task_dag.py
[2025-04-09T17:52:50.434+0000] {processor.py:836} INFO - DAG(s) dict_keys(['two_task_dag']) retrieved from /workspaces/hands-on-introduction-data-engineering-4395021/airflow/dags/two_task_dag.py
[2025-04-09T17:52:50.453+0000] {logging_mixin.py:150} INFO - [2025-04-09T17:52:50.453+0000] {dag.py:2742} INFO - Sync 1 DAGs
[2025-04-09T17:52:50.469+0000] {logging_mixin.py:150} INFO - [2025-04-09T17:52:50.469+0000] {dag.py:3504} INFO - Setting next_dagrun for two_task_dag to None, run_after=None
[2025-04-09T17:52:50.485+0000] {processor.py:179} INFO - Processing /workspaces/hands-on-introduction-data-engineering-4395021/airflow/dags/two_task_dag.py took 0.064 seconds
[2025-04-09T17:53:20.690+0000] {processor.py:157} INFO - Started process (PID=28537) to work on /workspaces/hands-on-introduction-data-engineering-4395021/airflow/dags/two_task_dag.py
[2025-04-09T17:53:20.691+0000] {processor.py:826} INFO - Processing file /workspaces/hands-on-introduction-data-engineering-4395021/airflow/dags/two_task_dag.py for tasks to queue
[2025-04-09T17:53:20.692+0000] {logging_mixin.py:150} INFO - [2025-04-09T17:53:20.691+0000] {dagbag.py:541} INFO - Filling up the DagBag from /workspaces/hands-on-introduction-data-engineering-4395021/airflow/dags/two_task_dag.py
[2025-04-09T17:53:20.701+0000] {processor.py:836} INFO - DAG(s) dict_keys(['two_task_dag']) retrieved from /workspaces/hands-on-introduction-data-engineering-4395021/airflow/dags/two_task_dag.py
[2025-04-09T17:53:20.719+0000] {logging_mixin.py:150} INFO - [2025-04-09T17:53:20.719+0000] {dag.py:2742} INFO - Sync 1 DAGs
[2025-04-09T17:53:20.734+0000] {logging_mixin.py:150} INFO - [2025-04-09T17:53:20.734+0000] {dag.py:3504} INFO - Setting next_dagrun for two_task_dag to None, run_after=None
[2025-04-09T17:53:20.750+0000] {processor.py:179} INFO - Processing /workspaces/hands-on-introduction-data-engineering-4395021/airflow/dags/two_task_dag.py took 0.063 seconds
[2025-04-09T17:53:50.951+0000] {processor.py:157} INFO - Started process (PID=28712) to work on /workspaces/hands-on-introduction-data-engineering-4395021/airflow/dags/two_task_dag.py
[2025-04-09T17:53:50.951+0000] {processor.py:826} INFO - Processing file /workspaces/hands-on-introduction-data-engineering-4395021/airflow/dags/two_task_dag.py for tasks to queue
[2025-04-09T17:53:50.952+0000] {logging_mixin.py:150} INFO - [2025-04-09T17:53:50.952+0000] {dagbag.py:541} INFO - Filling up the DagBag from /workspaces/hands-on-introduction-data-engineering-4395021/airflow/dags/two_task_dag.py
[2025-04-09T17:53:50.960+0000] {processor.py:836} INFO - DAG(s) dict_keys(['two_task_dag']) retrieved from /workspaces/hands-on-introduction-data-engineering-4395021/airflow/dags/two_task_dag.py
[2025-04-09T17:53:50.977+0000] {logging_mixin.py:150} INFO - [2025-04-09T17:53:50.977+0000] {dag.py:2742} INFO - Sync 1 DAGs
[2025-04-09T17:53:50.991+0000] {logging_mixin.py:150} INFO - [2025-04-09T17:53:50.991+0000] {dag.py:3504} INFO - Setting next_dagrun for two_task_dag to None, run_after=None
[2025-04-09T17:53:51.005+0000] {processor.py:179} INFO - Processing /workspaces/hands-on-introduction-data-engineering-4395021/airflow/dags/two_task_dag.py took 0.057 seconds
[2025-04-09T17:54:21.213+0000] {processor.py:157} INFO - Started process (PID=28888) to work on /workspaces/hands-on-introduction-data-engineering-4395021/airflow/dags/two_task_dag.py
[2025-04-09T17:54:21.214+0000] {processor.py:826} INFO - Processing file /workspaces/hands-on-introduction-data-engineering-4395021/airflow/dags/two_task_dag.py for tasks to queue
[2025-04-09T17:54:21.215+0000] {logging_mixin.py:150} INFO - [2025-04-09T17:54:21.215+0000] {dagbag.py:541} INFO - Filling up the DagBag from /workspaces/hands-on-introduction-data-engineering-4395021/airflow/dags/two_task_dag.py
[2025-04-09T17:54:21.222+0000] {processor.py:836} INFO - DAG(s) dict_keys(['two_task_dag']) retrieved from /workspaces/hands-on-introduction-data-engineering-4395021/airflow/dags/two_task_dag.py
[2025-04-09T17:54:21.240+0000] {logging_mixin.py:150} INFO - [2025-04-09T17:54:21.240+0000] {dag.py:2742} INFO - Sync 1 DAGs
[2025-04-09T17:54:21.253+0000] {logging_mixin.py:150} INFO - [2025-04-09T17:54:21.253+0000] {dag.py:3504} INFO - Setting next_dagrun for two_task_dag to None, run_after=None
[2025-04-09T17:54:21.267+0000] {processor.py:179} INFO - Processing /workspaces/hands-on-introduction-data-engineering-4395021/airflow/dags/two_task_dag.py took 0.056 seconds
[2025-04-09T17:54:51.475+0000] {processor.py:157} INFO - Started process (PID=29059) to work on /workspaces/hands-on-introduction-data-engineering-4395021/airflow/dags/two_task_dag.py
[2025-04-09T17:54:51.476+0000] {processor.py:826} INFO - Processing file /workspaces/hands-on-introduction-data-engineering-4395021/airflow/dags/two_task_dag.py for tasks to queue
[2025-04-09T17:54:51.477+0000] {logging_mixin.py:150} INFO - [2025-04-09T17:54:51.476+0000] {dagbag.py:541} INFO - Filling up the DagBag from /workspaces/hands-on-introduction-data-engineering-4395021/airflow/dags/two_task_dag.py
[2025-04-09T17:54:51.484+0000] {processor.py:836} INFO - DAG(s) dict_keys(['two_task_dag']) retrieved from /workspaces/hands-on-introduction-data-engineering-4395021/airflow/dags/two_task_dag.py
[2025-04-09T17:54:51.502+0000] {logging_mixin.py:150} INFO - [2025-04-09T17:54:51.502+0000] {dag.py:2742} INFO - Sync 1 DAGs
[2025-04-09T17:54:51.516+0000] {logging_mixin.py:150} INFO - [2025-04-09T17:54:51.516+0000] {dag.py:3504} INFO - Setting next_dagrun for two_task_dag to None, run_after=None
[2025-04-09T17:54:51.529+0000] {processor.py:179} INFO - Processing /workspaces/hands-on-introduction-data-engineering-4395021/airflow/dags/two_task_dag.py took 0.057 seconds
[2025-04-09T17:55:21.739+0000] {processor.py:157} INFO - Started process (PID=29236) to work on /workspaces/hands-on-introduction-data-engineering-4395021/airflow/dags/two_task_dag.py
[2025-04-09T17:55:21.739+0000] {processor.py:826} INFO - Processing file /workspaces/hands-on-introduction-data-engineering-4395021/airflow/dags/two_task_dag.py for tasks to queue
[2025-04-09T17:55:21.740+0000] {logging_mixin.py:150} INFO - [2025-04-09T17:55:21.740+0000] {dagbag.py:541} INFO - Filling up the DagBag from /workspaces/hands-on-introduction-data-engineering-4395021/airflow/dags/two_task_dag.py
[2025-04-09T17:55:21.748+0000] {processor.py:836} INFO - DAG(s) dict_keys(['two_task_dag']) retrieved from /workspaces/hands-on-introduction-data-engineering-4395021/airflow/dags/two_task_dag.py
[2025-04-09T17:55:21.765+0000] {logging_mixin.py:150} INFO - [2025-04-09T17:55:21.765+0000] {dag.py:2742} INFO - Sync 1 DAGs
[2025-04-09T17:55:21.778+0000] {logging_mixin.py:150} INFO - [2025-04-09T17:55:21.778+0000] {dag.py:3504} INFO - Setting next_dagrun for two_task_dag to None, run_after=None
[2025-04-09T17:55:21.792+0000] {processor.py:179} INFO - Processing /workspaces/hands-on-introduction-data-engineering-4395021/airflow/dags/two_task_dag.py took 0.055 seconds
[2025-04-09T17:55:52.000+0000] {processor.py:157} INFO - Started process (PID=29408) to work on /workspaces/hands-on-introduction-data-engineering-4395021/airflow/dags/two_task_dag.py
[2025-04-09T17:55:52.001+0000] {processor.py:826} INFO - Processing file /workspaces/hands-on-introduction-data-engineering-4395021/airflow/dags/two_task_dag.py for tasks to queue
[2025-04-09T17:55:52.002+0000] {logging_mixin.py:150} INFO - [2025-04-09T17:55:52.002+0000] {dagbag.py:541} INFO - Filling up the DagBag from /workspaces/hands-on-introduction-data-engineering-4395021/airflow/dags/two_task_dag.py
[2025-04-09T17:55:52.009+0000] {processor.py:836} INFO - DAG(s) dict_keys(['two_task_dag']) retrieved from /workspaces/hands-on-introduction-data-engineering-4395021/airflow/dags/two_task_dag.py
[2025-04-09T17:55:52.027+0000] {logging_mixin.py:150} INFO - [2025-04-09T17:55:52.027+0000] {dag.py:2742} INFO - Sync 1 DAGs
[2025-04-09T17:55:52.040+0000] {logging_mixin.py:150} INFO - [2025-04-09T17:55:52.040+0000] {dag.py:3504} INFO - Setting next_dagrun for two_task_dag to None, run_after=None
[2025-04-09T17:55:52.054+0000] {processor.py:179} INFO - Processing /workspaces/hands-on-introduction-data-engineering-4395021/airflow/dags/two_task_dag.py took 0.057 seconds
[2025-04-09T17:56:22.187+0000] {processor.py:157} INFO - Started process (PID=29585) to work on /workspaces/hands-on-introduction-data-engineering-4395021/airflow/dags/two_task_dag.py
[2025-04-09T17:56:22.188+0000] {processor.py:826} INFO - Processing file /workspaces/hands-on-introduction-data-engineering-4395021/airflow/dags/two_task_dag.py for tasks to queue
[2025-04-09T17:56:22.188+0000] {logging_mixin.py:150} INFO - [2025-04-09T17:56:22.188+0000] {dagbag.py:541} INFO - Filling up the DagBag from /workspaces/hands-on-introduction-data-engineering-4395021/airflow/dags/two_task_dag.py
[2025-04-09T17:56:22.196+0000] {processor.py:836} INFO - DAG(s) dict_keys(['two_task_dag']) retrieved from /workspaces/hands-on-introduction-data-engineering-4395021/airflow/dags/two_task_dag.py
[2025-04-09T17:56:22.213+0000] {logging_mixin.py:150} INFO - [2025-04-09T17:56:22.213+0000] {dag.py:2742} INFO - Sync 1 DAGs
[2025-04-09T17:56:22.226+0000] {logging_mixin.py:150} INFO - [2025-04-09T17:56:22.226+0000] {dag.py:3504} INFO - Setting next_dagrun for two_task_dag to None, run_after=None
[2025-04-09T17:56:22.241+0000] {processor.py:179} INFO - Processing /workspaces/hands-on-introduction-data-engineering-4395021/airflow/dags/two_task_dag.py took 0.056 seconds
[2025-04-09T17:56:52.367+0000] {processor.py:157} INFO - Started process (PID=29762) to work on /workspaces/hands-on-introduction-data-engineering-4395021/airflow/dags/two_task_dag.py
[2025-04-09T17:56:52.367+0000] {processor.py:826} INFO - Processing file /workspaces/hands-on-introduction-data-engineering-4395021/airflow/dags/two_task_dag.py for tasks to queue
[2025-04-09T17:56:52.368+0000] {logging_mixin.py:150} INFO - [2025-04-09T17:56:52.368+0000] {dagbag.py:541} INFO - Filling up the DagBag from /workspaces/hands-on-introduction-data-engineering-4395021/airflow/dags/two_task_dag.py
[2025-04-09T17:56:52.376+0000] {processor.py:836} INFO - DAG(s) dict_keys(['two_task_dag']) retrieved from /workspaces/hands-on-introduction-data-engineering-4395021/airflow/dags/two_task_dag.py
[2025-04-09T17:56:52.393+0000] {logging_mixin.py:150} INFO - [2025-04-09T17:56:52.393+0000] {dag.py:2742} INFO - Sync 1 DAGs
[2025-04-09T17:56:52.406+0000] {logging_mixin.py:150} INFO - [2025-04-09T17:56:52.406+0000] {dag.py:3504} INFO - Setting next_dagrun for two_task_dag to None, run_after=None
[2025-04-09T17:56:52.422+0000] {processor.py:179} INFO - Processing /workspaces/hands-on-introduction-data-engineering-4395021/airflow/dags/two_task_dag.py took 0.058 seconds
[2025-04-09T17:57:22.550+0000] {processor.py:157} INFO - Started process (PID=29932) to work on /workspaces/hands-on-introduction-data-engineering-4395021/airflow/dags/two_task_dag.py
[2025-04-09T17:57:22.551+0000] {processor.py:826} INFO - Processing file /workspaces/hands-on-introduction-data-engineering-4395021/airflow/dags/two_task_dag.py for tasks to queue
[2025-04-09T17:57:22.552+0000] {logging_mixin.py:150} INFO - [2025-04-09T17:57:22.551+0000] {dagbag.py:541} INFO - Filling up the DagBag from /workspaces/hands-on-introduction-data-engineering-4395021/airflow/dags/two_task_dag.py
[2025-04-09T17:57:22.559+0000] {processor.py:836} INFO - DAG(s) dict_keys(['two_task_dag']) retrieved from /workspaces/hands-on-introduction-data-engineering-4395021/airflow/dags/two_task_dag.py
[2025-04-09T17:57:22.576+0000] {logging_mixin.py:150} INFO - [2025-04-09T17:57:22.576+0000] {dag.py:2742} INFO - Sync 1 DAGs
[2025-04-09T17:57:22.591+0000] {logging_mixin.py:150} INFO - [2025-04-09T17:57:22.590+0000] {dag.py:3504} INFO - Setting next_dagrun for two_task_dag to None, run_after=None
[2025-04-09T17:57:22.604+0000] {processor.py:179} INFO - Processing /workspaces/hands-on-introduction-data-engineering-4395021/airflow/dags/two_task_dag.py took 0.058 seconds
[2025-04-09T17:57:52.732+0000] {processor.py:157} INFO - Started process (PID=30103) to work on /workspaces/hands-on-introduction-data-engineering-4395021/airflow/dags/two_task_dag.py
[2025-04-09T17:57:52.733+0000] {processor.py:826} INFO - Processing file /workspaces/hands-on-introduction-data-engineering-4395021/airflow/dags/two_task_dag.py for tasks to queue
[2025-04-09T17:57:52.734+0000] {logging_mixin.py:150} INFO - [2025-04-09T17:57:52.733+0000] {dagbag.py:541} INFO - Filling up the DagBag from /workspaces/hands-on-introduction-data-engineering-4395021/airflow/dags/two_task_dag.py
[2025-04-09T17:57:52.741+0000] {processor.py:836} INFO - DAG(s) dict_keys(['two_task_dag']) retrieved from /workspaces/hands-on-introduction-data-engineering-4395021/airflow/dags/two_task_dag.py
[2025-04-09T17:57:52.759+0000] {logging_mixin.py:150} INFO - [2025-04-09T17:57:52.759+0000] {dag.py:2742} INFO - Sync 1 DAGs
[2025-04-09T17:57:52.773+0000] {logging_mixin.py:150} INFO - [2025-04-09T17:57:52.772+0000] {dag.py:3504} INFO - Setting next_dagrun for two_task_dag to None, run_after=None
[2025-04-09T17:57:52.786+0000] {processor.py:179} INFO - Processing /workspaces/hands-on-introduction-data-engineering-4395021/airflow/dags/two_task_dag.py took 0.057 seconds
[2025-04-09T17:58:22.927+0000] {processor.py:157} INFO - Started process (PID=30273) to work on /workspaces/hands-on-introduction-data-engineering-4395021/airflow/dags/two_task_dag.py
[2025-04-09T17:58:22.928+0000] {processor.py:826} INFO - Processing file /workspaces/hands-on-introduction-data-engineering-4395021/airflow/dags/two_task_dag.py for tasks to queue
[2025-04-09T17:58:22.928+0000] {logging_mixin.py:150} INFO - [2025-04-09T17:58:22.928+0000] {dagbag.py:541} INFO - Filling up the DagBag from /workspaces/hands-on-introduction-data-engineering-4395021/airflow/dags/two_task_dag.py
[2025-04-09T17:58:22.936+0000] {processor.py:836} INFO - DAG(s) dict_keys(['two_task_dag']) retrieved from /workspaces/hands-on-introduction-data-engineering-4395021/airflow/dags/two_task_dag.py
[2025-04-09T17:58:22.953+0000] {logging_mixin.py:150} INFO - [2025-04-09T17:58:22.953+0000] {dag.py:2742} INFO - Sync 1 DAGs
[2025-04-09T17:58:22.967+0000] {logging_mixin.py:150} INFO - [2025-04-09T17:58:22.967+0000] {dag.py:3504} INFO - Setting next_dagrun for two_task_dag to None, run_after=None
[2025-04-09T17:58:22.980+0000] {processor.py:179} INFO - Processing /workspaces/hands-on-introduction-data-engineering-4395021/airflow/dags/two_task_dag.py took 0.057 seconds
[2025-04-09T17:58:53.113+0000] {processor.py:157} INFO - Started process (PID=30449) to work on /workspaces/hands-on-introduction-data-engineering-4395021/airflow/dags/two_task_dag.py
[2025-04-09T17:58:53.114+0000] {processor.py:826} INFO - Processing file /workspaces/hands-on-introduction-data-engineering-4395021/airflow/dags/two_task_dag.py for tasks to queue
[2025-04-09T17:58:53.114+0000] {logging_mixin.py:150} INFO - [2025-04-09T17:58:53.114+0000] {dagbag.py:541} INFO - Filling up the DagBag from /workspaces/hands-on-introduction-data-engineering-4395021/airflow/dags/two_task_dag.py
[2025-04-09T17:58:53.122+0000] {processor.py:836} INFO - DAG(s) dict_keys(['two_task_dag']) retrieved from /workspaces/hands-on-introduction-data-engineering-4395021/airflow/dags/two_task_dag.py
[2025-04-09T17:58:53.139+0000] {logging_mixin.py:150} INFO - [2025-04-09T17:58:53.139+0000] {dag.py:2742} INFO - Sync 1 DAGs
[2025-04-09T17:58:53.153+0000] {logging_mixin.py:150} INFO - [2025-04-09T17:58:53.153+0000] {dag.py:3504} INFO - Setting next_dagrun for two_task_dag to None, run_after=None
[2025-04-09T17:58:53.167+0000] {processor.py:179} INFO - Processing /workspaces/hands-on-introduction-data-engineering-4395021/airflow/dags/two_task_dag.py took 0.056 seconds
[2025-04-09T17:59:23.302+0000] {processor.py:157} INFO - Started process (PID=30627) to work on /workspaces/hands-on-introduction-data-engineering-4395021/airflow/dags/two_task_dag.py
[2025-04-09T17:59:23.303+0000] {processor.py:826} INFO - Processing file /workspaces/hands-on-introduction-data-engineering-4395021/airflow/dags/two_task_dag.py for tasks to queue
[2025-04-09T17:59:23.304+0000] {logging_mixin.py:150} INFO - [2025-04-09T17:59:23.303+0000] {dagbag.py:541} INFO - Filling up the DagBag from /workspaces/hands-on-introduction-data-engineering-4395021/airflow/dags/two_task_dag.py
[2025-04-09T17:59:23.311+0000] {processor.py:836} INFO - DAG(s) dict_keys(['two_task_dag']) retrieved from /workspaces/hands-on-introduction-data-engineering-4395021/airflow/dags/two_task_dag.py
[2025-04-09T17:59:23.329+0000] {logging_mixin.py:150} INFO - [2025-04-09T17:59:23.329+0000] {dag.py:2742} INFO - Sync 1 DAGs
[2025-04-09T17:59:23.342+0000] {logging_mixin.py:150} INFO - [2025-04-09T17:59:23.342+0000] {dag.py:3504} INFO - Setting next_dagrun for two_task_dag to None, run_after=None
[2025-04-09T17:59:23.355+0000] {processor.py:179} INFO - Processing /workspaces/hands-on-introduction-data-engineering-4395021/airflow/dags/two_task_dag.py took 0.056 seconds
[2025-04-09T17:59:53.487+0000] {processor.py:157} INFO - Started process (PID=30798) to work on /workspaces/hands-on-introduction-data-engineering-4395021/airflow/dags/two_task_dag.py
[2025-04-09T17:59:53.488+0000] {processor.py:826} INFO - Processing file /workspaces/hands-on-introduction-data-engineering-4395021/airflow/dags/two_task_dag.py for tasks to queue
[2025-04-09T17:59:53.489+0000] {logging_mixin.py:150} INFO - [2025-04-09T17:59:53.488+0000] {dagbag.py:541} INFO - Filling up the DagBag from /workspaces/hands-on-introduction-data-engineering-4395021/airflow/dags/two_task_dag.py
[2025-04-09T17:59:53.496+0000] {processor.py:836} INFO - DAG(s) dict_keys(['two_task_dag']) retrieved from /workspaces/hands-on-introduction-data-engineering-4395021/airflow/dags/two_task_dag.py
[2025-04-09T17:59:53.514+0000] {logging_mixin.py:150} INFO - [2025-04-09T17:59:53.514+0000] {dag.py:2742} INFO - Sync 1 DAGs
[2025-04-09T17:59:53.527+0000] {logging_mixin.py:150} INFO - [2025-04-09T17:59:53.527+0000] {dag.py:3504} INFO - Setting next_dagrun for two_task_dag to None, run_after=None
[2025-04-09T17:59:53.541+0000] {processor.py:179} INFO - Processing /workspaces/hands-on-introduction-data-engineering-4395021/airflow/dags/two_task_dag.py took 0.056 seconds
[2025-04-09T18:00:23.672+0000] {processor.py:157} INFO - Started process (PID=30975) to work on /workspaces/hands-on-introduction-data-engineering-4395021/airflow/dags/two_task_dag.py
[2025-04-09T18:00:23.673+0000] {processor.py:826} INFO - Processing file /workspaces/hands-on-introduction-data-engineering-4395021/airflow/dags/two_task_dag.py for tasks to queue
[2025-04-09T18:00:23.673+0000] {logging_mixin.py:150} INFO - [2025-04-09T18:00:23.673+0000] {dagbag.py:541} INFO - Filling up the DagBag from /workspaces/hands-on-introduction-data-engineering-4395021/airflow/dags/two_task_dag.py
[2025-04-09T18:00:23.681+0000] {processor.py:836} INFO - DAG(s) dict_keys(['two_task_dag']) retrieved from /workspaces/hands-on-introduction-data-engineering-4395021/airflow/dags/two_task_dag.py
[2025-04-09T18:00:23.699+0000] {logging_mixin.py:150} INFO - [2025-04-09T18:00:23.699+0000] {dag.py:2742} INFO - Sync 1 DAGs
[2025-04-09T18:00:23.712+0000] {logging_mixin.py:150} INFO - [2025-04-09T18:00:23.712+0000] {dag.py:3504} INFO - Setting next_dagrun for two_task_dag to None, run_after=None
[2025-04-09T18:00:23.726+0000] {processor.py:179} INFO - Processing /workspaces/hands-on-introduction-data-engineering-4395021/airflow/dags/two_task_dag.py took 0.056 seconds
[2025-04-09T18:00:53.855+0000] {processor.py:157} INFO - Started process (PID=31146) to work on /workspaces/hands-on-introduction-data-engineering-4395021/airflow/dags/two_task_dag.py
[2025-04-09T18:00:53.856+0000] {processor.py:826} INFO - Processing file /workspaces/hands-on-introduction-data-engineering-4395021/airflow/dags/two_task_dag.py for tasks to queue
[2025-04-09T18:00:53.857+0000] {logging_mixin.py:150} INFO - [2025-04-09T18:00:53.856+0000] {dagbag.py:541} INFO - Filling up the DagBag from /workspaces/hands-on-introduction-data-engineering-4395021/airflow/dags/two_task_dag.py
[2025-04-09T18:00:53.864+0000] {processor.py:836} INFO - DAG(s) dict_keys(['two_task_dag']) retrieved from /workspaces/hands-on-introduction-data-engineering-4395021/airflow/dags/two_task_dag.py
[2025-04-09T18:00:53.882+0000] {logging_mixin.py:150} INFO - [2025-04-09T18:00:53.882+0000] {dag.py:2742} INFO - Sync 1 DAGs
[2025-04-09T18:00:53.895+0000] {logging_mixin.py:150} INFO - [2025-04-09T18:00:53.895+0000] {dag.py:3504} INFO - Setting next_dagrun for two_task_dag to None, run_after=None
[2025-04-09T18:00:53.909+0000] {processor.py:179} INFO - Processing /workspaces/hands-on-introduction-data-engineering-4395021/airflow/dags/two_task_dag.py took 0.057 seconds
[2025-04-09T18:01:24.040+0000] {processor.py:157} INFO - Started process (PID=31317) to work on /workspaces/hands-on-introduction-data-engineering-4395021/airflow/dags/two_task_dag.py
[2025-04-09T18:01:24.041+0000] {processor.py:826} INFO - Processing file /workspaces/hands-on-introduction-data-engineering-4395021/airflow/dags/two_task_dag.py for tasks to queue
[2025-04-09T18:01:24.041+0000] {logging_mixin.py:150} INFO - [2025-04-09T18:01:24.041+0000] {dagbag.py:541} INFO - Filling up the DagBag from /workspaces/hands-on-introduction-data-engineering-4395021/airflow/dags/two_task_dag.py
[2025-04-09T18:01:24.049+0000] {processor.py:836} INFO - DAG(s) dict_keys(['two_task_dag']) retrieved from /workspaces/hands-on-introduction-data-engineering-4395021/airflow/dags/two_task_dag.py
[2025-04-09T18:01:24.066+0000] {logging_mixin.py:150} INFO - [2025-04-09T18:01:24.066+0000] {dag.py:2742} INFO - Sync 1 DAGs
[2025-04-09T18:01:24.080+0000] {logging_mixin.py:150} INFO - [2025-04-09T18:01:24.080+0000] {dag.py:3504} INFO - Setting next_dagrun for two_task_dag to None, run_after=None
[2025-04-09T18:01:24.094+0000] {processor.py:179} INFO - Processing /workspaces/hands-on-introduction-data-engineering-4395021/airflow/dags/two_task_dag.py took 0.057 seconds
[2025-04-09T18:01:54.224+0000] {processor.py:157} INFO - Started process (PID=31494) to work on /workspaces/hands-on-introduction-data-engineering-4395021/airflow/dags/two_task_dag.py
[2025-04-09T18:01:54.225+0000] {processor.py:826} INFO - Processing file /workspaces/hands-on-introduction-data-engineering-4395021/airflow/dags/two_task_dag.py for tasks to queue
[2025-04-09T18:01:54.226+0000] {logging_mixin.py:150} INFO - [2025-04-09T18:01:54.226+0000] {dagbag.py:541} INFO - Filling up the DagBag from /workspaces/hands-on-introduction-data-engineering-4395021/airflow/dags/two_task_dag.py
[2025-04-09T18:01:54.233+0000] {processor.py:836} INFO - DAG(s) dict_keys(['two_task_dag']) retrieved from /workspaces/hands-on-introduction-data-engineering-4395021/airflow/dags/two_task_dag.py
[2025-04-09T18:01:54.251+0000] {logging_mixin.py:150} INFO - [2025-04-09T18:01:54.250+0000] {dag.py:2742} INFO - Sync 1 DAGs
[2025-04-09T18:01:54.264+0000] {logging_mixin.py:150} INFO - [2025-04-09T18:01:54.264+0000] {dag.py:3504} INFO - Setting next_dagrun for two_task_dag to None, run_after=None
[2025-04-09T18:01:54.281+0000] {processor.py:179} INFO - Processing /workspaces/hands-on-introduction-data-engineering-4395021/airflow/dags/two_task_dag.py took 0.059 seconds
[2025-04-09T18:02:24.408+0000] {processor.py:157} INFO - Started process (PID=31665) to work on /workspaces/hands-on-introduction-data-engineering-4395021/airflow/dags/two_task_dag.py
[2025-04-09T18:02:24.409+0000] {processor.py:826} INFO - Processing file /workspaces/hands-on-introduction-data-engineering-4395021/airflow/dags/two_task_dag.py for tasks to queue
[2025-04-09T18:02:24.410+0000] {logging_mixin.py:150} INFO - [2025-04-09T18:02:24.410+0000] {dagbag.py:541} INFO - Filling up the DagBag from /workspaces/hands-on-introduction-data-engineering-4395021/airflow/dags/two_task_dag.py
[2025-04-09T18:02:24.418+0000] {processor.py:836} INFO - DAG(s) dict_keys(['two_task_dag']) retrieved from /workspaces/hands-on-introduction-data-engineering-4395021/airflow/dags/two_task_dag.py
[2025-04-09T18:02:24.435+0000] {logging_mixin.py:150} INFO - [2025-04-09T18:02:24.435+0000] {dag.py:2742} INFO - Sync 1 DAGs
[2025-04-09T18:02:24.449+0000] {logging_mixin.py:150} INFO - [2025-04-09T18:02:24.449+0000] {dag.py:3504} INFO - Setting next_dagrun for two_task_dag to None, run_after=None
[2025-04-09T18:02:24.462+0000] {processor.py:179} INFO - Processing /workspaces/hands-on-introduction-data-engineering-4395021/airflow/dags/two_task_dag.py took 0.056 seconds
[2025-04-09T18:02:54.593+0000] {processor.py:157} INFO - Started process (PID=31843) to work on /workspaces/hands-on-introduction-data-engineering-4395021/airflow/dags/two_task_dag.py
[2025-04-09T18:02:54.594+0000] {processor.py:826} INFO - Processing file /workspaces/hands-on-introduction-data-engineering-4395021/airflow/dags/two_task_dag.py for tasks to queue
[2025-04-09T18:02:54.595+0000] {logging_mixin.py:150} INFO - [2025-04-09T18:02:54.595+0000] {dagbag.py:541} INFO - Filling up the DagBag from /workspaces/hands-on-introduction-data-engineering-4395021/airflow/dags/two_task_dag.py
[2025-04-09T18:02:54.602+0000] {processor.py:836} INFO - DAG(s) dict_keys(['two_task_dag']) retrieved from /workspaces/hands-on-introduction-data-engineering-4395021/airflow/dags/two_task_dag.py
[2025-04-09T18:02:54.620+0000] {logging_mixin.py:150} INFO - [2025-04-09T18:02:54.620+0000] {dag.py:2742} INFO - Sync 1 DAGs
[2025-04-09T18:02:54.633+0000] {logging_mixin.py:150} INFO - [2025-04-09T18:02:54.633+0000] {dag.py:3504} INFO - Setting next_dagrun for two_task_dag to None, run_after=None
[2025-04-09T18:02:54.646+0000] {processor.py:179} INFO - Processing /workspaces/hands-on-introduction-data-engineering-4395021/airflow/dags/two_task_dag.py took 0.055 seconds
[2025-04-09T18:03:24.778+0000] {processor.py:157} INFO - Started process (PID=32012) to work on /workspaces/hands-on-introduction-data-engineering-4395021/airflow/dags/two_task_dag.py
[2025-04-09T18:03:24.779+0000] {processor.py:826} INFO - Processing file /workspaces/hands-on-introduction-data-engineering-4395021/airflow/dags/two_task_dag.py for tasks to queue
[2025-04-09T18:03:24.780+0000] {logging_mixin.py:150} INFO - [2025-04-09T18:03:24.779+0000] {dagbag.py:541} INFO - Filling up the DagBag from /workspaces/hands-on-introduction-data-engineering-4395021/airflow/dags/two_task_dag.py
[2025-04-09T18:03:24.787+0000] {processor.py:836} INFO - DAG(s) dict_keys(['two_task_dag']) retrieved from /workspaces/hands-on-introduction-data-engineering-4395021/airflow/dags/two_task_dag.py
[2025-04-09T18:03:24.804+0000] {logging_mixin.py:150} INFO - [2025-04-09T18:03:24.804+0000] {dag.py:2742} INFO - Sync 1 DAGs
[2025-04-09T18:03:24.818+0000] {logging_mixin.py:150} INFO - [2025-04-09T18:03:24.818+0000] {dag.py:3504} INFO - Setting next_dagrun for two_task_dag to None, run_after=None
[2025-04-09T18:03:24.831+0000] {processor.py:179} INFO - Processing /workspaces/hands-on-introduction-data-engineering-4395021/airflow/dags/two_task_dag.py took 0.056 seconds
[2025-04-09T18:03:54.962+0000] {processor.py:157} INFO - Started process (PID=32189) to work on /workspaces/hands-on-introduction-data-engineering-4395021/airflow/dags/two_task_dag.py
[2025-04-09T18:03:54.963+0000] {processor.py:826} INFO - Processing file /workspaces/hands-on-introduction-data-engineering-4395021/airflow/dags/two_task_dag.py for tasks to queue
[2025-04-09T18:03:54.964+0000] {logging_mixin.py:150} INFO - [2025-04-09T18:03:54.964+0000] {dagbag.py:541} INFO - Filling up the DagBag from /workspaces/hands-on-introduction-data-engineering-4395021/airflow/dags/two_task_dag.py
[2025-04-09T18:03:54.971+0000] {processor.py:836} INFO - DAG(s) dict_keys(['two_task_dag']) retrieved from /workspaces/hands-on-introduction-data-engineering-4395021/airflow/dags/two_task_dag.py
[2025-04-09T18:03:54.989+0000] {logging_mixin.py:150} INFO - [2025-04-09T18:03:54.989+0000] {dag.py:2742} INFO - Sync 1 DAGs
[2025-04-09T18:03:55.002+0000] {logging_mixin.py:150} INFO - [2025-04-09T18:03:55.002+0000] {dag.py:3504} INFO - Setting next_dagrun for two_task_dag to None, run_after=None
[2025-04-09T18:03:55.017+0000] {processor.py:179} INFO - Processing /workspaces/hands-on-introduction-data-engineering-4395021/airflow/dags/two_task_dag.py took 0.057 seconds
[2025-04-09T18:04:25.146+0000] {processor.py:157} INFO - Started process (PID=32359) to work on /workspaces/hands-on-introduction-data-engineering-4395021/airflow/dags/two_task_dag.py
[2025-04-09T18:04:25.147+0000] {processor.py:826} INFO - Processing file /workspaces/hands-on-introduction-data-engineering-4395021/airflow/dags/two_task_dag.py for tasks to queue
[2025-04-09T18:04:25.148+0000] {logging_mixin.py:150} INFO - [2025-04-09T18:04:25.148+0000] {dagbag.py:541} INFO - Filling up the DagBag from /workspaces/hands-on-introduction-data-engineering-4395021/airflow/dags/two_task_dag.py
[2025-04-09T18:04:25.155+0000] {processor.py:836} INFO - DAG(s) dict_keys(['two_task_dag']) retrieved from /workspaces/hands-on-introduction-data-engineering-4395021/airflow/dags/two_task_dag.py
[2025-04-09T18:04:25.173+0000] {logging_mixin.py:150} INFO - [2025-04-09T18:04:25.172+0000] {dag.py:2742} INFO - Sync 1 DAGs
[2025-04-09T18:04:25.192+0000] {logging_mixin.py:150} INFO - [2025-04-09T18:04:25.192+0000] {dag.py:3504} INFO - Setting next_dagrun for two_task_dag to None, run_after=None
[2025-04-09T18:04:25.212+0000] {processor.py:179} INFO - Processing /workspaces/hands-on-introduction-data-engineering-4395021/airflow/dags/two_task_dag.py took 0.068 seconds
[2025-04-09T18:04:55.331+0000] {processor.py:157} INFO - Started process (PID=32530) to work on /workspaces/hands-on-introduction-data-engineering-4395021/airflow/dags/two_task_dag.py
[2025-04-09T18:04:55.332+0000] {processor.py:826} INFO - Processing file /workspaces/hands-on-introduction-data-engineering-4395021/airflow/dags/two_task_dag.py for tasks to queue
[2025-04-09T18:04:55.333+0000] {logging_mixin.py:150} INFO - [2025-04-09T18:04:55.333+0000] {dagbag.py:541} INFO - Filling up the DagBag from /workspaces/hands-on-introduction-data-engineering-4395021/airflow/dags/two_task_dag.py
[2025-04-09T18:04:55.340+0000] {processor.py:836} INFO - DAG(s) dict_keys(['two_task_dag']) retrieved from /workspaces/hands-on-introduction-data-engineering-4395021/airflow/dags/two_task_dag.py
[2025-04-09T18:04:55.358+0000] {logging_mixin.py:150} INFO - [2025-04-09T18:04:55.358+0000] {dag.py:2742} INFO - Sync 1 DAGs
[2025-04-09T18:04:55.371+0000] {logging_mixin.py:150} INFO - [2025-04-09T18:04:55.371+0000] {dag.py:3504} INFO - Setting next_dagrun for two_task_dag to None, run_after=None
[2025-04-09T18:04:55.385+0000] {processor.py:179} INFO - Processing /workspaces/hands-on-introduction-data-engineering-4395021/airflow/dags/two_task_dag.py took 0.056 seconds
[2025-04-09T18:05:25.523+0000] {processor.py:157} INFO - Started process (PID=32707) to work on /workspaces/hands-on-introduction-data-engineering-4395021/airflow/dags/two_task_dag.py
[2025-04-09T18:05:25.524+0000] {processor.py:826} INFO - Processing file /workspaces/hands-on-introduction-data-engineering-4395021/airflow/dags/two_task_dag.py for tasks to queue
[2025-04-09T18:05:25.525+0000] {logging_mixin.py:150} INFO - [2025-04-09T18:05:25.524+0000] {dagbag.py:541} INFO - Filling up the DagBag from /workspaces/hands-on-introduction-data-engineering-4395021/airflow/dags/two_task_dag.py
[2025-04-09T18:05:25.532+0000] {processor.py:836} INFO - DAG(s) dict_keys(['two_task_dag']) retrieved from /workspaces/hands-on-introduction-data-engineering-4395021/airflow/dags/two_task_dag.py
[2025-04-09T18:05:25.550+0000] {logging_mixin.py:150} INFO - [2025-04-09T18:05:25.550+0000] {dag.py:2742} INFO - Sync 1 DAGs
[2025-04-09T18:05:25.564+0000] {logging_mixin.py:150} INFO - [2025-04-09T18:05:25.564+0000] {dag.py:3504} INFO - Setting next_dagrun for two_task_dag to None, run_after=None
[2025-04-09T18:05:25.578+0000] {processor.py:179} INFO - Processing /workspaces/hands-on-introduction-data-engineering-4395021/airflow/dags/two_task_dag.py took 0.057 seconds
[2025-04-09T18:05:55.709+0000] {processor.py:157} INFO - Started process (PID=32879) to work on /workspaces/hands-on-introduction-data-engineering-4395021/airflow/dags/two_task_dag.py
[2025-04-09T18:05:55.709+0000] {processor.py:826} INFO - Processing file /workspaces/hands-on-introduction-data-engineering-4395021/airflow/dags/two_task_dag.py for tasks to queue
[2025-04-09T18:05:55.710+0000] {logging_mixin.py:150} INFO - [2025-04-09T18:05:55.710+0000] {dagbag.py:541} INFO - Filling up the DagBag from /workspaces/hands-on-introduction-data-engineering-4395021/airflow/dags/two_task_dag.py
[2025-04-09T18:05:55.717+0000] {processor.py:836} INFO - DAG(s) dict_keys(['two_task_dag']) retrieved from /workspaces/hands-on-introduction-data-engineering-4395021/airflow/dags/two_task_dag.py
[2025-04-09T18:05:55.735+0000] {logging_mixin.py:150} INFO - [2025-04-09T18:05:55.735+0000] {dag.py:2742} INFO - Sync 1 DAGs
[2025-04-09T18:05:55.748+0000] {logging_mixin.py:150} INFO - [2025-04-09T18:05:55.748+0000] {dag.py:3504} INFO - Setting next_dagrun for two_task_dag to None, run_after=None
[2025-04-09T18:05:55.761+0000] {processor.py:179} INFO - Processing /workspaces/hands-on-introduction-data-engineering-4395021/airflow/dags/two_task_dag.py took 0.055 seconds
[2025-04-09T18:06:25.896+0000] {processor.py:157} INFO - Started process (PID=33056) to work on /workspaces/hands-on-introduction-data-engineering-4395021/airflow/dags/two_task_dag.py
[2025-04-09T18:06:25.896+0000] {processor.py:826} INFO - Processing file /workspaces/hands-on-introduction-data-engineering-4395021/airflow/dags/two_task_dag.py for tasks to queue
[2025-04-09T18:06:25.897+0000] {logging_mixin.py:150} INFO - [2025-04-09T18:06:25.897+0000] {dagbag.py:541} INFO - Filling up the DagBag from /workspaces/hands-on-introduction-data-engineering-4395021/airflow/dags/two_task_dag.py
[2025-04-09T18:06:25.906+0000] {processor.py:836} INFO - DAG(s) dict_keys(['two_task_dag']) retrieved from /workspaces/hands-on-introduction-data-engineering-4395021/airflow/dags/two_task_dag.py
[2025-04-09T18:06:25.925+0000] {logging_mixin.py:150} INFO - [2025-04-09T18:06:25.925+0000] {dag.py:2742} INFO - Sync 1 DAGs
[2025-04-09T18:06:25.939+0000] {logging_mixin.py:150} INFO - [2025-04-09T18:06:25.939+0000] {dag.py:3504} INFO - Setting next_dagrun for two_task_dag to None, run_after=None
[2025-04-09T18:06:25.953+0000] {processor.py:179} INFO - Processing /workspaces/hands-on-introduction-data-engineering-4395021/airflow/dags/two_task_dag.py took 0.059 seconds
[2025-04-09T18:06:56.080+0000] {processor.py:157} INFO - Started process (PID=33227) to work on /workspaces/hands-on-introduction-data-engineering-4395021/airflow/dags/two_task_dag.py
[2025-04-09T18:06:56.081+0000] {processor.py:826} INFO - Processing file /workspaces/hands-on-introduction-data-engineering-4395021/airflow/dags/two_task_dag.py for tasks to queue
[2025-04-09T18:06:56.082+0000] {logging_mixin.py:150} INFO - [2025-04-09T18:06:56.081+0000] {dagbag.py:541} INFO - Filling up the DagBag from /workspaces/hands-on-introduction-data-engineering-4395021/airflow/dags/two_task_dag.py
[2025-04-09T18:06:56.089+0000] {processor.py:836} INFO - DAG(s) dict_keys(['two_task_dag']) retrieved from /workspaces/hands-on-introduction-data-engineering-4395021/airflow/dags/two_task_dag.py
[2025-04-09T18:06:56.107+0000] {logging_mixin.py:150} INFO - [2025-04-09T18:06:56.107+0000] {dag.py:2742} INFO - Sync 1 DAGs
[2025-04-09T18:06:56.120+0000] {logging_mixin.py:150} INFO - [2025-04-09T18:06:56.120+0000] {dag.py:3504} INFO - Setting next_dagrun for two_task_dag to None, run_after=None
[2025-04-09T18:06:56.133+0000] {processor.py:179} INFO - Processing /workspaces/hands-on-introduction-data-engineering-4395021/airflow/dags/two_task_dag.py took 0.056 seconds
[2025-04-09T18:07:26.264+0000] {processor.py:157} INFO - Started process (PID=33404) to work on /workspaces/hands-on-introduction-data-engineering-4395021/airflow/dags/two_task_dag.py
[2025-04-09T18:07:26.265+0000] {processor.py:826} INFO - Processing file /workspaces/hands-on-introduction-data-engineering-4395021/airflow/dags/two_task_dag.py for tasks to queue
[2025-04-09T18:07:26.265+0000] {logging_mixin.py:150} INFO - [2025-04-09T18:07:26.265+0000] {dagbag.py:541} INFO - Filling up the DagBag from /workspaces/hands-on-introduction-data-engineering-4395021/airflow/dags/two_task_dag.py
[2025-04-09T18:07:26.273+0000] {processor.py:836} INFO - DAG(s) dict_keys(['two_task_dag']) retrieved from /workspaces/hands-on-introduction-data-engineering-4395021/airflow/dags/two_task_dag.py
[2025-04-09T18:07:26.291+0000] {logging_mixin.py:150} INFO - [2025-04-09T18:07:26.291+0000] {dag.py:2742} INFO - Sync 1 DAGs
[2025-04-09T18:07:26.304+0000] {logging_mixin.py:150} INFO - [2025-04-09T18:07:26.304+0000] {dag.py:3504} INFO - Setting next_dagrun for two_task_dag to None, run_after=None
[2025-04-09T18:07:26.319+0000] {processor.py:179} INFO - Processing /workspaces/hands-on-introduction-data-engineering-4395021/airflow/dags/two_task_dag.py took 0.057 seconds
[2025-04-09T18:07:56.448+0000] {processor.py:157} INFO - Started process (PID=33575) to work on /workspaces/hands-on-introduction-data-engineering-4395021/airflow/dags/two_task_dag.py
[2025-04-09T18:07:56.449+0000] {processor.py:826} INFO - Processing file /workspaces/hands-on-introduction-data-engineering-4395021/airflow/dags/two_task_dag.py for tasks to queue
[2025-04-09T18:07:56.450+0000] {logging_mixin.py:150} INFO - [2025-04-09T18:07:56.449+0000] {dagbag.py:541} INFO - Filling up the DagBag from /workspaces/hands-on-introduction-data-engineering-4395021/airflow/dags/two_task_dag.py
[2025-04-09T18:07:56.457+0000] {processor.py:836} INFO - DAG(s) dict_keys(['two_task_dag']) retrieved from /workspaces/hands-on-introduction-data-engineering-4395021/airflow/dags/two_task_dag.py
[2025-04-09T18:07:56.475+0000] {logging_mixin.py:150} INFO - [2025-04-09T18:07:56.475+0000] {dag.py:2742} INFO - Sync 1 DAGs
[2025-04-09T18:07:56.489+0000] {logging_mixin.py:150} INFO - [2025-04-09T18:07:56.489+0000] {dag.py:3504} INFO - Setting next_dagrun for two_task_dag to None, run_after=None
[2025-04-09T18:07:56.504+0000] {processor.py:179} INFO - Processing /workspaces/hands-on-introduction-data-engineering-4395021/airflow/dags/two_task_dag.py took 0.058 seconds
[2025-04-09T18:08:26.633+0000] {processor.py:157} INFO - Started process (PID=33746) to work on /workspaces/hands-on-introduction-data-engineering-4395021/airflow/dags/two_task_dag.py
[2025-04-09T18:08:26.634+0000] {processor.py:826} INFO - Processing file /workspaces/hands-on-introduction-data-engineering-4395021/airflow/dags/two_task_dag.py for tasks to queue
[2025-04-09T18:08:26.634+0000] {logging_mixin.py:150} INFO - [2025-04-09T18:08:26.634+0000] {dagbag.py:541} INFO - Filling up the DagBag from /workspaces/hands-on-introduction-data-engineering-4395021/airflow/dags/two_task_dag.py
[2025-04-09T18:08:26.642+0000] {processor.py:836} INFO - DAG(s) dict_keys(['two_task_dag']) retrieved from /workspaces/hands-on-introduction-data-engineering-4395021/airflow/dags/two_task_dag.py
[2025-04-09T18:08:26.659+0000] {logging_mixin.py:150} INFO - [2025-04-09T18:08:26.659+0000] {dag.py:2742} INFO - Sync 1 DAGs
[2025-04-09T18:08:26.672+0000] {logging_mixin.py:150} INFO - [2025-04-09T18:08:26.672+0000] {dag.py:3504} INFO - Setting next_dagrun for two_task_dag to None, run_after=None
[2025-04-09T18:08:26.685+0000] {processor.py:179} INFO - Processing /workspaces/hands-on-introduction-data-engineering-4395021/airflow/dags/two_task_dag.py took 0.055 seconds
[2025-04-09T18:08:56.833+0000] {processor.py:157} INFO - Started process (PID=33922) to work on /workspaces/hands-on-introduction-data-engineering-4395021/airflow/dags/two_task_dag.py
[2025-04-09T18:08:56.834+0000] {processor.py:826} INFO - Processing file /workspaces/hands-on-introduction-data-engineering-4395021/airflow/dags/two_task_dag.py for tasks to queue
[2025-04-09T18:08:56.835+0000] {logging_mixin.py:150} INFO - [2025-04-09T18:08:56.834+0000] {dagbag.py:541} INFO - Filling up the DagBag from /workspaces/hands-on-introduction-data-engineering-4395021/airflow/dags/two_task_dag.py
[2025-04-09T18:08:56.842+0000] {processor.py:836} INFO - DAG(s) dict_keys(['two_task_dag']) retrieved from /workspaces/hands-on-introduction-data-engineering-4395021/airflow/dags/two_task_dag.py
[2025-04-09T18:08:56.860+0000] {logging_mixin.py:150} INFO - [2025-04-09T18:08:56.860+0000] {dag.py:2742} INFO - Sync 1 DAGs
[2025-04-09T18:08:56.875+0000] {logging_mixin.py:150} INFO - [2025-04-09T18:08:56.875+0000] {dag.py:3504} INFO - Setting next_dagrun for two_task_dag to None, run_after=None
[2025-04-09T18:08:56.890+0000] {processor.py:179} INFO - Processing /workspaces/hands-on-introduction-data-engineering-4395021/airflow/dags/two_task_dag.py took 0.059 seconds
[2025-04-09T18:09:27.019+0000] {processor.py:157} INFO - Started process (PID=34094) to work on /workspaces/hands-on-introduction-data-engineering-4395021/airflow/dags/two_task_dag.py
[2025-04-09T18:09:27.019+0000] {processor.py:826} INFO - Processing file /workspaces/hands-on-introduction-data-engineering-4395021/airflow/dags/two_task_dag.py for tasks to queue
[2025-04-09T18:09:27.020+0000] {logging_mixin.py:150} INFO - [2025-04-09T18:09:27.020+0000] {dagbag.py:541} INFO - Filling up the DagBag from /workspaces/hands-on-introduction-data-engineering-4395021/airflow/dags/two_task_dag.py
[2025-04-09T18:09:27.027+0000] {processor.py:836} INFO - DAG(s) dict_keys(['two_task_dag']) retrieved from /workspaces/hands-on-introduction-data-engineering-4395021/airflow/dags/two_task_dag.py
[2025-04-09T18:09:27.046+0000] {logging_mixin.py:150} INFO - [2025-04-09T18:09:27.045+0000] {dag.py:2742} INFO - Sync 1 DAGs
[2025-04-09T18:09:27.060+0000] {logging_mixin.py:150} INFO - [2025-04-09T18:09:27.060+0000] {dag.py:3504} INFO - Setting next_dagrun for two_task_dag to None, run_after=None
[2025-04-09T18:09:27.073+0000] {processor.py:179} INFO - Processing /workspaces/hands-on-introduction-data-engineering-4395021/airflow/dags/two_task_dag.py took 0.057 seconds
[2025-04-09T18:09:57.204+0000] {processor.py:157} INFO - Started process (PID=34271) to work on /workspaces/hands-on-introduction-data-engineering-4395021/airflow/dags/two_task_dag.py
[2025-04-09T18:09:57.205+0000] {processor.py:826} INFO - Processing file /workspaces/hands-on-introduction-data-engineering-4395021/airflow/dags/two_task_dag.py for tasks to queue
[2025-04-09T18:09:57.205+0000] {logging_mixin.py:150} INFO - [2025-04-09T18:09:57.205+0000] {dagbag.py:541} INFO - Filling up the DagBag from /workspaces/hands-on-introduction-data-engineering-4395021/airflow/dags/two_task_dag.py
[2025-04-09T18:09:57.213+0000] {processor.py:836} INFO - DAG(s) dict_keys(['two_task_dag']) retrieved from /workspaces/hands-on-introduction-data-engineering-4395021/airflow/dags/two_task_dag.py
[2025-04-09T18:09:57.230+0000] {logging_mixin.py:150} INFO - [2025-04-09T18:09:57.230+0000] {dag.py:2742} INFO - Sync 1 DAGs
[2025-04-09T18:09:57.244+0000] {logging_mixin.py:150} INFO - [2025-04-09T18:09:57.244+0000] {dag.py:3504} INFO - Setting next_dagrun for two_task_dag to None, run_after=None
[2025-04-09T18:09:57.257+0000] {processor.py:179} INFO - Processing /workspaces/hands-on-introduction-data-engineering-4395021/airflow/dags/two_task_dag.py took 0.056 seconds
[2025-04-09T18:10:27.389+0000] {processor.py:157} INFO - Started process (PID=34448) to work on /workspaces/hands-on-introduction-data-engineering-4395021/airflow/dags/two_task_dag.py
[2025-04-09T18:10:27.389+0000] {processor.py:826} INFO - Processing file /workspaces/hands-on-introduction-data-engineering-4395021/airflow/dags/two_task_dag.py for tasks to queue
[2025-04-09T18:10:27.390+0000] {logging_mixin.py:150} INFO - [2025-04-09T18:10:27.390+0000] {dagbag.py:541} INFO - Filling up the DagBag from /workspaces/hands-on-introduction-data-engineering-4395021/airflow/dags/two_task_dag.py
[2025-04-09T18:10:27.398+0000] {processor.py:836} INFO - DAG(s) dict_keys(['two_task_dag']) retrieved from /workspaces/hands-on-introduction-data-engineering-4395021/airflow/dags/two_task_dag.py
[2025-04-09T18:10:27.427+0000] {logging_mixin.py:150} INFO - [2025-04-09T18:10:27.427+0000] {dag.py:2742} INFO - Sync 1 DAGs
[2025-04-09T18:10:27.441+0000] {logging_mixin.py:150} INFO - [2025-04-09T18:10:27.441+0000] {dag.py:3504} INFO - Setting next_dagrun for two_task_dag to None, run_after=None
[2025-04-09T18:10:27.455+0000] {processor.py:179} INFO - Processing /workspaces/hands-on-introduction-data-engineering-4395021/airflow/dags/two_task_dag.py took 0.069 seconds
[2025-04-09T18:10:57.573+0000] {processor.py:157} INFO - Started process (PID=34619) to work on /workspaces/hands-on-introduction-data-engineering-4395021/airflow/dags/two_task_dag.py
[2025-04-09T18:10:57.574+0000] {processor.py:826} INFO - Processing file /workspaces/hands-on-introduction-data-engineering-4395021/airflow/dags/two_task_dag.py for tasks to queue
[2025-04-09T18:10:57.574+0000] {logging_mixin.py:150} INFO - [2025-04-09T18:10:57.574+0000] {dagbag.py:541} INFO - Filling up the DagBag from /workspaces/hands-on-introduction-data-engineering-4395021/airflow/dags/two_task_dag.py
[2025-04-09T18:10:57.582+0000] {processor.py:836} INFO - DAG(s) dict_keys(['two_task_dag']) retrieved from /workspaces/hands-on-introduction-data-engineering-4395021/airflow/dags/two_task_dag.py
[2025-04-09T18:10:57.600+0000] {logging_mixin.py:150} INFO - [2025-04-09T18:10:57.600+0000] {dag.py:2742} INFO - Sync 1 DAGs
[2025-04-09T18:10:57.613+0000] {logging_mixin.py:150} INFO - [2025-04-09T18:10:57.613+0000] {dag.py:3504} INFO - Setting next_dagrun for two_task_dag to None, run_after=None
[2025-04-09T18:10:57.626+0000] {processor.py:179} INFO - Processing /workspaces/hands-on-introduction-data-engineering-4395021/airflow/dags/two_task_dag.py took 0.056 seconds
[2025-04-09T18:11:27.759+0000] {processor.py:157} INFO - Started process (PID=34790) to work on /workspaces/hands-on-introduction-data-engineering-4395021/airflow/dags/two_task_dag.py
[2025-04-09T18:11:27.759+0000] {processor.py:826} INFO - Processing file /workspaces/hands-on-introduction-data-engineering-4395021/airflow/dags/two_task_dag.py for tasks to queue
[2025-04-09T18:11:27.760+0000] {logging_mixin.py:150} INFO - [2025-04-09T18:11:27.760+0000] {dagbag.py:541} INFO - Filling up the DagBag from /workspaces/hands-on-introduction-data-engineering-4395021/airflow/dags/two_task_dag.py
[2025-04-09T18:11:27.768+0000] {processor.py:836} INFO - DAG(s) dict_keys(['two_task_dag']) retrieved from /workspaces/hands-on-introduction-data-engineering-4395021/airflow/dags/two_task_dag.py
[2025-04-09T18:11:27.786+0000] {logging_mixin.py:150} INFO - [2025-04-09T18:11:27.786+0000] {dag.py:2742} INFO - Sync 1 DAGs
[2025-04-09T18:11:27.800+0000] {logging_mixin.py:150} INFO - [2025-04-09T18:11:27.800+0000] {dag.py:3504} INFO - Setting next_dagrun for two_task_dag to None, run_after=None
[2025-04-09T18:11:27.817+0000] {processor.py:179} INFO - Processing /workspaces/hands-on-introduction-data-engineering-4395021/airflow/dags/two_task_dag.py took 0.060 seconds
[2025-04-09T18:11:57.943+0000] {processor.py:157} INFO - Started process (PID=34961) to work on /workspaces/hands-on-introduction-data-engineering-4395021/airflow/dags/two_task_dag.py
[2025-04-09T18:11:57.944+0000] {processor.py:826} INFO - Processing file /workspaces/hands-on-introduction-data-engineering-4395021/airflow/dags/two_task_dag.py for tasks to queue
[2025-04-09T18:11:57.945+0000] {logging_mixin.py:150} INFO - [2025-04-09T18:11:57.944+0000] {dagbag.py:541} INFO - Filling up the DagBag from /workspaces/hands-on-introduction-data-engineering-4395021/airflow/dags/two_task_dag.py
[2025-04-09T18:11:57.952+0000] {processor.py:836} INFO - DAG(s) dict_keys(['two_task_dag']) retrieved from /workspaces/hands-on-introduction-data-engineering-4395021/airflow/dags/two_task_dag.py
[2025-04-09T18:11:57.969+0000] {logging_mixin.py:150} INFO - [2025-04-09T18:11:57.969+0000] {dag.py:2742} INFO - Sync 1 DAGs
[2025-04-09T18:11:57.982+0000] {logging_mixin.py:150} INFO - [2025-04-09T18:11:57.982+0000] {dag.py:3504} INFO - Setting next_dagrun for two_task_dag to None, run_after=None
[2025-04-09T18:11:57.996+0000] {processor.py:179} INFO - Processing /workspaces/hands-on-introduction-data-engineering-4395021/airflow/dags/two_task_dag.py took 0.056 seconds
[2025-04-09T18:12:28.128+0000] {processor.py:157} INFO - Started process (PID=35138) to work on /workspaces/hands-on-introduction-data-engineering-4395021/airflow/dags/two_task_dag.py
[2025-04-09T18:12:28.129+0000] {processor.py:826} INFO - Processing file /workspaces/hands-on-introduction-data-engineering-4395021/airflow/dags/two_task_dag.py for tasks to queue
[2025-04-09T18:12:28.129+0000] {logging_mixin.py:150} INFO - [2025-04-09T18:12:28.129+0000] {dagbag.py:541} INFO - Filling up the DagBag from /workspaces/hands-on-introduction-data-engineering-4395021/airflow/dags/two_task_dag.py
[2025-04-09T18:12:28.137+0000] {processor.py:836} INFO - DAG(s) dict_keys(['two_task_dag']) retrieved from /workspaces/hands-on-introduction-data-engineering-4395021/airflow/dags/two_task_dag.py
[2025-04-09T18:12:28.155+0000] {logging_mixin.py:150} INFO - [2025-04-09T18:12:28.155+0000] {dag.py:2742} INFO - Sync 1 DAGs
[2025-04-09T18:12:28.168+0000] {logging_mixin.py:150} INFO - [2025-04-09T18:12:28.168+0000] {dag.py:3504} INFO - Setting next_dagrun for two_task_dag to None, run_after=None
[2025-04-09T18:12:28.181+0000] {processor.py:179} INFO - Processing /workspaces/hands-on-introduction-data-engineering-4395021/airflow/dags/two_task_dag.py took 0.056 seconds
[2025-04-09T18:12:58.315+0000] {processor.py:157} INFO - Started process (PID=35310) to work on /workspaces/hands-on-introduction-data-engineering-4395021/airflow/dags/two_task_dag.py
[2025-04-09T18:12:58.315+0000] {processor.py:826} INFO - Processing file /workspaces/hands-on-introduction-data-engineering-4395021/airflow/dags/two_task_dag.py for tasks to queue
[2025-04-09T18:12:58.316+0000] {logging_mixin.py:150} INFO - [2025-04-09T18:12:58.316+0000] {dagbag.py:541} INFO - Filling up the DagBag from /workspaces/hands-on-introduction-data-engineering-4395021/airflow/dags/two_task_dag.py
[2025-04-09T18:12:58.324+0000] {processor.py:836} INFO - DAG(s) dict_keys(['two_task_dag']) retrieved from /workspaces/hands-on-introduction-data-engineering-4395021/airflow/dags/two_task_dag.py
[2025-04-09T18:12:58.341+0000] {logging_mixin.py:150} INFO - [2025-04-09T18:12:58.341+0000] {dag.py:2742} INFO - Sync 1 DAGs
[2025-04-09T18:12:58.354+0000] {logging_mixin.py:150} INFO - [2025-04-09T18:12:58.354+0000] {dag.py:3504} INFO - Setting next_dagrun for two_task_dag to None, run_after=None
[2025-04-09T18:12:58.368+0000] {processor.py:179} INFO - Processing /workspaces/hands-on-introduction-data-engineering-4395021/airflow/dags/two_task_dag.py took 0.056 seconds
[2025-04-09T18:13:28.499+0000] {processor.py:157} INFO - Started process (PID=35487) to work on /workspaces/hands-on-introduction-data-engineering-4395021/airflow/dags/two_task_dag.py
[2025-04-09T18:13:28.500+0000] {processor.py:826} INFO - Processing file /workspaces/hands-on-introduction-data-engineering-4395021/airflow/dags/two_task_dag.py for tasks to queue
[2025-04-09T18:13:28.501+0000] {logging_mixin.py:150} INFO - [2025-04-09T18:13:28.500+0000] {dagbag.py:541} INFO - Filling up the DagBag from /workspaces/hands-on-introduction-data-engineering-4395021/airflow/dags/two_task_dag.py
[2025-04-09T18:13:28.507+0000] {processor.py:836} INFO - DAG(s) dict_keys(['two_task_dag']) retrieved from /workspaces/hands-on-introduction-data-engineering-4395021/airflow/dags/two_task_dag.py
[2025-04-09T18:13:28.525+0000] {logging_mixin.py:150} INFO - [2025-04-09T18:13:28.525+0000] {dag.py:2742} INFO - Sync 1 DAGs
[2025-04-09T18:13:28.538+0000] {logging_mixin.py:150} INFO - [2025-04-09T18:13:28.538+0000] {dag.py:3504} INFO - Setting next_dagrun for two_task_dag to None, run_after=None
[2025-04-09T18:13:28.552+0000] {processor.py:179} INFO - Processing /workspaces/hands-on-introduction-data-engineering-4395021/airflow/dags/two_task_dag.py took 0.056 seconds
[2025-04-09T18:13:58.684+0000] {processor.py:157} INFO - Started process (PID=35663) to work on /workspaces/hands-on-introduction-data-engineering-4395021/airflow/dags/two_task_dag.py
[2025-04-09T18:13:58.684+0000] {processor.py:826} INFO - Processing file /workspaces/hands-on-introduction-data-engineering-4395021/airflow/dags/two_task_dag.py for tasks to queue
[2025-04-09T18:13:58.685+0000] {logging_mixin.py:150} INFO - [2025-04-09T18:13:58.685+0000] {dagbag.py:541} INFO - Filling up the DagBag from /workspaces/hands-on-introduction-data-engineering-4395021/airflow/dags/two_task_dag.py
[2025-04-09T18:13:58.693+0000] {processor.py:836} INFO - DAG(s) dict_keys(['two_task_dag']) retrieved from /workspaces/hands-on-introduction-data-engineering-4395021/airflow/dags/two_task_dag.py
[2025-04-09T18:13:58.710+0000] {logging_mixin.py:150} INFO - [2025-04-09T18:13:58.710+0000] {dag.py:2742} INFO - Sync 1 DAGs
[2025-04-09T18:13:58.723+0000] {logging_mixin.py:150} INFO - [2025-04-09T18:13:58.723+0000] {dag.py:3504} INFO - Setting next_dagrun for two_task_dag to None, run_after=None
[2025-04-09T18:13:58.737+0000] {processor.py:179} INFO - Processing /workspaces/hands-on-introduction-data-engineering-4395021/airflow/dags/two_task_dag.py took 0.056 seconds
[2025-04-09T18:14:28.870+0000] {processor.py:157} INFO - Started process (PID=35834) to work on /workspaces/hands-on-introduction-data-engineering-4395021/airflow/dags/two_task_dag.py
[2025-04-09T18:14:28.870+0000] {processor.py:826} INFO - Processing file /workspaces/hands-on-introduction-data-engineering-4395021/airflow/dags/two_task_dag.py for tasks to queue
[2025-04-09T18:14:28.871+0000] {logging_mixin.py:150} INFO - [2025-04-09T18:14:28.871+0000] {dagbag.py:541} INFO - Filling up the DagBag from /workspaces/hands-on-introduction-data-engineering-4395021/airflow/dags/two_task_dag.py
[2025-04-09T18:14:28.878+0000] {processor.py:836} INFO - DAG(s) dict_keys(['two_task_dag']) retrieved from /workspaces/hands-on-introduction-data-engineering-4395021/airflow/dags/two_task_dag.py
[2025-04-09T18:14:28.895+0000] {logging_mixin.py:150} INFO - [2025-04-09T18:14:28.895+0000] {dag.py:2742} INFO - Sync 1 DAGs
[2025-04-09T18:14:28.909+0000] {logging_mixin.py:150} INFO - [2025-04-09T18:14:28.909+0000] {dag.py:3504} INFO - Setting next_dagrun for two_task_dag to None, run_after=None
[2025-04-09T18:14:28.922+0000] {processor.py:179} INFO - Processing /workspaces/hands-on-introduction-data-engineering-4395021/airflow/dags/two_task_dag.py took 0.056 seconds
[2025-04-09T18:14:59.055+0000] {processor.py:157} INFO - Started process (PID=36007) to work on /workspaces/hands-on-introduction-data-engineering-4395021/airflow/dags/two_task_dag.py
[2025-04-09T18:14:59.056+0000] {processor.py:826} INFO - Processing file /workspaces/hands-on-introduction-data-engineering-4395021/airflow/dags/two_task_dag.py for tasks to queue
[2025-04-09T18:14:59.057+0000] {logging_mixin.py:150} INFO - [2025-04-09T18:14:59.056+0000] {dagbag.py:541} INFO - Filling up the DagBag from /workspaces/hands-on-introduction-data-engineering-4395021/airflow/dags/two_task_dag.py
[2025-04-09T18:14:59.064+0000] {processor.py:836} INFO - DAG(s) dict_keys(['two_task_dag']) retrieved from /workspaces/hands-on-introduction-data-engineering-4395021/airflow/dags/two_task_dag.py
[2025-04-09T18:14:59.081+0000] {logging_mixin.py:150} INFO - [2025-04-09T18:14:59.081+0000] {dag.py:2742} INFO - Sync 1 DAGs
[2025-04-09T18:14:59.095+0000] {logging_mixin.py:150} INFO - [2025-04-09T18:14:59.095+0000] {dag.py:3504} INFO - Setting next_dagrun for two_task_dag to None, run_after=None
[2025-04-09T18:14:59.109+0000] {processor.py:179} INFO - Processing /workspaces/hands-on-introduction-data-engineering-4395021/airflow/dags/two_task_dag.py took 0.057 seconds
[2025-04-09T18:15:29.239+0000] {processor.py:157} INFO - Started process (PID=36178) to work on /workspaces/hands-on-introduction-data-engineering-4395021/airflow/dags/two_task_dag.py
[2025-04-09T18:15:29.240+0000] {processor.py:826} INFO - Processing file /workspaces/hands-on-introduction-data-engineering-4395021/airflow/dags/two_task_dag.py for tasks to queue
[2025-04-09T18:15:29.241+0000] {logging_mixin.py:150} INFO - [2025-04-09T18:15:29.240+0000] {dagbag.py:541} INFO - Filling up the DagBag from /workspaces/hands-on-introduction-data-engineering-4395021/airflow/dags/two_task_dag.py
[2025-04-09T18:15:29.248+0000] {processor.py:836} INFO - DAG(s) dict_keys(['two_task_dag']) retrieved from /workspaces/hands-on-introduction-data-engineering-4395021/airflow/dags/two_task_dag.py
[2025-04-09T18:15:29.267+0000] {logging_mixin.py:150} INFO - [2025-04-09T18:15:29.267+0000] {dag.py:2742} INFO - Sync 1 DAGs
[2025-04-09T18:15:29.280+0000] {logging_mixin.py:150} INFO - [2025-04-09T18:15:29.280+0000] {dag.py:3504} INFO - Setting next_dagrun for two_task_dag to None, run_after=None
[2025-04-09T18:15:29.294+0000] {processor.py:179} INFO - Processing /workspaces/hands-on-introduction-data-engineering-4395021/airflow/dags/two_task_dag.py took 0.058 seconds
[2025-04-09T18:15:59.423+0000] {processor.py:157} INFO - Started process (PID=36356) to work on /workspaces/hands-on-introduction-data-engineering-4395021/airflow/dags/two_task_dag.py
[2025-04-09T18:15:59.423+0000] {processor.py:826} INFO - Processing file /workspaces/hands-on-introduction-data-engineering-4395021/airflow/dags/two_task_dag.py for tasks to queue
[2025-04-09T18:15:59.424+0000] {logging_mixin.py:150} INFO - [2025-04-09T18:15:59.424+0000] {dagbag.py:541} INFO - Filling up the DagBag from /workspaces/hands-on-introduction-data-engineering-4395021/airflow/dags/two_task_dag.py
[2025-04-09T18:15:59.431+0000] {processor.py:836} INFO - DAG(s) dict_keys(['two_task_dag']) retrieved from /workspaces/hands-on-introduction-data-engineering-4395021/airflow/dags/two_task_dag.py
[2025-04-09T18:15:59.449+0000] {logging_mixin.py:150} INFO - [2025-04-09T18:15:59.449+0000] {dag.py:2742} INFO - Sync 1 DAGs
[2025-04-09T18:15:59.462+0000] {logging_mixin.py:150} INFO - [2025-04-09T18:15:59.462+0000] {dag.py:3504} INFO - Setting next_dagrun for two_task_dag to None, run_after=None
[2025-04-09T18:15:59.478+0000] {processor.py:179} INFO - Processing /workspaces/hands-on-introduction-data-engineering-4395021/airflow/dags/two_task_dag.py took 0.058 seconds
[2025-04-09T18:16:29.607+0000] {processor.py:157} INFO - Started process (PID=36532) to work on /workspaces/hands-on-introduction-data-engineering-4395021/airflow/dags/two_task_dag.py
[2025-04-09T18:16:29.607+0000] {processor.py:826} INFO - Processing file /workspaces/hands-on-introduction-data-engineering-4395021/airflow/dags/two_task_dag.py for tasks to queue
[2025-04-09T18:16:29.608+0000] {logging_mixin.py:150} INFO - [2025-04-09T18:16:29.608+0000] {dagbag.py:541} INFO - Filling up the DagBag from /workspaces/hands-on-introduction-data-engineering-4395021/airflow/dags/two_task_dag.py
[2025-04-09T18:16:29.616+0000] {processor.py:836} INFO - DAG(s) dict_keys(['two_task_dag']) retrieved from /workspaces/hands-on-introduction-data-engineering-4395021/airflow/dags/two_task_dag.py
[2025-04-09T18:16:29.639+0000] {logging_mixin.py:150} INFO - [2025-04-09T18:16:29.639+0000] {dag.py:2742} INFO - Sync 1 DAGs
[2025-04-09T18:16:29.661+0000] {logging_mixin.py:150} INFO - [2025-04-09T18:16:29.661+0000] {dag.py:3504} INFO - Setting next_dagrun for two_task_dag to None, run_after=None
[2025-04-09T18:16:29.676+0000] {processor.py:179} INFO - Processing /workspaces/hands-on-introduction-data-engineering-4395021/airflow/dags/two_task_dag.py took 0.072 seconds
[2025-04-09T18:16:59.792+0000] {processor.py:157} INFO - Started process (PID=36703) to work on /workspaces/hands-on-introduction-data-engineering-4395021/airflow/dags/two_task_dag.py
[2025-04-09T18:16:59.793+0000] {processor.py:826} INFO - Processing file /workspaces/hands-on-introduction-data-engineering-4395021/airflow/dags/two_task_dag.py for tasks to queue
[2025-04-09T18:16:59.794+0000] {logging_mixin.py:150} INFO - [2025-04-09T18:16:59.793+0000] {dagbag.py:541} INFO - Filling up the DagBag from /workspaces/hands-on-introduction-data-engineering-4395021/airflow/dags/two_task_dag.py
[2025-04-09T18:16:59.801+0000] {processor.py:836} INFO - DAG(s) dict_keys(['two_task_dag']) retrieved from /workspaces/hands-on-introduction-data-engineering-4395021/airflow/dags/two_task_dag.py
[2025-04-09T18:16:59.827+0000] {logging_mixin.py:150} INFO - [2025-04-09T18:16:59.827+0000] {dag.py:2742} INFO - Sync 1 DAGs
[2025-04-09T18:16:59.845+0000] {logging_mixin.py:150} INFO - [2025-04-09T18:16:59.845+0000] {dag.py:3504} INFO - Setting next_dagrun for two_task_dag to None, run_after=None
[2025-04-09T18:16:59.858+0000] {processor.py:179} INFO - Processing /workspaces/hands-on-introduction-data-engineering-4395021/airflow/dags/two_task_dag.py took 0.069 seconds
[2025-04-09T18:17:29.981+0000] {processor.py:157} INFO - Started process (PID=36881) to work on /workspaces/hands-on-introduction-data-engineering-4395021/airflow/dags/two_task_dag.py
[2025-04-09T18:17:29.982+0000] {processor.py:826} INFO - Processing file /workspaces/hands-on-introduction-data-engineering-4395021/airflow/dags/two_task_dag.py for tasks to queue
[2025-04-09T18:17:29.984+0000] {logging_mixin.py:150} INFO - [2025-04-09T18:17:29.983+0000] {dagbag.py:541} INFO - Filling up the DagBag from /workspaces/hands-on-introduction-data-engineering-4395021/airflow/dags/two_task_dag.py
[2025-04-09T18:17:29.994+0000] {processor.py:836} INFO - DAG(s) dict_keys(['two_task_dag']) retrieved from /workspaces/hands-on-introduction-data-engineering-4395021/airflow/dags/two_task_dag.py
[2025-04-09T18:17:30.013+0000] {logging_mixin.py:150} INFO - [2025-04-09T18:17:30.013+0000] {dag.py:2742} INFO - Sync 1 DAGs
[2025-04-09T18:17:30.026+0000] {logging_mixin.py:150} INFO - [2025-04-09T18:17:30.026+0000] {dag.py:3504} INFO - Setting next_dagrun for two_task_dag to None, run_after=None
[2025-04-09T18:17:30.040+0000] {processor.py:179} INFO - Processing /workspaces/hands-on-introduction-data-engineering-4395021/airflow/dags/two_task_dag.py took 0.062 seconds
[2025-04-09T18:18:00.161+0000] {processor.py:157} INFO - Started process (PID=37052) to work on /workspaces/hands-on-introduction-data-engineering-4395021/airflow/dags/two_task_dag.py
[2025-04-09T18:18:00.162+0000] {processor.py:826} INFO - Processing file /workspaces/hands-on-introduction-data-engineering-4395021/airflow/dags/two_task_dag.py for tasks to queue
[2025-04-09T18:18:00.162+0000] {logging_mixin.py:150} INFO - [2025-04-09T18:18:00.162+0000] {dagbag.py:541} INFO - Filling up the DagBag from /workspaces/hands-on-introduction-data-engineering-4395021/airflow/dags/two_task_dag.py
[2025-04-09T18:18:00.170+0000] {processor.py:836} INFO - DAG(s) dict_keys(['two_task_dag']) retrieved from /workspaces/hands-on-introduction-data-engineering-4395021/airflow/dags/two_task_dag.py
[2025-04-09T18:18:00.188+0000] {logging_mixin.py:150} INFO - [2025-04-09T18:18:00.188+0000] {dag.py:2742} INFO - Sync 1 DAGs
[2025-04-09T18:18:00.201+0000] {logging_mixin.py:150} INFO - [2025-04-09T18:18:00.201+0000] {dag.py:3504} INFO - Setting next_dagrun for two_task_dag to None, run_after=None
[2025-04-09T18:18:00.215+0000] {processor.py:179} INFO - Processing /workspaces/hands-on-introduction-data-engineering-4395021/airflow/dags/two_task_dag.py took 0.057 seconds
[2025-04-09T18:18:30.345+0000] {processor.py:157} INFO - Started process (PID=37223) to work on /workspaces/hands-on-introduction-data-engineering-4395021/airflow/dags/two_task_dag.py
[2025-04-09T18:18:30.345+0000] {processor.py:826} INFO - Processing file /workspaces/hands-on-introduction-data-engineering-4395021/airflow/dags/two_task_dag.py for tasks to queue
[2025-04-09T18:18:30.346+0000] {logging_mixin.py:150} INFO - [2025-04-09T18:18:30.346+0000] {dagbag.py:541} INFO - Filling up the DagBag from /workspaces/hands-on-introduction-data-engineering-4395021/airflow/dags/two_task_dag.py
[2025-04-09T18:18:30.354+0000] {processor.py:836} INFO - DAG(s) dict_keys(['two_task_dag']) retrieved from /workspaces/hands-on-introduction-data-engineering-4395021/airflow/dags/two_task_dag.py
[2025-04-09T18:18:30.371+0000] {logging_mixin.py:150} INFO - [2025-04-09T18:18:30.371+0000] {dag.py:2742} INFO - Sync 1 DAGs
[2025-04-09T18:18:30.385+0000] {logging_mixin.py:150} INFO - [2025-04-09T18:18:30.385+0000] {dag.py:3504} INFO - Setting next_dagrun for two_task_dag to None, run_after=None
[2025-04-09T18:18:30.398+0000] {processor.py:179} INFO - Processing /workspaces/hands-on-introduction-data-engineering-4395021/airflow/dags/two_task_dag.py took 0.056 seconds
[2025-04-09T18:19:00.530+0000] {processor.py:157} INFO - Started process (PID=37400) to work on /workspaces/hands-on-introduction-data-engineering-4395021/airflow/dags/two_task_dag.py
[2025-04-09T18:19:00.531+0000] {processor.py:826} INFO - Processing file /workspaces/hands-on-introduction-data-engineering-4395021/airflow/dags/two_task_dag.py for tasks to queue
[2025-04-09T18:19:00.532+0000] {logging_mixin.py:150} INFO - [2025-04-09T18:19:00.531+0000] {dagbag.py:541} INFO - Filling up the DagBag from /workspaces/hands-on-introduction-data-engineering-4395021/airflow/dags/two_task_dag.py
[2025-04-09T18:19:00.539+0000] {processor.py:836} INFO - DAG(s) dict_keys(['two_task_dag']) retrieved from /workspaces/hands-on-introduction-data-engineering-4395021/airflow/dags/two_task_dag.py
[2025-04-09T18:19:00.557+0000] {logging_mixin.py:150} INFO - [2025-04-09T18:19:00.557+0000] {dag.py:2742} INFO - Sync 1 DAGs
[2025-04-09T18:19:00.571+0000] {logging_mixin.py:150} INFO - [2025-04-09T18:19:00.571+0000] {dag.py:3504} INFO - Setting next_dagrun for two_task_dag to None, run_after=None
[2025-04-09T18:19:00.585+0000] {processor.py:179} INFO - Processing /workspaces/hands-on-introduction-data-engineering-4395021/airflow/dags/two_task_dag.py took 0.058 seconds
[2025-04-09T18:19:30.715+0000] {processor.py:157} INFO - Started process (PID=37573) to work on /workspaces/hands-on-introduction-data-engineering-4395021/airflow/dags/two_task_dag.py
[2025-04-09T18:19:30.715+0000] {processor.py:826} INFO - Processing file /workspaces/hands-on-introduction-data-engineering-4395021/airflow/dags/two_task_dag.py for tasks to queue
[2025-04-09T18:19:30.716+0000] {logging_mixin.py:150} INFO - [2025-04-09T18:19:30.716+0000] {dagbag.py:541} INFO - Filling up the DagBag from /workspaces/hands-on-introduction-data-engineering-4395021/airflow/dags/two_task_dag.py
[2025-04-09T18:19:30.724+0000] {processor.py:836} INFO - DAG(s) dict_keys(['two_task_dag']) retrieved from /workspaces/hands-on-introduction-data-engineering-4395021/airflow/dags/two_task_dag.py
[2025-04-09T18:19:30.742+0000] {logging_mixin.py:150} INFO - [2025-04-09T18:19:30.742+0000] {dag.py:2742} INFO - Sync 1 DAGs
[2025-04-09T18:19:30.755+0000] {logging_mixin.py:150} INFO - [2025-04-09T18:19:30.755+0000] {dag.py:3504} INFO - Setting next_dagrun for two_task_dag to None, run_after=None
[2025-04-09T18:19:30.769+0000] {processor.py:179} INFO - Processing /workspaces/hands-on-introduction-data-engineering-4395021/airflow/dags/two_task_dag.py took 0.057 seconds
[2025-04-09T18:20:00.913+0000] {processor.py:157} INFO - Started process (PID=37750) to work on /workspaces/hands-on-introduction-data-engineering-4395021/airflow/dags/two_task_dag.py
[2025-04-09T18:20:00.914+0000] {processor.py:826} INFO - Processing file /workspaces/hands-on-introduction-data-engineering-4395021/airflow/dags/two_task_dag.py for tasks to queue
[2025-04-09T18:20:00.915+0000] {logging_mixin.py:150} INFO - [2025-04-09T18:20:00.914+0000] {dagbag.py:541} INFO - Filling up the DagBag from /workspaces/hands-on-introduction-data-engineering-4395021/airflow/dags/two_task_dag.py
[2025-04-09T18:20:00.922+0000] {processor.py:836} INFO - DAG(s) dict_keys(['two_task_dag']) retrieved from /workspaces/hands-on-introduction-data-engineering-4395021/airflow/dags/two_task_dag.py
[2025-04-09T18:20:00.941+0000] {logging_mixin.py:150} INFO - [2025-04-09T18:20:00.941+0000] {dag.py:2742} INFO - Sync 1 DAGs
[2025-04-09T18:20:00.954+0000] {logging_mixin.py:150} INFO - [2025-04-09T18:20:00.954+0000] {dag.py:3504} INFO - Setting next_dagrun for two_task_dag to None, run_after=None
[2025-04-09T18:20:00.968+0000] {processor.py:179} INFO - Processing /workspaces/hands-on-introduction-data-engineering-4395021/airflow/dags/two_task_dag.py took 0.057 seconds
[2025-04-09T18:20:31.099+0000] {processor.py:157} INFO - Started process (PID=37920) to work on /workspaces/hands-on-introduction-data-engineering-4395021/airflow/dags/two_task_dag.py
[2025-04-09T18:20:31.099+0000] {processor.py:826} INFO - Processing file /workspaces/hands-on-introduction-data-engineering-4395021/airflow/dags/two_task_dag.py for tasks to queue
[2025-04-09T18:20:31.100+0000] {logging_mixin.py:150} INFO - [2025-04-09T18:20:31.100+0000] {dagbag.py:541} INFO - Filling up the DagBag from /workspaces/hands-on-introduction-data-engineering-4395021/airflow/dags/two_task_dag.py
[2025-04-09T18:20:31.107+0000] {processor.py:836} INFO - DAG(s) dict_keys(['two_task_dag']) retrieved from /workspaces/hands-on-introduction-data-engineering-4395021/airflow/dags/two_task_dag.py
[2025-04-09T18:20:31.125+0000] {logging_mixin.py:150} INFO - [2025-04-09T18:20:31.124+0000] {dag.py:2742} INFO - Sync 1 DAGs
[2025-04-09T18:20:31.138+0000] {logging_mixin.py:150} INFO - [2025-04-09T18:20:31.138+0000] {dag.py:3504} INFO - Setting next_dagrun for two_task_dag to None, run_after=None
[2025-04-09T18:20:31.151+0000] {processor.py:179} INFO - Processing /workspaces/hands-on-introduction-data-engineering-4395021/airflow/dags/two_task_dag.py took 0.055 seconds
[2025-04-09T18:21:01.283+0000] {processor.py:157} INFO - Started process (PID=38097) to work on /workspaces/hands-on-introduction-data-engineering-4395021/airflow/dags/two_task_dag.py
[2025-04-09T18:21:01.283+0000] {processor.py:826} INFO - Processing file /workspaces/hands-on-introduction-data-engineering-4395021/airflow/dags/two_task_dag.py for tasks to queue
[2025-04-09T18:21:01.284+0000] {logging_mixin.py:150} INFO - [2025-04-09T18:21:01.284+0000] {dagbag.py:541} INFO - Filling up the DagBag from /workspaces/hands-on-introduction-data-engineering-4395021/airflow/dags/two_task_dag.py
[2025-04-09T18:21:01.292+0000] {processor.py:836} INFO - DAG(s) dict_keys(['two_task_dag']) retrieved from /workspaces/hands-on-introduction-data-engineering-4395021/airflow/dags/two_task_dag.py
[2025-04-09T18:21:01.309+0000] {logging_mixin.py:150} INFO - [2025-04-09T18:21:01.309+0000] {dag.py:2742} INFO - Sync 1 DAGs
[2025-04-09T18:21:01.322+0000] {logging_mixin.py:150} INFO - [2025-04-09T18:21:01.322+0000] {dag.py:3504} INFO - Setting next_dagrun for two_task_dag to None, run_after=None
[2025-04-09T18:21:01.335+0000] {processor.py:179} INFO - Processing /workspaces/hands-on-introduction-data-engineering-4395021/airflow/dags/two_task_dag.py took 0.055 seconds
[2025-04-09T18:21:31.467+0000] {processor.py:157} INFO - Started process (PID=38268) to work on /workspaces/hands-on-introduction-data-engineering-4395021/airflow/dags/two_task_dag.py
[2025-04-09T18:21:31.468+0000] {processor.py:826} INFO - Processing file /workspaces/hands-on-introduction-data-engineering-4395021/airflow/dags/two_task_dag.py for tasks to queue
[2025-04-09T18:21:31.468+0000] {logging_mixin.py:150} INFO - [2025-04-09T18:21:31.468+0000] {dagbag.py:541} INFO - Filling up the DagBag from /workspaces/hands-on-introduction-data-engineering-4395021/airflow/dags/two_task_dag.py
[2025-04-09T18:21:31.476+0000] {processor.py:836} INFO - DAG(s) dict_keys(['two_task_dag']) retrieved from /workspaces/hands-on-introduction-data-engineering-4395021/airflow/dags/two_task_dag.py
[2025-04-09T18:21:31.493+0000] {logging_mixin.py:150} INFO - [2025-04-09T18:21:31.493+0000] {dag.py:2742} INFO - Sync 1 DAGs
[2025-04-09T18:21:31.506+0000] {logging_mixin.py:150} INFO - [2025-04-09T18:21:31.506+0000] {dag.py:3504} INFO - Setting next_dagrun for two_task_dag to None, run_after=None
[2025-04-09T18:21:31.519+0000] {processor.py:179} INFO - Processing /workspaces/hands-on-introduction-data-engineering-4395021/airflow/dags/two_task_dag.py took 0.055 seconds
[2025-04-09T18:22:01.651+0000] {processor.py:157} INFO - Started process (PID=38439) to work on /workspaces/hands-on-introduction-data-engineering-4395021/airflow/dags/two_task_dag.py
[2025-04-09T18:22:01.652+0000] {processor.py:826} INFO - Processing file /workspaces/hands-on-introduction-data-engineering-4395021/airflow/dags/two_task_dag.py for tasks to queue
[2025-04-09T18:22:01.653+0000] {logging_mixin.py:150} INFO - [2025-04-09T18:22:01.653+0000] {dagbag.py:541} INFO - Filling up the DagBag from /workspaces/hands-on-introduction-data-engineering-4395021/airflow/dags/two_task_dag.py
[2025-04-09T18:22:01.660+0000] {processor.py:836} INFO - DAG(s) dict_keys(['two_task_dag']) retrieved from /workspaces/hands-on-introduction-data-engineering-4395021/airflow/dags/two_task_dag.py
[2025-04-09T18:22:01.678+0000] {logging_mixin.py:150} INFO - [2025-04-09T18:22:01.678+0000] {dag.py:2742} INFO - Sync 1 DAGs
[2025-04-09T18:22:01.691+0000] {logging_mixin.py:150} INFO - [2025-04-09T18:22:01.691+0000] {dag.py:3504} INFO - Setting next_dagrun for two_task_dag to None, run_after=None
[2025-04-09T18:22:01.706+0000] {processor.py:179} INFO - Processing /workspaces/hands-on-introduction-data-engineering-4395021/airflow/dags/two_task_dag.py took 0.057 seconds
[2025-04-09T18:22:31.842+0000] {processor.py:157} INFO - Started process (PID=38616) to work on /workspaces/hands-on-introduction-data-engineering-4395021/airflow/dags/two_task_dag.py
[2025-04-09T18:22:31.842+0000] {processor.py:826} INFO - Processing file /workspaces/hands-on-introduction-data-engineering-4395021/airflow/dags/two_task_dag.py for tasks to queue
[2025-04-09T18:22:31.843+0000] {logging_mixin.py:150} INFO - [2025-04-09T18:22:31.843+0000] {dagbag.py:541} INFO - Filling up the DagBag from /workspaces/hands-on-introduction-data-engineering-4395021/airflow/dags/two_task_dag.py
[2025-04-09T18:22:31.850+0000] {processor.py:836} INFO - DAG(s) dict_keys(['two_task_dag']) retrieved from /workspaces/hands-on-introduction-data-engineering-4395021/airflow/dags/two_task_dag.py
[2025-04-09T18:22:31.868+0000] {logging_mixin.py:150} INFO - [2025-04-09T18:22:31.868+0000] {dag.py:2742} INFO - Sync 1 DAGs
[2025-04-09T18:22:31.882+0000] {logging_mixin.py:150} INFO - [2025-04-09T18:22:31.882+0000] {dag.py:3504} INFO - Setting next_dagrun for two_task_dag to None, run_after=None
[2025-04-09T18:22:31.895+0000] {processor.py:179} INFO - Processing /workspaces/hands-on-introduction-data-engineering-4395021/airflow/dags/two_task_dag.py took 0.056 seconds
[2025-04-09T20:15:47.620+0000] {processor.py:157} INFO - Started process (PID=18338) to work on /workspaces/hands-on-introduction-data-engineering-4395021/airflow/dags/two_task_dag.py
[2025-04-09T20:15:47.622+0000] {processor.py:826} INFO - Processing file /workspaces/hands-on-introduction-data-engineering-4395021/airflow/dags/two_task_dag.py for tasks to queue
[2025-04-09T20:15:47.623+0000] {logging_mixin.py:150} INFO - [2025-04-09T20:15:47.623+0000] {dagbag.py:541} INFO - Filling up the DagBag from /workspaces/hands-on-introduction-data-engineering-4395021/airflow/dags/two_task_dag.py
[2025-04-09T20:15:47.630+0000] {processor.py:836} INFO - DAG(s) dict_keys(['two_task_dag']) retrieved from /workspaces/hands-on-introduction-data-engineering-4395021/airflow/dags/two_task_dag.py
[2025-04-09T20:15:47.648+0000] {logging_mixin.py:150} INFO - [2025-04-09T20:15:47.648+0000] {dag.py:2742} INFO - Sync 1 DAGs
[2025-04-09T20:15:47.661+0000] {logging_mixin.py:150} INFO - [2025-04-09T20:15:47.661+0000] {dag.py:3504} INFO - Setting next_dagrun for two_task_dag to None, run_after=None
[2025-04-09T20:15:47.675+0000] {processor.py:179} INFO - Processing /workspaces/hands-on-introduction-data-engineering-4395021/airflow/dags/two_task_dag.py took 0.058 seconds
[2025-04-09T20:16:18.266+0000] {processor.py:157} INFO - Started process (PID=18620) to work on /workspaces/hands-on-introduction-data-engineering-4395021/airflow/dags/two_task_dag.py
[2025-04-09T20:16:18.267+0000] {processor.py:826} INFO - Processing file /workspaces/hands-on-introduction-data-engineering-4395021/airflow/dags/two_task_dag.py for tasks to queue
[2025-04-09T20:16:18.268+0000] {logging_mixin.py:150} INFO - [2025-04-09T20:16:18.267+0000] {dagbag.py:541} INFO - Filling up the DagBag from /workspaces/hands-on-introduction-data-engineering-4395021/airflow/dags/two_task_dag.py
[2025-04-09T20:16:18.275+0000] {processor.py:836} INFO - DAG(s) dict_keys(['two_task_dag']) retrieved from /workspaces/hands-on-introduction-data-engineering-4395021/airflow/dags/two_task_dag.py
[2025-04-09T20:16:18.293+0000] {logging_mixin.py:150} INFO - [2025-04-09T20:16:18.293+0000] {dag.py:2742} INFO - Sync 1 DAGs
[2025-04-09T20:16:18.309+0000] {logging_mixin.py:150} INFO - [2025-04-09T20:16:18.309+0000] {dag.py:3504} INFO - Setting next_dagrun for two_task_dag to None, run_after=None
[2025-04-09T20:16:18.323+0000] {processor.py:179} INFO - Processing /workspaces/hands-on-introduction-data-engineering-4395021/airflow/dags/two_task_dag.py took 0.059 seconds
[2025-04-09T20:16:48.958+0000] {processor.py:157} INFO - Started process (PID=18803) to work on /workspaces/hands-on-introduction-data-engineering-4395021/airflow/dags/two_task_dag.py
[2025-04-09T20:16:48.959+0000] {processor.py:826} INFO - Processing file /workspaces/hands-on-introduction-data-engineering-4395021/airflow/dags/two_task_dag.py for tasks to queue
[2025-04-09T20:16:48.960+0000] {logging_mixin.py:150} INFO - [2025-04-09T20:16:48.959+0000] {dagbag.py:541} INFO - Filling up the DagBag from /workspaces/hands-on-introduction-data-engineering-4395021/airflow/dags/two_task_dag.py
[2025-04-09T20:16:48.967+0000] {processor.py:836} INFO - DAG(s) dict_keys(['two_task_dag']) retrieved from /workspaces/hands-on-introduction-data-engineering-4395021/airflow/dags/two_task_dag.py
[2025-04-09T20:16:48.990+0000] {logging_mixin.py:150} INFO - [2025-04-09T20:16:48.990+0000] {dag.py:2742} INFO - Sync 1 DAGs
[2025-04-09T20:16:49.012+0000] {logging_mixin.py:150} INFO - [2025-04-09T20:16:49.012+0000] {dag.py:3504} INFO - Setting next_dagrun for two_task_dag to None, run_after=None
[2025-04-09T20:16:49.030+0000] {processor.py:179} INFO - Processing /workspaces/hands-on-introduction-data-engineering-4395021/airflow/dags/two_task_dag.py took 0.074 seconds
[2025-04-09T20:17:19.290+0000] {processor.py:157} INFO - Started process (PID=19044) to work on /workspaces/hands-on-introduction-data-engineering-4395021/airflow/dags/two_task_dag.py
[2025-04-09T20:17:19.291+0000] {processor.py:826} INFO - Processing file /workspaces/hands-on-introduction-data-engineering-4395021/airflow/dags/two_task_dag.py for tasks to queue
[2025-04-09T20:17:19.291+0000] {logging_mixin.py:150} INFO - [2025-04-09T20:17:19.291+0000] {dagbag.py:541} INFO - Filling up the DagBag from /workspaces/hands-on-introduction-data-engineering-4395021/airflow/dags/two_task_dag.py
[2025-04-09T20:17:19.299+0000] {processor.py:836} INFO - DAG(s) dict_keys(['two_task_dag']) retrieved from /workspaces/hands-on-introduction-data-engineering-4395021/airflow/dags/two_task_dag.py
[2025-04-09T20:17:19.317+0000] {logging_mixin.py:150} INFO - [2025-04-09T20:17:19.317+0000] {dag.py:2742} INFO - Sync 1 DAGs
[2025-04-09T20:17:19.331+0000] {logging_mixin.py:150} INFO - [2025-04-09T20:17:19.331+0000] {dag.py:3504} INFO - Setting next_dagrun for two_task_dag to None, run_after=None
[2025-04-09T20:17:19.344+0000] {processor.py:179} INFO - Processing /workspaces/hands-on-introduction-data-engineering-4395021/airflow/dags/two_task_dag.py took 0.057 seconds
[2025-04-09T20:17:50.721+0000] {processor.py:157} INFO - Started process (PID=19234) to work on /workspaces/hands-on-introduction-data-engineering-4395021/airflow/dags/two_task_dag.py
[2025-04-09T20:17:50.722+0000] {processor.py:826} INFO - Processing file /workspaces/hands-on-introduction-data-engineering-4395021/airflow/dags/two_task_dag.py for tasks to queue
[2025-04-09T20:17:50.723+0000] {logging_mixin.py:150} INFO - [2025-04-09T20:17:50.722+0000] {dagbag.py:541} INFO - Filling up the DagBag from /workspaces/hands-on-introduction-data-engineering-4395021/airflow/dags/two_task_dag.py
[2025-04-09T20:17:50.730+0000] {processor.py:836} INFO - DAG(s) dict_keys(['two_task_dag']) retrieved from /workspaces/hands-on-introduction-data-engineering-4395021/airflow/dags/two_task_dag.py
[2025-04-09T20:17:50.748+0000] {logging_mixin.py:150} INFO - [2025-04-09T20:17:50.748+0000] {dag.py:2742} INFO - Sync 1 DAGs
[2025-04-09T20:17:50.761+0000] {logging_mixin.py:150} INFO - [2025-04-09T20:17:50.761+0000] {dag.py:3504} INFO - Setting next_dagrun for two_task_dag to None, run_after=None
[2025-04-09T20:17:50.775+0000] {processor.py:179} INFO - Processing /workspaces/hands-on-introduction-data-engineering-4395021/airflow/dags/two_task_dag.py took 0.056 seconds
[2025-04-09T20:18:21.091+0000] {processor.py:157} INFO - Started process (PID=19417) to work on /workspaces/hands-on-introduction-data-engineering-4395021/airflow/dags/two_task_dag.py
[2025-04-09T20:18:21.091+0000] {processor.py:826} INFO - Processing file /workspaces/hands-on-introduction-data-engineering-4395021/airflow/dags/two_task_dag.py for tasks to queue
[2025-04-09T20:18:21.092+0000] {logging_mixin.py:150} INFO - [2025-04-09T20:18:21.092+0000] {dagbag.py:541} INFO - Filling up the DagBag from /workspaces/hands-on-introduction-data-engineering-4395021/airflow/dags/two_task_dag.py
[2025-04-09T20:18:21.100+0000] {processor.py:836} INFO - DAG(s) dict_keys(['two_task_dag']) retrieved from /workspaces/hands-on-introduction-data-engineering-4395021/airflow/dags/two_task_dag.py
[2025-04-09T20:18:21.123+0000] {logging_mixin.py:150} INFO - [2025-04-09T20:18:21.123+0000] {dag.py:2742} INFO - Sync 1 DAGs
[2025-04-09T20:18:21.143+0000] {logging_mixin.py:150} INFO - [2025-04-09T20:18:21.143+0000] {dag.py:3504} INFO - Setting next_dagrun for two_task_dag to None, run_after=None
[2025-04-09T20:18:21.170+0000] {processor.py:179} INFO - Processing /workspaces/hands-on-introduction-data-engineering-4395021/airflow/dags/two_task_dag.py took 0.082 seconds
[2025-04-09T20:18:52.537+0000] {processor.py:157} INFO - Started process (PID=19600) to work on /workspaces/hands-on-introduction-data-engineering-4395021/airflow/dags/two_task_dag.py
[2025-04-09T20:18:52.538+0000] {processor.py:826} INFO - Processing file /workspaces/hands-on-introduction-data-engineering-4395021/airflow/dags/two_task_dag.py for tasks to queue
[2025-04-09T20:18:52.539+0000] {logging_mixin.py:150} INFO - [2025-04-09T20:18:52.538+0000] {dagbag.py:541} INFO - Filling up the DagBag from /workspaces/hands-on-introduction-data-engineering-4395021/airflow/dags/two_task_dag.py
[2025-04-09T20:18:52.546+0000] {processor.py:836} INFO - DAG(s) dict_keys(['two_task_dag']) retrieved from /workspaces/hands-on-introduction-data-engineering-4395021/airflow/dags/two_task_dag.py
[2025-04-09T20:18:52.564+0000] {logging_mixin.py:150} INFO - [2025-04-09T20:18:52.564+0000] {dag.py:2742} INFO - Sync 1 DAGs
[2025-04-09T20:18:52.577+0000] {logging_mixin.py:150} INFO - [2025-04-09T20:18:52.577+0000] {dag.py:3504} INFO - Setting next_dagrun for two_task_dag to None, run_after=None
[2025-04-09T20:18:52.592+0000] {processor.py:179} INFO - Processing /workspaces/hands-on-introduction-data-engineering-4395021/airflow/dags/two_task_dag.py took 0.057 seconds
[2025-04-09T20:19:24.136+0000] {processor.py:157} INFO - Started process (PID=19799) to work on /workspaces/hands-on-introduction-data-engineering-4395021/airflow/dags/two_task_dag.py
[2025-04-09T20:19:24.137+0000] {processor.py:826} INFO - Processing file /workspaces/hands-on-introduction-data-engineering-4395021/airflow/dags/two_task_dag.py for tasks to queue
[2025-04-09T20:19:24.138+0000] {logging_mixin.py:150} INFO - [2025-04-09T20:19:24.137+0000] {dagbag.py:541} INFO - Filling up the DagBag from /workspaces/hands-on-introduction-data-engineering-4395021/airflow/dags/two_task_dag.py
[2025-04-09T20:19:24.145+0000] {processor.py:836} INFO - DAG(s) dict_keys(['two_task_dag']) retrieved from /workspaces/hands-on-introduction-data-engineering-4395021/airflow/dags/two_task_dag.py
[2025-04-09T20:19:24.163+0000] {logging_mixin.py:150} INFO - [2025-04-09T20:19:24.162+0000] {dag.py:2742} INFO - Sync 1 DAGs
[2025-04-09T20:19:24.176+0000] {logging_mixin.py:150} INFO - [2025-04-09T20:19:24.176+0000] {dag.py:3504} INFO - Setting next_dagrun for two_task_dag to None, run_after=None
[2025-04-09T20:19:24.190+0000] {processor.py:179} INFO - Processing /workspaces/hands-on-introduction-data-engineering-4395021/airflow/dags/two_task_dag.py took 0.056 seconds
[2025-04-09T20:19:54.616+0000] {processor.py:157} INFO - Started process (PID=19978) to work on /workspaces/hands-on-introduction-data-engineering-4395021/airflow/dags/two_task_dag.py
[2025-04-09T20:19:54.617+0000] {processor.py:826} INFO - Processing file /workspaces/hands-on-introduction-data-engineering-4395021/airflow/dags/two_task_dag.py for tasks to queue
[2025-04-09T20:19:54.617+0000] {logging_mixin.py:150} INFO - [2025-04-09T20:19:54.617+0000] {dagbag.py:541} INFO - Filling up the DagBag from /workspaces/hands-on-introduction-data-engineering-4395021/airflow/dags/two_task_dag.py
[2025-04-09T20:19:54.625+0000] {processor.py:836} INFO - DAG(s) dict_keys(['two_task_dag']) retrieved from /workspaces/hands-on-introduction-data-engineering-4395021/airflow/dags/two_task_dag.py
[2025-04-09T20:19:54.643+0000] {logging_mixin.py:150} INFO - [2025-04-09T20:19:54.643+0000] {dag.py:2742} INFO - Sync 1 DAGs
[2025-04-09T20:19:54.657+0000] {logging_mixin.py:150} INFO - [2025-04-09T20:19:54.657+0000] {dag.py:3504} INFO - Setting next_dagrun for two_task_dag to None, run_after=None
[2025-04-09T20:19:54.670+0000] {processor.py:179} INFO - Processing /workspaces/hands-on-introduction-data-engineering-4395021/airflow/dags/two_task_dag.py took 0.057 seconds
[2025-04-09T20:20:25.062+0000] {processor.py:157} INFO - Started process (PID=20157) to work on /workspaces/hands-on-introduction-data-engineering-4395021/airflow/dags/two_task_dag.py
[2025-04-09T20:20:25.062+0000] {processor.py:826} INFO - Processing file /workspaces/hands-on-introduction-data-engineering-4395021/airflow/dags/two_task_dag.py for tasks to queue
[2025-04-09T20:20:25.063+0000] {logging_mixin.py:150} INFO - [2025-04-09T20:20:25.063+0000] {dagbag.py:541} INFO - Filling up the DagBag from /workspaces/hands-on-introduction-data-engineering-4395021/airflow/dags/two_task_dag.py
[2025-04-09T20:20:25.070+0000] {processor.py:836} INFO - DAG(s) dict_keys(['two_task_dag']) retrieved from /workspaces/hands-on-introduction-data-engineering-4395021/airflow/dags/two_task_dag.py
[2025-04-09T20:20:25.088+0000] {logging_mixin.py:150} INFO - [2025-04-09T20:20:25.088+0000] {dag.py:2742} INFO - Sync 1 DAGs
[2025-04-09T20:20:25.102+0000] {logging_mixin.py:150} INFO - [2025-04-09T20:20:25.102+0000] {dag.py:3504} INFO - Setting next_dagrun for two_task_dag to None, run_after=None
[2025-04-09T20:20:25.116+0000] {processor.py:179} INFO - Processing /workspaces/hands-on-introduction-data-engineering-4395021/airflow/dags/two_task_dag.py took 0.056 seconds
[2025-04-09T20:20:55.247+0000] {processor.py:157} INFO - Started process (PID=20325) to work on /workspaces/hands-on-introduction-data-engineering-4395021/airflow/dags/two_task_dag.py
[2025-04-09T20:20:55.248+0000] {processor.py:826} INFO - Processing file /workspaces/hands-on-introduction-data-engineering-4395021/airflow/dags/two_task_dag.py for tasks to queue
[2025-04-09T20:20:55.249+0000] {logging_mixin.py:150} INFO - [2025-04-09T20:20:55.248+0000] {dagbag.py:541} INFO - Filling up the DagBag from /workspaces/hands-on-introduction-data-engineering-4395021/airflow/dags/two_task_dag.py
[2025-04-09T20:20:55.257+0000] {processor.py:836} INFO - DAG(s) dict_keys(['two_task_dag']) retrieved from /workspaces/hands-on-introduction-data-engineering-4395021/airflow/dags/two_task_dag.py
[2025-04-09T20:20:55.274+0000] {logging_mixin.py:150} INFO - [2025-04-09T20:20:55.274+0000] {dag.py:2742} INFO - Sync 1 DAGs
[2025-04-09T20:20:55.287+0000] {logging_mixin.py:150} INFO - [2025-04-09T20:20:55.287+0000] {dag.py:3504} INFO - Setting next_dagrun for two_task_dag to None, run_after=None
[2025-04-09T20:20:55.300+0000] {processor.py:179} INFO - Processing /workspaces/hands-on-introduction-data-engineering-4395021/airflow/dags/two_task_dag.py took 0.056 seconds
[2025-04-09T20:21:25.433+0000] {processor.py:157} INFO - Started process (PID=20533) to work on /workspaces/hands-on-introduction-data-engineering-4395021/airflow/dags/two_task_dag.py
[2025-04-09T20:21:25.434+0000] {processor.py:826} INFO - Processing file /workspaces/hands-on-introduction-data-engineering-4395021/airflow/dags/two_task_dag.py for tasks to queue
[2025-04-09T20:21:25.434+0000] {logging_mixin.py:150} INFO - [2025-04-09T20:21:25.434+0000] {dagbag.py:541} INFO - Filling up the DagBag from /workspaces/hands-on-introduction-data-engineering-4395021/airflow/dags/two_task_dag.py
[2025-04-09T20:21:25.442+0000] {processor.py:836} INFO - DAG(s) dict_keys(['two_task_dag']) retrieved from /workspaces/hands-on-introduction-data-engineering-4395021/airflow/dags/two_task_dag.py
[2025-04-09T20:21:25.460+0000] {logging_mixin.py:150} INFO - [2025-04-09T20:21:25.459+0000] {dag.py:2742} INFO - Sync 1 DAGs
[2025-04-09T20:21:25.473+0000] {logging_mixin.py:150} INFO - [2025-04-09T20:21:25.473+0000] {dag.py:3504} INFO - Setting next_dagrun for two_task_dag to None, run_after=None
[2025-04-09T20:21:25.486+0000] {processor.py:179} INFO - Processing /workspaces/hands-on-introduction-data-engineering-4395021/airflow/dags/two_task_dag.py took 0.056 seconds
[2025-04-09T20:21:56.752+0000] {processor.py:157} INFO - Started process (PID=20797) to work on /workspaces/hands-on-introduction-data-engineering-4395021/airflow/dags/two_task_dag.py
[2025-04-09T20:21:56.752+0000] {processor.py:826} INFO - Processing file /workspaces/hands-on-introduction-data-engineering-4395021/airflow/dags/two_task_dag.py for tasks to queue
[2025-04-09T20:21:56.753+0000] {logging_mixin.py:150} INFO - [2025-04-09T20:21:56.753+0000] {dagbag.py:541} INFO - Filling up the DagBag from /workspaces/hands-on-introduction-data-engineering-4395021/airflow/dags/two_task_dag.py
[2025-04-09T20:21:56.760+0000] {processor.py:836} INFO - DAG(s) dict_keys(['two_task_dag']) retrieved from /workspaces/hands-on-introduction-data-engineering-4395021/airflow/dags/two_task_dag.py
[2025-04-09T20:21:56.778+0000] {logging_mixin.py:150} INFO - [2025-04-09T20:21:56.778+0000] {dag.py:2742} INFO - Sync 1 DAGs
[2025-04-09T20:21:56.792+0000] {logging_mixin.py:150} INFO - [2025-04-09T20:21:56.792+0000] {dag.py:3504} INFO - Setting next_dagrun for two_task_dag to None, run_after=None
[2025-04-09T20:21:56.805+0000] {processor.py:179} INFO - Processing /workspaces/hands-on-introduction-data-engineering-4395021/airflow/dags/two_task_dag.py took 0.056 seconds
[2025-04-09T20:22:26.936+0000] {processor.py:157} INFO - Started process (PID=20983) to work on /workspaces/hands-on-introduction-data-engineering-4395021/airflow/dags/two_task_dag.py
[2025-04-09T20:22:26.937+0000] {processor.py:826} INFO - Processing file /workspaces/hands-on-introduction-data-engineering-4395021/airflow/dags/two_task_dag.py for tasks to queue
[2025-04-09T20:22:26.937+0000] {logging_mixin.py:150} INFO - [2025-04-09T20:22:26.937+0000] {dagbag.py:541} INFO - Filling up the DagBag from /workspaces/hands-on-introduction-data-engineering-4395021/airflow/dags/two_task_dag.py
[2025-04-09T20:22:26.945+0000] {processor.py:836} INFO - DAG(s) dict_keys(['two_task_dag']) retrieved from /workspaces/hands-on-introduction-data-engineering-4395021/airflow/dags/two_task_dag.py
[2025-04-09T20:22:26.962+0000] {logging_mixin.py:150} INFO - [2025-04-09T20:22:26.962+0000] {dag.py:2742} INFO - Sync 1 DAGs
[2025-04-09T20:22:26.976+0000] {logging_mixin.py:150} INFO - [2025-04-09T20:22:26.976+0000] {dag.py:3504} INFO - Setting next_dagrun for two_task_dag to None, run_after=None
[2025-04-09T20:22:26.989+0000] {processor.py:179} INFO - Processing /workspaces/hands-on-introduction-data-engineering-4395021/airflow/dags/two_task_dag.py took 0.056 seconds
[2025-04-09T20:22:57.124+0000] {processor.py:157} INFO - Started process (PID=21156) to work on /workspaces/hands-on-introduction-data-engineering-4395021/airflow/dags/two_task_dag.py
[2025-04-09T20:22:57.125+0000] {processor.py:826} INFO - Processing file /workspaces/hands-on-introduction-data-engineering-4395021/airflow/dags/two_task_dag.py for tasks to queue
[2025-04-09T20:22:57.125+0000] {logging_mixin.py:150} INFO - [2025-04-09T20:22:57.125+0000] {dagbag.py:541} INFO - Filling up the DagBag from /workspaces/hands-on-introduction-data-engineering-4395021/airflow/dags/two_task_dag.py
[2025-04-09T20:22:57.133+0000] {processor.py:836} INFO - DAG(s) dict_keys(['two_task_dag']) retrieved from /workspaces/hands-on-introduction-data-engineering-4395021/airflow/dags/two_task_dag.py
[2025-04-09T20:22:57.150+0000] {logging_mixin.py:150} INFO - [2025-04-09T20:22:57.150+0000] {dag.py:2742} INFO - Sync 1 DAGs
[2025-04-09T20:22:57.163+0000] {logging_mixin.py:150} INFO - [2025-04-09T20:22:57.163+0000] {dag.py:3504} INFO - Setting next_dagrun for two_task_dag to None, run_after=None
[2025-04-09T20:22:57.177+0000] {processor.py:179} INFO - Processing /workspaces/hands-on-introduction-data-engineering-4395021/airflow/dags/two_task_dag.py took 0.056 seconds
[2025-04-09T20:23:28.438+0000] {processor.py:157} INFO - Started process (PID=21337) to work on /workspaces/hands-on-introduction-data-engineering-4395021/airflow/dags/two_task_dag.py
[2025-04-09T20:23:28.439+0000] {processor.py:826} INFO - Processing file /workspaces/hands-on-introduction-data-engineering-4395021/airflow/dags/two_task_dag.py for tasks to queue
[2025-04-09T20:23:28.440+0000] {logging_mixin.py:150} INFO - [2025-04-09T20:23:28.440+0000] {dagbag.py:541} INFO - Filling up the DagBag from /workspaces/hands-on-introduction-data-engineering-4395021/airflow/dags/two_task_dag.py
[2025-04-09T20:23:28.448+0000] {processor.py:836} INFO - DAG(s) dict_keys(['two_task_dag']) retrieved from /workspaces/hands-on-introduction-data-engineering-4395021/airflow/dags/two_task_dag.py
[2025-04-09T20:23:28.465+0000] {logging_mixin.py:150} INFO - [2025-04-09T20:23:28.465+0000] {dag.py:2742} INFO - Sync 1 DAGs
[2025-04-09T20:23:28.482+0000] {logging_mixin.py:150} INFO - [2025-04-09T20:23:28.482+0000] {dag.py:3504} INFO - Setting next_dagrun for two_task_dag to None, run_after=None
[2025-04-09T20:23:28.495+0000] {processor.py:179} INFO - Processing /workspaces/hands-on-introduction-data-engineering-4395021/airflow/dags/two_task_dag.py took 0.060 seconds
[2025-04-09T20:23:58.622+0000] {processor.py:157} INFO - Started process (PID=21516) to work on /workspaces/hands-on-introduction-data-engineering-4395021/airflow/dags/two_task_dag.py
[2025-04-09T20:23:58.622+0000] {processor.py:826} INFO - Processing file /workspaces/hands-on-introduction-data-engineering-4395021/airflow/dags/two_task_dag.py for tasks to queue
[2025-04-09T20:23:58.623+0000] {logging_mixin.py:150} INFO - [2025-04-09T20:23:58.623+0000] {dagbag.py:541} INFO - Filling up the DagBag from /workspaces/hands-on-introduction-data-engineering-4395021/airflow/dags/two_task_dag.py
[2025-04-09T20:23:58.631+0000] {processor.py:836} INFO - DAG(s) dict_keys(['two_task_dag']) retrieved from /workspaces/hands-on-introduction-data-engineering-4395021/airflow/dags/two_task_dag.py
[2025-04-09T20:23:58.648+0000] {logging_mixin.py:150} INFO - [2025-04-09T20:23:58.648+0000] {dag.py:2742} INFO - Sync 1 DAGs
[2025-04-09T20:23:58.663+0000] {logging_mixin.py:150} INFO - [2025-04-09T20:23:58.662+0000] {dag.py:3504} INFO - Setting next_dagrun for two_task_dag to None, run_after=None
[2025-04-09T20:23:58.678+0000] {processor.py:179} INFO - Processing /workspaces/hands-on-introduction-data-engineering-4395021/airflow/dags/two_task_dag.py took 0.059 seconds
[2025-04-09T20:24:28.820+0000] {processor.py:157} INFO - Started process (PID=21692) to work on /workspaces/hands-on-introduction-data-engineering-4395021/airflow/dags/two_task_dag.py
[2025-04-09T20:24:28.821+0000] {processor.py:826} INFO - Processing file /workspaces/hands-on-introduction-data-engineering-4395021/airflow/dags/two_task_dag.py for tasks to queue
[2025-04-09T20:24:28.822+0000] {logging_mixin.py:150} INFO - [2025-04-09T20:24:28.822+0000] {dagbag.py:541} INFO - Filling up the DagBag from /workspaces/hands-on-introduction-data-engineering-4395021/airflow/dags/two_task_dag.py
[2025-04-09T20:24:28.833+0000] {processor.py:836} INFO - DAG(s) dict_keys(['two_task_dag']) retrieved from /workspaces/hands-on-introduction-data-engineering-4395021/airflow/dags/two_task_dag.py
[2025-04-09T20:24:28.852+0000] {logging_mixin.py:150} INFO - [2025-04-09T20:24:28.852+0000] {dag.py:2742} INFO - Sync 1 DAGs
[2025-04-09T20:24:28.866+0000] {logging_mixin.py:150} INFO - [2025-04-09T20:24:28.866+0000] {dag.py:3504} INFO - Setting next_dagrun for two_task_dag to None, run_after=None
[2025-04-09T20:24:28.879+0000] {processor.py:179} INFO - Processing /workspaces/hands-on-introduction-data-engineering-4395021/airflow/dags/two_task_dag.py took 0.063 seconds
[2025-04-09T20:24:59.491+0000] {processor.py:157} INFO - Started process (PID=21868) to work on /workspaces/hands-on-introduction-data-engineering-4395021/airflow/dags/two_task_dag.py
[2025-04-09T20:24:59.491+0000] {processor.py:826} INFO - Processing file /workspaces/hands-on-introduction-data-engineering-4395021/airflow/dags/two_task_dag.py for tasks to queue
[2025-04-09T20:24:59.492+0000] {logging_mixin.py:150} INFO - [2025-04-09T20:24:59.492+0000] {dagbag.py:541} INFO - Filling up the DagBag from /workspaces/hands-on-introduction-data-engineering-4395021/airflow/dags/two_task_dag.py
[2025-04-09T20:24:59.500+0000] {processor.py:836} INFO - DAG(s) dict_keys(['two_task_dag']) retrieved from /workspaces/hands-on-introduction-data-engineering-4395021/airflow/dags/two_task_dag.py
[2025-04-09T20:24:59.519+0000] {logging_mixin.py:150} INFO - [2025-04-09T20:24:59.519+0000] {dag.py:2742} INFO - Sync 1 DAGs
[2025-04-09T20:24:59.532+0000] {logging_mixin.py:150} INFO - [2025-04-09T20:24:59.532+0000] {dag.py:3504} INFO - Setting next_dagrun for two_task_dag to None, run_after=None
[2025-04-09T20:24:59.545+0000] {processor.py:179} INFO - Processing /workspaces/hands-on-introduction-data-engineering-4395021/airflow/dags/two_task_dag.py took 0.058 seconds
[2025-04-09T20:25:29.647+0000] {processor.py:157} INFO - Started process (PID=22042) to work on /workspaces/hands-on-introduction-data-engineering-4395021/airflow/dags/two_task_dag.py
[2025-04-09T20:25:29.648+0000] {processor.py:826} INFO - Processing file /workspaces/hands-on-introduction-data-engineering-4395021/airflow/dags/two_task_dag.py for tasks to queue
[2025-04-09T20:25:29.648+0000] {logging_mixin.py:150} INFO - [2025-04-09T20:25:29.648+0000] {dagbag.py:541} INFO - Filling up the DagBag from /workspaces/hands-on-introduction-data-engineering-4395021/airflow/dags/two_task_dag.py
[2025-04-09T20:25:29.656+0000] {processor.py:836} INFO - DAG(s) dict_keys(['two_task_dag']) retrieved from /workspaces/hands-on-introduction-data-engineering-4395021/airflow/dags/two_task_dag.py
[2025-04-09T20:25:29.674+0000] {logging_mixin.py:150} INFO - [2025-04-09T20:25:29.674+0000] {dag.py:2742} INFO - Sync 1 DAGs
[2025-04-09T20:25:29.687+0000] {logging_mixin.py:150} INFO - [2025-04-09T20:25:29.687+0000] {dag.py:3504} INFO - Setting next_dagrun for two_task_dag to None, run_after=None
[2025-04-09T20:25:29.700+0000] {processor.py:179} INFO - Processing /workspaces/hands-on-introduction-data-engineering-4395021/airflow/dags/two_task_dag.py took 0.056 seconds
[2025-04-09T20:26:00.895+0000] {processor.py:157} INFO - Started process (PID=22228) to work on /workspaces/hands-on-introduction-data-engineering-4395021/airflow/dags/two_task_dag.py
[2025-04-09T20:26:00.896+0000] {processor.py:826} INFO - Processing file /workspaces/hands-on-introduction-data-engineering-4395021/airflow/dags/two_task_dag.py for tasks to queue
[2025-04-09T20:26:00.896+0000] {logging_mixin.py:150} INFO - [2025-04-09T20:26:00.896+0000] {dagbag.py:541} INFO - Filling up the DagBag from /workspaces/hands-on-introduction-data-engineering-4395021/airflow/dags/two_task_dag.py
[2025-04-09T20:26:00.903+0000] {processor.py:836} INFO - DAG(s) dict_keys(['two_task_dag']) retrieved from /workspaces/hands-on-introduction-data-engineering-4395021/airflow/dags/two_task_dag.py
[2025-04-09T20:26:00.921+0000] {logging_mixin.py:150} INFO - [2025-04-09T20:26:00.921+0000] {dag.py:2742} INFO - Sync 1 DAGs
[2025-04-09T20:26:00.935+0000] {logging_mixin.py:150} INFO - [2025-04-09T20:26:00.934+0000] {dag.py:3504} INFO - Setting next_dagrun for two_task_dag to None, run_after=None
[2025-04-09T20:26:00.948+0000] {processor.py:179} INFO - Processing /workspaces/hands-on-introduction-data-engineering-4395021/airflow/dags/two_task_dag.py took 0.056 seconds
[2025-04-09T20:26:31.053+0000] {processor.py:157} INFO - Started process (PID=22401) to work on /workspaces/hands-on-introduction-data-engineering-4395021/airflow/dags/two_task_dag.py
[2025-04-09T20:26:31.054+0000] {processor.py:826} INFO - Processing file /workspaces/hands-on-introduction-data-engineering-4395021/airflow/dags/two_task_dag.py for tasks to queue
[2025-04-09T20:26:31.055+0000] {logging_mixin.py:150} INFO - [2025-04-09T20:26:31.054+0000] {dagbag.py:541} INFO - Filling up the DagBag from /workspaces/hands-on-introduction-data-engineering-4395021/airflow/dags/two_task_dag.py
[2025-04-09T20:26:31.063+0000] {processor.py:836} INFO - DAG(s) dict_keys(['two_task_dag']) retrieved from /workspaces/hands-on-introduction-data-engineering-4395021/airflow/dags/two_task_dag.py
[2025-04-09T20:26:31.082+0000] {logging_mixin.py:150} INFO - [2025-04-09T20:26:31.082+0000] {dag.py:2742} INFO - Sync 1 DAGs
[2025-04-09T20:26:31.096+0000] {logging_mixin.py:150} INFO - [2025-04-09T20:26:31.096+0000] {dag.py:3504} INFO - Setting next_dagrun for two_task_dag to None, run_after=None
[2025-04-09T20:26:31.110+0000] {processor.py:179} INFO - Processing /workspaces/hands-on-introduction-data-engineering-4395021/airflow/dags/two_task_dag.py took 0.060 seconds
[2025-04-09T20:27:02.258+0000] {processor.py:157} INFO - Started process (PID=22581) to work on /workspaces/hands-on-introduction-data-engineering-4395021/airflow/dags/two_task_dag.py
[2025-04-09T20:27:02.259+0000] {processor.py:826} INFO - Processing file /workspaces/hands-on-introduction-data-engineering-4395021/airflow/dags/two_task_dag.py for tasks to queue
[2025-04-09T20:27:02.259+0000] {logging_mixin.py:150} INFO - [2025-04-09T20:27:02.259+0000] {dagbag.py:541} INFO - Filling up the DagBag from /workspaces/hands-on-introduction-data-engineering-4395021/airflow/dags/two_task_dag.py
[2025-04-09T20:27:02.267+0000] {processor.py:836} INFO - DAG(s) dict_keys(['two_task_dag']) retrieved from /workspaces/hands-on-introduction-data-engineering-4395021/airflow/dags/two_task_dag.py
[2025-04-09T20:27:02.284+0000] {logging_mixin.py:150} INFO - [2025-04-09T20:27:02.284+0000] {dag.py:2742} INFO - Sync 1 DAGs
[2025-04-09T20:27:02.300+0000] {logging_mixin.py:150} INFO - [2025-04-09T20:27:02.300+0000] {dag.py:3504} INFO - Setting next_dagrun for two_task_dag to None, run_after=None
[2025-04-09T20:27:02.315+0000] {processor.py:179} INFO - Processing /workspaces/hands-on-introduction-data-engineering-4395021/airflow/dags/two_task_dag.py took 0.060 seconds
[2025-04-09T20:27:32.415+0000] {processor.py:157} INFO - Started process (PID=22763) to work on /workspaces/hands-on-introduction-data-engineering-4395021/airflow/dags/two_task_dag.py
[2025-04-09T20:27:32.415+0000] {processor.py:826} INFO - Processing file /workspaces/hands-on-introduction-data-engineering-4395021/airflow/dags/two_task_dag.py for tasks to queue
[2025-04-09T20:27:32.416+0000] {logging_mixin.py:150} INFO - [2025-04-09T20:27:32.416+0000] {dagbag.py:541} INFO - Filling up the DagBag from /workspaces/hands-on-introduction-data-engineering-4395021/airflow/dags/two_task_dag.py
[2025-04-09T20:27:32.424+0000] {processor.py:836} INFO - DAG(s) dict_keys(['two_task_dag']) retrieved from /workspaces/hands-on-introduction-data-engineering-4395021/airflow/dags/two_task_dag.py
[2025-04-09T20:27:32.441+0000] {logging_mixin.py:150} INFO - [2025-04-09T20:27:32.441+0000] {dag.py:2742} INFO - Sync 1 DAGs
[2025-04-09T20:27:32.455+0000] {logging_mixin.py:150} INFO - [2025-04-09T20:27:32.455+0000] {dag.py:3504} INFO - Setting next_dagrun for two_task_dag to None, run_after=None
[2025-04-09T20:27:32.469+0000] {processor.py:179} INFO - Processing /workspaces/hands-on-introduction-data-engineering-4395021/airflow/dags/two_task_dag.py took 0.057 seconds
[2025-04-09T20:28:02.616+0000] {processor.py:157} INFO - Started process (PID=22934) to work on /workspaces/hands-on-introduction-data-engineering-4395021/airflow/dags/two_task_dag.py
[2025-04-09T20:28:02.617+0000] {processor.py:826} INFO - Processing file /workspaces/hands-on-introduction-data-engineering-4395021/airflow/dags/two_task_dag.py for tasks to queue
[2025-04-09T20:28:02.617+0000] {logging_mixin.py:150} INFO - [2025-04-09T20:28:02.617+0000] {dagbag.py:541} INFO - Filling up the DagBag from /workspaces/hands-on-introduction-data-engineering-4395021/airflow/dags/two_task_dag.py
[2025-04-09T20:28:02.625+0000] {processor.py:836} INFO - DAG(s) dict_keys(['two_task_dag']) retrieved from /workspaces/hands-on-introduction-data-engineering-4395021/airflow/dags/two_task_dag.py
[2025-04-09T20:28:02.642+0000] {logging_mixin.py:150} INFO - [2025-04-09T20:28:02.642+0000] {dag.py:2742} INFO - Sync 1 DAGs
[2025-04-09T20:28:02.656+0000] {logging_mixin.py:150} INFO - [2025-04-09T20:28:02.656+0000] {dag.py:3504} INFO - Setting next_dagrun for two_task_dag to None, run_after=None
[2025-04-09T20:28:02.669+0000] {processor.py:179} INFO - Processing /workspaces/hands-on-introduction-data-engineering-4395021/airflow/dags/two_task_dag.py took 0.056 seconds
[2025-04-09T20:28:32.771+0000] {processor.py:157} INFO - Started process (PID=23107) to work on /workspaces/hands-on-introduction-data-engineering-4395021/airflow/dags/two_task_dag.py
[2025-04-09T20:28:32.772+0000] {processor.py:826} INFO - Processing file /workspaces/hands-on-introduction-data-engineering-4395021/airflow/dags/two_task_dag.py for tasks to queue
[2025-04-09T20:28:32.773+0000] {logging_mixin.py:150} INFO - [2025-04-09T20:28:32.773+0000] {dagbag.py:541} INFO - Filling up the DagBag from /workspaces/hands-on-introduction-data-engineering-4395021/airflow/dags/two_task_dag.py
[2025-04-09T20:28:32.780+0000] {processor.py:836} INFO - DAG(s) dict_keys(['two_task_dag']) retrieved from /workspaces/hands-on-introduction-data-engineering-4395021/airflow/dags/two_task_dag.py
[2025-04-09T20:28:32.798+0000] {logging_mixin.py:150} INFO - [2025-04-09T20:28:32.798+0000] {dag.py:2742} INFO - Sync 1 DAGs
[2025-04-09T20:28:32.811+0000] {logging_mixin.py:150} INFO - [2025-04-09T20:28:32.811+0000] {dag.py:3504} INFO - Setting next_dagrun for two_task_dag to None, run_after=None
[2025-04-09T20:28:32.825+0000] {processor.py:179} INFO - Processing /workspaces/hands-on-introduction-data-engineering-4395021/airflow/dags/two_task_dag.py took 0.056 seconds
[2025-04-09T20:29:02.930+0000] {processor.py:157} INFO - Started process (PID=23281) to work on /workspaces/hands-on-introduction-data-engineering-4395021/airflow/dags/two_task_dag.py
[2025-04-09T20:29:02.931+0000] {processor.py:826} INFO - Processing file /workspaces/hands-on-introduction-data-engineering-4395021/airflow/dags/two_task_dag.py for tasks to queue
[2025-04-09T20:29:02.932+0000] {logging_mixin.py:150} INFO - [2025-04-09T20:29:02.932+0000] {dagbag.py:541} INFO - Filling up the DagBag from /workspaces/hands-on-introduction-data-engineering-4395021/airflow/dags/two_task_dag.py
[2025-04-09T20:29:02.939+0000] {processor.py:836} INFO - DAG(s) dict_keys(['two_task_dag']) retrieved from /workspaces/hands-on-introduction-data-engineering-4395021/airflow/dags/two_task_dag.py
[2025-04-09T20:29:02.957+0000] {logging_mixin.py:150} INFO - [2025-04-09T20:29:02.957+0000] {dag.py:2742} INFO - Sync 1 DAGs
[2025-04-09T20:29:02.970+0000] {logging_mixin.py:150} INFO - [2025-04-09T20:29:02.970+0000] {dag.py:3504} INFO - Setting next_dagrun for two_task_dag to None, run_after=None
[2025-04-09T20:29:02.983+0000] {processor.py:179} INFO - Processing /workspaces/hands-on-introduction-data-engineering-4395021/airflow/dags/two_task_dag.py took 0.055 seconds
[2025-04-09T20:29:33.088+0000] {processor.py:157} INFO - Started process (PID=23460) to work on /workspaces/hands-on-introduction-data-engineering-4395021/airflow/dags/two_task_dag.py
[2025-04-09T20:29:33.088+0000] {processor.py:826} INFO - Processing file /workspaces/hands-on-introduction-data-engineering-4395021/airflow/dags/two_task_dag.py for tasks to queue
[2025-04-09T20:29:33.089+0000] {logging_mixin.py:150} INFO - [2025-04-09T20:29:33.089+0000] {dagbag.py:541} INFO - Filling up the DagBag from /workspaces/hands-on-introduction-data-engineering-4395021/airflow/dags/two_task_dag.py
[2025-04-09T20:29:33.097+0000] {processor.py:836} INFO - DAG(s) dict_keys(['two_task_dag']) retrieved from /workspaces/hands-on-introduction-data-engineering-4395021/airflow/dags/two_task_dag.py
[2025-04-09T20:29:33.114+0000] {logging_mixin.py:150} INFO - [2025-04-09T20:29:33.114+0000] {dag.py:2742} INFO - Sync 1 DAGs
[2025-04-09T20:29:33.127+0000] {logging_mixin.py:150} INFO - [2025-04-09T20:29:33.127+0000] {dag.py:3504} INFO - Setting next_dagrun for two_task_dag to None, run_after=None
[2025-04-09T20:29:33.141+0000] {processor.py:179} INFO - Processing /workspaces/hands-on-introduction-data-engineering-4395021/airflow/dags/two_task_dag.py took 0.056 seconds
[2025-04-09T20:30:04.464+0000] {processor.py:157} INFO - Started process (PID=23728) to work on /workspaces/hands-on-introduction-data-engineering-4395021/airflow/dags/two_task_dag.py
[2025-04-09T20:30:04.465+0000] {processor.py:826} INFO - Processing file /workspaces/hands-on-introduction-data-engineering-4395021/airflow/dags/two_task_dag.py for tasks to queue
[2025-04-09T20:30:04.466+0000] {logging_mixin.py:150} INFO - [2025-04-09T20:30:04.465+0000] {dagbag.py:541} INFO - Filling up the DagBag from /workspaces/hands-on-introduction-data-engineering-4395021/airflow/dags/two_task_dag.py
[2025-04-09T20:30:04.473+0000] {processor.py:836} INFO - DAG(s) dict_keys(['two_task_dag']) retrieved from /workspaces/hands-on-introduction-data-engineering-4395021/airflow/dags/two_task_dag.py
[2025-04-09T20:30:04.495+0000] {logging_mixin.py:150} INFO - [2025-04-09T20:30:04.494+0000] {dag.py:2742} INFO - Sync 1 DAGs
[2025-04-09T20:30:04.508+0000] {logging_mixin.py:150} INFO - [2025-04-09T20:30:04.508+0000] {dag.py:3504} INFO - Setting next_dagrun for two_task_dag to None, run_after=None
[2025-04-09T20:30:04.521+0000] {processor.py:179} INFO - Processing /workspaces/hands-on-introduction-data-engineering-4395021/airflow/dags/two_task_dag.py took 0.060 seconds
[2025-04-09T20:30:36.182+0000] {processor.py:157} INFO - Started process (PID=23947) to work on /workspaces/hands-on-introduction-data-engineering-4395021/airflow/dags/two_task_dag.py
[2025-04-09T20:30:36.183+0000] {processor.py:826} INFO - Processing file /workspaces/hands-on-introduction-data-engineering-4395021/airflow/dags/two_task_dag.py for tasks to queue
[2025-04-09T20:30:36.184+0000] {logging_mixin.py:150} INFO - [2025-04-09T20:30:36.183+0000] {dagbag.py:541} INFO - Filling up the DagBag from /workspaces/hands-on-introduction-data-engineering-4395021/airflow/dags/two_task_dag.py
[2025-04-09T20:30:36.201+0000] {processor.py:836} INFO - DAG(s) dict_keys(['two_task_dag']) retrieved from /workspaces/hands-on-introduction-data-engineering-4395021/airflow/dags/two_task_dag.py
[2025-04-09T20:30:36.291+0000] {logging_mixin.py:150} INFO - [2025-04-09T20:30:36.291+0000] {dag.py:2742} INFO - Sync 1 DAGs
[2025-04-09T20:30:36.327+0000] {logging_mixin.py:150} INFO - [2025-04-09T20:30:36.327+0000] {dag.py:3504} INFO - Setting next_dagrun for two_task_dag to None, run_after=None
[2025-04-09T20:30:36.353+0000] {processor.py:179} INFO - Processing /workspaces/hands-on-introduction-data-engineering-4395021/airflow/dags/two_task_dag.py took 0.175 seconds
[2025-04-09T20:31:06.668+0000] {processor.py:157} INFO - Started process (PID=24158) to work on /workspaces/hands-on-introduction-data-engineering-4395021/airflow/dags/two_task_dag.py
[2025-04-09T20:31:06.669+0000] {processor.py:826} INFO - Processing file /workspaces/hands-on-introduction-data-engineering-4395021/airflow/dags/two_task_dag.py for tasks to queue
[2025-04-09T20:31:06.670+0000] {logging_mixin.py:150} INFO - [2025-04-09T20:31:06.670+0000] {dagbag.py:541} INFO - Filling up the DagBag from /workspaces/hands-on-introduction-data-engineering-4395021/airflow/dags/two_task_dag.py
[2025-04-09T20:31:06.677+0000] {processor.py:836} INFO - DAG(s) dict_keys(['two_task_dag']) retrieved from /workspaces/hands-on-introduction-data-engineering-4395021/airflow/dags/two_task_dag.py
[2025-04-09T20:31:06.695+0000] {logging_mixin.py:150} INFO - [2025-04-09T20:31:06.695+0000] {dag.py:2742} INFO - Sync 1 DAGs
[2025-04-09T20:31:06.709+0000] {logging_mixin.py:150} INFO - [2025-04-09T20:31:06.709+0000] {dag.py:3504} INFO - Setting next_dagrun for two_task_dag to None, run_after=None
[2025-04-09T20:31:06.723+0000] {processor.py:179} INFO - Processing /workspaces/hands-on-introduction-data-engineering-4395021/airflow/dags/two_task_dag.py took 0.057 seconds
[2025-04-09T20:31:38.050+0000] {processor.py:157} INFO - Started process (PID=24357) to work on /workspaces/hands-on-introduction-data-engineering-4395021/airflow/dags/two_task_dag.py
[2025-04-09T20:31:38.051+0000] {processor.py:826} INFO - Processing file /workspaces/hands-on-introduction-data-engineering-4395021/airflow/dags/two_task_dag.py for tasks to queue
[2025-04-09T20:31:38.052+0000] {logging_mixin.py:150} INFO - [2025-04-09T20:31:38.051+0000] {dagbag.py:541} INFO - Filling up the DagBag from /workspaces/hands-on-introduction-data-engineering-4395021/airflow/dags/two_task_dag.py
[2025-04-09T20:31:38.059+0000] {processor.py:836} INFO - DAG(s) dict_keys(['two_task_dag']) retrieved from /workspaces/hands-on-introduction-data-engineering-4395021/airflow/dags/two_task_dag.py
[2025-04-09T20:31:38.077+0000] {logging_mixin.py:150} INFO - [2025-04-09T20:31:38.077+0000] {dag.py:2742} INFO - Sync 1 DAGs
[2025-04-09T20:31:38.091+0000] {logging_mixin.py:150} INFO - [2025-04-09T20:31:38.091+0000] {dag.py:3504} INFO - Setting next_dagrun for two_task_dag to None, run_after=None
[2025-04-09T20:31:38.109+0000] {processor.py:179} INFO - Processing /workspaces/hands-on-introduction-data-engineering-4395021/airflow/dags/two_task_dag.py took 0.062 seconds
[2025-04-09T20:32:08.301+0000] {processor.py:157} INFO - Started process (PID=24531) to work on /workspaces/hands-on-introduction-data-engineering-4395021/airflow/dags/two_task_dag.py
[2025-04-09T20:32:08.302+0000] {processor.py:826} INFO - Processing file /workspaces/hands-on-introduction-data-engineering-4395021/airflow/dags/two_task_dag.py for tasks to queue
[2025-04-09T20:32:08.302+0000] {logging_mixin.py:150} INFO - [2025-04-09T20:32:08.302+0000] {dagbag.py:541} INFO - Filling up the DagBag from /workspaces/hands-on-introduction-data-engineering-4395021/airflow/dags/two_task_dag.py
[2025-04-09T20:32:08.310+0000] {processor.py:836} INFO - DAG(s) dict_keys(['two_task_dag']) retrieved from /workspaces/hands-on-introduction-data-engineering-4395021/airflow/dags/two_task_dag.py
[2025-04-09T20:32:08.328+0000] {logging_mixin.py:150} INFO - [2025-04-09T20:32:08.328+0000] {dag.py:2742} INFO - Sync 1 DAGs
[2025-04-09T20:32:08.343+0000] {logging_mixin.py:150} INFO - [2025-04-09T20:32:08.343+0000] {dag.py:3504} INFO - Setting next_dagrun for two_task_dag to None, run_after=None
[2025-04-09T20:32:08.359+0000] {processor.py:179} INFO - Processing /workspaces/hands-on-introduction-data-engineering-4395021/airflow/dags/two_task_dag.py took 0.061 seconds
[2025-04-09T20:32:38.590+0000] {processor.py:157} INFO - Started process (PID=24709) to work on /workspaces/hands-on-introduction-data-engineering-4395021/airflow/dags/two_task_dag.py
[2025-04-09T20:32:38.590+0000] {processor.py:826} INFO - Processing file /workspaces/hands-on-introduction-data-engineering-4395021/airflow/dags/two_task_dag.py for tasks to queue
[2025-04-09T20:32:38.591+0000] {logging_mixin.py:150} INFO - [2025-04-09T20:32:38.591+0000] {dagbag.py:541} INFO - Filling up the DagBag from /workspaces/hands-on-introduction-data-engineering-4395021/airflow/dags/two_task_dag.py
[2025-04-09T20:32:38.598+0000] {processor.py:836} INFO - DAG(s) dict_keys(['two_task_dag']) retrieved from /workspaces/hands-on-introduction-data-engineering-4395021/airflow/dags/two_task_dag.py
[2025-04-09T20:32:38.618+0000] {logging_mixin.py:150} INFO - [2025-04-09T20:32:38.618+0000] {dag.py:2742} INFO - Sync 1 DAGs
[2025-04-09T20:32:38.631+0000] {logging_mixin.py:150} INFO - [2025-04-09T20:32:38.631+0000] {dag.py:3504} INFO - Setting next_dagrun for two_task_dag to None, run_after=None
[2025-04-09T20:32:38.644+0000] {processor.py:179} INFO - Processing /workspaces/hands-on-introduction-data-engineering-4395021/airflow/dags/two_task_dag.py took 0.058 seconds
[2025-04-09T20:33:08.861+0000] {processor.py:157} INFO - Started process (PID=24895) to work on /workspaces/hands-on-introduction-data-engineering-4395021/airflow/dags/two_task_dag.py
[2025-04-09T20:33:08.862+0000] {processor.py:826} INFO - Processing file /workspaces/hands-on-introduction-data-engineering-4395021/airflow/dags/two_task_dag.py for tasks to queue
[2025-04-09T20:33:08.862+0000] {logging_mixin.py:150} INFO - [2025-04-09T20:33:08.862+0000] {dagbag.py:541} INFO - Filling up the DagBag from /workspaces/hands-on-introduction-data-engineering-4395021/airflow/dags/two_task_dag.py
[2025-04-09T20:33:08.870+0000] {processor.py:836} INFO - DAG(s) dict_keys(['two_task_dag']) retrieved from /workspaces/hands-on-introduction-data-engineering-4395021/airflow/dags/two_task_dag.py
[2025-04-09T20:33:08.887+0000] {logging_mixin.py:150} INFO - [2025-04-09T20:33:08.887+0000] {dag.py:2742} INFO - Sync 1 DAGs
[2025-04-09T20:33:08.901+0000] {logging_mixin.py:150} INFO - [2025-04-09T20:33:08.901+0000] {dag.py:3504} INFO - Setting next_dagrun for two_task_dag to None, run_after=None
[2025-04-09T20:33:08.914+0000] {processor.py:179} INFO - Processing /workspaces/hands-on-introduction-data-engineering-4395021/airflow/dags/two_task_dag.py took 0.056 seconds
[2025-04-09T20:33:39.172+0000] {processor.py:157} INFO - Started process (PID=25086) to work on /workspaces/hands-on-introduction-data-engineering-4395021/airflow/dags/two_task_dag.py
[2025-04-09T20:33:39.173+0000] {processor.py:826} INFO - Processing file /workspaces/hands-on-introduction-data-engineering-4395021/airflow/dags/two_task_dag.py for tasks to queue
[2025-04-09T20:33:39.173+0000] {logging_mixin.py:150} INFO - [2025-04-09T20:33:39.173+0000] {dagbag.py:541} INFO - Filling up the DagBag from /workspaces/hands-on-introduction-data-engineering-4395021/airflow/dags/two_task_dag.py
[2025-04-09T20:33:39.181+0000] {processor.py:836} INFO - DAG(s) dict_keys(['two_task_dag']) retrieved from /workspaces/hands-on-introduction-data-engineering-4395021/airflow/dags/two_task_dag.py
[2025-04-09T20:33:39.198+0000] {logging_mixin.py:150} INFO - [2025-04-09T20:33:39.198+0000] {dag.py:2742} INFO - Sync 1 DAGs
[2025-04-09T20:33:39.212+0000] {logging_mixin.py:150} INFO - [2025-04-09T20:33:39.211+0000] {dag.py:3504} INFO - Setting next_dagrun for two_task_dag to None, run_after=None
[2025-04-09T20:33:39.225+0000] {processor.py:179} INFO - Processing /workspaces/hands-on-introduction-data-engineering-4395021/airflow/dags/two_task_dag.py took 0.055 seconds
[2025-04-09T20:34:09.458+0000] {processor.py:157} INFO - Started process (PID=25268) to work on /workspaces/hands-on-introduction-data-engineering-4395021/airflow/dags/two_task_dag.py
[2025-04-09T20:34:09.459+0000] {processor.py:826} INFO - Processing file /workspaces/hands-on-introduction-data-engineering-4395021/airflow/dags/two_task_dag.py for tasks to queue
[2025-04-09T20:34:09.460+0000] {logging_mixin.py:150} INFO - [2025-04-09T20:34:09.459+0000] {dagbag.py:541} INFO - Filling up the DagBag from /workspaces/hands-on-introduction-data-engineering-4395021/airflow/dags/two_task_dag.py
[2025-04-09T20:34:09.467+0000] {processor.py:836} INFO - DAG(s) dict_keys(['two_task_dag']) retrieved from /workspaces/hands-on-introduction-data-engineering-4395021/airflow/dags/two_task_dag.py
[2025-04-09T20:34:09.485+0000] {logging_mixin.py:150} INFO - [2025-04-09T20:34:09.484+0000] {dag.py:2742} INFO - Sync 1 DAGs
[2025-04-09T20:34:09.498+0000] {logging_mixin.py:150} INFO - [2025-04-09T20:34:09.498+0000] {dag.py:3504} INFO - Setting next_dagrun for two_task_dag to None, run_after=None
[2025-04-09T20:34:09.512+0000] {processor.py:179} INFO - Processing /workspaces/hands-on-introduction-data-engineering-4395021/airflow/dags/two_task_dag.py took 0.056 seconds
[2025-04-09T20:34:39.810+0000] {processor.py:157} INFO - Started process (PID=25441) to work on /workspaces/hands-on-introduction-data-engineering-4395021/airflow/dags/two_task_dag.py
[2025-04-09T20:34:39.811+0000] {processor.py:826} INFO - Processing file /workspaces/hands-on-introduction-data-engineering-4395021/airflow/dags/two_task_dag.py for tasks to queue
[2025-04-09T20:34:39.811+0000] {logging_mixin.py:150} INFO - [2025-04-09T20:34:39.811+0000] {dagbag.py:541} INFO - Filling up the DagBag from /workspaces/hands-on-introduction-data-engineering-4395021/airflow/dags/two_task_dag.py
[2025-04-09T20:34:39.819+0000] {processor.py:836} INFO - DAG(s) dict_keys(['two_task_dag']) retrieved from /workspaces/hands-on-introduction-data-engineering-4395021/airflow/dags/two_task_dag.py
[2025-04-09T20:34:39.837+0000] {logging_mixin.py:150} INFO - [2025-04-09T20:34:39.837+0000] {dag.py:2742} INFO - Sync 1 DAGs
[2025-04-09T20:34:39.851+0000] {logging_mixin.py:150} INFO - [2025-04-09T20:34:39.850+0000] {dag.py:3504} INFO - Setting next_dagrun for two_task_dag to None, run_after=None
[2025-04-09T20:34:39.864+0000] {processor.py:179} INFO - Processing /workspaces/hands-on-introduction-data-engineering-4395021/airflow/dags/two_task_dag.py took 0.057 seconds
[2025-04-09T20:35:10.097+0000] {processor.py:157} INFO - Started process (PID=25617) to work on /workspaces/hands-on-introduction-data-engineering-4395021/airflow/dags/two_task_dag.py
[2025-04-09T20:35:10.098+0000] {processor.py:826} INFO - Processing file /workspaces/hands-on-introduction-data-engineering-4395021/airflow/dags/two_task_dag.py for tasks to queue
[2025-04-09T20:35:10.099+0000] {logging_mixin.py:150} INFO - [2025-04-09T20:35:10.098+0000] {dagbag.py:541} INFO - Filling up the DagBag from /workspaces/hands-on-introduction-data-engineering-4395021/airflow/dags/two_task_dag.py
[2025-04-09T20:35:10.106+0000] {processor.py:836} INFO - DAG(s) dict_keys(['two_task_dag']) retrieved from /workspaces/hands-on-introduction-data-engineering-4395021/airflow/dags/two_task_dag.py
[2025-04-09T20:35:10.124+0000] {logging_mixin.py:150} INFO - [2025-04-09T20:35:10.124+0000] {dag.py:2742} INFO - Sync 1 DAGs
[2025-04-09T20:35:10.138+0000] {logging_mixin.py:150} INFO - [2025-04-09T20:35:10.138+0000] {dag.py:3504} INFO - Setting next_dagrun for two_task_dag to None, run_after=None
[2025-04-09T20:35:10.152+0000] {processor.py:179} INFO - Processing /workspaces/hands-on-introduction-data-engineering-4395021/airflow/dags/two_task_dag.py took 0.057 seconds
[2025-04-09T20:35:40.390+0000] {processor.py:157} INFO - Started process (PID=25796) to work on /workspaces/hands-on-introduction-data-engineering-4395021/airflow/dags/two_task_dag.py
[2025-04-09T20:35:40.391+0000] {processor.py:826} INFO - Processing file /workspaces/hands-on-introduction-data-engineering-4395021/airflow/dags/two_task_dag.py for tasks to queue
[2025-04-09T20:35:40.392+0000] {logging_mixin.py:150} INFO - [2025-04-09T20:35:40.392+0000] {dagbag.py:541} INFO - Filling up the DagBag from /workspaces/hands-on-introduction-data-engineering-4395021/airflow/dags/two_task_dag.py
[2025-04-09T20:35:40.399+0000] {processor.py:836} INFO - DAG(s) dict_keys(['two_task_dag']) retrieved from /workspaces/hands-on-introduction-data-engineering-4395021/airflow/dags/two_task_dag.py
[2025-04-09T20:35:40.417+0000] {logging_mixin.py:150} INFO - [2025-04-09T20:35:40.417+0000] {dag.py:2742} INFO - Sync 1 DAGs
[2025-04-09T20:35:40.430+0000] {logging_mixin.py:150} INFO - [2025-04-09T20:35:40.430+0000] {dag.py:3504} INFO - Setting next_dagrun for two_task_dag to None, run_after=None
[2025-04-09T20:35:40.444+0000] {processor.py:179} INFO - Processing /workspaces/hands-on-introduction-data-engineering-4395021/airflow/dags/two_task_dag.py took 0.056 seconds
[2025-04-09T20:36:10.767+0000] {processor.py:157} INFO - Started process (PID=25999) to work on /workspaces/hands-on-introduction-data-engineering-4395021/airflow/dags/two_task_dag.py
[2025-04-09T20:36:10.767+0000] {processor.py:826} INFO - Processing file /workspaces/hands-on-introduction-data-engineering-4395021/airflow/dags/two_task_dag.py for tasks to queue
[2025-04-09T20:36:10.768+0000] {logging_mixin.py:150} INFO - [2025-04-09T20:36:10.768+0000] {dagbag.py:541} INFO - Filling up the DagBag from /workspaces/hands-on-introduction-data-engineering-4395021/airflow/dags/two_task_dag.py
[2025-04-09T20:36:10.776+0000] {processor.py:836} INFO - DAG(s) dict_keys(['two_task_dag']) retrieved from /workspaces/hands-on-introduction-data-engineering-4395021/airflow/dags/two_task_dag.py
[2025-04-09T20:36:10.794+0000] {logging_mixin.py:150} INFO - [2025-04-09T20:36:10.793+0000] {dag.py:2742} INFO - Sync 1 DAGs
[2025-04-09T20:36:10.807+0000] {logging_mixin.py:150} INFO - [2025-04-09T20:36:10.807+0000] {dag.py:3504} INFO - Setting next_dagrun for two_task_dag to None, run_after=None
[2025-04-09T20:36:10.820+0000] {processor.py:179} INFO - Processing /workspaces/hands-on-introduction-data-engineering-4395021/airflow/dags/two_task_dag.py took 0.056 seconds
[2025-04-09T20:36:41.303+0000] {processor.py:157} INFO - Started process (PID=26196) to work on /workspaces/hands-on-introduction-data-engineering-4395021/airflow/dags/two_task_dag.py
[2025-04-09T20:36:41.304+0000] {processor.py:826} INFO - Processing file /workspaces/hands-on-introduction-data-engineering-4395021/airflow/dags/two_task_dag.py for tasks to queue
[2025-04-09T20:36:41.305+0000] {logging_mixin.py:150} INFO - [2025-04-09T20:36:41.304+0000] {dagbag.py:541} INFO - Filling up the DagBag from /workspaces/hands-on-introduction-data-engineering-4395021/airflow/dags/two_task_dag.py
[2025-04-09T20:36:41.312+0000] {processor.py:836} INFO - DAG(s) dict_keys(['two_task_dag']) retrieved from /workspaces/hands-on-introduction-data-engineering-4395021/airflow/dags/two_task_dag.py
[2025-04-09T20:36:41.330+0000] {logging_mixin.py:150} INFO - [2025-04-09T20:36:41.329+0000] {dag.py:2742} INFO - Sync 1 DAGs
[2025-04-09T20:36:41.343+0000] {logging_mixin.py:150} INFO - [2025-04-09T20:36:41.343+0000] {dag.py:3504} INFO - Setting next_dagrun for two_task_dag to None, run_after=None
[2025-04-09T20:36:41.357+0000] {processor.py:179} INFO - Processing /workspaces/hands-on-introduction-data-engineering-4395021/airflow/dags/two_task_dag.py took 0.057 seconds
[2025-04-09T20:37:11.796+0000] {processor.py:157} INFO - Started process (PID=26375) to work on /workspaces/hands-on-introduction-data-engineering-4395021/airflow/dags/two_task_dag.py
[2025-04-09T20:37:11.797+0000] {processor.py:826} INFO - Processing file /workspaces/hands-on-introduction-data-engineering-4395021/airflow/dags/two_task_dag.py for tasks to queue
[2025-04-09T20:37:11.797+0000] {logging_mixin.py:150} INFO - [2025-04-09T20:37:11.797+0000] {dagbag.py:541} INFO - Filling up the DagBag from /workspaces/hands-on-introduction-data-engineering-4395021/airflow/dags/two_task_dag.py
[2025-04-09T20:37:11.805+0000] {processor.py:836} INFO - DAG(s) dict_keys(['two_task_dag']) retrieved from /workspaces/hands-on-introduction-data-engineering-4395021/airflow/dags/two_task_dag.py
[2025-04-09T20:37:11.827+0000] {logging_mixin.py:150} INFO - [2025-04-09T20:37:11.826+0000] {dag.py:2742} INFO - Sync 1 DAGs
[2025-04-09T20:37:11.840+0000] {logging_mixin.py:150} INFO - [2025-04-09T20:37:11.840+0000] {dag.py:3504} INFO - Setting next_dagrun for two_task_dag to None, run_after=None
[2025-04-09T20:37:11.853+0000] {processor.py:179} INFO - Processing /workspaces/hands-on-introduction-data-engineering-4395021/airflow/dags/two_task_dag.py took 0.060 seconds
[2025-04-09T20:37:42.323+0000] {processor.py:157} INFO - Started process (PID=26568) to work on /workspaces/hands-on-introduction-data-engineering-4395021/airflow/dags/two_task_dag.py
[2025-04-09T20:37:42.323+0000] {processor.py:826} INFO - Processing file /workspaces/hands-on-introduction-data-engineering-4395021/airflow/dags/two_task_dag.py for tasks to queue
[2025-04-09T20:37:42.324+0000] {logging_mixin.py:150} INFO - [2025-04-09T20:37:42.324+0000] {dagbag.py:541} INFO - Filling up the DagBag from /workspaces/hands-on-introduction-data-engineering-4395021/airflow/dags/two_task_dag.py
[2025-04-09T20:37:42.331+0000] {processor.py:836} INFO - DAG(s) dict_keys(['two_task_dag']) retrieved from /workspaces/hands-on-introduction-data-engineering-4395021/airflow/dags/two_task_dag.py
[2025-04-09T20:37:42.349+0000] {logging_mixin.py:150} INFO - [2025-04-09T20:37:42.349+0000] {dag.py:2742} INFO - Sync 1 DAGs
[2025-04-09T20:37:42.362+0000] {logging_mixin.py:150} INFO - [2025-04-09T20:37:42.362+0000] {dag.py:3504} INFO - Setting next_dagrun for two_task_dag to None, run_after=None
[2025-04-09T20:37:42.377+0000] {processor.py:179} INFO - Processing /workspaces/hands-on-introduction-data-engineering-4395021/airflow/dags/two_task_dag.py took 0.058 seconds
[2025-04-09T20:38:12.825+0000] {processor.py:157} INFO - Started process (PID=26894) to work on /workspaces/hands-on-introduction-data-engineering-4395021/airflow/dags/two_task_dag.py
[2025-04-09T20:38:12.825+0000] {processor.py:826} INFO - Processing file /workspaces/hands-on-introduction-data-engineering-4395021/airflow/dags/two_task_dag.py for tasks to queue
[2025-04-09T20:38:12.826+0000] {logging_mixin.py:150} INFO - [2025-04-09T20:38:12.826+0000] {dagbag.py:541} INFO - Filling up the DagBag from /workspaces/hands-on-introduction-data-engineering-4395021/airflow/dags/two_task_dag.py
[2025-04-09T20:38:12.833+0000] {processor.py:836} INFO - DAG(s) dict_keys(['two_task_dag']) retrieved from /workspaces/hands-on-introduction-data-engineering-4395021/airflow/dags/two_task_dag.py
[2025-04-09T20:38:12.852+0000] {logging_mixin.py:150} INFO - [2025-04-09T20:38:12.852+0000] {dag.py:2742} INFO - Sync 1 DAGs
[2025-04-09T20:38:12.865+0000] {logging_mixin.py:150} INFO - [2025-04-09T20:38:12.865+0000] {dag.py:3504} INFO - Setting next_dagrun for two_task_dag to None, run_after=None
[2025-04-09T20:38:12.880+0000] {processor.py:179} INFO - Processing /workspaces/hands-on-introduction-data-engineering-4395021/airflow/dags/two_task_dag.py took 0.058 seconds
[2025-04-09T20:38:43.318+0000] {processor.py:157} INFO - Started process (PID=27202) to work on /workspaces/hands-on-introduction-data-engineering-4395021/airflow/dags/two_task_dag.py
[2025-04-09T20:38:43.319+0000] {processor.py:826} INFO - Processing file /workspaces/hands-on-introduction-data-engineering-4395021/airflow/dags/two_task_dag.py for tasks to queue
[2025-04-09T20:38:43.319+0000] {logging_mixin.py:150} INFO - [2025-04-09T20:38:43.319+0000] {dagbag.py:541} INFO - Filling up the DagBag from /workspaces/hands-on-introduction-data-engineering-4395021/airflow/dags/two_task_dag.py
[2025-04-09T20:38:43.327+0000] {processor.py:836} INFO - DAG(s) dict_keys(['two_task_dag']) retrieved from /workspaces/hands-on-introduction-data-engineering-4395021/airflow/dags/two_task_dag.py
[2025-04-09T20:38:43.345+0000] {logging_mixin.py:150} INFO - [2025-04-09T20:38:43.345+0000] {dag.py:2742} INFO - Sync 1 DAGs
[2025-04-09T20:38:43.359+0000] {logging_mixin.py:150} INFO - [2025-04-09T20:38:43.359+0000] {dag.py:3504} INFO - Setting next_dagrun for two_task_dag to None, run_after=None
[2025-04-09T20:38:43.372+0000] {processor.py:179} INFO - Processing /workspaces/hands-on-introduction-data-engineering-4395021/airflow/dags/two_task_dag.py took 0.057 seconds
[2025-04-09T20:39:13.934+0000] {processor.py:157} INFO - Started process (PID=27483) to work on /workspaces/hands-on-introduction-data-engineering-4395021/airflow/dags/two_task_dag.py
[2025-04-09T20:39:13.935+0000] {processor.py:826} INFO - Processing file /workspaces/hands-on-introduction-data-engineering-4395021/airflow/dags/two_task_dag.py for tasks to queue
[2025-04-09T20:39:13.935+0000] {logging_mixin.py:150} INFO - [2025-04-09T20:39:13.935+0000] {dagbag.py:541} INFO - Filling up the DagBag from /workspaces/hands-on-introduction-data-engineering-4395021/airflow/dags/two_task_dag.py
[2025-04-09T20:39:13.943+0000] {processor.py:836} INFO - DAG(s) dict_keys(['two_task_dag']) retrieved from /workspaces/hands-on-introduction-data-engineering-4395021/airflow/dags/two_task_dag.py
[2025-04-09T20:39:13.960+0000] {logging_mixin.py:150} INFO - [2025-04-09T20:39:13.960+0000] {dag.py:2742} INFO - Sync 1 DAGs
[2025-04-09T20:39:13.974+0000] {logging_mixin.py:150} INFO - [2025-04-09T20:39:13.974+0000] {dag.py:3504} INFO - Setting next_dagrun for two_task_dag to None, run_after=None
[2025-04-09T20:39:13.988+0000] {processor.py:179} INFO - Processing /workspaces/hands-on-introduction-data-engineering-4395021/airflow/dags/two_task_dag.py took 0.056 seconds
[2025-04-09T20:39:44.815+0000] {processor.py:157} INFO - Started process (PID=27774) to work on /workspaces/hands-on-introduction-data-engineering-4395021/airflow/dags/two_task_dag.py
[2025-04-09T20:39:44.816+0000] {processor.py:826} INFO - Processing file /workspaces/hands-on-introduction-data-engineering-4395021/airflow/dags/two_task_dag.py for tasks to queue
[2025-04-09T20:39:44.816+0000] {logging_mixin.py:150} INFO - [2025-04-09T20:39:44.816+0000] {dagbag.py:541} INFO - Filling up the DagBag from /workspaces/hands-on-introduction-data-engineering-4395021/airflow/dags/two_task_dag.py
[2025-04-09T20:39:44.824+0000] {processor.py:836} INFO - DAG(s) dict_keys(['two_task_dag']) retrieved from /workspaces/hands-on-introduction-data-engineering-4395021/airflow/dags/two_task_dag.py
[2025-04-09T20:39:44.843+0000] {logging_mixin.py:150} INFO - [2025-04-09T20:39:44.843+0000] {dag.py:2742} INFO - Sync 1 DAGs
[2025-04-09T20:39:44.858+0000] {logging_mixin.py:150} INFO - [2025-04-09T20:39:44.858+0000] {dag.py:3504} INFO - Setting next_dagrun for two_task_dag to None, run_after=None
[2025-04-09T20:39:44.872+0000] {processor.py:179} INFO - Processing /workspaces/hands-on-introduction-data-engineering-4395021/airflow/dags/two_task_dag.py took 0.060 seconds
[2025-04-09T20:40:15.632+0000] {processor.py:157} INFO - Started process (PID=28072) to work on /workspaces/hands-on-introduction-data-engineering-4395021/airflow/dags/two_task_dag.py
[2025-04-09T20:40:15.632+0000] {processor.py:826} INFO - Processing file /workspaces/hands-on-introduction-data-engineering-4395021/airflow/dags/two_task_dag.py for tasks to queue
[2025-04-09T20:40:15.633+0000] {logging_mixin.py:150} INFO - [2025-04-09T20:40:15.633+0000] {dagbag.py:541} INFO - Filling up the DagBag from /workspaces/hands-on-introduction-data-engineering-4395021/airflow/dags/two_task_dag.py
[2025-04-09T20:40:15.641+0000] {processor.py:836} INFO - DAG(s) dict_keys(['two_task_dag']) retrieved from /workspaces/hands-on-introduction-data-engineering-4395021/airflow/dags/two_task_dag.py
[2025-04-09T20:40:15.658+0000] {logging_mixin.py:150} INFO - [2025-04-09T20:40:15.658+0000] {dag.py:2742} INFO - Sync 1 DAGs
[2025-04-09T20:40:15.671+0000] {logging_mixin.py:150} INFO - [2025-04-09T20:40:15.671+0000] {dag.py:3504} INFO - Setting next_dagrun for two_task_dag to None, run_after=None
[2025-04-09T20:40:15.685+0000] {processor.py:179} INFO - Processing /workspaces/hands-on-introduction-data-engineering-4395021/airflow/dags/two_task_dag.py took 0.056 seconds
[2025-04-09T20:40:45.973+0000] {processor.py:157} INFO - Started process (PID=28316) to work on /workspaces/hands-on-introduction-data-engineering-4395021/airflow/dags/two_task_dag.py
[2025-04-09T20:40:45.974+0000] {processor.py:826} INFO - Processing file /workspaces/hands-on-introduction-data-engineering-4395021/airflow/dags/two_task_dag.py for tasks to queue
[2025-04-09T20:40:45.975+0000] {logging_mixin.py:150} INFO - [2025-04-09T20:40:45.975+0000] {dagbag.py:541} INFO - Filling up the DagBag from /workspaces/hands-on-introduction-data-engineering-4395021/airflow/dags/two_task_dag.py
[2025-04-09T20:40:45.982+0000] {processor.py:836} INFO - DAG(s) dict_keys(['two_task_dag']) retrieved from /workspaces/hands-on-introduction-data-engineering-4395021/airflow/dags/two_task_dag.py
[2025-04-09T20:40:46.000+0000] {logging_mixin.py:150} INFO - [2025-04-09T20:40:45.999+0000] {dag.py:2742} INFO - Sync 1 DAGs
[2025-04-09T20:40:46.013+0000] {logging_mixin.py:150} INFO - [2025-04-09T20:40:46.012+0000] {dag.py:3504} INFO - Setting next_dagrun for two_task_dag to None, run_after=None
[2025-04-09T20:40:46.026+0000] {processor.py:179} INFO - Processing /workspaces/hands-on-introduction-data-engineering-4395021/airflow/dags/two_task_dag.py took 0.055 seconds
[2025-04-09T20:41:16.539+0000] {processor.py:157} INFO - Started process (PID=28519) to work on /workspaces/hands-on-introduction-data-engineering-4395021/airflow/dags/two_task_dag.py
[2025-04-09T20:41:16.540+0000] {processor.py:826} INFO - Processing file /workspaces/hands-on-introduction-data-engineering-4395021/airflow/dags/two_task_dag.py for tasks to queue
[2025-04-09T20:41:16.541+0000] {logging_mixin.py:150} INFO - [2025-04-09T20:41:16.540+0000] {dagbag.py:541} INFO - Filling up the DagBag from /workspaces/hands-on-introduction-data-engineering-4395021/airflow/dags/two_task_dag.py
[2025-04-09T20:41:16.548+0000] {processor.py:836} INFO - DAG(s) dict_keys(['two_task_dag']) retrieved from /workspaces/hands-on-introduction-data-engineering-4395021/airflow/dags/two_task_dag.py
[2025-04-09T20:41:16.566+0000] {logging_mixin.py:150} INFO - [2025-04-09T20:41:16.566+0000] {dag.py:2742} INFO - Sync 1 DAGs
[2025-04-09T20:41:16.579+0000] {logging_mixin.py:150} INFO - [2025-04-09T20:41:16.579+0000] {dag.py:3504} INFO - Setting next_dagrun for two_task_dag to None, run_after=None
[2025-04-09T20:41:16.593+0000] {processor.py:179} INFO - Processing /workspaces/hands-on-introduction-data-engineering-4395021/airflow/dags/two_task_dag.py took 0.056 seconds
[2025-04-09T20:41:47.026+0000] {processor.py:157} INFO - Started process (PID=28717) to work on /workspaces/hands-on-introduction-data-engineering-4395021/airflow/dags/two_task_dag.py
[2025-04-09T20:41:47.027+0000] {processor.py:826} INFO - Processing file /workspaces/hands-on-introduction-data-engineering-4395021/airflow/dags/two_task_dag.py for tasks to queue
[2025-04-09T20:41:47.027+0000] {logging_mixin.py:150} INFO - [2025-04-09T20:41:47.027+0000] {dagbag.py:541} INFO - Filling up the DagBag from /workspaces/hands-on-introduction-data-engineering-4395021/airflow/dags/two_task_dag.py
[2025-04-09T20:41:47.035+0000] {processor.py:836} INFO - DAG(s) dict_keys(['two_task_dag']) retrieved from /workspaces/hands-on-introduction-data-engineering-4395021/airflow/dags/two_task_dag.py
[2025-04-09T20:41:47.053+0000] {logging_mixin.py:150} INFO - [2025-04-09T20:41:47.052+0000] {dag.py:2742} INFO - Sync 1 DAGs
[2025-04-09T20:41:47.066+0000] {logging_mixin.py:150} INFO - [2025-04-09T20:41:47.066+0000] {dag.py:3504} INFO - Setting next_dagrun for two_task_dag to None, run_after=None
[2025-04-09T20:41:47.079+0000] {processor.py:179} INFO - Processing /workspaces/hands-on-introduction-data-engineering-4395021/airflow/dags/two_task_dag.py took 0.056 seconds
[2025-04-09T20:42:17.523+0000] {processor.py:157} INFO - Started process (PID=28919) to work on /workspaces/hands-on-introduction-data-engineering-4395021/airflow/dags/two_task_dag.py
[2025-04-09T20:42:17.523+0000] {processor.py:826} INFO - Processing file /workspaces/hands-on-introduction-data-engineering-4395021/airflow/dags/two_task_dag.py for tasks to queue
[2025-04-09T20:42:17.524+0000] {logging_mixin.py:150} INFO - [2025-04-09T20:42:17.524+0000] {dagbag.py:541} INFO - Filling up the DagBag from /workspaces/hands-on-introduction-data-engineering-4395021/airflow/dags/two_task_dag.py
[2025-04-09T20:42:17.532+0000] {processor.py:836} INFO - DAG(s) dict_keys(['two_task_dag']) retrieved from /workspaces/hands-on-introduction-data-engineering-4395021/airflow/dags/two_task_dag.py
[2025-04-09T20:42:17.550+0000] {logging_mixin.py:150} INFO - [2025-04-09T20:42:17.550+0000] {dag.py:2742} INFO - Sync 1 DAGs
[2025-04-09T20:42:17.564+0000] {logging_mixin.py:150} INFO - [2025-04-09T20:42:17.564+0000] {dag.py:3504} INFO - Setting next_dagrun for two_task_dag to None, run_after=None
[2025-04-09T20:42:17.577+0000] {processor.py:179} INFO - Processing /workspaces/hands-on-introduction-data-engineering-4395021/airflow/dags/two_task_dag.py took 0.057 seconds
[2025-04-09T20:42:48.024+0000] {processor.py:157} INFO - Started process (PID=29129) to work on /workspaces/hands-on-introduction-data-engineering-4395021/airflow/dags/two_task_dag.py
[2025-04-09T20:42:48.025+0000] {processor.py:826} INFO - Processing file /workspaces/hands-on-introduction-data-engineering-4395021/airflow/dags/two_task_dag.py for tasks to queue
[2025-04-09T20:42:48.026+0000] {logging_mixin.py:150} INFO - [2025-04-09T20:42:48.025+0000] {dagbag.py:541} INFO - Filling up the DagBag from /workspaces/hands-on-introduction-data-engineering-4395021/airflow/dags/two_task_dag.py
[2025-04-09T20:42:48.033+0000] {processor.py:836} INFO - DAG(s) dict_keys(['two_task_dag']) retrieved from /workspaces/hands-on-introduction-data-engineering-4395021/airflow/dags/two_task_dag.py
[2025-04-09T20:42:48.051+0000] {logging_mixin.py:150} INFO - [2025-04-09T20:42:48.051+0000] {dag.py:2742} INFO - Sync 1 DAGs
[2025-04-09T20:42:48.069+0000] {logging_mixin.py:150} INFO - [2025-04-09T20:42:48.069+0000] {dag.py:3504} INFO - Setting next_dagrun for two_task_dag to None, run_after=None
[2025-04-09T20:42:48.083+0000] {processor.py:179} INFO - Processing /workspaces/hands-on-introduction-data-engineering-4395021/airflow/dags/two_task_dag.py took 0.061 seconds
[2025-04-09T20:43:18.213+0000] {processor.py:157} INFO - Started process (PID=29316) to work on /workspaces/hands-on-introduction-data-engineering-4395021/airflow/dags/two_task_dag.py
[2025-04-09T20:43:18.214+0000] {processor.py:826} INFO - Processing file /workspaces/hands-on-introduction-data-engineering-4395021/airflow/dags/two_task_dag.py for tasks to queue
[2025-04-09T20:43:18.214+0000] {logging_mixin.py:150} INFO - [2025-04-09T20:43:18.214+0000] {dagbag.py:541} INFO - Filling up the DagBag from /workspaces/hands-on-introduction-data-engineering-4395021/airflow/dags/two_task_dag.py
[2025-04-09T20:43:18.222+0000] {processor.py:836} INFO - DAG(s) dict_keys(['two_task_dag']) retrieved from /workspaces/hands-on-introduction-data-engineering-4395021/airflow/dags/two_task_dag.py
[2025-04-09T20:43:18.240+0000] {logging_mixin.py:150} INFO - [2025-04-09T20:43:18.240+0000] {dag.py:2742} INFO - Sync 1 DAGs
[2025-04-09T20:43:18.256+0000] {logging_mixin.py:150} INFO - [2025-04-09T20:43:18.256+0000] {dag.py:3504} INFO - Setting next_dagrun for two_task_dag to None, run_after=None
[2025-04-09T20:43:18.273+0000] {processor.py:179} INFO - Processing /workspaces/hands-on-introduction-data-engineering-4395021/airflow/dags/two_task_dag.py took 0.063 seconds
[2025-04-09T20:43:48.520+0000] {processor.py:157} INFO - Started process (PID=29494) to work on /workspaces/hands-on-introduction-data-engineering-4395021/airflow/dags/two_task_dag.py
[2025-04-09T20:43:48.521+0000] {processor.py:826} INFO - Processing file /workspaces/hands-on-introduction-data-engineering-4395021/airflow/dags/two_task_dag.py for tasks to queue
[2025-04-09T20:43:48.522+0000] {logging_mixin.py:150} INFO - [2025-04-09T20:43:48.521+0000] {dagbag.py:541} INFO - Filling up the DagBag from /workspaces/hands-on-introduction-data-engineering-4395021/airflow/dags/two_task_dag.py
[2025-04-09T20:43:48.530+0000] {processor.py:836} INFO - DAG(s) dict_keys(['two_task_dag']) retrieved from /workspaces/hands-on-introduction-data-engineering-4395021/airflow/dags/two_task_dag.py
[2025-04-09T20:43:48.548+0000] {logging_mixin.py:150} INFO - [2025-04-09T20:43:48.548+0000] {dag.py:2742} INFO - Sync 1 DAGs
[2025-04-09T20:43:48.561+0000] {logging_mixin.py:150} INFO - [2025-04-09T20:43:48.561+0000] {dag.py:3504} INFO - Setting next_dagrun for two_task_dag to None, run_after=None
[2025-04-09T20:43:48.574+0000] {processor.py:179} INFO - Processing /workspaces/hands-on-introduction-data-engineering-4395021/airflow/dags/two_task_dag.py took 0.057 seconds
[2025-04-09T20:44:19.835+0000] {processor.py:157} INFO - Started process (PID=29680) to work on /workspaces/hands-on-introduction-data-engineering-4395021/airflow/dags/two_task_dag.py
[2025-04-09T20:44:19.836+0000] {processor.py:826} INFO - Processing file /workspaces/hands-on-introduction-data-engineering-4395021/airflow/dags/two_task_dag.py for tasks to queue
[2025-04-09T20:44:19.837+0000] {logging_mixin.py:150} INFO - [2025-04-09T20:44:19.837+0000] {dagbag.py:541} INFO - Filling up the DagBag from /workspaces/hands-on-introduction-data-engineering-4395021/airflow/dags/two_task_dag.py
[2025-04-09T20:44:19.847+0000] {processor.py:836} INFO - DAG(s) dict_keys(['two_task_dag']) retrieved from /workspaces/hands-on-introduction-data-engineering-4395021/airflow/dags/two_task_dag.py
[2025-04-09T20:44:19.872+0000] {logging_mixin.py:150} INFO - [2025-04-09T20:44:19.871+0000] {dag.py:2742} INFO - Sync 1 DAGs
[2025-04-09T20:44:19.885+0000] {logging_mixin.py:150} INFO - [2025-04-09T20:44:19.885+0000] {dag.py:3504} INFO - Setting next_dagrun for two_task_dag to None, run_after=None
[2025-04-09T20:44:19.899+0000] {processor.py:179} INFO - Processing /workspaces/hands-on-introduction-data-engineering-4395021/airflow/dags/two_task_dag.py took 0.066 seconds
[2025-04-09T20:44:50.182+0000] {processor.py:157} INFO - Started process (PID=29888) to work on /workspaces/hands-on-introduction-data-engineering-4395021/airflow/dags/two_task_dag.py
[2025-04-09T20:44:50.184+0000] {processor.py:826} INFO - Processing file /workspaces/hands-on-introduction-data-engineering-4395021/airflow/dags/two_task_dag.py for tasks to queue
[2025-04-09T20:44:50.185+0000] {logging_mixin.py:150} INFO - [2025-04-09T20:44:50.184+0000] {dagbag.py:541} INFO - Filling up the DagBag from /workspaces/hands-on-introduction-data-engineering-4395021/airflow/dags/two_task_dag.py
[2025-04-09T20:44:50.196+0000] {processor.py:836} INFO - DAG(s) dict_keys(['two_task_dag']) retrieved from /workspaces/hands-on-introduction-data-engineering-4395021/airflow/dags/two_task_dag.py
[2025-04-09T20:44:50.222+0000] {logging_mixin.py:150} INFO - [2025-04-09T20:44:50.221+0000] {dag.py:2742} INFO - Sync 1 DAGs
[2025-04-09T20:44:50.243+0000] {logging_mixin.py:150} INFO - [2025-04-09T20:44:50.243+0000] {dag.py:3504} INFO - Setting next_dagrun for two_task_dag to None, run_after=None
[2025-04-09T20:44:50.269+0000] {processor.py:179} INFO - Processing /workspaces/hands-on-introduction-data-engineering-4395021/airflow/dags/two_task_dag.py took 0.090 seconds
[2025-04-09T20:45:20.497+0000] {processor.py:157} INFO - Started process (PID=30089) to work on /workspaces/hands-on-introduction-data-engineering-4395021/airflow/dags/two_task_dag.py
[2025-04-09T20:45:20.498+0000] {processor.py:826} INFO - Processing file /workspaces/hands-on-introduction-data-engineering-4395021/airflow/dags/two_task_dag.py for tasks to queue
[2025-04-09T20:45:20.499+0000] {logging_mixin.py:150} INFO - [2025-04-09T20:45:20.499+0000] {dagbag.py:541} INFO - Filling up the DagBag from /workspaces/hands-on-introduction-data-engineering-4395021/airflow/dags/two_task_dag.py
[2025-04-09T20:45:20.509+0000] {processor.py:836} INFO - DAG(s) dict_keys(['two_task_dag']) retrieved from /workspaces/hands-on-introduction-data-engineering-4395021/airflow/dags/two_task_dag.py
[2025-04-09T20:45:20.534+0000] {logging_mixin.py:150} INFO - [2025-04-09T20:45:20.534+0000] {dag.py:2742} INFO - Sync 1 DAGs
[2025-04-09T20:45:20.553+0000] {logging_mixin.py:150} INFO - [2025-04-09T20:45:20.553+0000] {dag.py:3504} INFO - Setting next_dagrun for two_task_dag to None, run_after=None
[2025-04-09T20:45:20.572+0000] {processor.py:179} INFO - Processing /workspaces/hands-on-introduction-data-engineering-4395021/airflow/dags/two_task_dag.py took 0.078 seconds
[2025-04-09T20:45:50.679+0000] {processor.py:157} INFO - Started process (PID=30296) to work on /workspaces/hands-on-introduction-data-engineering-4395021/airflow/dags/two_task_dag.py
[2025-04-09T20:45:50.679+0000] {processor.py:826} INFO - Processing file /workspaces/hands-on-introduction-data-engineering-4395021/airflow/dags/two_task_dag.py for tasks to queue
[2025-04-09T20:45:50.680+0000] {logging_mixin.py:150} INFO - [2025-04-09T20:45:50.680+0000] {dagbag.py:541} INFO - Filling up the DagBag from /workspaces/hands-on-introduction-data-engineering-4395021/airflow/dags/two_task_dag.py
[2025-04-09T20:45:50.688+0000] {processor.py:836} INFO - DAG(s) dict_keys(['two_task_dag']) retrieved from /workspaces/hands-on-introduction-data-engineering-4395021/airflow/dags/two_task_dag.py
[2025-04-09T20:45:50.705+0000] {logging_mixin.py:150} INFO - [2025-04-09T20:45:50.705+0000] {dag.py:2742} INFO - Sync 1 DAGs
[2025-04-09T20:45:50.719+0000] {logging_mixin.py:150} INFO - [2025-04-09T20:45:50.719+0000] {dag.py:3504} INFO - Setting next_dagrun for two_task_dag to None, run_after=None
[2025-04-09T20:45:50.733+0000] {processor.py:179} INFO - Processing /workspaces/hands-on-introduction-data-engineering-4395021/airflow/dags/two_task_dag.py took 0.057 seconds
[2025-04-09T20:46:21.997+0000] {processor.py:157} INFO - Started process (PID=30506) to work on /workspaces/hands-on-introduction-data-engineering-4395021/airflow/dags/two_task_dag.py
[2025-04-09T20:46:21.997+0000] {processor.py:826} INFO - Processing file /workspaces/hands-on-introduction-data-engineering-4395021/airflow/dags/two_task_dag.py for tasks to queue
[2025-04-09T20:46:21.998+0000] {logging_mixin.py:150} INFO - [2025-04-09T20:46:21.998+0000] {dagbag.py:541} INFO - Filling up the DagBag from /workspaces/hands-on-introduction-data-engineering-4395021/airflow/dags/two_task_dag.py
[2025-04-09T20:46:22.006+0000] {processor.py:836} INFO - DAG(s) dict_keys(['two_task_dag']) retrieved from /workspaces/hands-on-introduction-data-engineering-4395021/airflow/dags/two_task_dag.py
[2025-04-09T20:46:22.024+0000] {logging_mixin.py:150} INFO - [2025-04-09T20:46:22.023+0000] {dag.py:2742} INFO - Sync 1 DAGs
[2025-04-09T20:46:22.038+0000] {logging_mixin.py:150} INFO - [2025-04-09T20:46:22.038+0000] {dag.py:3504} INFO - Setting next_dagrun for two_task_dag to None, run_after=None
[2025-04-09T20:46:22.051+0000] {processor.py:179} INFO - Processing /workspaces/hands-on-introduction-data-engineering-4395021/airflow/dags/two_task_dag.py took 0.058 seconds
[2025-04-09T20:46:52.167+0000] {processor.py:157} INFO - Started process (PID=30713) to work on /workspaces/hands-on-introduction-data-engineering-4395021/airflow/dags/two_task_dag.py
[2025-04-09T20:46:52.168+0000] {processor.py:826} INFO - Processing file /workspaces/hands-on-introduction-data-engineering-4395021/airflow/dags/two_task_dag.py for tasks to queue
[2025-04-09T20:46:52.168+0000] {logging_mixin.py:150} INFO - [2025-04-09T20:46:52.168+0000] {dagbag.py:541} INFO - Filling up the DagBag from /workspaces/hands-on-introduction-data-engineering-4395021/airflow/dags/two_task_dag.py
[2025-04-09T20:46:52.184+0000] {processor.py:836} INFO - DAG(s) dict_keys(['two_task_dag']) retrieved from /workspaces/hands-on-introduction-data-engineering-4395021/airflow/dags/two_task_dag.py
[2025-04-09T20:46:52.216+0000] {logging_mixin.py:150} INFO - [2025-04-09T20:46:52.216+0000] {dag.py:2742} INFO - Sync 1 DAGs
[2025-04-09T20:46:52.241+0000] {logging_mixin.py:150} INFO - [2025-04-09T20:46:52.240+0000] {dag.py:3504} INFO - Setting next_dagrun for two_task_dag to None, run_after=None
[2025-04-09T20:46:52.334+0000] {processor.py:179} INFO - Processing /workspaces/hands-on-introduction-data-engineering-4395021/airflow/dags/two_task_dag.py took 0.172 seconds
[2025-04-09T20:47:23.559+0000] {processor.py:157} INFO - Started process (PID=30906) to work on /workspaces/hands-on-introduction-data-engineering-4395021/airflow/dags/two_task_dag.py
[2025-04-09T20:47:23.559+0000] {processor.py:826} INFO - Processing file /workspaces/hands-on-introduction-data-engineering-4395021/airflow/dags/two_task_dag.py for tasks to queue
[2025-04-09T20:47:23.560+0000] {logging_mixin.py:150} INFO - [2025-04-09T20:47:23.560+0000] {dagbag.py:541} INFO - Filling up the DagBag from /workspaces/hands-on-introduction-data-engineering-4395021/airflow/dags/two_task_dag.py
[2025-04-09T20:47:23.567+0000] {processor.py:836} INFO - DAG(s) dict_keys(['two_task_dag']) retrieved from /workspaces/hands-on-introduction-data-engineering-4395021/airflow/dags/two_task_dag.py
[2025-04-09T20:47:23.585+0000] {logging_mixin.py:150} INFO - [2025-04-09T20:47:23.585+0000] {dag.py:2742} INFO - Sync 1 DAGs
[2025-04-09T20:47:23.599+0000] {logging_mixin.py:150} INFO - [2025-04-09T20:47:23.599+0000] {dag.py:3504} INFO - Setting next_dagrun for two_task_dag to None, run_after=None
[2025-04-09T20:47:23.612+0000] {processor.py:179} INFO - Processing /workspaces/hands-on-introduction-data-engineering-4395021/airflow/dags/two_task_dag.py took 0.057 seconds
[2025-04-09T20:47:53.723+0000] {processor.py:157} INFO - Started process (PID=31073) to work on /workspaces/hands-on-introduction-data-engineering-4395021/airflow/dags/two_task_dag.py
[2025-04-09T20:47:53.724+0000] {processor.py:826} INFO - Processing file /workspaces/hands-on-introduction-data-engineering-4395021/airflow/dags/two_task_dag.py for tasks to queue
[2025-04-09T20:47:53.725+0000] {logging_mixin.py:150} INFO - [2025-04-09T20:47:53.724+0000] {dagbag.py:541} INFO - Filling up the DagBag from /workspaces/hands-on-introduction-data-engineering-4395021/airflow/dags/two_task_dag.py
[2025-04-09T20:47:53.733+0000] {processor.py:836} INFO - DAG(s) dict_keys(['two_task_dag']) retrieved from /workspaces/hands-on-introduction-data-engineering-4395021/airflow/dags/two_task_dag.py
[2025-04-09T20:47:53.751+0000] {logging_mixin.py:150} INFO - [2025-04-09T20:47:53.751+0000] {dag.py:2742} INFO - Sync 1 DAGs
[2025-04-09T20:47:53.764+0000] {logging_mixin.py:150} INFO - [2025-04-09T20:47:53.764+0000] {dag.py:3504} INFO - Setting next_dagrun for two_task_dag to None, run_after=None
[2025-04-09T20:47:53.778+0000] {processor.py:179} INFO - Processing /workspaces/hands-on-introduction-data-engineering-4395021/airflow/dags/two_task_dag.py took 0.057 seconds
[2025-04-09T20:48:23.884+0000] {processor.py:157} INFO - Started process (PID=31252) to work on /workspaces/hands-on-introduction-data-engineering-4395021/airflow/dags/two_task_dag.py
[2025-04-09T20:48:23.885+0000] {processor.py:826} INFO - Processing file /workspaces/hands-on-introduction-data-engineering-4395021/airflow/dags/two_task_dag.py for tasks to queue
[2025-04-09T20:48:23.885+0000] {logging_mixin.py:150} INFO - [2025-04-09T20:48:23.885+0000] {dagbag.py:541} INFO - Filling up the DagBag from /workspaces/hands-on-introduction-data-engineering-4395021/airflow/dags/two_task_dag.py
[2025-04-09T20:48:23.893+0000] {processor.py:836} INFO - DAG(s) dict_keys(['two_task_dag']) retrieved from /workspaces/hands-on-introduction-data-engineering-4395021/airflow/dags/two_task_dag.py
[2025-04-09T20:48:23.910+0000] {logging_mixin.py:150} INFO - [2025-04-09T20:48:23.910+0000] {dag.py:2742} INFO - Sync 1 DAGs
[2025-04-09T20:48:23.923+0000] {logging_mixin.py:150} INFO - [2025-04-09T20:48:23.923+0000] {dag.py:3504} INFO - Setting next_dagrun for two_task_dag to None, run_after=None
[2025-04-09T20:48:23.937+0000] {processor.py:179} INFO - Processing /workspaces/hands-on-introduction-data-engineering-4395021/airflow/dags/two_task_dag.py took 0.055 seconds
[2025-04-09T20:48:54.156+0000] {processor.py:157} INFO - Started process (PID=31424) to work on /workspaces/hands-on-introduction-data-engineering-4395021/airflow/dags/two_task_dag.py
[2025-04-09T20:48:54.157+0000] {processor.py:826} INFO - Processing file /workspaces/hands-on-introduction-data-engineering-4395021/airflow/dags/two_task_dag.py for tasks to queue
[2025-04-09T20:48:54.157+0000] {logging_mixin.py:150} INFO - [2025-04-09T20:48:54.157+0000] {dagbag.py:541} INFO - Filling up the DagBag from /workspaces/hands-on-introduction-data-engineering-4395021/airflow/dags/two_task_dag.py
[2025-04-09T20:48:54.165+0000] {processor.py:836} INFO - DAG(s) dict_keys(['two_task_dag']) retrieved from /workspaces/hands-on-introduction-data-engineering-4395021/airflow/dags/two_task_dag.py
[2025-04-09T20:48:54.183+0000] {logging_mixin.py:150} INFO - [2025-04-09T20:48:54.183+0000] {dag.py:2742} INFO - Sync 1 DAGs
[2025-04-09T20:48:54.196+0000] {logging_mixin.py:150} INFO - [2025-04-09T20:48:54.196+0000] {dag.py:3504} INFO - Setting next_dagrun for two_task_dag to None, run_after=None
[2025-04-09T20:48:54.209+0000] {processor.py:179} INFO - Processing /workspaces/hands-on-introduction-data-engineering-4395021/airflow/dags/two_task_dag.py took 0.056 seconds
[2025-04-09T20:49:24.645+0000] {processor.py:157} INFO - Started process (PID=31601) to work on /workspaces/hands-on-introduction-data-engineering-4395021/airflow/dags/two_task_dag.py
[2025-04-09T20:49:24.646+0000] {processor.py:826} INFO - Processing file /workspaces/hands-on-introduction-data-engineering-4395021/airflow/dags/two_task_dag.py for tasks to queue
[2025-04-09T20:49:24.647+0000] {logging_mixin.py:150} INFO - [2025-04-09T20:49:24.646+0000] {dagbag.py:541} INFO - Filling up the DagBag from /workspaces/hands-on-introduction-data-engineering-4395021/airflow/dags/two_task_dag.py
[2025-04-09T20:49:24.655+0000] {processor.py:836} INFO - DAG(s) dict_keys(['two_task_dag']) retrieved from /workspaces/hands-on-introduction-data-engineering-4395021/airflow/dags/two_task_dag.py
[2025-04-09T20:49:24.672+0000] {logging_mixin.py:150} INFO - [2025-04-09T20:49:24.672+0000] {dag.py:2742} INFO - Sync 1 DAGs
[2025-04-09T20:49:24.686+0000] {logging_mixin.py:150} INFO - [2025-04-09T20:49:24.685+0000] {dag.py:3504} INFO - Setting next_dagrun for two_task_dag to None, run_after=None
[2025-04-09T20:49:24.699+0000] {processor.py:179} INFO - Processing /workspaces/hands-on-introduction-data-engineering-4395021/airflow/dags/two_task_dag.py took 0.057 seconds
[2025-04-09T20:49:55.108+0000] {processor.py:157} INFO - Started process (PID=31781) to work on /workspaces/hands-on-introduction-data-engineering-4395021/airflow/dags/two_task_dag.py
[2025-04-09T20:49:55.109+0000] {processor.py:826} INFO - Processing file /workspaces/hands-on-introduction-data-engineering-4395021/airflow/dags/two_task_dag.py for tasks to queue
[2025-04-09T20:49:55.110+0000] {logging_mixin.py:150} INFO - [2025-04-09T20:49:55.109+0000] {dagbag.py:541} INFO - Filling up the DagBag from /workspaces/hands-on-introduction-data-engineering-4395021/airflow/dags/two_task_dag.py
[2025-04-09T20:49:55.117+0000] {processor.py:836} INFO - DAG(s) dict_keys(['two_task_dag']) retrieved from /workspaces/hands-on-introduction-data-engineering-4395021/airflow/dags/two_task_dag.py
[2025-04-09T20:49:55.135+0000] {logging_mixin.py:150} INFO - [2025-04-09T20:49:55.135+0000] {dag.py:2742} INFO - Sync 1 DAGs
[2025-04-09T20:49:55.150+0000] {logging_mixin.py:150} INFO - [2025-04-09T20:49:55.150+0000] {dag.py:3504} INFO - Setting next_dagrun for two_task_dag to None, run_after=None
[2025-04-09T20:49:55.171+0000] {processor.py:179} INFO - Processing /workspaces/hands-on-introduction-data-engineering-4395021/airflow/dags/two_task_dag.py took 0.065 seconds
[2025-04-09T20:50:25.596+0000] {processor.py:157} INFO - Started process (PID=31954) to work on /workspaces/hands-on-introduction-data-engineering-4395021/airflow/dags/two_task_dag.py
[2025-04-09T20:50:25.597+0000] {processor.py:826} INFO - Processing file /workspaces/hands-on-introduction-data-engineering-4395021/airflow/dags/two_task_dag.py for tasks to queue
[2025-04-09T20:50:25.598+0000] {logging_mixin.py:150} INFO - [2025-04-09T20:50:25.598+0000] {dagbag.py:541} INFO - Filling up the DagBag from /workspaces/hands-on-introduction-data-engineering-4395021/airflow/dags/two_task_dag.py
[2025-04-09T20:50:25.605+0000] {processor.py:836} INFO - DAG(s) dict_keys(['two_task_dag']) retrieved from /workspaces/hands-on-introduction-data-engineering-4395021/airflow/dags/two_task_dag.py
[2025-04-09T20:50:25.623+0000] {logging_mixin.py:150} INFO - [2025-04-09T20:50:25.623+0000] {dag.py:2742} INFO - Sync 1 DAGs
[2025-04-09T20:50:25.637+0000] {logging_mixin.py:150} INFO - [2025-04-09T20:50:25.637+0000] {dag.py:3504} INFO - Setting next_dagrun for two_task_dag to None, run_after=None
[2025-04-09T20:50:25.650+0000] {processor.py:179} INFO - Processing /workspaces/hands-on-introduction-data-engineering-4395021/airflow/dags/two_task_dag.py took 0.056 seconds
[2025-04-09T20:50:56.085+0000] {processor.py:157} INFO - Started process (PID=32134) to work on /workspaces/hands-on-introduction-data-engineering-4395021/airflow/dags/two_task_dag.py
[2025-04-09T20:50:56.086+0000] {processor.py:826} INFO - Processing file /workspaces/hands-on-introduction-data-engineering-4395021/airflow/dags/two_task_dag.py for tasks to queue
[2025-04-09T20:50:56.087+0000] {logging_mixin.py:150} INFO - [2025-04-09T20:50:56.087+0000] {dagbag.py:541} INFO - Filling up the DagBag from /workspaces/hands-on-introduction-data-engineering-4395021/airflow/dags/two_task_dag.py
[2025-04-09T20:50:56.096+0000] {processor.py:836} INFO - DAG(s) dict_keys(['two_task_dag']) retrieved from /workspaces/hands-on-introduction-data-engineering-4395021/airflow/dags/two_task_dag.py
[2025-04-09T20:50:56.114+0000] {logging_mixin.py:150} INFO - [2025-04-09T20:50:56.114+0000] {dag.py:2742} INFO - Sync 1 DAGs
[2025-04-09T20:50:56.127+0000] {logging_mixin.py:150} INFO - [2025-04-09T20:50:56.127+0000] {dag.py:3504} INFO - Setting next_dagrun for two_task_dag to None, run_after=None
[2025-04-09T20:50:56.140+0000] {processor.py:179} INFO - Processing /workspaces/hands-on-introduction-data-engineering-4395021/airflow/dags/two_task_dag.py took 0.057 seconds
[2025-04-09T20:51:26.574+0000] {processor.py:157} INFO - Started process (PID=32313) to work on /workspaces/hands-on-introduction-data-engineering-4395021/airflow/dags/two_task_dag.py
[2025-04-09T20:51:26.575+0000] {processor.py:826} INFO - Processing file /workspaces/hands-on-introduction-data-engineering-4395021/airflow/dags/two_task_dag.py for tasks to queue
[2025-04-09T20:51:26.576+0000] {logging_mixin.py:150} INFO - [2025-04-09T20:51:26.575+0000] {dagbag.py:541} INFO - Filling up the DagBag from /workspaces/hands-on-introduction-data-engineering-4395021/airflow/dags/two_task_dag.py
[2025-04-09T20:51:26.586+0000] {processor.py:836} INFO - DAG(s) dict_keys(['two_task_dag']) retrieved from /workspaces/hands-on-introduction-data-engineering-4395021/airflow/dags/two_task_dag.py
[2025-04-09T20:51:26.608+0000] {logging_mixin.py:150} INFO - [2025-04-09T20:51:26.608+0000] {dag.py:2742} INFO - Sync 1 DAGs
[2025-04-09T20:51:26.621+0000] {logging_mixin.py:150} INFO - [2025-04-09T20:51:26.621+0000] {dag.py:3504} INFO - Setting next_dagrun for two_task_dag to None, run_after=None
[2025-04-09T20:51:26.635+0000] {processor.py:179} INFO - Processing /workspaces/hands-on-introduction-data-engineering-4395021/airflow/dags/two_task_dag.py took 0.063 seconds
[2025-04-09T20:51:57.046+0000] {processor.py:157} INFO - Started process (PID=32486) to work on /workspaces/hands-on-introduction-data-engineering-4395021/airflow/dags/two_task_dag.py
[2025-04-09T20:51:57.047+0000] {processor.py:826} INFO - Processing file /workspaces/hands-on-introduction-data-engineering-4395021/airflow/dags/two_task_dag.py for tasks to queue
[2025-04-09T20:51:57.047+0000] {logging_mixin.py:150} INFO - [2025-04-09T20:51:57.047+0000] {dagbag.py:541} INFO - Filling up the DagBag from /workspaces/hands-on-introduction-data-engineering-4395021/airflow/dags/two_task_dag.py
[2025-04-09T20:51:57.054+0000] {processor.py:836} INFO - DAG(s) dict_keys(['two_task_dag']) retrieved from /workspaces/hands-on-introduction-data-engineering-4395021/airflow/dags/two_task_dag.py
[2025-04-09T20:51:57.072+0000] {logging_mixin.py:150} INFO - [2025-04-09T20:51:57.072+0000] {dag.py:2742} INFO - Sync 1 DAGs
[2025-04-09T20:51:57.085+0000] {logging_mixin.py:150} INFO - [2025-04-09T20:51:57.085+0000] {dag.py:3504} INFO - Setting next_dagrun for two_task_dag to None, run_after=None
[2025-04-09T20:51:57.098+0000] {processor.py:179} INFO - Processing /workspaces/hands-on-introduction-data-engineering-4395021/airflow/dags/two_task_dag.py took 0.056 seconds
[2025-04-09T20:52:27.536+0000] {processor.py:157} INFO - Started process (PID=32694) to work on /workspaces/hands-on-introduction-data-engineering-4395021/airflow/dags/two_task_dag.py
[2025-04-09T20:52:27.537+0000] {processor.py:826} INFO - Processing file /workspaces/hands-on-introduction-data-engineering-4395021/airflow/dags/two_task_dag.py for tasks to queue
[2025-04-09T20:52:27.538+0000] {logging_mixin.py:150} INFO - [2025-04-09T20:52:27.538+0000] {dagbag.py:541} INFO - Filling up the DagBag from /workspaces/hands-on-introduction-data-engineering-4395021/airflow/dags/two_task_dag.py
[2025-04-09T20:52:27.546+0000] {processor.py:836} INFO - DAG(s) dict_keys(['two_task_dag']) retrieved from /workspaces/hands-on-introduction-data-engineering-4395021/airflow/dags/two_task_dag.py
[2025-04-09T20:52:27.565+0000] {logging_mixin.py:150} INFO - [2025-04-09T20:52:27.565+0000] {dag.py:2742} INFO - Sync 1 DAGs
[2025-04-09T20:52:27.578+0000] {logging_mixin.py:150} INFO - [2025-04-09T20:52:27.578+0000] {dag.py:3504} INFO - Setting next_dagrun for two_task_dag to None, run_after=None
[2025-04-09T20:52:27.591+0000] {processor.py:179} INFO - Processing /workspaces/hands-on-introduction-data-engineering-4395021/airflow/dags/two_task_dag.py took 0.058 seconds
[2025-04-09T20:52:58.127+0000] {processor.py:157} INFO - Started process (PID=32907) to work on /workspaces/hands-on-introduction-data-engineering-4395021/airflow/dags/two_task_dag.py
[2025-04-09T20:52:58.128+0000] {processor.py:826} INFO - Processing file /workspaces/hands-on-introduction-data-engineering-4395021/airflow/dags/two_task_dag.py for tasks to queue
[2025-04-09T20:52:58.128+0000] {logging_mixin.py:150} INFO - [2025-04-09T20:52:58.128+0000] {dagbag.py:541} INFO - Filling up the DagBag from /workspaces/hands-on-introduction-data-engineering-4395021/airflow/dags/two_task_dag.py
[2025-04-09T20:52:58.135+0000] {processor.py:836} INFO - DAG(s) dict_keys(['two_task_dag']) retrieved from /workspaces/hands-on-introduction-data-engineering-4395021/airflow/dags/two_task_dag.py
[2025-04-09T20:52:58.153+0000] {logging_mixin.py:150} INFO - [2025-04-09T20:52:58.153+0000] {dag.py:2742} INFO - Sync 1 DAGs
[2025-04-09T20:52:58.166+0000] {logging_mixin.py:150} INFO - [2025-04-09T20:52:58.166+0000] {dag.py:3504} INFO - Setting next_dagrun for two_task_dag to None, run_after=None
[2025-04-09T20:52:58.179+0000] {processor.py:179} INFO - Processing /workspaces/hands-on-introduction-data-engineering-4395021/airflow/dags/two_task_dag.py took 0.055 seconds
[2025-04-09T20:53:28.616+0000] {processor.py:157} INFO - Started process (PID=33158) to work on /workspaces/hands-on-introduction-data-engineering-4395021/airflow/dags/two_task_dag.py
[2025-04-09T20:53:28.617+0000] {processor.py:826} INFO - Processing file /workspaces/hands-on-introduction-data-engineering-4395021/airflow/dags/two_task_dag.py for tasks to queue
[2025-04-09T20:53:28.618+0000] {logging_mixin.py:150} INFO - [2025-04-09T20:53:28.617+0000] {dagbag.py:541} INFO - Filling up the DagBag from /workspaces/hands-on-introduction-data-engineering-4395021/airflow/dags/two_task_dag.py
[2025-04-09T20:53:28.625+0000] {processor.py:836} INFO - DAG(s) dict_keys(['two_task_dag']) retrieved from /workspaces/hands-on-introduction-data-engineering-4395021/airflow/dags/two_task_dag.py
[2025-04-09T20:53:28.643+0000] {logging_mixin.py:150} INFO - [2025-04-09T20:53:28.643+0000] {dag.py:2742} INFO - Sync 1 DAGs
[2025-04-09T20:53:28.657+0000] {logging_mixin.py:150} INFO - [2025-04-09T20:53:28.657+0000] {dag.py:3504} INFO - Setting next_dagrun for two_task_dag to None, run_after=None
[2025-04-09T20:53:28.670+0000] {processor.py:179} INFO - Processing /workspaces/hands-on-introduction-data-engineering-4395021/airflow/dags/two_task_dag.py took 0.057 seconds
[2025-04-09T20:53:59.107+0000] {processor.py:157} INFO - Started process (PID=33413) to work on /workspaces/hands-on-introduction-data-engineering-4395021/airflow/dags/two_task_dag.py
[2025-04-09T20:53:59.108+0000] {processor.py:826} INFO - Processing file /workspaces/hands-on-introduction-data-engineering-4395021/airflow/dags/two_task_dag.py for tasks to queue
[2025-04-09T20:53:59.109+0000] {logging_mixin.py:150} INFO - [2025-04-09T20:53:59.108+0000] {dagbag.py:541} INFO - Filling up the DagBag from /workspaces/hands-on-introduction-data-engineering-4395021/airflow/dags/two_task_dag.py
[2025-04-09T20:53:59.116+0000] {processor.py:836} INFO - DAG(s) dict_keys(['two_task_dag']) retrieved from /workspaces/hands-on-introduction-data-engineering-4395021/airflow/dags/two_task_dag.py
[2025-04-09T20:53:59.134+0000] {logging_mixin.py:150} INFO - [2025-04-09T20:53:59.134+0000] {dag.py:2742} INFO - Sync 1 DAGs
[2025-04-09T20:53:59.147+0000] {logging_mixin.py:150} INFO - [2025-04-09T20:53:59.147+0000] {dag.py:3504} INFO - Setting next_dagrun for two_task_dag to None, run_after=None
[2025-04-09T20:53:59.161+0000] {processor.py:179} INFO - Processing /workspaces/hands-on-introduction-data-engineering-4395021/airflow/dags/two_task_dag.py took 0.057 seconds
[2025-04-09T20:54:29.517+0000] {processor.py:157} INFO - Started process (PID=33585) to work on /workspaces/hands-on-introduction-data-engineering-4395021/airflow/dags/two_task_dag.py
[2025-04-09T20:54:29.517+0000] {processor.py:826} INFO - Processing file /workspaces/hands-on-introduction-data-engineering-4395021/airflow/dags/two_task_dag.py for tasks to queue
[2025-04-09T20:54:29.518+0000] {logging_mixin.py:150} INFO - [2025-04-09T20:54:29.518+0000] {dagbag.py:541} INFO - Filling up the DagBag from /workspaces/hands-on-introduction-data-engineering-4395021/airflow/dags/two_task_dag.py
[2025-04-09T20:54:29.526+0000] {processor.py:836} INFO - DAG(s) dict_keys(['two_task_dag']) retrieved from /workspaces/hands-on-introduction-data-engineering-4395021/airflow/dags/two_task_dag.py
[2025-04-09T20:54:29.543+0000] {logging_mixin.py:150} INFO - [2025-04-09T20:54:29.543+0000] {dag.py:2742} INFO - Sync 1 DAGs
[2025-04-09T20:54:29.557+0000] {logging_mixin.py:150} INFO - [2025-04-09T20:54:29.557+0000] {dag.py:3504} INFO - Setting next_dagrun for two_task_dag to None, run_after=None
[2025-04-09T20:54:29.570+0000] {processor.py:179} INFO - Processing /workspaces/hands-on-introduction-data-engineering-4395021/airflow/dags/two_task_dag.py took 0.056 seconds
[2025-04-09T20:55:00.008+0000] {processor.py:157} INFO - Started process (PID=33763) to work on /workspaces/hands-on-introduction-data-engineering-4395021/airflow/dags/two_task_dag.py
[2025-04-09T20:55:00.008+0000] {processor.py:826} INFO - Processing file /workspaces/hands-on-introduction-data-engineering-4395021/airflow/dags/two_task_dag.py for tasks to queue
[2025-04-09T20:55:00.009+0000] {logging_mixin.py:150} INFO - [2025-04-09T20:55:00.009+0000] {dagbag.py:541} INFO - Filling up the DagBag from /workspaces/hands-on-introduction-data-engineering-4395021/airflow/dags/two_task_dag.py
[2025-04-09T20:55:00.017+0000] {processor.py:836} INFO - DAG(s) dict_keys(['two_task_dag']) retrieved from /workspaces/hands-on-introduction-data-engineering-4395021/airflow/dags/two_task_dag.py
[2025-04-09T20:55:00.034+0000] {logging_mixin.py:150} INFO - [2025-04-09T20:55:00.034+0000] {dag.py:2742} INFO - Sync 1 DAGs
[2025-04-09T20:55:00.048+0000] {logging_mixin.py:150} INFO - [2025-04-09T20:55:00.048+0000] {dag.py:3504} INFO - Setting next_dagrun for two_task_dag to None, run_after=None
[2025-04-09T20:55:00.061+0000] {processor.py:179} INFO - Processing /workspaces/hands-on-introduction-data-engineering-4395021/airflow/dags/two_task_dag.py took 0.056 seconds
[2025-04-09T20:55:30.498+0000] {processor.py:157} INFO - Started process (PID=34015) to work on /workspaces/hands-on-introduction-data-engineering-4395021/airflow/dags/two_task_dag.py
[2025-04-09T20:55:30.499+0000] {processor.py:826} INFO - Processing file /workspaces/hands-on-introduction-data-engineering-4395021/airflow/dags/two_task_dag.py for tasks to queue
[2025-04-09T20:55:30.500+0000] {logging_mixin.py:150} INFO - [2025-04-09T20:55:30.500+0000] {dagbag.py:541} INFO - Filling up the DagBag from /workspaces/hands-on-introduction-data-engineering-4395021/airflow/dags/two_task_dag.py
[2025-04-09T20:55:30.507+0000] {processor.py:836} INFO - DAG(s) dict_keys(['two_task_dag']) retrieved from /workspaces/hands-on-introduction-data-engineering-4395021/airflow/dags/two_task_dag.py
[2025-04-09T20:55:30.525+0000] {logging_mixin.py:150} INFO - [2025-04-09T20:55:30.525+0000] {dag.py:2742} INFO - Sync 1 DAGs
[2025-04-09T20:55:30.538+0000] {logging_mixin.py:150} INFO - [2025-04-09T20:55:30.538+0000] {dag.py:3504} INFO - Setting next_dagrun for two_task_dag to None, run_after=None
[2025-04-09T20:55:30.551+0000] {processor.py:179} INFO - Processing /workspaces/hands-on-introduction-data-engineering-4395021/airflow/dags/two_task_dag.py took 0.055 seconds
[2025-04-09T20:56:01.137+0000] {processor.py:157} INFO - Started process (PID=34214) to work on /workspaces/hands-on-introduction-data-engineering-4395021/airflow/dags/two_task_dag.py
[2025-04-09T20:56:01.138+0000] {processor.py:826} INFO - Processing file /workspaces/hands-on-introduction-data-engineering-4395021/airflow/dags/two_task_dag.py for tasks to queue
[2025-04-09T20:56:01.139+0000] {logging_mixin.py:150} INFO - [2025-04-09T20:56:01.138+0000] {dagbag.py:541} INFO - Filling up the DagBag from /workspaces/hands-on-introduction-data-engineering-4395021/airflow/dags/two_task_dag.py
[2025-04-09T20:56:01.146+0000] {processor.py:836} INFO - DAG(s) dict_keys(['two_task_dag']) retrieved from /workspaces/hands-on-introduction-data-engineering-4395021/airflow/dags/two_task_dag.py
[2025-04-09T20:56:01.164+0000] {logging_mixin.py:150} INFO - [2025-04-09T20:56:01.164+0000] {dag.py:2742} INFO - Sync 1 DAGs
[2025-04-09T20:56:01.178+0000] {logging_mixin.py:150} INFO - [2025-04-09T20:56:01.178+0000] {dag.py:3504} INFO - Setting next_dagrun for two_task_dag to None, run_after=None
[2025-04-09T20:56:01.191+0000] {processor.py:179} INFO - Processing /workspaces/hands-on-introduction-data-engineering-4395021/airflow/dags/two_task_dag.py took 0.057 seconds
[2025-04-09T20:56:31.568+0000] {processor.py:157} INFO - Started process (PID=34432) to work on /workspaces/hands-on-introduction-data-engineering-4395021/airflow/dags/two_task_dag.py
[2025-04-09T20:56:31.569+0000] {processor.py:826} INFO - Processing file /workspaces/hands-on-introduction-data-engineering-4395021/airflow/dags/two_task_dag.py for tasks to queue
[2025-04-09T20:56:31.569+0000] {logging_mixin.py:150} INFO - [2025-04-09T20:56:31.569+0000] {dagbag.py:541} INFO - Filling up the DagBag from /workspaces/hands-on-introduction-data-engineering-4395021/airflow/dags/two_task_dag.py
[2025-04-09T20:56:31.577+0000] {processor.py:836} INFO - DAG(s) dict_keys(['two_task_dag']) retrieved from /workspaces/hands-on-introduction-data-engineering-4395021/airflow/dags/two_task_dag.py
[2025-04-09T20:56:31.595+0000] {logging_mixin.py:150} INFO - [2025-04-09T20:56:31.594+0000] {dag.py:2742} INFO - Sync 1 DAGs
[2025-04-09T20:56:31.608+0000] {logging_mixin.py:150} INFO - [2025-04-09T20:56:31.608+0000] {dag.py:3504} INFO - Setting next_dagrun for two_task_dag to None, run_after=None
[2025-04-09T20:56:31.622+0000] {processor.py:179} INFO - Processing /workspaces/hands-on-introduction-data-engineering-4395021/airflow/dags/two_task_dag.py took 0.056 seconds
[2025-04-09T20:57:03.044+0000] {processor.py:157} INFO - Started process (PID=34654) to work on /workspaces/hands-on-introduction-data-engineering-4395021/airflow/dags/two_task_dag.py
[2025-04-09T20:57:03.045+0000] {processor.py:826} INFO - Processing file /workspaces/hands-on-introduction-data-engineering-4395021/airflow/dags/two_task_dag.py for tasks to queue
[2025-04-09T20:57:03.046+0000] {logging_mixin.py:150} INFO - [2025-04-09T20:57:03.046+0000] {dagbag.py:541} INFO - Filling up the DagBag from /workspaces/hands-on-introduction-data-engineering-4395021/airflow/dags/two_task_dag.py
[2025-04-09T20:57:03.053+0000] {processor.py:836} INFO - DAG(s) dict_keys(['two_task_dag']) retrieved from /workspaces/hands-on-introduction-data-engineering-4395021/airflow/dags/two_task_dag.py
[2025-04-09T20:57:03.071+0000] {logging_mixin.py:150} INFO - [2025-04-09T20:57:03.071+0000] {dag.py:2742} INFO - Sync 1 DAGs
[2025-04-09T20:57:03.085+0000] {logging_mixin.py:150} INFO - [2025-04-09T20:57:03.085+0000] {dag.py:3504} INFO - Setting next_dagrun for two_task_dag to None, run_after=None
[2025-04-09T20:57:03.098+0000] {processor.py:179} INFO - Processing /workspaces/hands-on-introduction-data-engineering-4395021/airflow/dags/two_task_dag.py took 0.056 seconds
[2025-04-09T20:57:34.149+0000] {processor.py:157} INFO - Started process (PID=34870) to work on /workspaces/hands-on-introduction-data-engineering-4395021/airflow/dags/two_task_dag.py
[2025-04-09T20:57:34.150+0000] {processor.py:826} INFO - Processing file /workspaces/hands-on-introduction-data-engineering-4395021/airflow/dags/two_task_dag.py for tasks to queue
[2025-04-09T20:57:34.150+0000] {logging_mixin.py:150} INFO - [2025-04-09T20:57:34.150+0000] {dagbag.py:541} INFO - Filling up the DagBag from /workspaces/hands-on-introduction-data-engineering-4395021/airflow/dags/two_task_dag.py
[2025-04-09T20:57:34.158+0000] {processor.py:836} INFO - DAG(s) dict_keys(['two_task_dag']) retrieved from /workspaces/hands-on-introduction-data-engineering-4395021/airflow/dags/two_task_dag.py
[2025-04-09T20:57:34.175+0000] {logging_mixin.py:150} INFO - [2025-04-09T20:57:34.175+0000] {dag.py:2742} INFO - Sync 1 DAGs
[2025-04-09T20:57:34.189+0000] {logging_mixin.py:150} INFO - [2025-04-09T20:57:34.189+0000] {dag.py:3504} INFO - Setting next_dagrun for two_task_dag to None, run_after=None
[2025-04-09T20:57:34.202+0000] {processor.py:179} INFO - Processing /workspaces/hands-on-introduction-data-engineering-4395021/airflow/dags/two_task_dag.py took 0.056 seconds
[2025-04-09T20:58:05.149+0000] {processor.py:157} INFO - Started process (PID=35065) to work on /workspaces/hands-on-introduction-data-engineering-4395021/airflow/dags/two_task_dag.py
[2025-04-09T20:58:05.150+0000] {processor.py:826} INFO - Processing file /workspaces/hands-on-introduction-data-engineering-4395021/airflow/dags/two_task_dag.py for tasks to queue
[2025-04-09T20:58:05.151+0000] {logging_mixin.py:150} INFO - [2025-04-09T20:58:05.150+0000] {dagbag.py:541} INFO - Filling up the DagBag from /workspaces/hands-on-introduction-data-engineering-4395021/airflow/dags/two_task_dag.py
[2025-04-09T20:58:05.158+0000] {processor.py:836} INFO - DAG(s) dict_keys(['two_task_dag']) retrieved from /workspaces/hands-on-introduction-data-engineering-4395021/airflow/dags/two_task_dag.py
[2025-04-09T20:58:05.176+0000] {logging_mixin.py:150} INFO - [2025-04-09T20:58:05.176+0000] {dag.py:2742} INFO - Sync 1 DAGs
[2025-04-09T20:58:05.189+0000] {logging_mixin.py:150} INFO - [2025-04-09T20:58:05.189+0000] {dag.py:3504} INFO - Setting next_dagrun for two_task_dag to None, run_after=None
[2025-04-09T20:58:05.202+0000] {processor.py:179} INFO - Processing /workspaces/hands-on-introduction-data-engineering-4395021/airflow/dags/two_task_dag.py took 0.055 seconds
[2025-04-09T20:58:35.339+0000] {processor.py:157} INFO - Started process (PID=35252) to work on /workspaces/hands-on-introduction-data-engineering-4395021/airflow/dags/two_task_dag.py
[2025-04-09T20:58:35.340+0000] {processor.py:826} INFO - Processing file /workspaces/hands-on-introduction-data-engineering-4395021/airflow/dags/two_task_dag.py for tasks to queue
[2025-04-09T20:58:35.341+0000] {logging_mixin.py:150} INFO - [2025-04-09T20:58:35.341+0000] {dagbag.py:541} INFO - Filling up the DagBag from /workspaces/hands-on-introduction-data-engineering-4395021/airflow/dags/two_task_dag.py
[2025-04-09T20:58:35.352+0000] {processor.py:836} INFO - DAG(s) dict_keys(['two_task_dag']) retrieved from /workspaces/hands-on-introduction-data-engineering-4395021/airflow/dags/two_task_dag.py
[2025-04-09T20:58:35.379+0000] {logging_mixin.py:150} INFO - [2025-04-09T20:58:35.378+0000] {dag.py:2742} INFO - Sync 1 DAGs
[2025-04-09T20:58:35.399+0000] {logging_mixin.py:150} INFO - [2025-04-09T20:58:35.399+0000] {dag.py:3504} INFO - Setting next_dagrun for two_task_dag to None, run_after=None
[2025-04-09T20:58:35.419+0000] {processor.py:179} INFO - Processing /workspaces/hands-on-introduction-data-engineering-4395021/airflow/dags/two_task_dag.py took 0.085 seconds
[2025-04-09T20:59:05.739+0000] {processor.py:157} INFO - Started process (PID=35453) to work on /workspaces/hands-on-introduction-data-engineering-4395021/airflow/dags/two_task_dag.py
[2025-04-09T20:59:05.739+0000] {processor.py:826} INFO - Processing file /workspaces/hands-on-introduction-data-engineering-4395021/airflow/dags/two_task_dag.py for tasks to queue
[2025-04-09T20:59:05.740+0000] {logging_mixin.py:150} INFO - [2025-04-09T20:59:05.740+0000] {dagbag.py:541} INFO - Filling up the DagBag from /workspaces/hands-on-introduction-data-engineering-4395021/airflow/dags/two_task_dag.py
[2025-04-09T20:59:05.748+0000] {processor.py:836} INFO - DAG(s) dict_keys(['two_task_dag']) retrieved from /workspaces/hands-on-introduction-data-engineering-4395021/airflow/dags/two_task_dag.py
[2025-04-09T20:59:05.766+0000] {logging_mixin.py:150} INFO - [2025-04-09T20:59:05.765+0000] {dag.py:2742} INFO - Sync 1 DAGs
[2025-04-09T20:59:05.779+0000] {logging_mixin.py:150} INFO - [2025-04-09T20:59:05.779+0000] {dag.py:3504} INFO - Setting next_dagrun for two_task_dag to None, run_after=None
[2025-04-09T20:59:05.792+0000] {processor.py:179} INFO - Processing /workspaces/hands-on-introduction-data-engineering-4395021/airflow/dags/two_task_dag.py took 0.056 seconds
[2025-04-09T20:59:36.073+0000] {processor.py:157} INFO - Started process (PID=35653) to work on /workspaces/hands-on-introduction-data-engineering-4395021/airflow/dags/two_task_dag.py
[2025-04-09T20:59:36.074+0000] {processor.py:826} INFO - Processing file /workspaces/hands-on-introduction-data-engineering-4395021/airflow/dags/two_task_dag.py for tasks to queue
[2025-04-09T20:59:36.075+0000] {logging_mixin.py:150} INFO - [2025-04-09T20:59:36.074+0000] {dagbag.py:541} INFO - Filling up the DagBag from /workspaces/hands-on-introduction-data-engineering-4395021/airflow/dags/two_task_dag.py
[2025-04-09T20:59:36.082+0000] {processor.py:836} INFO - DAG(s) dict_keys(['two_task_dag']) retrieved from /workspaces/hands-on-introduction-data-engineering-4395021/airflow/dags/two_task_dag.py
[2025-04-09T20:59:36.100+0000] {logging_mixin.py:150} INFO - [2025-04-09T20:59:36.100+0000] {dag.py:2742} INFO - Sync 1 DAGs
[2025-04-09T20:59:36.113+0000] {logging_mixin.py:150} INFO - [2025-04-09T20:59:36.113+0000] {dag.py:3504} INFO - Setting next_dagrun for two_task_dag to None, run_after=None
[2025-04-09T20:59:36.126+0000] {processor.py:179} INFO - Processing /workspaces/hands-on-introduction-data-engineering-4395021/airflow/dags/two_task_dag.py took 0.056 seconds
[2025-04-09T21:00:06.227+0000] {processor.py:157} INFO - Started process (PID=35903) to work on /workspaces/hands-on-introduction-data-engineering-4395021/airflow/dags/two_task_dag.py
[2025-04-09T21:00:06.228+0000] {processor.py:826} INFO - Processing file /workspaces/hands-on-introduction-data-engineering-4395021/airflow/dags/two_task_dag.py for tasks to queue
[2025-04-09T21:00:06.228+0000] {logging_mixin.py:150} INFO - [2025-04-09T21:00:06.228+0000] {dagbag.py:541} INFO - Filling up the DagBag from /workspaces/hands-on-introduction-data-engineering-4395021/airflow/dags/two_task_dag.py
[2025-04-09T21:00:06.239+0000] {processor.py:836} INFO - DAG(s) dict_keys(['two_task_dag']) retrieved from /workspaces/hands-on-introduction-data-engineering-4395021/airflow/dags/two_task_dag.py
[2025-04-09T21:00:06.264+0000] {logging_mixin.py:150} INFO - [2025-04-09T21:00:06.263+0000] {dag.py:2742} INFO - Sync 1 DAGs
[2025-04-09T21:00:06.284+0000] {logging_mixin.py:150} INFO - [2025-04-09T21:00:06.284+0000] {dag.py:3504} INFO - Setting next_dagrun for two_task_dag to None, run_after=None
[2025-04-09T21:00:06.308+0000] {processor.py:179} INFO - Processing /workspaces/hands-on-introduction-data-engineering-4395021/airflow/dags/two_task_dag.py took 0.083 seconds
[2025-04-09T21:00:36.531+0000] {processor.py:157} INFO - Started process (PID=36155) to work on /workspaces/hands-on-introduction-data-engineering-4395021/airflow/dags/two_task_dag.py
[2025-04-09T21:00:36.535+0000] {processor.py:826} INFO - Processing file /workspaces/hands-on-introduction-data-engineering-4395021/airflow/dags/two_task_dag.py for tasks to queue
[2025-04-09T21:00:36.540+0000] {logging_mixin.py:150} INFO - [2025-04-09T21:00:36.539+0000] {dagbag.py:541} INFO - Filling up the DagBag from /workspaces/hands-on-introduction-data-engineering-4395021/airflow/dags/two_task_dag.py
[2025-04-09T21:00:36.577+0000] {processor.py:836} INFO - DAG(s) dict_keys(['two_task_dag']) retrieved from /workspaces/hands-on-introduction-data-engineering-4395021/airflow/dags/two_task_dag.py
[2025-04-09T21:00:36.675+0000] {logging_mixin.py:150} INFO - [2025-04-09T21:00:36.674+0000] {dag.py:2742} INFO - Sync 1 DAGs
[2025-04-09T21:00:36.737+0000] {logging_mixin.py:150} INFO - [2025-04-09T21:00:36.735+0000] {dag.py:3504} INFO - Setting next_dagrun for two_task_dag to None, run_after=None
[2025-04-09T21:00:36.775+0000] {processor.py:179} INFO - Processing /workspaces/hands-on-introduction-data-engineering-4395021/airflow/dags/two_task_dag.py took 0.248 seconds
[2025-04-09T21:01:07.829+0000] {processor.py:157} INFO - Started process (PID=36380) to work on /workspaces/hands-on-introduction-data-engineering-4395021/airflow/dags/two_task_dag.py
[2025-04-09T21:01:07.830+0000] {processor.py:826} INFO - Processing file /workspaces/hands-on-introduction-data-engineering-4395021/airflow/dags/two_task_dag.py for tasks to queue
[2025-04-09T21:01:07.831+0000] {logging_mixin.py:150} INFO - [2025-04-09T21:01:07.831+0000] {dagbag.py:541} INFO - Filling up the DagBag from /workspaces/hands-on-introduction-data-engineering-4395021/airflow/dags/two_task_dag.py
[2025-04-09T21:01:07.838+0000] {processor.py:836} INFO - DAG(s) dict_keys(['two_task_dag']) retrieved from /workspaces/hands-on-introduction-data-engineering-4395021/airflow/dags/two_task_dag.py
[2025-04-09T21:01:07.856+0000] {logging_mixin.py:150} INFO - [2025-04-09T21:01:07.856+0000] {dag.py:2742} INFO - Sync 1 DAGs
[2025-04-09T21:01:07.870+0000] {logging_mixin.py:150} INFO - [2025-04-09T21:01:07.870+0000] {dag.py:3504} INFO - Setting next_dagrun for two_task_dag to None, run_after=None
[2025-04-09T21:01:07.883+0000] {processor.py:179} INFO - Processing /workspaces/hands-on-introduction-data-engineering-4395021/airflow/dags/two_task_dag.py took 0.056 seconds
[2025-04-09T21:01:38.113+0000] {processor.py:157} INFO - Started process (PID=36577) to work on /workspaces/hands-on-introduction-data-engineering-4395021/airflow/dags/two_task_dag.py
[2025-04-09T21:01:38.114+0000] {processor.py:826} INFO - Processing file /workspaces/hands-on-introduction-data-engineering-4395021/airflow/dags/two_task_dag.py for tasks to queue
[2025-04-09T21:01:38.115+0000] {logging_mixin.py:150} INFO - [2025-04-09T21:01:38.115+0000] {dagbag.py:541} INFO - Filling up the DagBag from /workspaces/hands-on-introduction-data-engineering-4395021/airflow/dags/two_task_dag.py
[2025-04-09T21:01:38.122+0000] {processor.py:836} INFO - DAG(s) dict_keys(['two_task_dag']) retrieved from /workspaces/hands-on-introduction-data-engineering-4395021/airflow/dags/two_task_dag.py
[2025-04-09T21:01:38.140+0000] {logging_mixin.py:150} INFO - [2025-04-09T21:01:38.140+0000] {dag.py:2742} INFO - Sync 1 DAGs
[2025-04-09T21:01:38.154+0000] {logging_mixin.py:150} INFO - [2025-04-09T21:01:38.154+0000] {dag.py:3504} INFO - Setting next_dagrun for two_task_dag to None, run_after=None
[2025-04-09T21:01:38.168+0000] {processor.py:179} INFO - Processing /workspaces/hands-on-introduction-data-engineering-4395021/airflow/dags/two_task_dag.py took 0.057 seconds
[2025-04-09T21:02:08.400+0000] {processor.py:157} INFO - Started process (PID=36750) to work on /workspaces/hands-on-introduction-data-engineering-4395021/airflow/dags/two_task_dag.py
[2025-04-09T21:02:08.400+0000] {processor.py:826} INFO - Processing file /workspaces/hands-on-introduction-data-engineering-4395021/airflow/dags/two_task_dag.py for tasks to queue
[2025-04-09T21:02:08.401+0000] {logging_mixin.py:150} INFO - [2025-04-09T21:02:08.401+0000] {dagbag.py:541} INFO - Filling up the DagBag from /workspaces/hands-on-introduction-data-engineering-4395021/airflow/dags/two_task_dag.py
[2025-04-09T21:02:08.409+0000] {processor.py:836} INFO - DAG(s) dict_keys(['two_task_dag']) retrieved from /workspaces/hands-on-introduction-data-engineering-4395021/airflow/dags/two_task_dag.py
[2025-04-09T21:02:08.426+0000] {logging_mixin.py:150} INFO - [2025-04-09T21:02:08.426+0000] {dag.py:2742} INFO - Sync 1 DAGs
[2025-04-09T21:02:08.440+0000] {logging_mixin.py:150} INFO - [2025-04-09T21:02:08.440+0000] {dag.py:3504} INFO - Setting next_dagrun for two_task_dag to None, run_after=None
[2025-04-09T21:02:08.454+0000] {processor.py:179} INFO - Processing /workspaces/hands-on-introduction-data-engineering-4395021/airflow/dags/two_task_dag.py took 0.056 seconds
[2025-04-09T21:02:38.687+0000] {processor.py:157} INFO - Started process (PID=36929) to work on /workspaces/hands-on-introduction-data-engineering-4395021/airflow/dags/two_task_dag.py
[2025-04-09T21:02:38.688+0000] {processor.py:826} INFO - Processing file /workspaces/hands-on-introduction-data-engineering-4395021/airflow/dags/two_task_dag.py for tasks to queue
[2025-04-09T21:02:38.689+0000] {logging_mixin.py:150} INFO - [2025-04-09T21:02:38.689+0000] {dagbag.py:541} INFO - Filling up the DagBag from /workspaces/hands-on-introduction-data-engineering-4395021/airflow/dags/two_task_dag.py
[2025-04-09T21:02:38.697+0000] {processor.py:836} INFO - DAG(s) dict_keys(['two_task_dag']) retrieved from /workspaces/hands-on-introduction-data-engineering-4395021/airflow/dags/two_task_dag.py
[2025-04-09T21:02:38.714+0000] {logging_mixin.py:150} INFO - [2025-04-09T21:02:38.714+0000] {dag.py:2742} INFO - Sync 1 DAGs
[2025-04-09T21:02:38.728+0000] {logging_mixin.py:150} INFO - [2025-04-09T21:02:38.728+0000] {dag.py:3504} INFO - Setting next_dagrun for two_task_dag to None, run_after=None
[2025-04-09T21:02:38.742+0000] {processor.py:179} INFO - Processing /workspaces/hands-on-introduction-data-engineering-4395021/airflow/dags/two_task_dag.py took 0.057 seconds
[2025-04-09T21:03:08.978+0000] {processor.py:157} INFO - Started process (PID=37103) to work on /workspaces/hands-on-introduction-data-engineering-4395021/airflow/dags/two_task_dag.py
[2025-04-09T21:03:08.979+0000] {processor.py:826} INFO - Processing file /workspaces/hands-on-introduction-data-engineering-4395021/airflow/dags/two_task_dag.py for tasks to queue
[2025-04-09T21:03:08.979+0000] {logging_mixin.py:150} INFO - [2025-04-09T21:03:08.979+0000] {dagbag.py:541} INFO - Filling up the DagBag from /workspaces/hands-on-introduction-data-engineering-4395021/airflow/dags/two_task_dag.py
[2025-04-09T21:03:08.987+0000] {processor.py:836} INFO - DAG(s) dict_keys(['two_task_dag']) retrieved from /workspaces/hands-on-introduction-data-engineering-4395021/airflow/dags/two_task_dag.py
[2025-04-09T21:03:09.005+0000] {logging_mixin.py:150} INFO - [2025-04-09T21:03:09.004+0000] {dag.py:2742} INFO - Sync 1 DAGs
[2025-04-09T21:03:09.018+0000] {logging_mixin.py:150} INFO - [2025-04-09T21:03:09.018+0000] {dag.py:3504} INFO - Setting next_dagrun for two_task_dag to None, run_after=None
[2025-04-09T21:03:09.031+0000] {processor.py:179} INFO - Processing /workspaces/hands-on-introduction-data-engineering-4395021/airflow/dags/two_task_dag.py took 0.056 seconds
[2025-04-09T21:03:39.166+0000] {processor.py:157} INFO - Started process (PID=37276) to work on /workspaces/hands-on-introduction-data-engineering-4395021/airflow/dags/two_task_dag.py
[2025-04-09T21:03:39.167+0000] {processor.py:826} INFO - Processing file /workspaces/hands-on-introduction-data-engineering-4395021/airflow/dags/two_task_dag.py for tasks to queue
[2025-04-09T21:03:39.167+0000] {logging_mixin.py:150} INFO - [2025-04-09T21:03:39.167+0000] {dagbag.py:541} INFO - Filling up the DagBag from /workspaces/hands-on-introduction-data-engineering-4395021/airflow/dags/two_task_dag.py
[2025-04-09T21:03:39.174+0000] {processor.py:836} INFO - DAG(s) dict_keys(['two_task_dag']) retrieved from /workspaces/hands-on-introduction-data-engineering-4395021/airflow/dags/two_task_dag.py
[2025-04-09T21:03:39.192+0000] {logging_mixin.py:150} INFO - [2025-04-09T21:03:39.192+0000] {dag.py:2742} INFO - Sync 1 DAGs
[2025-04-09T21:03:39.205+0000] {logging_mixin.py:150} INFO - [2025-04-09T21:03:39.205+0000] {dag.py:3504} INFO - Setting next_dagrun for two_task_dag to None, run_after=None
[2025-04-09T21:03:39.218+0000] {processor.py:179} INFO - Processing /workspaces/hands-on-introduction-data-engineering-4395021/airflow/dags/two_task_dag.py took 0.055 seconds
[2025-04-09T21:04:09.353+0000] {processor.py:157} INFO - Started process (PID=37459) to work on /workspaces/hands-on-introduction-data-engineering-4395021/airflow/dags/two_task_dag.py
[2025-04-09T21:04:09.354+0000] {processor.py:826} INFO - Processing file /workspaces/hands-on-introduction-data-engineering-4395021/airflow/dags/two_task_dag.py for tasks to queue
[2025-04-09T21:04:09.354+0000] {logging_mixin.py:150} INFO - [2025-04-09T21:04:09.354+0000] {dagbag.py:541} INFO - Filling up the DagBag from /workspaces/hands-on-introduction-data-engineering-4395021/airflow/dags/two_task_dag.py
[2025-04-09T21:04:09.362+0000] {processor.py:836} INFO - DAG(s) dict_keys(['two_task_dag']) retrieved from /workspaces/hands-on-introduction-data-engineering-4395021/airflow/dags/two_task_dag.py
[2025-04-09T21:04:09.379+0000] {logging_mixin.py:150} INFO - [2025-04-09T21:04:09.379+0000] {dag.py:2742} INFO - Sync 1 DAGs
[2025-04-09T21:04:09.393+0000] {logging_mixin.py:150} INFO - [2025-04-09T21:04:09.393+0000] {dag.py:3504} INFO - Setting next_dagrun for two_task_dag to None, run_after=None
[2025-04-09T21:04:09.406+0000] {processor.py:179} INFO - Processing /workspaces/hands-on-introduction-data-engineering-4395021/airflow/dags/two_task_dag.py took 0.056 seconds
[2025-04-09T21:04:39.536+0000] {processor.py:157} INFO - Started process (PID=37631) to work on /workspaces/hands-on-introduction-data-engineering-4395021/airflow/dags/two_task_dag.py
[2025-04-09T21:04:39.537+0000] {processor.py:826} INFO - Processing file /workspaces/hands-on-introduction-data-engineering-4395021/airflow/dags/two_task_dag.py for tasks to queue
[2025-04-09T21:04:39.537+0000] {logging_mixin.py:150} INFO - [2025-04-09T21:04:39.537+0000] {dagbag.py:541} INFO - Filling up the DagBag from /workspaces/hands-on-introduction-data-engineering-4395021/airflow/dags/two_task_dag.py
[2025-04-09T21:04:39.544+0000] {processor.py:836} INFO - DAG(s) dict_keys(['two_task_dag']) retrieved from /workspaces/hands-on-introduction-data-engineering-4395021/airflow/dags/two_task_dag.py
[2025-04-09T21:04:39.562+0000] {logging_mixin.py:150} INFO - [2025-04-09T21:04:39.562+0000] {dag.py:2742} INFO - Sync 1 DAGs
[2025-04-09T21:04:39.575+0000] {logging_mixin.py:150} INFO - [2025-04-09T21:04:39.575+0000] {dag.py:3504} INFO - Setting next_dagrun for two_task_dag to None, run_after=None
[2025-04-09T21:04:39.589+0000] {processor.py:179} INFO - Processing /workspaces/hands-on-introduction-data-engineering-4395021/airflow/dags/two_task_dag.py took 0.057 seconds
[2025-04-09T21:05:09.719+0000] {processor.py:157} INFO - Started process (PID=37810) to work on /workspaces/hands-on-introduction-data-engineering-4395021/airflow/dags/two_task_dag.py
[2025-04-09T21:05:09.719+0000] {processor.py:826} INFO - Processing file /workspaces/hands-on-introduction-data-engineering-4395021/airflow/dags/two_task_dag.py for tasks to queue
[2025-04-09T21:05:09.720+0000] {logging_mixin.py:150} INFO - [2025-04-09T21:05:09.720+0000] {dagbag.py:541} INFO - Filling up the DagBag from /workspaces/hands-on-introduction-data-engineering-4395021/airflow/dags/two_task_dag.py
[2025-04-09T21:05:09.728+0000] {processor.py:836} INFO - DAG(s) dict_keys(['two_task_dag']) retrieved from /workspaces/hands-on-introduction-data-engineering-4395021/airflow/dags/two_task_dag.py
[2025-04-09T21:05:09.745+0000] {logging_mixin.py:150} INFO - [2025-04-09T21:05:09.745+0000] {dag.py:2742} INFO - Sync 1 DAGs
[2025-04-09T21:05:09.759+0000] {logging_mixin.py:150} INFO - [2025-04-09T21:05:09.759+0000] {dag.py:3504} INFO - Setting next_dagrun for two_task_dag to None, run_after=None
[2025-04-09T21:05:09.773+0000] {processor.py:179} INFO - Processing /workspaces/hands-on-introduction-data-engineering-4395021/airflow/dags/two_task_dag.py took 0.056 seconds
[2025-04-09T21:05:39.910+0000] {processor.py:157} INFO - Started process (PID=37983) to work on /workspaces/hands-on-introduction-data-engineering-4395021/airflow/dags/two_task_dag.py
[2025-04-09T21:05:39.911+0000] {processor.py:826} INFO - Processing file /workspaces/hands-on-introduction-data-engineering-4395021/airflow/dags/two_task_dag.py for tasks to queue
[2025-04-09T21:05:39.912+0000] {logging_mixin.py:150} INFO - [2025-04-09T21:05:39.911+0000] {dagbag.py:541} INFO - Filling up the DagBag from /workspaces/hands-on-introduction-data-engineering-4395021/airflow/dags/two_task_dag.py
[2025-04-09T21:05:39.919+0000] {processor.py:836} INFO - DAG(s) dict_keys(['two_task_dag']) retrieved from /workspaces/hands-on-introduction-data-engineering-4395021/airflow/dags/two_task_dag.py
[2025-04-09T21:05:39.937+0000] {logging_mixin.py:150} INFO - [2025-04-09T21:05:39.937+0000] {dag.py:2742} INFO - Sync 1 DAGs
[2025-04-09T21:05:39.950+0000] {logging_mixin.py:150} INFO - [2025-04-09T21:05:39.950+0000] {dag.py:3504} INFO - Setting next_dagrun for two_task_dag to None, run_after=None
[2025-04-09T21:05:39.963+0000] {processor.py:179} INFO - Processing /workspaces/hands-on-introduction-data-engineering-4395021/airflow/dags/two_task_dag.py took 0.055 seconds
[2025-04-09T21:06:10.093+0000] {processor.py:157} INFO - Started process (PID=38163) to work on /workspaces/hands-on-introduction-data-engineering-4395021/airflow/dags/two_task_dag.py
[2025-04-09T21:06:10.094+0000] {processor.py:826} INFO - Processing file /workspaces/hands-on-introduction-data-engineering-4395021/airflow/dags/two_task_dag.py for tasks to queue
[2025-04-09T21:06:10.095+0000] {logging_mixin.py:150} INFO - [2025-04-09T21:06:10.094+0000] {dagbag.py:541} INFO - Filling up the DagBag from /workspaces/hands-on-introduction-data-engineering-4395021/airflow/dags/two_task_dag.py
[2025-04-09T21:06:10.102+0000] {processor.py:836} INFO - DAG(s) dict_keys(['two_task_dag']) retrieved from /workspaces/hands-on-introduction-data-engineering-4395021/airflow/dags/two_task_dag.py
[2025-04-09T21:06:10.120+0000] {logging_mixin.py:150} INFO - [2025-04-09T21:06:10.120+0000] {dag.py:2742} INFO - Sync 1 DAGs
[2025-04-09T21:06:10.133+0000] {logging_mixin.py:150} INFO - [2025-04-09T21:06:10.133+0000] {dag.py:3504} INFO - Setting next_dagrun for two_task_dag to None, run_after=None
[2025-04-09T21:06:10.146+0000] {processor.py:179} INFO - Processing /workspaces/hands-on-introduction-data-engineering-4395021/airflow/dags/two_task_dag.py took 0.056 seconds
[2025-04-09T21:06:40.276+0000] {processor.py:157} INFO - Started process (PID=38365) to work on /workspaces/hands-on-introduction-data-engineering-4395021/airflow/dags/two_task_dag.py
[2025-04-09T21:06:40.277+0000] {processor.py:826} INFO - Processing file /workspaces/hands-on-introduction-data-engineering-4395021/airflow/dags/two_task_dag.py for tasks to queue
[2025-04-09T21:06:40.278+0000] {logging_mixin.py:150} INFO - [2025-04-09T21:06:40.277+0000] {dagbag.py:541} INFO - Filling up the DagBag from /workspaces/hands-on-introduction-data-engineering-4395021/airflow/dags/two_task_dag.py
[2025-04-09T21:06:40.285+0000] {processor.py:836} INFO - DAG(s) dict_keys(['two_task_dag']) retrieved from /workspaces/hands-on-introduction-data-engineering-4395021/airflow/dags/two_task_dag.py
[2025-04-09T21:06:40.310+0000] {logging_mixin.py:150} INFO - [2025-04-09T21:06:40.310+0000] {dag.py:2742} INFO - Sync 1 DAGs
[2025-04-09T21:06:40.326+0000] {logging_mixin.py:150} INFO - [2025-04-09T21:06:40.326+0000] {dag.py:3504} INFO - Setting next_dagrun for two_task_dag to None, run_after=None
[2025-04-09T21:06:40.339+0000] {processor.py:179} INFO - Processing /workspaces/hands-on-introduction-data-engineering-4395021/airflow/dags/two_task_dag.py took 0.066 seconds
[2025-04-09T21:07:10.459+0000] {processor.py:157} INFO - Started process (PID=38561) to work on /workspaces/hands-on-introduction-data-engineering-4395021/airflow/dags/two_task_dag.py
[2025-04-09T21:07:10.460+0000] {processor.py:826} INFO - Processing file /workspaces/hands-on-introduction-data-engineering-4395021/airflow/dags/two_task_dag.py for tasks to queue
[2025-04-09T21:07:10.461+0000] {logging_mixin.py:150} INFO - [2025-04-09T21:07:10.461+0000] {dagbag.py:541} INFO - Filling up the DagBag from /workspaces/hands-on-introduction-data-engineering-4395021/airflow/dags/two_task_dag.py
[2025-04-09T21:07:10.469+0000] {processor.py:836} INFO - DAG(s) dict_keys(['two_task_dag']) retrieved from /workspaces/hands-on-introduction-data-engineering-4395021/airflow/dags/two_task_dag.py
[2025-04-09T21:07:10.487+0000] {logging_mixin.py:150} INFO - [2025-04-09T21:07:10.487+0000] {dag.py:2742} INFO - Sync 1 DAGs
[2025-04-09T21:07:10.500+0000] {logging_mixin.py:150} INFO - [2025-04-09T21:07:10.500+0000] {dag.py:3504} INFO - Setting next_dagrun for two_task_dag to None, run_after=None
[2025-04-09T21:07:10.513+0000] {processor.py:179} INFO - Processing /workspaces/hands-on-introduction-data-engineering-4395021/airflow/dags/two_task_dag.py took 0.057 seconds
[2025-04-09T21:07:40.646+0000] {processor.py:157} INFO - Started process (PID=38748) to work on /workspaces/hands-on-introduction-data-engineering-4395021/airflow/dags/two_task_dag.py
[2025-04-09T21:07:40.647+0000] {processor.py:826} INFO - Processing file /workspaces/hands-on-introduction-data-engineering-4395021/airflow/dags/two_task_dag.py for tasks to queue
[2025-04-09T21:07:40.648+0000] {logging_mixin.py:150} INFO - [2025-04-09T21:07:40.648+0000] {dagbag.py:541} INFO - Filling up the DagBag from /workspaces/hands-on-introduction-data-engineering-4395021/airflow/dags/two_task_dag.py
[2025-04-09T21:07:40.659+0000] {processor.py:836} INFO - DAG(s) dict_keys(['two_task_dag']) retrieved from /workspaces/hands-on-introduction-data-engineering-4395021/airflow/dags/two_task_dag.py
[2025-04-09T21:07:40.678+0000] {logging_mixin.py:150} INFO - [2025-04-09T21:07:40.678+0000] {dag.py:2742} INFO - Sync 1 DAGs
[2025-04-09T21:07:40.691+0000] {logging_mixin.py:150} INFO - [2025-04-09T21:07:40.691+0000] {dag.py:3504} INFO - Setting next_dagrun for two_task_dag to None, run_after=None
[2025-04-09T21:07:40.704+0000] {processor.py:179} INFO - Processing /workspaces/hands-on-introduction-data-engineering-4395021/airflow/dags/two_task_dag.py took 0.061 seconds
[2025-04-09T21:08:10.828+0000] {processor.py:157} INFO - Started process (PID=38920) to work on /workspaces/hands-on-introduction-data-engineering-4395021/airflow/dags/two_task_dag.py
[2025-04-09T21:08:10.829+0000] {processor.py:826} INFO - Processing file /workspaces/hands-on-introduction-data-engineering-4395021/airflow/dags/two_task_dag.py for tasks to queue
[2025-04-09T21:08:10.829+0000] {logging_mixin.py:150} INFO - [2025-04-09T21:08:10.829+0000] {dagbag.py:541} INFO - Filling up the DagBag from /workspaces/hands-on-introduction-data-engineering-4395021/airflow/dags/two_task_dag.py
[2025-04-09T21:08:10.837+0000] {processor.py:836} INFO - DAG(s) dict_keys(['two_task_dag']) retrieved from /workspaces/hands-on-introduction-data-engineering-4395021/airflow/dags/two_task_dag.py
[2025-04-09T21:08:10.857+0000] {logging_mixin.py:150} INFO - [2025-04-09T21:08:10.857+0000] {dag.py:2742} INFO - Sync 1 DAGs
[2025-04-09T21:08:10.871+0000] {logging_mixin.py:150} INFO - [2025-04-09T21:08:10.871+0000] {dag.py:3504} INFO - Setting next_dagrun for two_task_dag to None, run_after=None
[2025-04-09T21:08:10.886+0000] {processor.py:179} INFO - Processing /workspaces/hands-on-introduction-data-engineering-4395021/airflow/dags/two_task_dag.py took 0.061 seconds
[2025-04-09T21:08:41.016+0000] {processor.py:157} INFO - Started process (PID=39204) to work on /workspaces/hands-on-introduction-data-engineering-4395021/airflow/dags/two_task_dag.py
[2025-04-09T21:08:41.017+0000] {processor.py:826} INFO - Processing file /workspaces/hands-on-introduction-data-engineering-4395021/airflow/dags/two_task_dag.py for tasks to queue
[2025-04-09T21:08:41.017+0000] {logging_mixin.py:150} INFO - [2025-04-09T21:08:41.017+0000] {dagbag.py:541} INFO - Filling up the DagBag from /workspaces/hands-on-introduction-data-engineering-4395021/airflow/dags/two_task_dag.py
[2025-04-09T21:08:41.025+0000] {processor.py:836} INFO - DAG(s) dict_keys(['two_task_dag']) retrieved from /workspaces/hands-on-introduction-data-engineering-4395021/airflow/dags/two_task_dag.py
[2025-04-09T21:08:41.042+0000] {logging_mixin.py:150} INFO - [2025-04-09T21:08:41.042+0000] {dag.py:2742} INFO - Sync 1 DAGs
[2025-04-09T21:08:41.057+0000] {logging_mixin.py:150} INFO - [2025-04-09T21:08:41.057+0000] {dag.py:3504} INFO - Setting next_dagrun for two_task_dag to None, run_after=None
[2025-04-09T21:08:41.070+0000] {processor.py:179} INFO - Processing /workspaces/hands-on-introduction-data-engineering-4395021/airflow/dags/two_task_dag.py took 0.057 seconds
[2025-04-09T21:09:11.204+0000] {processor.py:157} INFO - Started process (PID=39455) to work on /workspaces/hands-on-introduction-data-engineering-4395021/airflow/dags/two_task_dag.py
[2025-04-09T21:09:11.205+0000] {processor.py:826} INFO - Processing file /workspaces/hands-on-introduction-data-engineering-4395021/airflow/dags/two_task_dag.py for tasks to queue
[2025-04-09T21:09:11.206+0000] {logging_mixin.py:150} INFO - [2025-04-09T21:09:11.206+0000] {dagbag.py:541} INFO - Filling up the DagBag from /workspaces/hands-on-introduction-data-engineering-4395021/airflow/dags/two_task_dag.py
[2025-04-09T21:09:11.214+0000] {processor.py:836} INFO - DAG(s) dict_keys(['two_task_dag']) retrieved from /workspaces/hands-on-introduction-data-engineering-4395021/airflow/dags/two_task_dag.py
[2025-04-09T21:09:11.232+0000] {logging_mixin.py:150} INFO - [2025-04-09T21:09:11.232+0000] {dag.py:2742} INFO - Sync 1 DAGs
[2025-04-09T21:09:11.246+0000] {logging_mixin.py:150} INFO - [2025-04-09T21:09:11.246+0000] {dag.py:3504} INFO - Setting next_dagrun for two_task_dag to None, run_after=None
[2025-04-09T21:09:11.259+0000] {processor.py:179} INFO - Processing /workspaces/hands-on-introduction-data-engineering-4395021/airflow/dags/two_task_dag.py took 0.057 seconds
[2025-04-09T21:09:41.389+0000] {processor.py:157} INFO - Started process (PID=39784) to work on /workspaces/hands-on-introduction-data-engineering-4395021/airflow/dags/two_task_dag.py
[2025-04-09T21:09:41.390+0000] {processor.py:826} INFO - Processing file /workspaces/hands-on-introduction-data-engineering-4395021/airflow/dags/two_task_dag.py for tasks to queue
[2025-04-09T21:09:41.390+0000] {logging_mixin.py:150} INFO - [2025-04-09T21:09:41.390+0000] {dagbag.py:541} INFO - Filling up the DagBag from /workspaces/hands-on-introduction-data-engineering-4395021/airflow/dags/two_task_dag.py
[2025-04-09T21:09:41.398+0000] {processor.py:836} INFO - DAG(s) dict_keys(['two_task_dag']) retrieved from /workspaces/hands-on-introduction-data-engineering-4395021/airflow/dags/two_task_dag.py
[2025-04-09T21:09:41.415+0000] {logging_mixin.py:150} INFO - [2025-04-09T21:09:41.415+0000] {dag.py:2742} INFO - Sync 1 DAGs
[2025-04-09T21:09:41.429+0000] {logging_mixin.py:150} INFO - [2025-04-09T21:09:41.429+0000] {dag.py:3504} INFO - Setting next_dagrun for two_task_dag to None, run_after=None
[2025-04-09T21:09:41.442+0000] {processor.py:179} INFO - Processing /workspaces/hands-on-introduction-data-engineering-4395021/airflow/dags/two_task_dag.py took 0.056 seconds
[2025-04-09T21:10:11.575+0000] {processor.py:157} INFO - Started process (PID=40157) to work on /workspaces/hands-on-introduction-data-engineering-4395021/airflow/dags/two_task_dag.py
[2025-04-09T21:10:11.576+0000] {processor.py:826} INFO - Processing file /workspaces/hands-on-introduction-data-engineering-4395021/airflow/dags/two_task_dag.py for tasks to queue
[2025-04-09T21:10:11.577+0000] {logging_mixin.py:150} INFO - [2025-04-09T21:10:11.577+0000] {dagbag.py:541} INFO - Filling up the DagBag from /workspaces/hands-on-introduction-data-engineering-4395021/airflow/dags/two_task_dag.py
[2025-04-09T21:10:11.584+0000] {processor.py:836} INFO - DAG(s) dict_keys(['two_task_dag']) retrieved from /workspaces/hands-on-introduction-data-engineering-4395021/airflow/dags/two_task_dag.py
[2025-04-09T21:10:11.602+0000] {logging_mixin.py:150} INFO - [2025-04-09T21:10:11.602+0000] {dag.py:2742} INFO - Sync 1 DAGs
[2025-04-09T21:10:11.615+0000] {logging_mixin.py:150} INFO - [2025-04-09T21:10:11.615+0000] {dag.py:3504} INFO - Setting next_dagrun for two_task_dag to None, run_after=None
[2025-04-09T21:10:11.634+0000] {processor.py:179} INFO - Processing /workspaces/hands-on-introduction-data-engineering-4395021/airflow/dags/two_task_dag.py took 0.062 seconds
[2025-04-09T21:10:41.759+0000] {processor.py:157} INFO - Started process (PID=40472) to work on /workspaces/hands-on-introduction-data-engineering-4395021/airflow/dags/two_task_dag.py
[2025-04-09T21:10:41.759+0000] {processor.py:826} INFO - Processing file /workspaces/hands-on-introduction-data-engineering-4395021/airflow/dags/two_task_dag.py for tasks to queue
[2025-04-09T21:10:41.760+0000] {logging_mixin.py:150} INFO - [2025-04-09T21:10:41.760+0000] {dagbag.py:541} INFO - Filling up the DagBag from /workspaces/hands-on-introduction-data-engineering-4395021/airflow/dags/two_task_dag.py
[2025-04-09T21:10:41.768+0000] {processor.py:836} INFO - DAG(s) dict_keys(['two_task_dag']) retrieved from /workspaces/hands-on-introduction-data-engineering-4395021/airflow/dags/two_task_dag.py
[2025-04-09T21:10:41.786+0000] {logging_mixin.py:150} INFO - [2025-04-09T21:10:41.786+0000] {dag.py:2742} INFO - Sync 1 DAGs
[2025-04-09T21:10:41.799+0000] {logging_mixin.py:150} INFO - [2025-04-09T21:10:41.799+0000] {dag.py:3504} INFO - Setting next_dagrun for two_task_dag to None, run_after=None
[2025-04-09T21:10:41.812+0000] {processor.py:179} INFO - Processing /workspaces/hands-on-introduction-data-engineering-4395021/airflow/dags/two_task_dag.py took 0.056 seconds
[2025-04-09T21:11:11.943+0000] {processor.py:157} INFO - Started process (PID=40759) to work on /workspaces/hands-on-introduction-data-engineering-4395021/airflow/dags/two_task_dag.py
[2025-04-09T21:11:11.944+0000] {processor.py:826} INFO - Processing file /workspaces/hands-on-introduction-data-engineering-4395021/airflow/dags/two_task_dag.py for tasks to queue
[2025-04-09T21:11:11.944+0000] {logging_mixin.py:150} INFO - [2025-04-09T21:11:11.944+0000] {dagbag.py:541} INFO - Filling up the DagBag from /workspaces/hands-on-introduction-data-engineering-4395021/airflow/dags/two_task_dag.py
[2025-04-09T21:11:11.952+0000] {processor.py:836} INFO - DAG(s) dict_keys(['two_task_dag']) retrieved from /workspaces/hands-on-introduction-data-engineering-4395021/airflow/dags/two_task_dag.py
[2025-04-09T21:11:11.970+0000] {logging_mixin.py:150} INFO - [2025-04-09T21:11:11.970+0000] {dag.py:2742} INFO - Sync 1 DAGs
[2025-04-09T21:11:11.983+0000] {logging_mixin.py:150} INFO - [2025-04-09T21:11:11.983+0000] {dag.py:3504} INFO - Setting next_dagrun for two_task_dag to None, run_after=None
[2025-04-09T21:11:11.997+0000] {processor.py:179} INFO - Processing /workspaces/hands-on-introduction-data-engineering-4395021/airflow/dags/two_task_dag.py took 0.057 seconds
[2025-04-09T21:11:42.131+0000] {processor.py:157} INFO - Started process (PID=40952) to work on /workspaces/hands-on-introduction-data-engineering-4395021/airflow/dags/two_task_dag.py
[2025-04-09T21:11:42.131+0000] {processor.py:826} INFO - Processing file /workspaces/hands-on-introduction-data-engineering-4395021/airflow/dags/two_task_dag.py for tasks to queue
[2025-04-09T21:11:42.132+0000] {logging_mixin.py:150} INFO - [2025-04-09T21:11:42.132+0000] {dagbag.py:541} INFO - Filling up the DagBag from /workspaces/hands-on-introduction-data-engineering-4395021/airflow/dags/two_task_dag.py
[2025-04-09T21:11:42.140+0000] {processor.py:836} INFO - DAG(s) dict_keys(['two_task_dag']) retrieved from /workspaces/hands-on-introduction-data-engineering-4395021/airflow/dags/two_task_dag.py
[2025-04-09T21:11:42.157+0000] {logging_mixin.py:150} INFO - [2025-04-09T21:11:42.157+0000] {dag.py:2742} INFO - Sync 1 DAGs
[2025-04-09T21:11:42.170+0000] {logging_mixin.py:150} INFO - [2025-04-09T21:11:42.170+0000] {dag.py:3504} INFO - Setting next_dagrun for two_task_dag to None, run_after=None
[2025-04-09T21:11:42.184+0000] {processor.py:179} INFO - Processing /workspaces/hands-on-introduction-data-engineering-4395021/airflow/dags/two_task_dag.py took 0.056 seconds
[2025-04-09T21:12:12.315+0000] {processor.py:157} INFO - Started process (PID=41131) to work on /workspaces/hands-on-introduction-data-engineering-4395021/airflow/dags/two_task_dag.py
[2025-04-09T21:12:12.316+0000] {processor.py:826} INFO - Processing file /workspaces/hands-on-introduction-data-engineering-4395021/airflow/dags/two_task_dag.py for tasks to queue
[2025-04-09T21:12:12.316+0000] {logging_mixin.py:150} INFO - [2025-04-09T21:12:12.316+0000] {dagbag.py:541} INFO - Filling up the DagBag from /workspaces/hands-on-introduction-data-engineering-4395021/airflow/dags/two_task_dag.py
[2025-04-09T21:12:12.324+0000] {processor.py:836} INFO - DAG(s) dict_keys(['two_task_dag']) retrieved from /workspaces/hands-on-introduction-data-engineering-4395021/airflow/dags/two_task_dag.py
[2025-04-09T21:12:12.341+0000] {logging_mixin.py:150} INFO - [2025-04-09T21:12:12.341+0000] {dag.py:2742} INFO - Sync 1 DAGs
[2025-04-09T21:12:12.355+0000] {logging_mixin.py:150} INFO - [2025-04-09T21:12:12.355+0000] {dag.py:3504} INFO - Setting next_dagrun for two_task_dag to None, run_after=None
[2025-04-09T21:12:12.368+0000] {processor.py:179} INFO - Processing /workspaces/hands-on-introduction-data-engineering-4395021/airflow/dags/two_task_dag.py took 0.056 seconds
[2025-04-09T21:12:42.509+0000] {processor.py:157} INFO - Started process (PID=41375) to work on /workspaces/hands-on-introduction-data-engineering-4395021/airflow/dags/two_task_dag.py
[2025-04-09T21:12:42.510+0000] {processor.py:826} INFO - Processing file /workspaces/hands-on-introduction-data-engineering-4395021/airflow/dags/two_task_dag.py for tasks to queue
[2025-04-09T21:12:42.510+0000] {logging_mixin.py:150} INFO - [2025-04-09T21:12:42.510+0000] {dagbag.py:541} INFO - Filling up the DagBag from /workspaces/hands-on-introduction-data-engineering-4395021/airflow/dags/two_task_dag.py
[2025-04-09T21:12:42.518+0000] {processor.py:836} INFO - DAG(s) dict_keys(['two_task_dag']) retrieved from /workspaces/hands-on-introduction-data-engineering-4395021/airflow/dags/two_task_dag.py
[2025-04-09T21:12:42.535+0000] {logging_mixin.py:150} INFO - [2025-04-09T21:12:42.535+0000] {dag.py:2742} INFO - Sync 1 DAGs
[2025-04-09T21:12:42.549+0000] {logging_mixin.py:150} INFO - [2025-04-09T21:12:42.549+0000] {dag.py:3504} INFO - Setting next_dagrun for two_task_dag to None, run_after=None
[2025-04-09T21:12:42.563+0000] {processor.py:179} INFO - Processing /workspaces/hands-on-introduction-data-engineering-4395021/airflow/dags/two_task_dag.py took 0.057 seconds
[2025-04-09T21:13:13.743+0000] {processor.py:157} INFO - Started process (PID=41568) to work on /workspaces/hands-on-introduction-data-engineering-4395021/airflow/dags/two_task_dag.py
[2025-04-09T21:13:13.744+0000] {processor.py:826} INFO - Processing file /workspaces/hands-on-introduction-data-engineering-4395021/airflow/dags/two_task_dag.py for tasks to queue
[2025-04-09T21:13:13.745+0000] {logging_mixin.py:150} INFO - [2025-04-09T21:13:13.744+0000] {dagbag.py:541} INFO - Filling up the DagBag from /workspaces/hands-on-introduction-data-engineering-4395021/airflow/dags/two_task_dag.py
[2025-04-09T21:13:13.755+0000] {processor.py:836} INFO - DAG(s) dict_keys(['two_task_dag']) retrieved from /workspaces/hands-on-introduction-data-engineering-4395021/airflow/dags/two_task_dag.py
[2025-04-09T21:13:13.780+0000] {logging_mixin.py:150} INFO - [2025-04-09T21:13:13.780+0000] {dag.py:2742} INFO - Sync 1 DAGs
[2025-04-09T21:13:13.801+0000] {logging_mixin.py:150} INFO - [2025-04-09T21:13:13.801+0000] {dag.py:3504} INFO - Setting next_dagrun for two_task_dag to None, run_after=None
[2025-04-09T21:13:13.814+0000] {processor.py:179} INFO - Processing /workspaces/hands-on-introduction-data-engineering-4395021/airflow/dags/two_task_dag.py took 0.074 seconds
[2025-04-09T21:13:43.941+0000] {processor.py:157} INFO - Started process (PID=41775) to work on /workspaces/hands-on-introduction-data-engineering-4395021/airflow/dags/two_task_dag.py
[2025-04-09T21:13:43.944+0000] {processor.py:826} INFO - Processing file /workspaces/hands-on-introduction-data-engineering-4395021/airflow/dags/two_task_dag.py for tasks to queue
[2025-04-09T21:13:43.946+0000] {logging_mixin.py:150} INFO - [2025-04-09T21:13:43.945+0000] {dagbag.py:541} INFO - Filling up the DagBag from /workspaces/hands-on-introduction-data-engineering-4395021/airflow/dags/two_task_dag.py
[2025-04-09T21:13:43.956+0000] {processor.py:836} INFO - DAG(s) dict_keys(['two_task_dag']) retrieved from /workspaces/hands-on-introduction-data-engineering-4395021/airflow/dags/two_task_dag.py
[2025-04-09T21:13:43.998+0000] {logging_mixin.py:150} INFO - [2025-04-09T21:13:43.998+0000] {dag.py:2742} INFO - Sync 1 DAGs
[2025-04-09T21:13:44.031+0000] {logging_mixin.py:150} INFO - [2025-04-09T21:13:44.031+0000] {dag.py:3504} INFO - Setting next_dagrun for two_task_dag to None, run_after=None
[2025-04-09T21:13:44.057+0000] {processor.py:179} INFO - Processing /workspaces/hands-on-introduction-data-engineering-4395021/airflow/dags/two_task_dag.py took 0.121 seconds
[2025-04-09T21:14:15.148+0000] {processor.py:157} INFO - Started process (PID=41983) to work on /workspaces/hands-on-introduction-data-engineering-4395021/airflow/dags/two_task_dag.py
[2025-04-09T21:14:15.149+0000] {processor.py:826} INFO - Processing file /workspaces/hands-on-introduction-data-engineering-4395021/airflow/dags/two_task_dag.py for tasks to queue
[2025-04-09T21:14:15.150+0000] {logging_mixin.py:150} INFO - [2025-04-09T21:14:15.150+0000] {dagbag.py:541} INFO - Filling up the DagBag from /workspaces/hands-on-introduction-data-engineering-4395021/airflow/dags/two_task_dag.py
[2025-04-09T21:14:15.158+0000] {processor.py:836} INFO - DAG(s) dict_keys(['two_task_dag']) retrieved from /workspaces/hands-on-introduction-data-engineering-4395021/airflow/dags/two_task_dag.py
[2025-04-09T21:14:15.176+0000] {logging_mixin.py:150} INFO - [2025-04-09T21:14:15.175+0000] {dag.py:2742} INFO - Sync 1 DAGs
[2025-04-09T21:14:15.189+0000] {logging_mixin.py:150} INFO - [2025-04-09T21:14:15.189+0000] {dag.py:3504} INFO - Setting next_dagrun for two_task_dag to None, run_after=None
[2025-04-09T21:14:15.202+0000] {processor.py:179} INFO - Processing /workspaces/hands-on-introduction-data-engineering-4395021/airflow/dags/two_task_dag.py took 0.057 seconds
[2025-04-09T21:14:45.350+0000] {processor.py:157} INFO - Started process (PID=42179) to work on /workspaces/hands-on-introduction-data-engineering-4395021/airflow/dags/two_task_dag.py
[2025-04-09T21:14:45.351+0000] {processor.py:826} INFO - Processing file /workspaces/hands-on-introduction-data-engineering-4395021/airflow/dags/two_task_dag.py for tasks to queue
[2025-04-09T21:14:45.352+0000] {logging_mixin.py:150} INFO - [2025-04-09T21:14:45.352+0000] {dagbag.py:541} INFO - Filling up the DagBag from /workspaces/hands-on-introduction-data-engineering-4395021/airflow/dags/two_task_dag.py
[2025-04-09T21:14:45.360+0000] {processor.py:836} INFO - DAG(s) dict_keys(['two_task_dag']) retrieved from /workspaces/hands-on-introduction-data-engineering-4395021/airflow/dags/two_task_dag.py
[2025-04-09T21:14:45.378+0000] {logging_mixin.py:150} INFO - [2025-04-09T21:14:45.378+0000] {dag.py:2742} INFO - Sync 1 DAGs
[2025-04-09T21:14:45.391+0000] {logging_mixin.py:150} INFO - [2025-04-09T21:14:45.391+0000] {dag.py:3504} INFO - Setting next_dagrun for two_task_dag to None, run_after=None
[2025-04-09T21:14:45.404+0000] {processor.py:179} INFO - Processing /workspaces/hands-on-introduction-data-engineering-4395021/airflow/dags/two_task_dag.py took 0.056 seconds
[2025-04-09T21:15:15.540+0000] {processor.py:157} INFO - Started process (PID=42382) to work on /workspaces/hands-on-introduction-data-engineering-4395021/airflow/dags/two_task_dag.py
[2025-04-09T21:15:15.541+0000] {processor.py:826} INFO - Processing file /workspaces/hands-on-introduction-data-engineering-4395021/airflow/dags/two_task_dag.py for tasks to queue
[2025-04-09T21:15:15.542+0000] {logging_mixin.py:150} INFO - [2025-04-09T21:15:15.542+0000] {dagbag.py:541} INFO - Filling up the DagBag from /workspaces/hands-on-introduction-data-engineering-4395021/airflow/dags/two_task_dag.py
[2025-04-09T21:15:15.549+0000] {processor.py:836} INFO - DAG(s) dict_keys(['two_task_dag']) retrieved from /workspaces/hands-on-introduction-data-engineering-4395021/airflow/dags/two_task_dag.py
[2025-04-09T21:15:15.566+0000] {logging_mixin.py:150} INFO - [2025-04-09T21:15:15.566+0000] {dag.py:2742} INFO - Sync 1 DAGs
[2025-04-09T21:15:15.584+0000] {logging_mixin.py:150} INFO - [2025-04-09T21:15:15.584+0000] {dag.py:3504} INFO - Setting next_dagrun for two_task_dag to None, run_after=None
[2025-04-09T21:15:15.597+0000] {processor.py:179} INFO - Processing /workspaces/hands-on-introduction-data-engineering-4395021/airflow/dags/two_task_dag.py took 0.060 seconds
[2025-04-09T21:15:47.603+0000] {processor.py:157} INFO - Started process (PID=42589) to work on /workspaces/hands-on-introduction-data-engineering-4395021/airflow/dags/two_task_dag.py
[2025-04-09T21:15:47.604+0000] {processor.py:826} INFO - Processing file /workspaces/hands-on-introduction-data-engineering-4395021/airflow/dags/two_task_dag.py for tasks to queue
[2025-04-09T21:15:47.604+0000] {logging_mixin.py:150} INFO - [2025-04-09T21:15:47.604+0000] {dagbag.py:541} INFO - Filling up the DagBag from /workspaces/hands-on-introduction-data-engineering-4395021/airflow/dags/two_task_dag.py
[2025-04-09T21:15:47.612+0000] {processor.py:836} INFO - DAG(s) dict_keys(['two_task_dag']) retrieved from /workspaces/hands-on-introduction-data-engineering-4395021/airflow/dags/two_task_dag.py
[2025-04-09T21:15:47.630+0000] {logging_mixin.py:150} INFO - [2025-04-09T21:15:47.630+0000] {dag.py:2742} INFO - Sync 1 DAGs
[2025-04-09T21:15:47.643+0000] {logging_mixin.py:150} INFO - [2025-04-09T21:15:47.643+0000] {dag.py:3504} INFO - Setting next_dagrun for two_task_dag to None, run_after=None
[2025-04-09T21:15:47.661+0000] {processor.py:179} INFO - Processing /workspaces/hands-on-introduction-data-engineering-4395021/airflow/dags/two_task_dag.py took 0.060 seconds
[2025-04-09T21:16:18.255+0000] {processor.py:157} INFO - Started process (PID=42788) to work on /workspaces/hands-on-introduction-data-engineering-4395021/airflow/dags/two_task_dag.py
[2025-04-09T21:16:18.256+0000] {processor.py:826} INFO - Processing file /workspaces/hands-on-introduction-data-engineering-4395021/airflow/dags/two_task_dag.py for tasks to queue
[2025-04-09T21:16:18.257+0000] {logging_mixin.py:150} INFO - [2025-04-09T21:16:18.257+0000] {dagbag.py:541} INFO - Filling up the DagBag from /workspaces/hands-on-introduction-data-engineering-4395021/airflow/dags/two_task_dag.py
[2025-04-09T21:16:18.269+0000] {processor.py:836} INFO - DAG(s) dict_keys(['two_task_dag']) retrieved from /workspaces/hands-on-introduction-data-engineering-4395021/airflow/dags/two_task_dag.py
[2025-04-09T21:16:18.302+0000] {logging_mixin.py:150} INFO - [2025-04-09T21:16:18.302+0000] {dag.py:2742} INFO - Sync 1 DAGs
[2025-04-09T21:16:18.323+0000] {logging_mixin.py:150} INFO - [2025-04-09T21:16:18.322+0000] {dag.py:3504} INFO - Setting next_dagrun for two_task_dag to None, run_after=None
[2025-04-09T21:16:18.341+0000] {processor.py:179} INFO - Processing /workspaces/hands-on-introduction-data-engineering-4395021/airflow/dags/two_task_dag.py took 0.091 seconds
[2025-04-09T21:16:48.655+0000] {processor.py:157} INFO - Started process (PID=42995) to work on /workspaces/hands-on-introduction-data-engineering-4395021/airflow/dags/two_task_dag.py
[2025-04-09T21:16:48.657+0000] {processor.py:826} INFO - Processing file /workspaces/hands-on-introduction-data-engineering-4395021/airflow/dags/two_task_dag.py for tasks to queue
[2025-04-09T21:16:48.658+0000] {logging_mixin.py:150} INFO - [2025-04-09T21:16:48.658+0000] {dagbag.py:541} INFO - Filling up the DagBag from /workspaces/hands-on-introduction-data-engineering-4395021/airflow/dags/two_task_dag.py
[2025-04-09T21:16:48.665+0000] {processor.py:836} INFO - DAG(s) dict_keys(['two_task_dag']) retrieved from /workspaces/hands-on-introduction-data-engineering-4395021/airflow/dags/two_task_dag.py
[2025-04-09T21:16:48.684+0000] {logging_mixin.py:150} INFO - [2025-04-09T21:16:48.684+0000] {dag.py:2742} INFO - Sync 1 DAGs
[2025-04-09T21:16:48.706+0000] {logging_mixin.py:150} INFO - [2025-04-09T21:16:48.706+0000] {dag.py:3504} INFO - Setting next_dagrun for two_task_dag to None, run_after=None
[2025-04-09T21:16:48.739+0000] {processor.py:179} INFO - Processing /workspaces/hands-on-introduction-data-engineering-4395021/airflow/dags/two_task_dag.py took 0.087 seconds
[2025-04-09T21:17:19.803+0000] {processor.py:157} INFO - Started process (PID=43213) to work on /workspaces/hands-on-introduction-data-engineering-4395021/airflow/dags/two_task_dag.py
[2025-04-09T21:17:19.804+0000] {processor.py:826} INFO - Processing file /workspaces/hands-on-introduction-data-engineering-4395021/airflow/dags/two_task_dag.py for tasks to queue
[2025-04-09T21:17:19.805+0000] {logging_mixin.py:150} INFO - [2025-04-09T21:17:19.805+0000] {dagbag.py:541} INFO - Filling up the DagBag from /workspaces/hands-on-introduction-data-engineering-4395021/airflow/dags/two_task_dag.py
[2025-04-09T21:17:19.812+0000] {processor.py:836} INFO - DAG(s) dict_keys(['two_task_dag']) retrieved from /workspaces/hands-on-introduction-data-engineering-4395021/airflow/dags/two_task_dag.py
[2025-04-09T21:17:19.830+0000] {logging_mixin.py:150} INFO - [2025-04-09T21:17:19.829+0000] {dag.py:2742} INFO - Sync 1 DAGs
[2025-04-09T21:17:19.845+0000] {logging_mixin.py:150} INFO - [2025-04-09T21:17:19.845+0000] {dag.py:3504} INFO - Setting next_dagrun for two_task_dag to None, run_after=None
[2025-04-09T21:17:19.858+0000] {processor.py:179} INFO - Processing /workspaces/hands-on-introduction-data-engineering-4395021/airflow/dags/two_task_dag.py took 0.057 seconds
[2025-04-09T21:17:50.279+0000] {processor.py:157} INFO - Started process (PID=43408) to work on /workspaces/hands-on-introduction-data-engineering-4395021/airflow/dags/two_task_dag.py
[2025-04-09T21:17:50.280+0000] {processor.py:826} INFO - Processing file /workspaces/hands-on-introduction-data-engineering-4395021/airflow/dags/two_task_dag.py for tasks to queue
[2025-04-09T21:17:50.280+0000] {logging_mixin.py:150} INFO - [2025-04-09T21:17:50.280+0000] {dagbag.py:541} INFO - Filling up the DagBag from /workspaces/hands-on-introduction-data-engineering-4395021/airflow/dags/two_task_dag.py
[2025-04-09T21:17:50.289+0000] {processor.py:836} INFO - DAG(s) dict_keys(['two_task_dag']) retrieved from /workspaces/hands-on-introduction-data-engineering-4395021/airflow/dags/two_task_dag.py
[2025-04-09T21:17:50.314+0000] {logging_mixin.py:150} INFO - [2025-04-09T21:17:50.314+0000] {dag.py:2742} INFO - Sync 1 DAGs
[2025-04-09T21:17:50.329+0000] {logging_mixin.py:150} INFO - [2025-04-09T21:17:50.329+0000] {dag.py:3504} INFO - Setting next_dagrun for two_task_dag to None, run_after=None
[2025-04-09T21:17:50.343+0000] {processor.py:179} INFO - Processing /workspaces/hands-on-introduction-data-engineering-4395021/airflow/dags/two_task_dag.py took 0.066 seconds
[2025-04-09T21:18:20.600+0000] {processor.py:157} INFO - Started process (PID=43613) to work on /workspaces/hands-on-introduction-data-engineering-4395021/airflow/dags/two_task_dag.py
[2025-04-09T21:18:20.604+0000] {processor.py:826} INFO - Processing file /workspaces/hands-on-introduction-data-engineering-4395021/airflow/dags/two_task_dag.py for tasks to queue
[2025-04-09T21:18:20.605+0000] {logging_mixin.py:150} INFO - [2025-04-09T21:18:20.604+0000] {dagbag.py:541} INFO - Filling up the DagBag from /workspaces/hands-on-introduction-data-engineering-4395021/airflow/dags/two_task_dag.py
[2025-04-09T21:18:20.616+0000] {processor.py:836} INFO - DAG(s) dict_keys(['two_task_dag']) retrieved from /workspaces/hands-on-introduction-data-engineering-4395021/airflow/dags/two_task_dag.py
[2025-04-09T21:18:20.645+0000] {logging_mixin.py:150} INFO - [2025-04-09T21:18:20.645+0000] {dag.py:2742} INFO - Sync 1 DAGs
[2025-04-09T21:18:20.661+0000] {logging_mixin.py:150} INFO - [2025-04-09T21:18:20.661+0000] {dag.py:3504} INFO - Setting next_dagrun for two_task_dag to None, run_after=None
[2025-04-09T21:18:20.674+0000] {processor.py:179} INFO - Processing /workspaces/hands-on-introduction-data-engineering-4395021/airflow/dags/two_task_dag.py took 0.082 seconds
[2025-04-09T21:18:50.882+0000] {processor.py:157} INFO - Started process (PID=43822) to work on /workspaces/hands-on-introduction-data-engineering-4395021/airflow/dags/two_task_dag.py
[2025-04-09T21:18:50.883+0000] {processor.py:826} INFO - Processing file /workspaces/hands-on-introduction-data-engineering-4395021/airflow/dags/two_task_dag.py for tasks to queue
[2025-04-09T21:18:50.884+0000] {logging_mixin.py:150} INFO - [2025-04-09T21:18:50.883+0000] {dagbag.py:541} INFO - Filling up the DagBag from /workspaces/hands-on-introduction-data-engineering-4395021/airflow/dags/two_task_dag.py
[2025-04-09T21:18:50.891+0000] {processor.py:836} INFO - DAG(s) dict_keys(['two_task_dag']) retrieved from /workspaces/hands-on-introduction-data-engineering-4395021/airflow/dags/two_task_dag.py
[2025-04-09T21:18:50.909+0000] {logging_mixin.py:150} INFO - [2025-04-09T21:18:50.909+0000] {dag.py:2742} INFO - Sync 1 DAGs
[2025-04-09T21:18:50.922+0000] {logging_mixin.py:150} INFO - [2025-04-09T21:18:50.922+0000] {dag.py:3504} INFO - Setting next_dagrun for two_task_dag to None, run_after=None
[2025-04-09T21:18:50.936+0000] {processor.py:179} INFO - Processing /workspaces/hands-on-introduction-data-engineering-4395021/airflow/dags/two_task_dag.py took 0.058 seconds
[2025-04-09T21:19:21.394+0000] {processor.py:157} INFO - Started process (PID=44021) to work on /workspaces/hands-on-introduction-data-engineering-4395021/airflow/dags/two_task_dag.py
[2025-04-09T21:19:21.395+0000] {processor.py:826} INFO - Processing file /workspaces/hands-on-introduction-data-engineering-4395021/airflow/dags/two_task_dag.py for tasks to queue
[2025-04-09T21:19:21.396+0000] {logging_mixin.py:150} INFO - [2025-04-09T21:19:21.395+0000] {dagbag.py:541} INFO - Filling up the DagBag from /workspaces/hands-on-introduction-data-engineering-4395021/airflow/dags/two_task_dag.py
[2025-04-09T21:19:21.404+0000] {processor.py:836} INFO - DAG(s) dict_keys(['two_task_dag']) retrieved from /workspaces/hands-on-introduction-data-engineering-4395021/airflow/dags/two_task_dag.py
[2025-04-09T21:19:21.422+0000] {logging_mixin.py:150} INFO - [2025-04-09T21:19:21.422+0000] {dag.py:2742} INFO - Sync 1 DAGs
[2025-04-09T21:19:21.435+0000] {logging_mixin.py:150} INFO - [2025-04-09T21:19:21.435+0000] {dag.py:3504} INFO - Setting next_dagrun for two_task_dag to None, run_after=None
[2025-04-09T21:19:21.448+0000] {processor.py:179} INFO - Processing /workspaces/hands-on-introduction-data-engineering-4395021/airflow/dags/two_task_dag.py took 0.056 seconds
[2025-04-09T21:19:51.789+0000] {processor.py:157} INFO - Started process (PID=44209) to work on /workspaces/hands-on-introduction-data-engineering-4395021/airflow/dags/two_task_dag.py
[2025-04-09T21:19:51.790+0000] {processor.py:826} INFO - Processing file /workspaces/hands-on-introduction-data-engineering-4395021/airflow/dags/two_task_dag.py for tasks to queue
[2025-04-09T21:19:51.791+0000] {logging_mixin.py:150} INFO - [2025-04-09T21:19:51.791+0000] {dagbag.py:541} INFO - Filling up the DagBag from /workspaces/hands-on-introduction-data-engineering-4395021/airflow/dags/two_task_dag.py
[2025-04-09T21:19:51.798+0000] {processor.py:836} INFO - DAG(s) dict_keys(['two_task_dag']) retrieved from /workspaces/hands-on-introduction-data-engineering-4395021/airflow/dags/two_task_dag.py
[2025-04-09T21:19:51.816+0000] {logging_mixin.py:150} INFO - [2025-04-09T21:19:51.816+0000] {dag.py:2742} INFO - Sync 1 DAGs
[2025-04-09T21:19:51.829+0000] {logging_mixin.py:150} INFO - [2025-04-09T21:19:51.829+0000] {dag.py:3504} INFO - Setting next_dagrun for two_task_dag to None, run_after=None
[2025-04-09T21:19:51.843+0000] {processor.py:179} INFO - Processing /workspaces/hands-on-introduction-data-engineering-4395021/airflow/dags/two_task_dag.py took 0.056 seconds
[2025-04-09T21:20:22.185+0000] {processor.py:157} INFO - Started process (PID=44383) to work on /workspaces/hands-on-introduction-data-engineering-4395021/airflow/dags/two_task_dag.py
[2025-04-09T21:20:22.186+0000] {processor.py:826} INFO - Processing file /workspaces/hands-on-introduction-data-engineering-4395021/airflow/dags/two_task_dag.py for tasks to queue
[2025-04-09T21:20:22.187+0000] {logging_mixin.py:150} INFO - [2025-04-09T21:20:22.186+0000] {dagbag.py:541} INFO - Filling up the DagBag from /workspaces/hands-on-introduction-data-engineering-4395021/airflow/dags/two_task_dag.py
[2025-04-09T21:20:22.194+0000] {processor.py:836} INFO - DAG(s) dict_keys(['two_task_dag']) retrieved from /workspaces/hands-on-introduction-data-engineering-4395021/airflow/dags/two_task_dag.py
[2025-04-09T21:20:22.212+0000] {logging_mixin.py:150} INFO - [2025-04-09T21:20:22.212+0000] {dag.py:2742} INFO - Sync 1 DAGs
[2025-04-09T21:20:22.225+0000] {logging_mixin.py:150} INFO - [2025-04-09T21:20:22.225+0000] {dag.py:3504} INFO - Setting next_dagrun for two_task_dag to None, run_after=None
[2025-04-09T21:20:22.238+0000] {processor.py:179} INFO - Processing /workspaces/hands-on-introduction-data-engineering-4395021/airflow/dags/two_task_dag.py took 0.056 seconds
[2025-04-09T21:20:52.580+0000] {processor.py:157} INFO - Started process (PID=44564) to work on /workspaces/hands-on-introduction-data-engineering-4395021/airflow/dags/two_task_dag.py
[2025-04-09T21:20:52.581+0000] {processor.py:826} INFO - Processing file /workspaces/hands-on-introduction-data-engineering-4395021/airflow/dags/two_task_dag.py for tasks to queue
[2025-04-09T21:20:52.582+0000] {logging_mixin.py:150} INFO - [2025-04-09T21:20:52.581+0000] {dagbag.py:541} INFO - Filling up the DagBag from /workspaces/hands-on-introduction-data-engineering-4395021/airflow/dags/two_task_dag.py
[2025-04-09T21:20:52.590+0000] {processor.py:836} INFO - DAG(s) dict_keys(['two_task_dag']) retrieved from /workspaces/hands-on-introduction-data-engineering-4395021/airflow/dags/two_task_dag.py
[2025-04-09T21:20:52.611+0000] {logging_mixin.py:150} INFO - [2025-04-09T21:20:52.611+0000] {dag.py:2742} INFO - Sync 1 DAGs
[2025-04-09T21:20:52.625+0000] {logging_mixin.py:150} INFO - [2025-04-09T21:20:52.625+0000] {dag.py:3504} INFO - Setting next_dagrun for two_task_dag to None, run_after=None
[2025-04-09T21:20:52.637+0000] {processor.py:179} INFO - Processing /workspaces/hands-on-introduction-data-engineering-4395021/airflow/dags/two_task_dag.py took 0.060 seconds
[2025-04-09T21:21:22.984+0000] {processor.py:157} INFO - Started process (PID=44750) to work on /workspaces/hands-on-introduction-data-engineering-4395021/airflow/dags/two_task_dag.py
[2025-04-09T21:21:22.985+0000] {processor.py:826} INFO - Processing file /workspaces/hands-on-introduction-data-engineering-4395021/airflow/dags/two_task_dag.py for tasks to queue
[2025-04-09T21:21:22.986+0000] {logging_mixin.py:150} INFO - [2025-04-09T21:21:22.985+0000] {dagbag.py:541} INFO - Filling up the DagBag from /workspaces/hands-on-introduction-data-engineering-4395021/airflow/dags/two_task_dag.py
[2025-04-09T21:21:22.993+0000] {processor.py:836} INFO - DAG(s) dict_keys(['two_task_dag']) retrieved from /workspaces/hands-on-introduction-data-engineering-4395021/airflow/dags/two_task_dag.py
[2025-04-09T21:21:23.012+0000] {logging_mixin.py:150} INFO - [2025-04-09T21:21:23.012+0000] {dag.py:2742} INFO - Sync 1 DAGs
[2025-04-09T21:21:23.026+0000] {logging_mixin.py:150} INFO - [2025-04-09T21:21:23.026+0000] {dag.py:3504} INFO - Setting next_dagrun for two_task_dag to None, run_after=None
[2025-04-09T21:21:23.039+0000] {processor.py:179} INFO - Processing /workspaces/hands-on-introduction-data-engineering-4395021/airflow/dags/two_task_dag.py took 0.059 seconds
[2025-04-09T21:21:53.374+0000] {processor.py:157} INFO - Started process (PID=44924) to work on /workspaces/hands-on-introduction-data-engineering-4395021/airflow/dags/two_task_dag.py
[2025-04-09T21:21:53.375+0000] {processor.py:826} INFO - Processing file /workspaces/hands-on-introduction-data-engineering-4395021/airflow/dags/two_task_dag.py for tasks to queue
[2025-04-09T21:21:53.376+0000] {logging_mixin.py:150} INFO - [2025-04-09T21:21:53.375+0000] {dagbag.py:541} INFO - Filling up the DagBag from /workspaces/hands-on-introduction-data-engineering-4395021/airflow/dags/two_task_dag.py
[2025-04-09T21:21:53.383+0000] {processor.py:836} INFO - DAG(s) dict_keys(['two_task_dag']) retrieved from /workspaces/hands-on-introduction-data-engineering-4395021/airflow/dags/two_task_dag.py
[2025-04-09T21:21:53.401+0000] {logging_mixin.py:150} INFO - [2025-04-09T21:21:53.401+0000] {dag.py:2742} INFO - Sync 1 DAGs
[2025-04-09T21:21:53.414+0000] {logging_mixin.py:150} INFO - [2025-04-09T21:21:53.414+0000] {dag.py:3504} INFO - Setting next_dagrun for two_task_dag to None, run_after=None
[2025-04-09T21:21:53.427+0000] {processor.py:179} INFO - Processing /workspaces/hands-on-introduction-data-engineering-4395021/airflow/dags/two_task_dag.py took 0.056 seconds
[2025-04-09T21:22:23.773+0000] {processor.py:157} INFO - Started process (PID=45105) to work on /workspaces/hands-on-introduction-data-engineering-4395021/airflow/dags/two_task_dag.py
[2025-04-09T21:22:23.773+0000] {processor.py:826} INFO - Processing file /workspaces/hands-on-introduction-data-engineering-4395021/airflow/dags/two_task_dag.py for tasks to queue
[2025-04-09T21:22:23.774+0000] {logging_mixin.py:150} INFO - [2025-04-09T21:22:23.774+0000] {dagbag.py:541} INFO - Filling up the DagBag from /workspaces/hands-on-introduction-data-engineering-4395021/airflow/dags/two_task_dag.py
[2025-04-09T21:22:23.782+0000] {processor.py:836} INFO - DAG(s) dict_keys(['two_task_dag']) retrieved from /workspaces/hands-on-introduction-data-engineering-4395021/airflow/dags/two_task_dag.py
[2025-04-09T21:22:23.799+0000] {logging_mixin.py:150} INFO - [2025-04-09T21:22:23.799+0000] {dag.py:2742} INFO - Sync 1 DAGs
[2025-04-09T21:22:23.812+0000] {logging_mixin.py:150} INFO - [2025-04-09T21:22:23.812+0000] {dag.py:3504} INFO - Setting next_dagrun for two_task_dag to None, run_after=None
[2025-04-09T21:22:23.825+0000] {processor.py:179} INFO - Processing /workspaces/hands-on-introduction-data-engineering-4395021/airflow/dags/two_task_dag.py took 0.055 seconds
[2025-04-09T21:22:54.124+0000] {processor.py:157} INFO - Started process (PID=45284) to work on /workspaces/hands-on-introduction-data-engineering-4395021/airflow/dags/two_task_dag.py
[2025-04-09T21:22:54.124+0000] {processor.py:826} INFO - Processing file /workspaces/hands-on-introduction-data-engineering-4395021/airflow/dags/two_task_dag.py for tasks to queue
[2025-04-09T21:22:54.125+0000] {logging_mixin.py:150} INFO - [2025-04-09T21:22:54.125+0000] {dagbag.py:541} INFO - Filling up the DagBag from /workspaces/hands-on-introduction-data-engineering-4395021/airflow/dags/two_task_dag.py
[2025-04-09T21:22:54.132+0000] {processor.py:836} INFO - DAG(s) dict_keys(['two_task_dag']) retrieved from /workspaces/hands-on-introduction-data-engineering-4395021/airflow/dags/two_task_dag.py
[2025-04-09T21:22:54.150+0000] {logging_mixin.py:150} INFO - [2025-04-09T21:22:54.150+0000] {dag.py:2742} INFO - Sync 1 DAGs
[2025-04-09T21:22:54.163+0000] {logging_mixin.py:150} INFO - [2025-04-09T21:22:54.163+0000] {dag.py:3504} INFO - Setting next_dagrun for two_task_dag to None, run_after=None
[2025-04-09T21:22:54.176+0000] {processor.py:179} INFO - Processing /workspaces/hands-on-introduction-data-engineering-4395021/airflow/dags/two_task_dag.py took 0.055 seconds
[2025-04-09T21:23:24.486+0000] {processor.py:157} INFO - Started process (PID=45458) to work on /workspaces/hands-on-introduction-data-engineering-4395021/airflow/dags/two_task_dag.py
[2025-04-09T21:23:24.487+0000] {processor.py:826} INFO - Processing file /workspaces/hands-on-introduction-data-engineering-4395021/airflow/dags/two_task_dag.py for tasks to queue
[2025-04-09T21:23:24.488+0000] {logging_mixin.py:150} INFO - [2025-04-09T21:23:24.488+0000] {dagbag.py:541} INFO - Filling up the DagBag from /workspaces/hands-on-introduction-data-engineering-4395021/airflow/dags/two_task_dag.py
[2025-04-09T21:23:24.496+0000] {processor.py:836} INFO - DAG(s) dict_keys(['two_task_dag']) retrieved from /workspaces/hands-on-introduction-data-engineering-4395021/airflow/dags/two_task_dag.py
[2025-04-09T21:23:24.513+0000] {logging_mixin.py:150} INFO - [2025-04-09T21:23:24.513+0000] {dag.py:2742} INFO - Sync 1 DAGs
[2025-04-09T21:23:24.526+0000] {logging_mixin.py:150} INFO - [2025-04-09T21:23:24.526+0000] {dag.py:3504} INFO - Setting next_dagrun for two_task_dag to None, run_after=None
[2025-04-09T21:23:24.543+0000] {processor.py:179} INFO - Processing /workspaces/hands-on-introduction-data-engineering-4395021/airflow/dags/two_task_dag.py took 0.060 seconds
[2025-04-09T21:23:54.843+0000] {processor.py:157} INFO - Started process (PID=45639) to work on /workspaces/hands-on-introduction-data-engineering-4395021/airflow/dags/two_task_dag.py
[2025-04-09T21:23:54.844+0000] {processor.py:826} INFO - Processing file /workspaces/hands-on-introduction-data-engineering-4395021/airflow/dags/two_task_dag.py for tasks to queue
[2025-04-09T21:23:54.845+0000] {logging_mixin.py:150} INFO - [2025-04-09T21:23:54.844+0000] {dagbag.py:541} INFO - Filling up the DagBag from /workspaces/hands-on-introduction-data-engineering-4395021/airflow/dags/two_task_dag.py
[2025-04-09T21:23:54.852+0000] {processor.py:836} INFO - DAG(s) dict_keys(['two_task_dag']) retrieved from /workspaces/hands-on-introduction-data-engineering-4395021/airflow/dags/two_task_dag.py
[2025-04-09T21:23:54.872+0000] {logging_mixin.py:150} INFO - [2025-04-09T21:23:54.872+0000] {dag.py:2742} INFO - Sync 1 DAGs
[2025-04-09T21:23:54.886+0000] {logging_mixin.py:150} INFO - [2025-04-09T21:23:54.886+0000] {dag.py:3504} INFO - Setting next_dagrun for two_task_dag to None, run_after=None
[2025-04-09T21:23:54.900+0000] {processor.py:179} INFO - Processing /workspaces/hands-on-introduction-data-engineering-4395021/airflow/dags/two_task_dag.py took 0.059 seconds
[2025-04-09T21:24:25.237+0000] {processor.py:157} INFO - Started process (PID=45813) to work on /workspaces/hands-on-introduction-data-engineering-4395021/airflow/dags/two_task_dag.py
[2025-04-09T21:24:25.238+0000] {processor.py:826} INFO - Processing file /workspaces/hands-on-introduction-data-engineering-4395021/airflow/dags/two_task_dag.py for tasks to queue
[2025-04-09T21:24:25.239+0000] {logging_mixin.py:150} INFO - [2025-04-09T21:24:25.238+0000] {dagbag.py:541} INFO - Filling up the DagBag from /workspaces/hands-on-introduction-data-engineering-4395021/airflow/dags/two_task_dag.py
[2025-04-09T21:24:25.246+0000] {processor.py:836} INFO - DAG(s) dict_keys(['two_task_dag']) retrieved from /workspaces/hands-on-introduction-data-engineering-4395021/airflow/dags/two_task_dag.py
[2025-04-09T21:24:25.264+0000] {logging_mixin.py:150} INFO - [2025-04-09T21:24:25.264+0000] {dag.py:2742} INFO - Sync 1 DAGs
[2025-04-09T21:24:25.278+0000] {logging_mixin.py:150} INFO - [2025-04-09T21:24:25.278+0000] {dag.py:3504} INFO - Setting next_dagrun for two_task_dag to None, run_after=None
[2025-04-09T21:24:25.290+0000] {processor.py:179} INFO - Processing /workspaces/hands-on-introduction-data-engineering-4395021/airflow/dags/two_task_dag.py took 0.056 seconds
[2025-04-09T21:24:55.631+0000] {processor.py:157} INFO - Started process (PID=45993) to work on /workspaces/hands-on-introduction-data-engineering-4395021/airflow/dags/two_task_dag.py
[2025-04-09T21:24:55.632+0000] {processor.py:826} INFO - Processing file /workspaces/hands-on-introduction-data-engineering-4395021/airflow/dags/two_task_dag.py for tasks to queue
[2025-04-09T21:24:55.633+0000] {logging_mixin.py:150} INFO - [2025-04-09T21:24:55.632+0000] {dagbag.py:541} INFO - Filling up the DagBag from /workspaces/hands-on-introduction-data-engineering-4395021/airflow/dags/two_task_dag.py
[2025-04-09T21:24:55.640+0000] {processor.py:836} INFO - DAG(s) dict_keys(['two_task_dag']) retrieved from /workspaces/hands-on-introduction-data-engineering-4395021/airflow/dags/two_task_dag.py
[2025-04-09T21:24:55.657+0000] {logging_mixin.py:150} INFO - [2025-04-09T21:24:55.657+0000] {dag.py:2742} INFO - Sync 1 DAGs
[2025-04-09T21:24:55.672+0000] {logging_mixin.py:150} INFO - [2025-04-09T21:24:55.672+0000] {dag.py:3504} INFO - Setting next_dagrun for two_task_dag to None, run_after=None
[2025-04-09T21:24:55.691+0000] {processor.py:179} INFO - Processing /workspaces/hands-on-introduction-data-engineering-4395021/airflow/dags/two_task_dag.py took 0.063 seconds
[2025-04-09T21:25:26.021+0000] {processor.py:157} INFO - Started process (PID=46174) to work on /workspaces/hands-on-introduction-data-engineering-4395021/airflow/dags/two_task_dag.py
[2025-04-09T21:25:26.022+0000] {processor.py:826} INFO - Processing file /workspaces/hands-on-introduction-data-engineering-4395021/airflow/dags/two_task_dag.py for tasks to queue
[2025-04-09T21:25:26.023+0000] {logging_mixin.py:150} INFO - [2025-04-09T21:25:26.022+0000] {dagbag.py:541} INFO - Filling up the DagBag from /workspaces/hands-on-introduction-data-engineering-4395021/airflow/dags/two_task_dag.py
[2025-04-09T21:25:26.030+0000] {processor.py:836} INFO - DAG(s) dict_keys(['two_task_dag']) retrieved from /workspaces/hands-on-introduction-data-engineering-4395021/airflow/dags/two_task_dag.py
[2025-04-09T21:25:26.048+0000] {logging_mixin.py:150} INFO - [2025-04-09T21:25:26.048+0000] {dag.py:2742} INFO - Sync 1 DAGs
[2025-04-09T21:25:26.061+0000] {logging_mixin.py:150} INFO - [2025-04-09T21:25:26.061+0000] {dag.py:3504} INFO - Setting next_dagrun for two_task_dag to None, run_after=None
[2025-04-09T21:25:26.074+0000] {processor.py:179} INFO - Processing /workspaces/hands-on-introduction-data-engineering-4395021/airflow/dags/two_task_dag.py took 0.056 seconds
[2025-04-09T21:25:56.309+0000] {processor.py:157} INFO - Started process (PID=46345) to work on /workspaces/hands-on-introduction-data-engineering-4395021/airflow/dags/two_task_dag.py
[2025-04-09T21:25:56.310+0000] {processor.py:826} INFO - Processing file /workspaces/hands-on-introduction-data-engineering-4395021/airflow/dags/two_task_dag.py for tasks to queue
[2025-04-09T21:25:56.312+0000] {logging_mixin.py:150} INFO - [2025-04-09T21:25:56.312+0000] {dagbag.py:541} INFO - Filling up the DagBag from /workspaces/hands-on-introduction-data-engineering-4395021/airflow/dags/two_task_dag.py
[2025-04-09T21:25:56.322+0000] {processor.py:836} INFO - DAG(s) dict_keys(['two_task_dag']) retrieved from /workspaces/hands-on-introduction-data-engineering-4395021/airflow/dags/two_task_dag.py
[2025-04-09T21:25:56.339+0000] {logging_mixin.py:150} INFO - [2025-04-09T21:25:56.339+0000] {dag.py:2742} INFO - Sync 1 DAGs
[2025-04-09T21:25:56.352+0000] {logging_mixin.py:150} INFO - [2025-04-09T21:25:56.352+0000] {dag.py:3504} INFO - Setting next_dagrun for two_task_dag to None, run_after=None
[2025-04-09T21:25:56.365+0000] {processor.py:179} INFO - Processing /workspaces/hands-on-introduction-data-engineering-4395021/airflow/dags/two_task_dag.py took 0.059 seconds
[2025-04-09T21:26:26.680+0000] {processor.py:157} INFO - Started process (PID=46522) to work on /workspaces/hands-on-introduction-data-engineering-4395021/airflow/dags/two_task_dag.py
[2025-04-09T21:26:26.681+0000] {processor.py:826} INFO - Processing file /workspaces/hands-on-introduction-data-engineering-4395021/airflow/dags/two_task_dag.py for tasks to queue
[2025-04-09T21:26:26.682+0000] {logging_mixin.py:150} INFO - [2025-04-09T21:26:26.682+0000] {dagbag.py:541} INFO - Filling up the DagBag from /workspaces/hands-on-introduction-data-engineering-4395021/airflow/dags/two_task_dag.py
[2025-04-09T21:26:26.690+0000] {processor.py:836} INFO - DAG(s) dict_keys(['two_task_dag']) retrieved from /workspaces/hands-on-introduction-data-engineering-4395021/airflow/dags/two_task_dag.py
[2025-04-09T21:26:26.707+0000] {logging_mixin.py:150} INFO - [2025-04-09T21:26:26.707+0000] {dag.py:2742} INFO - Sync 1 DAGs
[2025-04-09T21:26:26.720+0000] {logging_mixin.py:150} INFO - [2025-04-09T21:26:26.720+0000] {dag.py:3504} INFO - Setting next_dagrun for two_task_dag to None, run_after=None
[2025-04-09T21:26:26.733+0000] {processor.py:179} INFO - Processing /workspaces/hands-on-introduction-data-engineering-4395021/airflow/dags/two_task_dag.py took 0.056 seconds
[2025-04-09T21:26:57.077+0000] {processor.py:157} INFO - Started process (PID=46703) to work on /workspaces/hands-on-introduction-data-engineering-4395021/airflow/dags/two_task_dag.py
[2025-04-09T21:26:57.077+0000] {processor.py:826} INFO - Processing file /workspaces/hands-on-introduction-data-engineering-4395021/airflow/dags/two_task_dag.py for tasks to queue
[2025-04-09T21:26:57.078+0000] {logging_mixin.py:150} INFO - [2025-04-09T21:26:57.078+0000] {dagbag.py:541} INFO - Filling up the DagBag from /workspaces/hands-on-introduction-data-engineering-4395021/airflow/dags/two_task_dag.py
[2025-04-09T21:26:57.086+0000] {processor.py:836} INFO - DAG(s) dict_keys(['two_task_dag']) retrieved from /workspaces/hands-on-introduction-data-engineering-4395021/airflow/dags/two_task_dag.py
[2025-04-09T21:26:57.104+0000] {logging_mixin.py:150} INFO - [2025-04-09T21:26:57.103+0000] {dag.py:2742} INFO - Sync 1 DAGs
[2025-04-09T21:26:57.119+0000] {logging_mixin.py:150} INFO - [2025-04-09T21:26:57.118+0000] {dag.py:3504} INFO - Setting next_dagrun for two_task_dag to None, run_after=None
[2025-04-09T21:26:57.133+0000] {processor.py:179} INFO - Processing /workspaces/hands-on-introduction-data-engineering-4395021/airflow/dags/two_task_dag.py took 0.059 seconds
[2025-04-09T21:27:27.468+0000] {processor.py:157} INFO - Started process (PID=46876) to work on /workspaces/hands-on-introduction-data-engineering-4395021/airflow/dags/two_task_dag.py
[2025-04-09T21:27:27.469+0000] {processor.py:826} INFO - Processing file /workspaces/hands-on-introduction-data-engineering-4395021/airflow/dags/two_task_dag.py for tasks to queue
[2025-04-09T21:27:27.470+0000] {logging_mixin.py:150} INFO - [2025-04-09T21:27:27.470+0000] {dagbag.py:541} INFO - Filling up the DagBag from /workspaces/hands-on-introduction-data-engineering-4395021/airflow/dags/two_task_dag.py
[2025-04-09T21:27:27.478+0000] {processor.py:836} INFO - DAG(s) dict_keys(['two_task_dag']) retrieved from /workspaces/hands-on-introduction-data-engineering-4395021/airflow/dags/two_task_dag.py
[2025-04-09T21:27:27.495+0000] {logging_mixin.py:150} INFO - [2025-04-09T21:27:27.495+0000] {dag.py:2742} INFO - Sync 1 DAGs
[2025-04-09T21:27:27.509+0000] {logging_mixin.py:150} INFO - [2025-04-09T21:27:27.509+0000] {dag.py:3504} INFO - Setting next_dagrun for two_task_dag to None, run_after=None
[2025-04-09T21:27:27.522+0000] {processor.py:179} INFO - Processing /workspaces/hands-on-introduction-data-engineering-4395021/airflow/dags/two_task_dag.py took 0.056 seconds
[2025-04-09T21:27:57.831+0000] {processor.py:157} INFO - Started process (PID=47056) to work on /workspaces/hands-on-introduction-data-engineering-4395021/airflow/dags/two_task_dag.py
[2025-04-09T21:27:57.832+0000] {processor.py:826} INFO - Processing file /workspaces/hands-on-introduction-data-engineering-4395021/airflow/dags/two_task_dag.py for tasks to queue
[2025-04-09T21:27:57.833+0000] {logging_mixin.py:150} INFO - [2025-04-09T21:27:57.833+0000] {dagbag.py:541} INFO - Filling up the DagBag from /workspaces/hands-on-introduction-data-engineering-4395021/airflow/dags/two_task_dag.py
[2025-04-09T21:27:57.841+0000] {processor.py:836} INFO - DAG(s) dict_keys(['two_task_dag']) retrieved from /workspaces/hands-on-introduction-data-engineering-4395021/airflow/dags/two_task_dag.py
[2025-04-09T21:27:57.859+0000] {logging_mixin.py:150} INFO - [2025-04-09T21:27:57.859+0000] {dag.py:2742} INFO - Sync 1 DAGs
[2025-04-09T21:27:57.873+0000] {logging_mixin.py:150} INFO - [2025-04-09T21:27:57.873+0000] {dag.py:3504} INFO - Setting next_dagrun for two_task_dag to None, run_after=None
[2025-04-09T21:27:57.885+0000] {processor.py:179} INFO - Processing /workspaces/hands-on-introduction-data-engineering-4395021/airflow/dags/two_task_dag.py took 0.057 seconds
[2025-04-09T21:28:28.209+0000] {processor.py:157} INFO - Started process (PID=47231) to work on /workspaces/hands-on-introduction-data-engineering-4395021/airflow/dags/two_task_dag.py
[2025-04-09T21:28:28.210+0000] {processor.py:826} INFO - Processing file /workspaces/hands-on-introduction-data-engineering-4395021/airflow/dags/two_task_dag.py for tasks to queue
[2025-04-09T21:28:28.211+0000] {logging_mixin.py:150} INFO - [2025-04-09T21:28:28.211+0000] {dagbag.py:541} INFO - Filling up the DagBag from /workspaces/hands-on-introduction-data-engineering-4395021/airflow/dags/two_task_dag.py
[2025-04-09T21:28:28.220+0000] {processor.py:836} INFO - DAG(s) dict_keys(['two_task_dag']) retrieved from /workspaces/hands-on-introduction-data-engineering-4395021/airflow/dags/two_task_dag.py
[2025-04-09T21:28:28.244+0000] {logging_mixin.py:150} INFO - [2025-04-09T21:28:28.244+0000] {dag.py:2742} INFO - Sync 1 DAGs
[2025-04-09T21:28:28.264+0000] {logging_mixin.py:150} INFO - [2025-04-09T21:28:28.264+0000] {dag.py:3504} INFO - Setting next_dagrun for two_task_dag to None, run_after=None
[2025-04-09T21:28:28.281+0000] {processor.py:179} INFO - Processing /workspaces/hands-on-introduction-data-engineering-4395021/airflow/dags/two_task_dag.py took 0.075 seconds
[2025-04-09T21:28:58.590+0000] {processor.py:157} INFO - Started process (PID=47411) to work on /workspaces/hands-on-introduction-data-engineering-4395021/airflow/dags/two_task_dag.py
[2025-04-09T21:28:58.591+0000] {processor.py:826} INFO - Processing file /workspaces/hands-on-introduction-data-engineering-4395021/airflow/dags/two_task_dag.py for tasks to queue
[2025-04-09T21:28:58.592+0000] {logging_mixin.py:150} INFO - [2025-04-09T21:28:58.591+0000] {dagbag.py:541} INFO - Filling up the DagBag from /workspaces/hands-on-introduction-data-engineering-4395021/airflow/dags/two_task_dag.py
[2025-04-09T21:28:58.602+0000] {processor.py:836} INFO - DAG(s) dict_keys(['two_task_dag']) retrieved from /workspaces/hands-on-introduction-data-engineering-4395021/airflow/dags/two_task_dag.py
[2025-04-09T21:28:58.628+0000] {logging_mixin.py:150} INFO - [2025-04-09T21:28:58.627+0000] {dag.py:2742} INFO - Sync 1 DAGs
[2025-04-09T21:28:58.649+0000] {logging_mixin.py:150} INFO - [2025-04-09T21:28:58.648+0000] {dag.py:3504} INFO - Setting next_dagrun for two_task_dag to None, run_after=None
[2025-04-09T21:28:58.665+0000] {processor.py:179} INFO - Processing /workspaces/hands-on-introduction-data-engineering-4395021/airflow/dags/two_task_dag.py took 0.079 seconds
[2025-04-09T21:29:28.948+0000] {processor.py:157} INFO - Started process (PID=47591) to work on /workspaces/hands-on-introduction-data-engineering-4395021/airflow/dags/two_task_dag.py
[2025-04-09T21:29:28.949+0000] {processor.py:826} INFO - Processing file /workspaces/hands-on-introduction-data-engineering-4395021/airflow/dags/two_task_dag.py for tasks to queue
[2025-04-09T21:29:28.952+0000] {logging_mixin.py:150} INFO - [2025-04-09T21:29:28.952+0000] {dagbag.py:541} INFO - Filling up the DagBag from /workspaces/hands-on-introduction-data-engineering-4395021/airflow/dags/two_task_dag.py
[2025-04-09T21:29:28.963+0000] {processor.py:836} INFO - DAG(s) dict_keys(['two_task_dag']) retrieved from /workspaces/hands-on-introduction-data-engineering-4395021/airflow/dags/two_task_dag.py
[2025-04-09T21:29:28.989+0000] {logging_mixin.py:150} INFO - [2025-04-09T21:29:28.989+0000] {dag.py:2742} INFO - Sync 1 DAGs
[2025-04-09T21:29:29.004+0000] {logging_mixin.py:150} INFO - [2025-04-09T21:29:29.004+0000] {dag.py:3504} INFO - Setting next_dagrun for two_task_dag to None, run_after=None
[2025-04-09T21:29:29.017+0000] {processor.py:179} INFO - Processing /workspaces/hands-on-introduction-data-engineering-4395021/airflow/dags/two_task_dag.py took 0.072 seconds
[2025-04-09T21:29:59.289+0000] {processor.py:157} INFO - Started process (PID=47765) to work on /workspaces/hands-on-introduction-data-engineering-4395021/airflow/dags/two_task_dag.py
[2025-04-09T21:29:59.290+0000] {processor.py:826} INFO - Processing file /workspaces/hands-on-introduction-data-engineering-4395021/airflow/dags/two_task_dag.py for tasks to queue
[2025-04-09T21:29:59.291+0000] {logging_mixin.py:150} INFO - [2025-04-09T21:29:59.291+0000] {dagbag.py:541} INFO - Filling up the DagBag from /workspaces/hands-on-introduction-data-engineering-4395021/airflow/dags/two_task_dag.py
[2025-04-09T21:29:59.302+0000] {processor.py:836} INFO - DAG(s) dict_keys(['two_task_dag']) retrieved from /workspaces/hands-on-introduction-data-engineering-4395021/airflow/dags/two_task_dag.py
[2025-04-09T21:29:59.321+0000] {logging_mixin.py:150} INFO - [2025-04-09T21:29:59.321+0000] {dag.py:2742} INFO - Sync 1 DAGs
[2025-04-09T21:29:59.334+0000] {logging_mixin.py:150} INFO - [2025-04-09T21:29:59.334+0000] {dag.py:3504} INFO - Setting next_dagrun for two_task_dag to None, run_after=None
[2025-04-09T21:29:59.347+0000] {processor.py:179} INFO - Processing /workspaces/hands-on-introduction-data-engineering-4395021/airflow/dags/two_task_dag.py took 0.061 seconds
[2025-04-09T21:30:29.645+0000] {processor.py:157} INFO - Started process (PID=47945) to work on /workspaces/hands-on-introduction-data-engineering-4395021/airflow/dags/two_task_dag.py
[2025-04-09T21:30:29.646+0000] {processor.py:826} INFO - Processing file /workspaces/hands-on-introduction-data-engineering-4395021/airflow/dags/two_task_dag.py for tasks to queue
[2025-04-09T21:30:29.647+0000] {logging_mixin.py:150} INFO - [2025-04-09T21:30:29.646+0000] {dagbag.py:541} INFO - Filling up the DagBag from /workspaces/hands-on-introduction-data-engineering-4395021/airflow/dags/two_task_dag.py
[2025-04-09T21:30:29.655+0000] {processor.py:836} INFO - DAG(s) dict_keys(['two_task_dag']) retrieved from /workspaces/hands-on-introduction-data-engineering-4395021/airflow/dags/two_task_dag.py
[2025-04-09T21:30:29.672+0000] {logging_mixin.py:150} INFO - [2025-04-09T21:30:29.672+0000] {dag.py:2742} INFO - Sync 1 DAGs
[2025-04-09T21:30:29.686+0000] {logging_mixin.py:150} INFO - [2025-04-09T21:30:29.686+0000] {dag.py:3504} INFO - Setting next_dagrun for two_task_dag to None, run_after=None
[2025-04-09T21:30:29.698+0000] {processor.py:179} INFO - Processing /workspaces/hands-on-introduction-data-engineering-4395021/airflow/dags/two_task_dag.py took 0.056 seconds
[2025-04-09T21:31:00.011+0000] {processor.py:157} INFO - Started process (PID=48123) to work on /workspaces/hands-on-introduction-data-engineering-4395021/airflow/dags/two_task_dag.py
[2025-04-09T21:31:00.012+0000] {processor.py:826} INFO - Processing file /workspaces/hands-on-introduction-data-engineering-4395021/airflow/dags/two_task_dag.py for tasks to queue
[2025-04-09T21:31:00.013+0000] {logging_mixin.py:150} INFO - [2025-04-09T21:31:00.013+0000] {dagbag.py:541} INFO - Filling up the DagBag from /workspaces/hands-on-introduction-data-engineering-4395021/airflow/dags/two_task_dag.py
[2025-04-09T21:31:00.022+0000] {processor.py:836} INFO - DAG(s) dict_keys(['two_task_dag']) retrieved from /workspaces/hands-on-introduction-data-engineering-4395021/airflow/dags/two_task_dag.py
[2025-04-09T21:31:00.042+0000] {logging_mixin.py:150} INFO - [2025-04-09T21:31:00.042+0000] {dag.py:2742} INFO - Sync 1 DAGs
[2025-04-09T21:31:00.058+0000] {logging_mixin.py:150} INFO - [2025-04-09T21:31:00.058+0000] {dag.py:3504} INFO - Setting next_dagrun for two_task_dag to None, run_after=None
[2025-04-09T21:31:00.072+0000] {processor.py:179} INFO - Processing /workspaces/hands-on-introduction-data-engineering-4395021/airflow/dags/two_task_dag.py took 0.064 seconds
[2025-04-09T21:31:30.404+0000] {processor.py:157} INFO - Started process (PID=48411) to work on /workspaces/hands-on-introduction-data-engineering-4395021/airflow/dags/two_task_dag.py
[2025-04-09T21:31:30.405+0000] {processor.py:826} INFO - Processing file /workspaces/hands-on-introduction-data-engineering-4395021/airflow/dags/two_task_dag.py for tasks to queue
[2025-04-09T21:31:30.406+0000] {logging_mixin.py:150} INFO - [2025-04-09T21:31:30.406+0000] {dagbag.py:541} INFO - Filling up the DagBag from /workspaces/hands-on-introduction-data-engineering-4395021/airflow/dags/two_task_dag.py
[2025-04-09T21:31:30.414+0000] {processor.py:836} INFO - DAG(s) dict_keys(['two_task_dag']) retrieved from /workspaces/hands-on-introduction-data-engineering-4395021/airflow/dags/two_task_dag.py
[2025-04-09T21:31:30.434+0000] {logging_mixin.py:150} INFO - [2025-04-09T21:31:30.433+0000] {dag.py:2742} INFO - Sync 1 DAGs
[2025-04-09T21:31:30.449+0000] {logging_mixin.py:150} INFO - [2025-04-09T21:31:30.449+0000] {dag.py:3504} INFO - Setting next_dagrun for two_task_dag to None, run_after=None
[2025-04-09T21:31:30.467+0000] {processor.py:179} INFO - Processing /workspaces/hands-on-introduction-data-engineering-4395021/airflow/dags/two_task_dag.py took 0.065 seconds
[2025-04-09T21:32:00.811+0000] {processor.py:157} INFO - Started process (PID=48606) to work on /workspaces/hands-on-introduction-data-engineering-4395021/airflow/dags/two_task_dag.py
[2025-04-09T21:32:00.812+0000] {processor.py:826} INFO - Processing file /workspaces/hands-on-introduction-data-engineering-4395021/airflow/dags/two_task_dag.py for tasks to queue
[2025-04-09T21:32:00.813+0000] {logging_mixin.py:150} INFO - [2025-04-09T21:32:00.812+0000] {dagbag.py:541} INFO - Filling up the DagBag from /workspaces/hands-on-introduction-data-engineering-4395021/airflow/dags/two_task_dag.py
[2025-04-09T21:32:00.820+0000] {processor.py:836} INFO - DAG(s) dict_keys(['two_task_dag']) retrieved from /workspaces/hands-on-introduction-data-engineering-4395021/airflow/dags/two_task_dag.py
[2025-04-09T21:32:00.839+0000] {logging_mixin.py:150} INFO - [2025-04-09T21:32:00.839+0000] {dag.py:2742} INFO - Sync 1 DAGs
[2025-04-09T21:32:00.854+0000] {logging_mixin.py:150} INFO - [2025-04-09T21:32:00.853+0000] {dag.py:3504} INFO - Setting next_dagrun for two_task_dag to None, run_after=None
[2025-04-09T21:32:00.867+0000] {processor.py:179} INFO - Processing /workspaces/hands-on-introduction-data-engineering-4395021/airflow/dags/two_task_dag.py took 0.060 seconds
[2025-04-09T21:32:31.289+0000] {processor.py:157} INFO - Started process (PID=48798) to work on /workspaces/hands-on-introduction-data-engineering-4395021/airflow/dags/two_task_dag.py
[2025-04-09T21:32:31.290+0000] {processor.py:826} INFO - Processing file /workspaces/hands-on-introduction-data-engineering-4395021/airflow/dags/two_task_dag.py for tasks to queue
[2025-04-09T21:32:31.291+0000] {logging_mixin.py:150} INFO - [2025-04-09T21:32:31.290+0000] {dagbag.py:541} INFO - Filling up the DagBag from /workspaces/hands-on-introduction-data-engineering-4395021/airflow/dags/two_task_dag.py
[2025-04-09T21:32:31.298+0000] {processor.py:836} INFO - DAG(s) dict_keys(['two_task_dag']) retrieved from /workspaces/hands-on-introduction-data-engineering-4395021/airflow/dags/two_task_dag.py
[2025-04-09T21:32:31.316+0000] {logging_mixin.py:150} INFO - [2025-04-09T21:32:31.316+0000] {dag.py:2742} INFO - Sync 1 DAGs
[2025-04-09T21:32:31.331+0000] {logging_mixin.py:150} INFO - [2025-04-09T21:32:31.331+0000] {dag.py:3504} INFO - Setting next_dagrun for two_task_dag to None, run_after=None
[2025-04-09T21:32:31.344+0000] {processor.py:179} INFO - Processing /workspaces/hands-on-introduction-data-engineering-4395021/airflow/dags/two_task_dag.py took 0.058 seconds
[2025-04-09T21:33:01.679+0000] {processor.py:157} INFO - Started process (PID=48987) to work on /workspaces/hands-on-introduction-data-engineering-4395021/airflow/dags/two_task_dag.py
[2025-04-09T21:33:01.680+0000] {processor.py:826} INFO - Processing file /workspaces/hands-on-introduction-data-engineering-4395021/airflow/dags/two_task_dag.py for tasks to queue
[2025-04-09T21:33:01.681+0000] {logging_mixin.py:150} INFO - [2025-04-09T21:33:01.680+0000] {dagbag.py:541} INFO - Filling up the DagBag from /workspaces/hands-on-introduction-data-engineering-4395021/airflow/dags/two_task_dag.py
[2025-04-09T21:33:01.689+0000] {processor.py:836} INFO - DAG(s) dict_keys(['two_task_dag']) retrieved from /workspaces/hands-on-introduction-data-engineering-4395021/airflow/dags/two_task_dag.py
[2025-04-09T21:33:01.709+0000] {logging_mixin.py:150} INFO - [2025-04-09T21:33:01.709+0000] {dag.py:2742} INFO - Sync 1 DAGs
[2025-04-09T21:33:01.723+0000] {logging_mixin.py:150} INFO - [2025-04-09T21:33:01.723+0000] {dag.py:3504} INFO - Setting next_dagrun for two_task_dag to None, run_after=None
[2025-04-09T21:33:01.736+0000] {processor.py:179} INFO - Processing /workspaces/hands-on-introduction-data-engineering-4395021/airflow/dags/two_task_dag.py took 0.060 seconds
[2025-04-09T21:33:32.121+0000] {processor.py:157} INFO - Started process (PID=49193) to work on /workspaces/hands-on-introduction-data-engineering-4395021/airflow/dags/two_task_dag.py
[2025-04-09T21:33:32.122+0000] {processor.py:826} INFO - Processing file /workspaces/hands-on-introduction-data-engineering-4395021/airflow/dags/two_task_dag.py for tasks to queue
[2025-04-09T21:33:32.123+0000] {logging_mixin.py:150} INFO - [2025-04-09T21:33:32.123+0000] {dagbag.py:541} INFO - Filling up the DagBag from /workspaces/hands-on-introduction-data-engineering-4395021/airflow/dags/two_task_dag.py
[2025-04-09T21:33:32.132+0000] {processor.py:836} INFO - DAG(s) dict_keys(['two_task_dag']) retrieved from /workspaces/hands-on-introduction-data-engineering-4395021/airflow/dags/two_task_dag.py
[2025-04-09T21:33:32.150+0000] {logging_mixin.py:150} INFO - [2025-04-09T21:33:32.150+0000] {dag.py:2742} INFO - Sync 1 DAGs
[2025-04-09T21:33:32.163+0000] {logging_mixin.py:150} INFO - [2025-04-09T21:33:32.163+0000] {dag.py:3504} INFO - Setting next_dagrun for two_task_dag to None, run_after=None
[2025-04-09T21:33:32.176+0000] {processor.py:179} INFO - Processing /workspaces/hands-on-introduction-data-engineering-4395021/airflow/dags/two_task_dag.py took 0.058 seconds
[2025-04-09T21:34:02.487+0000] {processor.py:157} INFO - Started process (PID=49366) to work on /workspaces/hands-on-introduction-data-engineering-4395021/airflow/dags/two_task_dag.py
[2025-04-09T21:34:02.488+0000] {processor.py:826} INFO - Processing file /workspaces/hands-on-introduction-data-engineering-4395021/airflow/dags/two_task_dag.py for tasks to queue
[2025-04-09T21:34:02.489+0000] {logging_mixin.py:150} INFO - [2025-04-09T21:34:02.489+0000] {dagbag.py:541} INFO - Filling up the DagBag from /workspaces/hands-on-introduction-data-engineering-4395021/airflow/dags/two_task_dag.py
[2025-04-09T21:34:02.497+0000] {processor.py:836} INFO - DAG(s) dict_keys(['two_task_dag']) retrieved from /workspaces/hands-on-introduction-data-engineering-4395021/airflow/dags/two_task_dag.py
[2025-04-09T21:34:02.515+0000] {logging_mixin.py:150} INFO - [2025-04-09T21:34:02.515+0000] {dag.py:2742} INFO - Sync 1 DAGs
[2025-04-09T21:34:02.528+0000] {logging_mixin.py:150} INFO - [2025-04-09T21:34:02.528+0000] {dag.py:3504} INFO - Setting next_dagrun for two_task_dag to None, run_after=None
[2025-04-09T21:34:02.541+0000] {processor.py:179} INFO - Processing /workspaces/hands-on-introduction-data-engineering-4395021/airflow/dags/two_task_dag.py took 0.057 seconds
[2025-04-09T21:34:32.845+0000] {processor.py:157} INFO - Started process (PID=49540) to work on /workspaces/hands-on-introduction-data-engineering-4395021/airflow/dags/two_task_dag.py
[2025-04-09T21:34:32.846+0000] {processor.py:826} INFO - Processing file /workspaces/hands-on-introduction-data-engineering-4395021/airflow/dags/two_task_dag.py for tasks to queue
[2025-04-09T21:34:32.847+0000] {logging_mixin.py:150} INFO - [2025-04-09T21:34:32.847+0000] {dagbag.py:541} INFO - Filling up the DagBag from /workspaces/hands-on-introduction-data-engineering-4395021/airflow/dags/two_task_dag.py
[2025-04-09T21:34:32.855+0000] {processor.py:836} INFO - DAG(s) dict_keys(['two_task_dag']) retrieved from /workspaces/hands-on-introduction-data-engineering-4395021/airflow/dags/two_task_dag.py
[2025-04-09T21:34:32.875+0000] {logging_mixin.py:150} INFO - [2025-04-09T21:34:32.875+0000] {dag.py:2742} INFO - Sync 1 DAGs
[2025-04-09T21:34:32.889+0000] {logging_mixin.py:150} INFO - [2025-04-09T21:34:32.889+0000] {dag.py:3504} INFO - Setting next_dagrun for two_task_dag to None, run_after=None
[2025-04-09T21:34:32.906+0000] {processor.py:179} INFO - Processing /workspaces/hands-on-introduction-data-engineering-4395021/airflow/dags/two_task_dag.py took 0.064 seconds
[2025-04-09T21:35:03.224+0000] {processor.py:157} INFO - Started process (PID=49719) to work on /workspaces/hands-on-introduction-data-engineering-4395021/airflow/dags/two_task_dag.py
[2025-04-09T21:35:03.226+0000] {processor.py:826} INFO - Processing file /workspaces/hands-on-introduction-data-engineering-4395021/airflow/dags/two_task_dag.py for tasks to queue
[2025-04-09T21:35:03.229+0000] {logging_mixin.py:150} INFO - [2025-04-09T21:35:03.228+0000] {dagbag.py:541} INFO - Filling up the DagBag from /workspaces/hands-on-introduction-data-engineering-4395021/airflow/dags/two_task_dag.py
[2025-04-09T21:35:03.238+0000] {processor.py:836} INFO - DAG(s) dict_keys(['two_task_dag']) retrieved from /workspaces/hands-on-introduction-data-engineering-4395021/airflow/dags/two_task_dag.py
[2025-04-09T21:35:03.256+0000] {logging_mixin.py:150} INFO - [2025-04-09T21:35:03.256+0000] {dag.py:2742} INFO - Sync 1 DAGs
[2025-04-09T21:35:03.269+0000] {logging_mixin.py:150} INFO - [2025-04-09T21:35:03.269+0000] {dag.py:3504} INFO - Setting next_dagrun for two_task_dag to None, run_after=None
[2025-04-09T21:35:03.282+0000] {processor.py:179} INFO - Processing /workspaces/hands-on-introduction-data-engineering-4395021/airflow/dags/two_task_dag.py took 0.061 seconds
[2025-04-09T21:35:33.565+0000] {processor.py:157} INFO - Started process (PID=49905) to work on /workspaces/hands-on-introduction-data-engineering-4395021/airflow/dags/two_task_dag.py
[2025-04-09T21:35:33.566+0000] {processor.py:826} INFO - Processing file /workspaces/hands-on-introduction-data-engineering-4395021/airflow/dags/two_task_dag.py for tasks to queue
[2025-04-09T21:35:33.567+0000] {logging_mixin.py:150} INFO - [2025-04-09T21:35:33.566+0000] {dagbag.py:541} INFO - Filling up the DagBag from /workspaces/hands-on-introduction-data-engineering-4395021/airflow/dags/two_task_dag.py
[2025-04-09T21:35:33.574+0000] {processor.py:836} INFO - DAG(s) dict_keys(['two_task_dag']) retrieved from /workspaces/hands-on-introduction-data-engineering-4395021/airflow/dags/two_task_dag.py
[2025-04-09T21:35:33.592+0000] {logging_mixin.py:150} INFO - [2025-04-09T21:35:33.592+0000] {dag.py:2742} INFO - Sync 1 DAGs
[2025-04-09T21:35:33.606+0000] {logging_mixin.py:150} INFO - [2025-04-09T21:35:33.606+0000] {dag.py:3504} INFO - Setting next_dagrun for two_task_dag to None, run_after=None
[2025-04-09T21:35:33.619+0000] {processor.py:179} INFO - Processing /workspaces/hands-on-introduction-data-engineering-4395021/airflow/dags/two_task_dag.py took 0.057 seconds
[2025-04-09T21:36:03.893+0000] {processor.py:157} INFO - Started process (PID=50140) to work on /workspaces/hands-on-introduction-data-engineering-4395021/airflow/dags/two_task_dag.py
[2025-04-09T21:36:03.894+0000] {processor.py:826} INFO - Processing file /workspaces/hands-on-introduction-data-engineering-4395021/airflow/dags/two_task_dag.py for tasks to queue
[2025-04-09T21:36:03.895+0000] {logging_mixin.py:150} INFO - [2025-04-09T21:36:03.894+0000] {dagbag.py:541} INFO - Filling up the DagBag from /workspaces/hands-on-introduction-data-engineering-4395021/airflow/dags/two_task_dag.py
[2025-04-09T21:36:03.902+0000] {processor.py:836} INFO - DAG(s) dict_keys(['two_task_dag']) retrieved from /workspaces/hands-on-introduction-data-engineering-4395021/airflow/dags/two_task_dag.py
[2025-04-09T21:36:03.920+0000] {logging_mixin.py:150} INFO - [2025-04-09T21:36:03.920+0000] {dag.py:2742} INFO - Sync 1 DAGs
[2025-04-09T21:36:03.934+0000] {logging_mixin.py:150} INFO - [2025-04-09T21:36:03.934+0000] {dag.py:3504} INFO - Setting next_dagrun for two_task_dag to None, run_after=None
[2025-04-09T21:36:03.948+0000] {processor.py:179} INFO - Processing /workspaces/hands-on-introduction-data-engineering-4395021/airflow/dags/two_task_dag.py took 0.058 seconds
[2025-04-09T21:36:34.492+0000] {processor.py:157} INFO - Started process (PID=50453) to work on /workspaces/hands-on-introduction-data-engineering-4395021/airflow/dags/two_task_dag.py
[2025-04-09T21:36:34.492+0000] {processor.py:826} INFO - Processing file /workspaces/hands-on-introduction-data-engineering-4395021/airflow/dags/two_task_dag.py for tasks to queue
[2025-04-09T21:36:34.493+0000] {logging_mixin.py:150} INFO - [2025-04-09T21:36:34.493+0000] {dagbag.py:541} INFO - Filling up the DagBag from /workspaces/hands-on-introduction-data-engineering-4395021/airflow/dags/two_task_dag.py
[2025-04-09T21:36:34.501+0000] {processor.py:836} INFO - DAG(s) dict_keys(['two_task_dag']) retrieved from /workspaces/hands-on-introduction-data-engineering-4395021/airflow/dags/two_task_dag.py
[2025-04-09T21:36:34.519+0000] {logging_mixin.py:150} INFO - [2025-04-09T21:36:34.519+0000] {dag.py:2742} INFO - Sync 1 DAGs
[2025-04-09T21:36:34.532+0000] {logging_mixin.py:150} INFO - [2025-04-09T21:36:34.532+0000] {dag.py:3504} INFO - Setting next_dagrun for two_task_dag to None, run_after=None
[2025-04-09T21:36:34.545+0000] {processor.py:179} INFO - Processing /workspaces/hands-on-introduction-data-engineering-4395021/airflow/dags/two_task_dag.py took 0.056 seconds
[2025-04-09T21:37:05.090+0000] {processor.py:157} INFO - Started process (PID=50783) to work on /workspaces/hands-on-introduction-data-engineering-4395021/airflow/dags/two_task_dag.py
[2025-04-09T21:37:05.091+0000] {processor.py:826} INFO - Processing file /workspaces/hands-on-introduction-data-engineering-4395021/airflow/dags/two_task_dag.py for tasks to queue
[2025-04-09T21:37:05.092+0000] {logging_mixin.py:150} INFO - [2025-04-09T21:37:05.091+0000] {dagbag.py:541} INFO - Filling up the DagBag from /workspaces/hands-on-introduction-data-engineering-4395021/airflow/dags/two_task_dag.py
[2025-04-09T21:37:05.099+0000] {processor.py:836} INFO - DAG(s) dict_keys(['two_task_dag']) retrieved from /workspaces/hands-on-introduction-data-engineering-4395021/airflow/dags/two_task_dag.py
[2025-04-09T21:37:05.118+0000] {logging_mixin.py:150} INFO - [2025-04-09T21:37:05.118+0000] {dag.py:2742} INFO - Sync 1 DAGs
[2025-04-09T21:37:05.131+0000] {logging_mixin.py:150} INFO - [2025-04-09T21:37:05.131+0000] {dag.py:3504} INFO - Setting next_dagrun for two_task_dag to None, run_after=None
[2025-04-09T21:37:05.144+0000] {processor.py:179} INFO - Processing /workspaces/hands-on-introduction-data-engineering-4395021/airflow/dags/two_task_dag.py took 0.057 seconds
[2025-04-09T21:37:35.486+0000] {processor.py:157} INFO - Started process (PID=50988) to work on /workspaces/hands-on-introduction-data-engineering-4395021/airflow/dags/two_task_dag.py
[2025-04-09T21:37:35.487+0000] {processor.py:826} INFO - Processing file /workspaces/hands-on-introduction-data-engineering-4395021/airflow/dags/two_task_dag.py for tasks to queue
[2025-04-09T21:37:35.488+0000] {logging_mixin.py:150} INFO - [2025-04-09T21:37:35.487+0000] {dagbag.py:541} INFO - Filling up the DagBag from /workspaces/hands-on-introduction-data-engineering-4395021/airflow/dags/two_task_dag.py
[2025-04-09T21:37:35.496+0000] {processor.py:836} INFO - DAG(s) dict_keys(['two_task_dag']) retrieved from /workspaces/hands-on-introduction-data-engineering-4395021/airflow/dags/two_task_dag.py
[2025-04-09T21:37:35.514+0000] {logging_mixin.py:150} INFO - [2025-04-09T21:37:35.514+0000] {dag.py:2742} INFO - Sync 1 DAGs
[2025-04-09T21:37:35.527+0000] {logging_mixin.py:150} INFO - [2025-04-09T21:37:35.527+0000] {dag.py:3504} INFO - Setting next_dagrun for two_task_dag to None, run_after=None
[2025-04-09T21:37:35.540+0000] {processor.py:179} INFO - Processing /workspaces/hands-on-introduction-data-engineering-4395021/airflow/dags/two_task_dag.py took 0.058 seconds
[2025-04-09T21:38:06.081+0000] {processor.py:157} INFO - Started process (PID=51232) to work on /workspaces/hands-on-introduction-data-engineering-4395021/airflow/dags/two_task_dag.py
[2025-04-09T21:38:06.082+0000] {processor.py:826} INFO - Processing file /workspaces/hands-on-introduction-data-engineering-4395021/airflow/dags/two_task_dag.py for tasks to queue
[2025-04-09T21:38:06.083+0000] {logging_mixin.py:150} INFO - [2025-04-09T21:38:06.082+0000] {dagbag.py:541} INFO - Filling up the DagBag from /workspaces/hands-on-introduction-data-engineering-4395021/airflow/dags/two_task_dag.py
[2025-04-09T21:38:06.090+0000] {processor.py:836} INFO - DAG(s) dict_keys(['two_task_dag']) retrieved from /workspaces/hands-on-introduction-data-engineering-4395021/airflow/dags/two_task_dag.py
[2025-04-09T21:38:06.108+0000] {logging_mixin.py:150} INFO - [2025-04-09T21:38:06.108+0000] {dag.py:2742} INFO - Sync 1 DAGs
[2025-04-09T21:38:06.121+0000] {logging_mixin.py:150} INFO - [2025-04-09T21:38:06.121+0000] {dag.py:3504} INFO - Setting next_dagrun for two_task_dag to None, run_after=None
[2025-04-09T21:38:06.134+0000] {processor.py:179} INFO - Processing /workspaces/hands-on-introduction-data-engineering-4395021/airflow/dags/two_task_dag.py took 0.056 seconds
[2025-04-09T21:38:36.676+0000] {processor.py:157} INFO - Started process (PID=51481) to work on /workspaces/hands-on-introduction-data-engineering-4395021/airflow/dags/two_task_dag.py
[2025-04-09T21:38:36.677+0000] {processor.py:826} INFO - Processing file /workspaces/hands-on-introduction-data-engineering-4395021/airflow/dags/two_task_dag.py for tasks to queue
[2025-04-09T21:38:36.679+0000] {logging_mixin.py:150} INFO - [2025-04-09T21:38:36.678+0000] {dagbag.py:541} INFO - Filling up the DagBag from /workspaces/hands-on-introduction-data-engineering-4395021/airflow/dags/two_task_dag.py
[2025-04-09T21:38:36.686+0000] {processor.py:836} INFO - DAG(s) dict_keys(['two_task_dag']) retrieved from /workspaces/hands-on-introduction-data-engineering-4395021/airflow/dags/two_task_dag.py
[2025-04-09T21:38:36.704+0000] {logging_mixin.py:150} INFO - [2025-04-09T21:38:36.704+0000] {dag.py:2742} INFO - Sync 1 DAGs
[2025-04-09T21:38:36.717+0000] {logging_mixin.py:150} INFO - [2025-04-09T21:38:36.717+0000] {dag.py:3504} INFO - Setting next_dagrun for two_task_dag to None, run_after=None
[2025-04-09T21:38:36.730+0000] {processor.py:179} INFO - Processing /workspaces/hands-on-introduction-data-engineering-4395021/airflow/dags/two_task_dag.py took 0.057 seconds
[2025-04-09T21:39:07.080+0000] {processor.py:157} INFO - Started process (PID=51686) to work on /workspaces/hands-on-introduction-data-engineering-4395021/airflow/dags/two_task_dag.py
[2025-04-09T21:39:07.081+0000] {processor.py:826} INFO - Processing file /workspaces/hands-on-introduction-data-engineering-4395021/airflow/dags/two_task_dag.py for tasks to queue
[2025-04-09T21:39:07.082+0000] {logging_mixin.py:150} INFO - [2025-04-09T21:39:07.082+0000] {dagbag.py:541} INFO - Filling up the DagBag from /workspaces/hands-on-introduction-data-engineering-4395021/airflow/dags/two_task_dag.py
[2025-04-09T21:39:07.090+0000] {processor.py:836} INFO - DAG(s) dict_keys(['two_task_dag']) retrieved from /workspaces/hands-on-introduction-data-engineering-4395021/airflow/dags/two_task_dag.py
[2025-04-09T21:39:07.107+0000] {logging_mixin.py:150} INFO - [2025-04-09T21:39:07.107+0000] {dag.py:2742} INFO - Sync 1 DAGs
[2025-04-09T21:39:07.120+0000] {logging_mixin.py:150} INFO - [2025-04-09T21:39:07.120+0000] {dag.py:3504} INFO - Setting next_dagrun for two_task_dag to None, run_after=None
[2025-04-09T21:39:07.134+0000] {processor.py:179} INFO - Processing /workspaces/hands-on-introduction-data-engineering-4395021/airflow/dags/two_task_dag.py took 0.056 seconds
[2025-04-09T21:39:37.674+0000] {processor.py:157} INFO - Started process (PID=51936) to work on /workspaces/hands-on-introduction-data-engineering-4395021/airflow/dags/two_task_dag.py
[2025-04-09T21:39:37.675+0000] {processor.py:826} INFO - Processing file /workspaces/hands-on-introduction-data-engineering-4395021/airflow/dags/two_task_dag.py for tasks to queue
[2025-04-09T21:39:37.676+0000] {logging_mixin.py:150} INFO - [2025-04-09T21:39:37.676+0000] {dagbag.py:541} INFO - Filling up the DagBag from /workspaces/hands-on-introduction-data-engineering-4395021/airflow/dags/two_task_dag.py
[2025-04-09T21:39:37.684+0000] {processor.py:836} INFO - DAG(s) dict_keys(['two_task_dag']) retrieved from /workspaces/hands-on-introduction-data-engineering-4395021/airflow/dags/two_task_dag.py
[2025-04-09T21:39:37.702+0000] {logging_mixin.py:150} INFO - [2025-04-09T21:39:37.702+0000] {dag.py:2742} INFO - Sync 1 DAGs
[2025-04-09T21:39:37.716+0000] {logging_mixin.py:150} INFO - [2025-04-09T21:39:37.716+0000] {dag.py:3504} INFO - Setting next_dagrun for two_task_dag to None, run_after=None
[2025-04-09T21:39:37.729+0000] {processor.py:179} INFO - Processing /workspaces/hands-on-introduction-data-engineering-4395021/airflow/dags/two_task_dag.py took 0.057 seconds
[2025-04-09T21:40:08.276+0000] {processor.py:157} INFO - Started process (PID=52140) to work on /workspaces/hands-on-introduction-data-engineering-4395021/airflow/dags/two_task_dag.py
[2025-04-09T21:40:08.277+0000] {processor.py:826} INFO - Processing file /workspaces/hands-on-introduction-data-engineering-4395021/airflow/dags/two_task_dag.py for tasks to queue
[2025-04-09T21:40:08.278+0000] {logging_mixin.py:150} INFO - [2025-04-09T21:40:08.278+0000] {dagbag.py:541} INFO - Filling up the DagBag from /workspaces/hands-on-introduction-data-engineering-4395021/airflow/dags/two_task_dag.py
[2025-04-09T21:40:08.286+0000] {processor.py:836} INFO - DAG(s) dict_keys(['two_task_dag']) retrieved from /workspaces/hands-on-introduction-data-engineering-4395021/airflow/dags/two_task_dag.py
[2025-04-09T21:40:08.303+0000] {logging_mixin.py:150} INFO - [2025-04-09T21:40:08.303+0000] {dag.py:2742} INFO - Sync 1 DAGs
[2025-04-09T21:40:08.317+0000] {logging_mixin.py:150} INFO - [2025-04-09T21:40:08.317+0000] {dag.py:3504} INFO - Setting next_dagrun for two_task_dag to None, run_after=None
[2025-04-09T21:40:08.330+0000] {processor.py:179} INFO - Processing /workspaces/hands-on-introduction-data-engineering-4395021/airflow/dags/two_task_dag.py took 0.057 seconds
[2025-04-09T21:40:38.673+0000] {processor.py:157} INFO - Started process (PID=52444) to work on /workspaces/hands-on-introduction-data-engineering-4395021/airflow/dags/two_task_dag.py
[2025-04-09T21:40:38.673+0000] {processor.py:826} INFO - Processing file /workspaces/hands-on-introduction-data-engineering-4395021/airflow/dags/two_task_dag.py for tasks to queue
[2025-04-09T21:40:38.674+0000] {logging_mixin.py:150} INFO - [2025-04-09T21:40:38.674+0000] {dagbag.py:541} INFO - Filling up the DagBag from /workspaces/hands-on-introduction-data-engineering-4395021/airflow/dags/two_task_dag.py
[2025-04-09T21:40:38.682+0000] {processor.py:836} INFO - DAG(s) dict_keys(['two_task_dag']) retrieved from /workspaces/hands-on-introduction-data-engineering-4395021/airflow/dags/two_task_dag.py
[2025-04-09T21:40:38.699+0000] {logging_mixin.py:150} INFO - [2025-04-09T21:40:38.699+0000] {dag.py:2742} INFO - Sync 1 DAGs
[2025-04-09T21:40:38.713+0000] {logging_mixin.py:150} INFO - [2025-04-09T21:40:38.713+0000] {dag.py:3504} INFO - Setting next_dagrun for two_task_dag to None, run_after=None
[2025-04-09T21:40:38.726+0000] {processor.py:179} INFO - Processing /workspaces/hands-on-introduction-data-engineering-4395021/airflow/dags/two_task_dag.py took 0.056 seconds
[2025-04-09T21:41:09.280+0000] {processor.py:157} INFO - Started process (PID=52700) to work on /workspaces/hands-on-introduction-data-engineering-4395021/airflow/dags/two_task_dag.py
[2025-04-09T21:41:09.281+0000] {processor.py:826} INFO - Processing file /workspaces/hands-on-introduction-data-engineering-4395021/airflow/dags/two_task_dag.py for tasks to queue
[2025-04-09T21:41:09.282+0000] {logging_mixin.py:150} INFO - [2025-04-09T21:41:09.281+0000] {dagbag.py:541} INFO - Filling up the DagBag from /workspaces/hands-on-introduction-data-engineering-4395021/airflow/dags/two_task_dag.py
[2025-04-09T21:41:09.289+0000] {processor.py:836} INFO - DAG(s) dict_keys(['two_task_dag']) retrieved from /workspaces/hands-on-introduction-data-engineering-4395021/airflow/dags/two_task_dag.py
[2025-04-09T21:41:09.309+0000] {logging_mixin.py:150} INFO - [2025-04-09T21:41:09.309+0000] {dag.py:2742} INFO - Sync 1 DAGs
[2025-04-09T21:41:09.327+0000] {logging_mixin.py:150} INFO - [2025-04-09T21:41:09.327+0000] {dag.py:3504} INFO - Setting next_dagrun for two_task_dag to None, run_after=None
[2025-04-09T21:41:09.341+0000] {processor.py:179} INFO - Processing /workspaces/hands-on-introduction-data-engineering-4395021/airflow/dags/two_task_dag.py took 0.063 seconds
[2025-04-09T21:41:39.710+0000] {processor.py:157} INFO - Started process (PID=52967) to work on /workspaces/hands-on-introduction-data-engineering-4395021/airflow/dags/two_task_dag.py
[2025-04-09T21:41:39.711+0000] {processor.py:826} INFO - Processing file /workspaces/hands-on-introduction-data-engineering-4395021/airflow/dags/two_task_dag.py for tasks to queue
[2025-04-09T21:41:39.712+0000] {logging_mixin.py:150} INFO - [2025-04-09T21:41:39.712+0000] {dagbag.py:541} INFO - Filling up the DagBag from /workspaces/hands-on-introduction-data-engineering-4395021/airflow/dags/two_task_dag.py
[2025-04-09T21:41:39.722+0000] {processor.py:836} INFO - DAG(s) dict_keys(['two_task_dag']) retrieved from /workspaces/hands-on-introduction-data-engineering-4395021/airflow/dags/two_task_dag.py
[2025-04-09T21:41:39.749+0000] {logging_mixin.py:150} INFO - [2025-04-09T21:41:39.749+0000] {dag.py:2742} INFO - Sync 1 DAGs
[2025-04-09T21:41:39.763+0000] {logging_mixin.py:150} INFO - [2025-04-09T21:41:39.763+0000] {dag.py:3504} INFO - Setting next_dagrun for two_task_dag to None, run_after=None
[2025-04-09T21:41:39.776+0000] {processor.py:179} INFO - Processing /workspaces/hands-on-introduction-data-engineering-4395021/airflow/dags/two_task_dag.py took 0.069 seconds
[2025-04-09T21:42:09.998+0000] {processor.py:157} INFO - Started process (PID=53216) to work on /workspaces/hands-on-introduction-data-engineering-4395021/airflow/dags/two_task_dag.py
[2025-04-09T21:42:09.999+0000] {processor.py:826} INFO - Processing file /workspaces/hands-on-introduction-data-engineering-4395021/airflow/dags/two_task_dag.py for tasks to queue
[2025-04-09T21:42:10.002+0000] {logging_mixin.py:150} INFO - [2025-04-09T21:42:10.001+0000] {dagbag.py:541} INFO - Filling up the DagBag from /workspaces/hands-on-introduction-data-engineering-4395021/airflow/dags/two_task_dag.py
[2025-04-09T21:42:10.013+0000] {processor.py:836} INFO - DAG(s) dict_keys(['two_task_dag']) retrieved from /workspaces/hands-on-introduction-data-engineering-4395021/airflow/dags/two_task_dag.py
[2025-04-09T21:42:10.039+0000] {logging_mixin.py:150} INFO - [2025-04-09T21:42:10.039+0000] {dag.py:2742} INFO - Sync 1 DAGs
[2025-04-09T21:42:10.059+0000] {logging_mixin.py:150} INFO - [2025-04-09T21:42:10.059+0000] {dag.py:3504} INFO - Setting next_dagrun for two_task_dag to None, run_after=None
[2025-04-09T21:42:10.075+0000] {processor.py:179} INFO - Processing /workspaces/hands-on-introduction-data-engineering-4395021/airflow/dags/two_task_dag.py took 0.081 seconds
[2025-04-09T21:42:40.179+0000] {processor.py:157} INFO - Started process (PID=53525) to work on /workspaces/hands-on-introduction-data-engineering-4395021/airflow/dags/two_task_dag.py
[2025-04-09T21:42:40.179+0000] {processor.py:826} INFO - Processing file /workspaces/hands-on-introduction-data-engineering-4395021/airflow/dags/two_task_dag.py for tasks to queue
[2025-04-09T21:42:40.180+0000] {logging_mixin.py:150} INFO - [2025-04-09T21:42:40.180+0000] {dagbag.py:541} INFO - Filling up the DagBag from /workspaces/hands-on-introduction-data-engineering-4395021/airflow/dags/two_task_dag.py
[2025-04-09T21:42:40.188+0000] {processor.py:836} INFO - DAG(s) dict_keys(['two_task_dag']) retrieved from /workspaces/hands-on-introduction-data-engineering-4395021/airflow/dags/two_task_dag.py
[2025-04-09T21:42:40.205+0000] {logging_mixin.py:150} INFO - [2025-04-09T21:42:40.205+0000] {dag.py:2742} INFO - Sync 1 DAGs
[2025-04-09T21:42:40.219+0000] {logging_mixin.py:150} INFO - [2025-04-09T21:42:40.219+0000] {dag.py:3504} INFO - Setting next_dagrun for two_task_dag to None, run_after=None
[2025-04-09T21:42:40.233+0000] {processor.py:179} INFO - Processing /workspaces/hands-on-introduction-data-engineering-4395021/airflow/dags/two_task_dag.py took 0.057 seconds
[2025-04-09T21:43:10.469+0000] {processor.py:157} INFO - Started process (PID=53799) to work on /workspaces/hands-on-introduction-data-engineering-4395021/airflow/dags/two_task_dag.py
[2025-04-09T21:43:10.469+0000] {processor.py:826} INFO - Processing file /workspaces/hands-on-introduction-data-engineering-4395021/airflow/dags/two_task_dag.py for tasks to queue
[2025-04-09T21:43:10.470+0000] {logging_mixin.py:150} INFO - [2025-04-09T21:43:10.470+0000] {dagbag.py:541} INFO - Filling up the DagBag from /workspaces/hands-on-introduction-data-engineering-4395021/airflow/dags/two_task_dag.py
[2025-04-09T21:43:10.478+0000] {processor.py:836} INFO - DAG(s) dict_keys(['two_task_dag']) retrieved from /workspaces/hands-on-introduction-data-engineering-4395021/airflow/dags/two_task_dag.py
[2025-04-09T21:43:10.496+0000] {logging_mixin.py:150} INFO - [2025-04-09T21:43:10.496+0000] {dag.py:2742} INFO - Sync 1 DAGs
[2025-04-09T21:43:10.510+0000] {logging_mixin.py:150} INFO - [2025-04-09T21:43:10.509+0000] {dag.py:3504} INFO - Setting next_dagrun for two_task_dag to None, run_after=None
[2025-04-09T21:43:10.523+0000] {processor.py:179} INFO - Processing /workspaces/hands-on-introduction-data-engineering-4395021/airflow/dags/two_task_dag.py took 0.057 seconds
[2025-04-09T21:43:40.764+0000] {processor.py:157} INFO - Started process (PID=53998) to work on /workspaces/hands-on-introduction-data-engineering-4395021/airflow/dags/two_task_dag.py
[2025-04-09T21:43:40.764+0000] {processor.py:826} INFO - Processing file /workspaces/hands-on-introduction-data-engineering-4395021/airflow/dags/two_task_dag.py for tasks to queue
[2025-04-09T21:43:40.765+0000] {logging_mixin.py:150} INFO - [2025-04-09T21:43:40.765+0000] {dagbag.py:541} INFO - Filling up the DagBag from /workspaces/hands-on-introduction-data-engineering-4395021/airflow/dags/two_task_dag.py
[2025-04-09T21:43:40.773+0000] {processor.py:836} INFO - DAG(s) dict_keys(['two_task_dag']) retrieved from /workspaces/hands-on-introduction-data-engineering-4395021/airflow/dags/two_task_dag.py
[2025-04-09T21:43:40.790+0000] {logging_mixin.py:150} INFO - [2025-04-09T21:43:40.790+0000] {dag.py:2742} INFO - Sync 1 DAGs
[2025-04-09T21:43:40.804+0000] {logging_mixin.py:150} INFO - [2025-04-09T21:43:40.803+0000] {dag.py:3504} INFO - Setting next_dagrun for two_task_dag to None, run_after=None
[2025-04-09T21:43:40.818+0000] {processor.py:179} INFO - Processing /workspaces/hands-on-introduction-data-engineering-4395021/airflow/dags/two_task_dag.py took 0.056 seconds
[2025-04-09T21:44:11.074+0000] {processor.py:157} INFO - Started process (PID=54205) to work on /workspaces/hands-on-introduction-data-engineering-4395021/airflow/dags/two_task_dag.py
[2025-04-09T21:44:11.075+0000] {processor.py:826} INFO - Processing file /workspaces/hands-on-introduction-data-engineering-4395021/airflow/dags/two_task_dag.py for tasks to queue
[2025-04-09T21:44:11.075+0000] {logging_mixin.py:150} INFO - [2025-04-09T21:44:11.075+0000] {dagbag.py:541} INFO - Filling up the DagBag from /workspaces/hands-on-introduction-data-engineering-4395021/airflow/dags/two_task_dag.py
[2025-04-09T21:44:11.092+0000] {processor.py:836} INFO - DAG(s) dict_keys(['two_task_dag']) retrieved from /workspaces/hands-on-introduction-data-engineering-4395021/airflow/dags/two_task_dag.py
[2025-04-09T21:44:11.121+0000] {logging_mixin.py:150} INFO - [2025-04-09T21:44:11.121+0000] {dag.py:2742} INFO - Sync 1 DAGs
[2025-04-09T21:44:11.165+0000] {logging_mixin.py:150} INFO - [2025-04-09T21:44:11.165+0000] {dag.py:3504} INFO - Setting next_dagrun for two_task_dag to None, run_after=None
[2025-04-09T21:44:11.197+0000] {processor.py:179} INFO - Processing /workspaces/hands-on-introduction-data-engineering-4395021/airflow/dags/two_task_dag.py took 0.127 seconds
[2025-04-09T21:44:41.369+0000] {processor.py:157} INFO - Started process (PID=54399) to work on /workspaces/hands-on-introduction-data-engineering-4395021/airflow/dags/two_task_dag.py
[2025-04-09T21:44:41.369+0000] {processor.py:826} INFO - Processing file /workspaces/hands-on-introduction-data-engineering-4395021/airflow/dags/two_task_dag.py for tasks to queue
[2025-04-09T21:44:41.370+0000] {logging_mixin.py:150} INFO - [2025-04-09T21:44:41.370+0000] {dagbag.py:541} INFO - Filling up the DagBag from /workspaces/hands-on-introduction-data-engineering-4395021/airflow/dags/two_task_dag.py
[2025-04-09T21:44:41.377+0000] {processor.py:836} INFO - DAG(s) dict_keys(['two_task_dag']) retrieved from /workspaces/hands-on-introduction-data-engineering-4395021/airflow/dags/two_task_dag.py
[2025-04-09T21:44:41.395+0000] {logging_mixin.py:150} INFO - [2025-04-09T21:44:41.395+0000] {dag.py:2742} INFO - Sync 1 DAGs
[2025-04-09T21:44:41.413+0000] {logging_mixin.py:150} INFO - [2025-04-09T21:44:41.413+0000] {dag.py:3504} INFO - Setting next_dagrun for two_task_dag to None, run_after=None
[2025-04-09T21:44:41.430+0000] {processor.py:179} INFO - Processing /workspaces/hands-on-introduction-data-engineering-4395021/airflow/dags/two_task_dag.py took 0.064 seconds
[2025-04-09T21:45:11.875+0000] {processor.py:157} INFO - Started process (PID=54601) to work on /workspaces/hands-on-introduction-data-engineering-4395021/airflow/dags/two_task_dag.py
[2025-04-09T21:45:11.876+0000] {processor.py:826} INFO - Processing file /workspaces/hands-on-introduction-data-engineering-4395021/airflow/dags/two_task_dag.py for tasks to queue
[2025-04-09T21:45:11.877+0000] {logging_mixin.py:150} INFO - [2025-04-09T21:45:11.876+0000] {dagbag.py:541} INFO - Filling up the DagBag from /workspaces/hands-on-introduction-data-engineering-4395021/airflow/dags/two_task_dag.py
[2025-04-09T21:45:11.884+0000] {processor.py:836} INFO - DAG(s) dict_keys(['two_task_dag']) retrieved from /workspaces/hands-on-introduction-data-engineering-4395021/airflow/dags/two_task_dag.py
[2025-04-09T21:45:11.902+0000] {logging_mixin.py:150} INFO - [2025-04-09T21:45:11.902+0000] {dag.py:2742} INFO - Sync 1 DAGs
[2025-04-09T21:45:11.915+0000] {logging_mixin.py:150} INFO - [2025-04-09T21:45:11.915+0000] {dag.py:3504} INFO - Setting next_dagrun for two_task_dag to None, run_after=None
[2025-04-09T21:45:11.928+0000] {processor.py:179} INFO - Processing /workspaces/hands-on-introduction-data-engineering-4395021/airflow/dags/two_task_dag.py took 0.055 seconds
[2025-04-09T21:45:42.003+0000] {processor.py:157} INFO - Started process (PID=54797) to work on /workspaces/hands-on-introduction-data-engineering-4395021/airflow/dags/two_task_dag.py
[2025-04-09T21:45:42.004+0000] {processor.py:826} INFO - Processing file /workspaces/hands-on-introduction-data-engineering-4395021/airflow/dags/two_task_dag.py for tasks to queue
[2025-04-09T21:45:42.004+0000] {logging_mixin.py:150} INFO - [2025-04-09T21:45:42.004+0000] {dagbag.py:541} INFO - Filling up the DagBag from /workspaces/hands-on-introduction-data-engineering-4395021/airflow/dags/two_task_dag.py
[2025-04-09T21:45:42.012+0000] {processor.py:836} INFO - DAG(s) dict_keys(['two_task_dag']) retrieved from /workspaces/hands-on-introduction-data-engineering-4395021/airflow/dags/two_task_dag.py
[2025-04-09T21:45:42.029+0000] {logging_mixin.py:150} INFO - [2025-04-09T21:45:42.029+0000] {dag.py:2742} INFO - Sync 1 DAGs
[2025-04-09T21:45:42.043+0000] {logging_mixin.py:150} INFO - [2025-04-09T21:45:42.042+0000] {dag.py:3504} INFO - Setting next_dagrun for two_task_dag to None, run_after=None
[2025-04-09T21:45:42.056+0000] {processor.py:179} INFO - Processing /workspaces/hands-on-introduction-data-engineering-4395021/airflow/dags/two_task_dag.py took 0.057 seconds
[2025-04-09T21:46:12.721+0000] {processor.py:157} INFO - Started process (PID=54996) to work on /workspaces/hands-on-introduction-data-engineering-4395021/airflow/dags/two_task_dag.py
[2025-04-09T21:46:12.722+0000] {processor.py:826} INFO - Processing file /workspaces/hands-on-introduction-data-engineering-4395021/airflow/dags/two_task_dag.py for tasks to queue
[2025-04-09T21:46:12.723+0000] {logging_mixin.py:150} INFO - [2025-04-09T21:46:12.723+0000] {dagbag.py:541} INFO - Filling up the DagBag from /workspaces/hands-on-introduction-data-engineering-4395021/airflow/dags/two_task_dag.py
[2025-04-09T21:46:12.730+0000] {processor.py:836} INFO - DAG(s) dict_keys(['two_task_dag']) retrieved from /workspaces/hands-on-introduction-data-engineering-4395021/airflow/dags/two_task_dag.py
[2025-04-09T21:46:12.748+0000] {logging_mixin.py:150} INFO - [2025-04-09T21:46:12.748+0000] {dag.py:2742} INFO - Sync 1 DAGs
[2025-04-09T21:46:12.761+0000] {logging_mixin.py:150} INFO - [2025-04-09T21:46:12.761+0000] {dag.py:3504} INFO - Setting next_dagrun for two_task_dag to None, run_after=None
[2025-04-09T21:46:12.775+0000] {processor.py:179} INFO - Processing /workspaces/hands-on-introduction-data-engineering-4395021/airflow/dags/two_task_dag.py took 0.056 seconds
[2025-04-09T21:46:43.061+0000] {processor.py:157} INFO - Started process (PID=55203) to work on /workspaces/hands-on-introduction-data-engineering-4395021/airflow/dags/two_task_dag.py
[2025-04-09T21:46:43.062+0000] {processor.py:826} INFO - Processing file /workspaces/hands-on-introduction-data-engineering-4395021/airflow/dags/two_task_dag.py for tasks to queue
[2025-04-09T21:46:43.063+0000] {logging_mixin.py:150} INFO - [2025-04-09T21:46:43.063+0000] {dagbag.py:541} INFO - Filling up the DagBag from /workspaces/hands-on-introduction-data-engineering-4395021/airflow/dags/two_task_dag.py
[2025-04-09T21:46:43.070+0000] {processor.py:836} INFO - DAG(s) dict_keys(['two_task_dag']) retrieved from /workspaces/hands-on-introduction-data-engineering-4395021/airflow/dags/two_task_dag.py
[2025-04-09T21:46:43.088+0000] {logging_mixin.py:150} INFO - [2025-04-09T21:46:43.088+0000] {dag.py:2742} INFO - Sync 1 DAGs
[2025-04-09T21:46:43.101+0000] {logging_mixin.py:150} INFO - [2025-04-09T21:46:43.101+0000] {dag.py:3504} INFO - Setting next_dagrun for two_task_dag to None, run_after=None
[2025-04-09T21:46:43.116+0000] {processor.py:179} INFO - Processing /workspaces/hands-on-introduction-data-engineering-4395021/airflow/dags/two_task_dag.py took 0.057 seconds
[2025-04-09T21:47:14.325+0000] {processor.py:157} INFO - Started process (PID=55416) to work on /workspaces/hands-on-introduction-data-engineering-4395021/airflow/dags/two_task_dag.py
[2025-04-09T21:47:14.326+0000] {processor.py:826} INFO - Processing file /workspaces/hands-on-introduction-data-engineering-4395021/airflow/dags/two_task_dag.py for tasks to queue
[2025-04-09T21:47:14.327+0000] {logging_mixin.py:150} INFO - [2025-04-09T21:47:14.326+0000] {dagbag.py:541} INFO - Filling up the DagBag from /workspaces/hands-on-introduction-data-engineering-4395021/airflow/dags/two_task_dag.py
[2025-04-09T21:47:14.334+0000] {processor.py:836} INFO - DAG(s) dict_keys(['two_task_dag']) retrieved from /workspaces/hands-on-introduction-data-engineering-4395021/airflow/dags/two_task_dag.py
[2025-04-09T21:47:14.352+0000] {logging_mixin.py:150} INFO - [2025-04-09T21:47:14.352+0000] {dag.py:2742} INFO - Sync 1 DAGs
[2025-04-09T21:47:14.366+0000] {logging_mixin.py:150} INFO - [2025-04-09T21:47:14.366+0000] {dag.py:3504} INFO - Setting next_dagrun for two_task_dag to None, run_after=None
[2025-04-09T21:47:14.379+0000] {processor.py:179} INFO - Processing /workspaces/hands-on-introduction-data-engineering-4395021/airflow/dags/two_task_dag.py took 0.056 seconds
[2025-04-09T21:47:44.766+0000] {processor.py:157} INFO - Started process (PID=55615) to work on /workspaces/hands-on-introduction-data-engineering-4395021/airflow/dags/two_task_dag.py
[2025-04-09T21:47:44.767+0000] {processor.py:826} INFO - Processing file /workspaces/hands-on-introduction-data-engineering-4395021/airflow/dags/two_task_dag.py for tasks to queue
[2025-04-09T21:47:44.767+0000] {logging_mixin.py:150} INFO - [2025-04-09T21:47:44.767+0000] {dagbag.py:541} INFO - Filling up the DagBag from /workspaces/hands-on-introduction-data-engineering-4395021/airflow/dags/two_task_dag.py
[2025-04-09T21:47:44.775+0000] {processor.py:836} INFO - DAG(s) dict_keys(['two_task_dag']) retrieved from /workspaces/hands-on-introduction-data-engineering-4395021/airflow/dags/two_task_dag.py
[2025-04-09T21:47:44.792+0000] {logging_mixin.py:150} INFO - [2025-04-09T21:47:44.792+0000] {dag.py:2742} INFO - Sync 1 DAGs
[2025-04-09T21:47:44.806+0000] {logging_mixin.py:150} INFO - [2025-04-09T21:47:44.806+0000] {dag.py:3504} INFO - Setting next_dagrun for two_task_dag to None, run_after=None
[2025-04-09T21:47:44.819+0000] {processor.py:179} INFO - Processing /workspaces/hands-on-introduction-data-engineering-4395021/airflow/dags/two_task_dag.py took 0.056 seconds
[2025-04-09T21:48:15.169+0000] {processor.py:157} INFO - Started process (PID=55819) to work on /workspaces/hands-on-introduction-data-engineering-4395021/airflow/dags/two_task_dag.py
[2025-04-09T21:48:15.170+0000] {processor.py:826} INFO - Processing file /workspaces/hands-on-introduction-data-engineering-4395021/airflow/dags/two_task_dag.py for tasks to queue
[2025-04-09T21:48:15.171+0000] {logging_mixin.py:150} INFO - [2025-04-09T21:48:15.171+0000] {dagbag.py:541} INFO - Filling up the DagBag from /workspaces/hands-on-introduction-data-engineering-4395021/airflow/dags/two_task_dag.py
[2025-04-09T21:48:15.179+0000] {processor.py:836} INFO - DAG(s) dict_keys(['two_task_dag']) retrieved from /workspaces/hands-on-introduction-data-engineering-4395021/airflow/dags/two_task_dag.py
[2025-04-09T21:48:15.197+0000] {logging_mixin.py:150} INFO - [2025-04-09T21:48:15.197+0000] {dag.py:2742} INFO - Sync 1 DAGs
[2025-04-09T21:48:15.211+0000] {logging_mixin.py:150} INFO - [2025-04-09T21:48:15.211+0000] {dag.py:3504} INFO - Setting next_dagrun for two_task_dag to None, run_after=None
[2025-04-09T21:48:15.224+0000] {processor.py:179} INFO - Processing /workspaces/hands-on-introduction-data-engineering-4395021/airflow/dags/two_task_dag.py took 0.058 seconds
[2025-04-09T21:48:45.607+0000] {processor.py:157} INFO - Started process (PID=56012) to work on /workspaces/hands-on-introduction-data-engineering-4395021/airflow/dags/two_task_dag.py
[2025-04-09T21:48:45.609+0000] {processor.py:826} INFO - Processing file /workspaces/hands-on-introduction-data-engineering-4395021/airflow/dags/two_task_dag.py for tasks to queue
[2025-04-09T21:48:45.610+0000] {logging_mixin.py:150} INFO - [2025-04-09T21:48:45.609+0000] {dagbag.py:541} INFO - Filling up the DagBag from /workspaces/hands-on-introduction-data-engineering-4395021/airflow/dags/two_task_dag.py
[2025-04-09T21:48:45.619+0000] {processor.py:836} INFO - DAG(s) dict_keys(['two_task_dag']) retrieved from /workspaces/hands-on-introduction-data-engineering-4395021/airflow/dags/two_task_dag.py
[2025-04-09T21:48:45.637+0000] {logging_mixin.py:150} INFO - [2025-04-09T21:48:45.637+0000] {dag.py:2742} INFO - Sync 1 DAGs
[2025-04-09T21:48:45.651+0000] {logging_mixin.py:150} INFO - [2025-04-09T21:48:45.651+0000] {dag.py:3504} INFO - Setting next_dagrun for two_task_dag to None, run_after=None
[2025-04-09T21:48:45.665+0000] {processor.py:179} INFO - Processing /workspaces/hands-on-introduction-data-engineering-4395021/airflow/dags/two_task_dag.py took 0.060 seconds
[2025-04-09T21:49:15.990+0000] {processor.py:157} INFO - Started process (PID=56195) to work on /workspaces/hands-on-introduction-data-engineering-4395021/airflow/dags/two_task_dag.py
[2025-04-09T21:49:15.991+0000] {processor.py:826} INFO - Processing file /workspaces/hands-on-introduction-data-engineering-4395021/airflow/dags/two_task_dag.py for tasks to queue
[2025-04-09T21:49:15.992+0000] {logging_mixin.py:150} INFO - [2025-04-09T21:49:15.991+0000] {dagbag.py:541} INFO - Filling up the DagBag from /workspaces/hands-on-introduction-data-engineering-4395021/airflow/dags/two_task_dag.py
[2025-04-09T21:49:16.000+0000] {processor.py:836} INFO - DAG(s) dict_keys(['two_task_dag']) retrieved from /workspaces/hands-on-introduction-data-engineering-4395021/airflow/dags/two_task_dag.py
[2025-04-09T21:49:16.017+0000] {logging_mixin.py:150} INFO - [2025-04-09T21:49:16.017+0000] {dag.py:2742} INFO - Sync 1 DAGs
[2025-04-09T21:49:16.031+0000] {logging_mixin.py:150} INFO - [2025-04-09T21:49:16.031+0000] {dag.py:3504} INFO - Setting next_dagrun for two_task_dag to None, run_after=None
[2025-04-09T21:49:16.044+0000] {processor.py:179} INFO - Processing /workspaces/hands-on-introduction-data-engineering-4395021/airflow/dags/two_task_dag.py took 0.056 seconds
[2025-04-09T21:49:46.521+0000] {processor.py:157} INFO - Started process (PID=56399) to work on /workspaces/hands-on-introduction-data-engineering-4395021/airflow/dags/two_task_dag.py
[2025-04-09T21:49:46.522+0000] {processor.py:826} INFO - Processing file /workspaces/hands-on-introduction-data-engineering-4395021/airflow/dags/two_task_dag.py for tasks to queue
[2025-04-09T21:49:46.523+0000] {logging_mixin.py:150} INFO - [2025-04-09T21:49:46.522+0000] {dagbag.py:541} INFO - Filling up the DagBag from /workspaces/hands-on-introduction-data-engineering-4395021/airflow/dags/two_task_dag.py
[2025-04-09T21:49:46.539+0000] {processor.py:836} INFO - DAG(s) dict_keys(['two_task_dag']) retrieved from /workspaces/hands-on-introduction-data-engineering-4395021/airflow/dags/two_task_dag.py
[2025-04-09T21:49:46.597+0000] {logging_mixin.py:150} INFO - [2025-04-09T21:49:46.597+0000] {dag.py:2742} INFO - Sync 1 DAGs
[2025-04-09T21:49:46.636+0000] {logging_mixin.py:150} INFO - [2025-04-09T21:49:46.636+0000] {dag.py:3504} INFO - Setting next_dagrun for two_task_dag to None, run_after=None
[2025-04-09T21:49:46.687+0000] {processor.py:179} INFO - Processing /workspaces/hands-on-introduction-data-engineering-4395021/airflow/dags/two_task_dag.py took 0.169 seconds
[2025-04-09T21:50:16.979+0000] {processor.py:157} INFO - Started process (PID=56578) to work on /workspaces/hands-on-introduction-data-engineering-4395021/airflow/dags/two_task_dag.py
[2025-04-09T21:50:16.979+0000] {processor.py:826} INFO - Processing file /workspaces/hands-on-introduction-data-engineering-4395021/airflow/dags/two_task_dag.py for tasks to queue
[2025-04-09T21:50:16.980+0000] {logging_mixin.py:150} INFO - [2025-04-09T21:50:16.980+0000] {dagbag.py:541} INFO - Filling up the DagBag from /workspaces/hands-on-introduction-data-engineering-4395021/airflow/dags/two_task_dag.py
[2025-04-09T21:50:16.988+0000] {processor.py:836} INFO - DAG(s) dict_keys(['two_task_dag']) retrieved from /workspaces/hands-on-introduction-data-engineering-4395021/airflow/dags/two_task_dag.py
[2025-04-09T21:50:17.005+0000] {logging_mixin.py:150} INFO - [2025-04-09T21:50:17.005+0000] {dag.py:2742} INFO - Sync 1 DAGs
[2025-04-09T21:50:17.019+0000] {logging_mixin.py:150} INFO - [2025-04-09T21:50:17.018+0000] {dag.py:3504} INFO - Setting next_dagrun for two_task_dag to None, run_after=None
[2025-04-09T21:50:17.032+0000] {processor.py:179} INFO - Processing /workspaces/hands-on-introduction-data-engineering-4395021/airflow/dags/two_task_dag.py took 0.057 seconds
[2025-04-09T21:50:47.457+0000] {processor.py:157} INFO - Started process (PID=56758) to work on /workspaces/hands-on-introduction-data-engineering-4395021/airflow/dags/two_task_dag.py
[2025-04-09T21:50:47.458+0000] {processor.py:826} INFO - Processing file /workspaces/hands-on-introduction-data-engineering-4395021/airflow/dags/two_task_dag.py for tasks to queue
[2025-04-09T21:50:47.458+0000] {logging_mixin.py:150} INFO - [2025-04-09T21:50:47.458+0000] {dagbag.py:541} INFO - Filling up the DagBag from /workspaces/hands-on-introduction-data-engineering-4395021/airflow/dags/two_task_dag.py
[2025-04-09T21:50:47.466+0000] {processor.py:836} INFO - DAG(s) dict_keys(['two_task_dag']) retrieved from /workspaces/hands-on-introduction-data-engineering-4395021/airflow/dags/two_task_dag.py
[2025-04-09T21:50:47.483+0000] {logging_mixin.py:150} INFO - [2025-04-09T21:50:47.483+0000] {dag.py:2742} INFO - Sync 1 DAGs
[2025-04-09T21:50:47.496+0000] {logging_mixin.py:150} INFO - [2025-04-09T21:50:47.496+0000] {dag.py:3504} INFO - Setting next_dagrun for two_task_dag to None, run_after=None
[2025-04-09T21:50:47.511+0000] {processor.py:179} INFO - Processing /workspaces/hands-on-introduction-data-engineering-4395021/airflow/dags/two_task_dag.py took 0.056 seconds
[2025-04-09T21:51:17.846+0000] {processor.py:157} INFO - Started process (PID=56938) to work on /workspaces/hands-on-introduction-data-engineering-4395021/airflow/dags/two_task_dag.py
[2025-04-09T21:51:17.847+0000] {processor.py:826} INFO - Processing file /workspaces/hands-on-introduction-data-engineering-4395021/airflow/dags/two_task_dag.py for tasks to queue
[2025-04-09T21:51:17.848+0000] {logging_mixin.py:150} INFO - [2025-04-09T21:51:17.848+0000] {dagbag.py:541} INFO - Filling up the DagBag from /workspaces/hands-on-introduction-data-engineering-4395021/airflow/dags/two_task_dag.py
[2025-04-09T21:51:17.856+0000] {processor.py:836} INFO - DAG(s) dict_keys(['two_task_dag']) retrieved from /workspaces/hands-on-introduction-data-engineering-4395021/airflow/dags/two_task_dag.py
[2025-04-09T21:51:17.874+0000] {logging_mixin.py:150} INFO - [2025-04-09T21:51:17.874+0000] {dag.py:2742} INFO - Sync 1 DAGs
[2025-04-09T21:51:17.888+0000] {logging_mixin.py:150} INFO - [2025-04-09T21:51:17.888+0000] {dag.py:3504} INFO - Setting next_dagrun for two_task_dag to None, run_after=None
[2025-04-09T21:51:17.901+0000] {processor.py:179} INFO - Processing /workspaces/hands-on-introduction-data-engineering-4395021/airflow/dags/two_task_dag.py took 0.057 seconds
[2025-04-09T21:51:48.243+0000] {processor.py:157} INFO - Started process (PID=57134) to work on /workspaces/hands-on-introduction-data-engineering-4395021/airflow/dags/two_task_dag.py
[2025-04-09T21:51:48.244+0000] {processor.py:826} INFO - Processing file /workspaces/hands-on-introduction-data-engineering-4395021/airflow/dags/two_task_dag.py for tasks to queue
[2025-04-09T21:51:48.245+0000] {logging_mixin.py:150} INFO - [2025-04-09T21:51:48.244+0000] {dagbag.py:541} INFO - Filling up the DagBag from /workspaces/hands-on-introduction-data-engineering-4395021/airflow/dags/two_task_dag.py
[2025-04-09T21:51:48.252+0000] {processor.py:836} INFO - DAG(s) dict_keys(['two_task_dag']) retrieved from /workspaces/hands-on-introduction-data-engineering-4395021/airflow/dags/two_task_dag.py
[2025-04-09T21:51:48.269+0000] {logging_mixin.py:150} INFO - [2025-04-09T21:51:48.269+0000] {dag.py:2742} INFO - Sync 1 DAGs
[2025-04-09T21:51:48.283+0000] {logging_mixin.py:150} INFO - [2025-04-09T21:51:48.283+0000] {dag.py:3504} INFO - Setting next_dagrun for two_task_dag to None, run_after=None
[2025-04-09T21:51:48.296+0000] {processor.py:179} INFO - Processing /workspaces/hands-on-introduction-data-engineering-4395021/airflow/dags/two_task_dag.py took 0.056 seconds
[2025-04-09T21:52:19.122+0000] {processor.py:157} INFO - Started process (PID=57332) to work on /workspaces/hands-on-introduction-data-engineering-4395021/airflow/dags/two_task_dag.py
[2025-04-09T21:52:19.123+0000] {processor.py:826} INFO - Processing file /workspaces/hands-on-introduction-data-engineering-4395021/airflow/dags/two_task_dag.py for tasks to queue
[2025-04-09T21:52:19.123+0000] {logging_mixin.py:150} INFO - [2025-04-09T21:52:19.123+0000] {dagbag.py:541} INFO - Filling up the DagBag from /workspaces/hands-on-introduction-data-engineering-4395021/airflow/dags/two_task_dag.py
[2025-04-09T21:52:19.131+0000] {processor.py:836} INFO - DAG(s) dict_keys(['two_task_dag']) retrieved from /workspaces/hands-on-introduction-data-engineering-4395021/airflow/dags/two_task_dag.py
[2025-04-09T21:52:19.149+0000] {logging_mixin.py:150} INFO - [2025-04-09T21:52:19.149+0000] {dag.py:2742} INFO - Sync 1 DAGs
[2025-04-09T21:52:19.163+0000] {logging_mixin.py:150} INFO - [2025-04-09T21:52:19.163+0000] {dag.py:3504} INFO - Setting next_dagrun for two_task_dag to None, run_after=None
[2025-04-09T21:52:19.176+0000] {processor.py:179} INFO - Processing /workspaces/hands-on-introduction-data-engineering-4395021/airflow/dags/two_task_dag.py took 0.056 seconds
[2025-04-09T21:52:49.418+0000] {processor.py:157} INFO - Started process (PID=57542) to work on /workspaces/hands-on-introduction-data-engineering-4395021/airflow/dags/two_task_dag.py
[2025-04-09T21:52:49.419+0000] {processor.py:826} INFO - Processing file /workspaces/hands-on-introduction-data-engineering-4395021/airflow/dags/two_task_dag.py for tasks to queue
[2025-04-09T21:52:49.420+0000] {logging_mixin.py:150} INFO - [2025-04-09T21:52:49.419+0000] {dagbag.py:541} INFO - Filling up the DagBag from /workspaces/hands-on-introduction-data-engineering-4395021/airflow/dags/two_task_dag.py
[2025-04-09T21:52:49.427+0000] {processor.py:836} INFO - DAG(s) dict_keys(['two_task_dag']) retrieved from /workspaces/hands-on-introduction-data-engineering-4395021/airflow/dags/two_task_dag.py
[2025-04-09T21:52:49.445+0000] {logging_mixin.py:150} INFO - [2025-04-09T21:52:49.445+0000] {dag.py:2742} INFO - Sync 1 DAGs
[2025-04-09T21:52:49.459+0000] {logging_mixin.py:150} INFO - [2025-04-09T21:52:49.459+0000] {dag.py:3504} INFO - Setting next_dagrun for two_task_dag to None, run_after=None
[2025-04-09T21:52:49.472+0000] {processor.py:179} INFO - Processing /workspaces/hands-on-introduction-data-engineering-4395021/airflow/dags/two_task_dag.py took 0.057 seconds
[2025-04-09T21:53:19.715+0000] {processor.py:157} INFO - Started process (PID=57740) to work on /workspaces/hands-on-introduction-data-engineering-4395021/airflow/dags/two_task_dag.py
[2025-04-09T21:53:19.716+0000] {processor.py:826} INFO - Processing file /workspaces/hands-on-introduction-data-engineering-4395021/airflow/dags/two_task_dag.py for tasks to queue
[2025-04-09T21:53:19.716+0000] {logging_mixin.py:150} INFO - [2025-04-09T21:53:19.716+0000] {dagbag.py:541} INFO - Filling up the DagBag from /workspaces/hands-on-introduction-data-engineering-4395021/airflow/dags/two_task_dag.py
[2025-04-09T21:53:19.724+0000] {processor.py:836} INFO - DAG(s) dict_keys(['two_task_dag']) retrieved from /workspaces/hands-on-introduction-data-engineering-4395021/airflow/dags/two_task_dag.py
[2025-04-09T21:53:19.742+0000] {logging_mixin.py:150} INFO - [2025-04-09T21:53:19.741+0000] {dag.py:2742} INFO - Sync 1 DAGs
[2025-04-09T21:53:19.756+0000] {logging_mixin.py:150} INFO - [2025-04-09T21:53:19.756+0000] {dag.py:3504} INFO - Setting next_dagrun for two_task_dag to None, run_after=None
[2025-04-09T21:53:19.775+0000] {processor.py:179} INFO - Processing /workspaces/hands-on-introduction-data-engineering-4395021/airflow/dags/two_task_dag.py took 0.062 seconds
[2025-04-09T21:53:50.011+0000] {processor.py:157} INFO - Started process (PID=57944) to work on /workspaces/hands-on-introduction-data-engineering-4395021/airflow/dags/two_task_dag.py
[2025-04-09T21:53:50.011+0000] {processor.py:826} INFO - Processing file /workspaces/hands-on-introduction-data-engineering-4395021/airflow/dags/two_task_dag.py for tasks to queue
[2025-04-09T21:53:50.012+0000] {logging_mixin.py:150} INFO - [2025-04-09T21:53:50.012+0000] {dagbag.py:541} INFO - Filling up the DagBag from /workspaces/hands-on-introduction-data-engineering-4395021/airflow/dags/two_task_dag.py
[2025-04-09T21:53:50.019+0000] {processor.py:836} INFO - DAG(s) dict_keys(['two_task_dag']) retrieved from /workspaces/hands-on-introduction-data-engineering-4395021/airflow/dags/two_task_dag.py
[2025-04-09T21:53:50.037+0000] {logging_mixin.py:150} INFO - [2025-04-09T21:53:50.037+0000] {dag.py:2742} INFO - Sync 1 DAGs
[2025-04-09T21:53:50.051+0000] {logging_mixin.py:150} INFO - [2025-04-09T21:53:50.050+0000] {dag.py:3504} INFO - Setting next_dagrun for two_task_dag to None, run_after=None
[2025-04-09T21:53:50.064+0000] {processor.py:179} INFO - Processing /workspaces/hands-on-introduction-data-engineering-4395021/airflow/dags/two_task_dag.py took 0.056 seconds
[2025-04-09T21:54:20.308+0000] {processor.py:157} INFO - Started process (PID=58141) to work on /workspaces/hands-on-introduction-data-engineering-4395021/airflow/dags/two_task_dag.py
[2025-04-09T21:54:20.309+0000] {processor.py:826} INFO - Processing file /workspaces/hands-on-introduction-data-engineering-4395021/airflow/dags/two_task_dag.py for tasks to queue
[2025-04-09T21:54:20.309+0000] {logging_mixin.py:150} INFO - [2025-04-09T21:54:20.309+0000] {dagbag.py:541} INFO - Filling up the DagBag from /workspaces/hands-on-introduction-data-engineering-4395021/airflow/dags/two_task_dag.py
[2025-04-09T21:54:20.317+0000] {processor.py:836} INFO - DAG(s) dict_keys(['two_task_dag']) retrieved from /workspaces/hands-on-introduction-data-engineering-4395021/airflow/dags/two_task_dag.py
[2025-04-09T21:54:20.335+0000] {logging_mixin.py:150} INFO - [2025-04-09T21:54:20.335+0000] {dag.py:2742} INFO - Sync 1 DAGs
[2025-04-09T21:54:20.348+0000] {logging_mixin.py:150} INFO - [2025-04-09T21:54:20.348+0000] {dag.py:3504} INFO - Setting next_dagrun for two_task_dag to None, run_after=None
[2025-04-09T21:54:20.361+0000] {processor.py:179} INFO - Processing /workspaces/hands-on-introduction-data-engineering-4395021/airflow/dags/two_task_dag.py took 0.056 seconds
[2025-04-09T21:54:50.623+0000] {processor.py:157} INFO - Started process (PID=58345) to work on /workspaces/hands-on-introduction-data-engineering-4395021/airflow/dags/two_task_dag.py
[2025-04-09T21:54:50.624+0000] {processor.py:826} INFO - Processing file /workspaces/hands-on-introduction-data-engineering-4395021/airflow/dags/two_task_dag.py for tasks to queue
[2025-04-09T21:54:50.625+0000] {logging_mixin.py:150} INFO - [2025-04-09T21:54:50.624+0000] {dagbag.py:541} INFO - Filling up the DagBag from /workspaces/hands-on-introduction-data-engineering-4395021/airflow/dags/two_task_dag.py
[2025-04-09T21:54:50.632+0000] {processor.py:836} INFO - DAG(s) dict_keys(['two_task_dag']) retrieved from /workspaces/hands-on-introduction-data-engineering-4395021/airflow/dags/two_task_dag.py
[2025-04-09T21:54:50.650+0000] {logging_mixin.py:150} INFO - [2025-04-09T21:54:50.650+0000] {dag.py:2742} INFO - Sync 1 DAGs
[2025-04-09T21:54:50.663+0000] {logging_mixin.py:150} INFO - [2025-04-09T21:54:50.663+0000] {dag.py:3504} INFO - Setting next_dagrun for two_task_dag to None, run_after=None
[2025-04-09T21:54:50.677+0000] {processor.py:179} INFO - Processing /workspaces/hands-on-introduction-data-engineering-4395021/airflow/dags/two_task_dag.py took 0.056 seconds
[2025-04-09T21:55:20.986+0000] {processor.py:157} INFO - Started process (PID=58549) to work on /workspaces/hands-on-introduction-data-engineering-4395021/airflow/dags/two_task_dag.py
[2025-04-09T21:55:20.987+0000] {processor.py:826} INFO - Processing file /workspaces/hands-on-introduction-data-engineering-4395021/airflow/dags/two_task_dag.py for tasks to queue
[2025-04-09T21:55:20.988+0000] {logging_mixin.py:150} INFO - [2025-04-09T21:55:20.988+0000] {dagbag.py:541} INFO - Filling up the DagBag from /workspaces/hands-on-introduction-data-engineering-4395021/airflow/dags/two_task_dag.py
[2025-04-09T21:55:20.995+0000] {processor.py:836} INFO - DAG(s) dict_keys(['two_task_dag']) retrieved from /workspaces/hands-on-introduction-data-engineering-4395021/airflow/dags/two_task_dag.py
[2025-04-09T21:55:21.013+0000] {logging_mixin.py:150} INFO - [2025-04-09T21:55:21.013+0000] {dag.py:2742} INFO - Sync 1 DAGs
[2025-04-09T21:55:21.027+0000] {logging_mixin.py:150} INFO - [2025-04-09T21:55:21.027+0000] {dag.py:3504} INFO - Setting next_dagrun for two_task_dag to None, run_after=None
[2025-04-09T21:55:21.040+0000] {processor.py:179} INFO - Processing /workspaces/hands-on-introduction-data-engineering-4395021/airflow/dags/two_task_dag.py took 0.056 seconds
[2025-04-09T21:55:51.349+0000] {processor.py:157} INFO - Started process (PID=58748) to work on /workspaces/hands-on-introduction-data-engineering-4395021/airflow/dags/two_task_dag.py
[2025-04-09T21:55:51.350+0000] {processor.py:826} INFO - Processing file /workspaces/hands-on-introduction-data-engineering-4395021/airflow/dags/two_task_dag.py for tasks to queue
[2025-04-09T21:55:51.350+0000] {logging_mixin.py:150} INFO - [2025-04-09T21:55:51.350+0000] {dagbag.py:541} INFO - Filling up the DagBag from /workspaces/hands-on-introduction-data-engineering-4395021/airflow/dags/two_task_dag.py
[2025-04-09T21:55:51.358+0000] {processor.py:836} INFO - DAG(s) dict_keys(['two_task_dag']) retrieved from /workspaces/hands-on-introduction-data-engineering-4395021/airflow/dags/two_task_dag.py
[2025-04-09T21:55:51.376+0000] {logging_mixin.py:150} INFO - [2025-04-09T21:55:51.376+0000] {dag.py:2742} INFO - Sync 1 DAGs
[2025-04-09T21:55:51.390+0000] {logging_mixin.py:150} INFO - [2025-04-09T21:55:51.390+0000] {dag.py:3504} INFO - Setting next_dagrun for two_task_dag to None, run_after=None
[2025-04-09T21:55:51.403+0000] {processor.py:179} INFO - Processing /workspaces/hands-on-introduction-data-engineering-4395021/airflow/dags/two_task_dag.py took 0.057 seconds
[2025-04-09T21:56:21.722+0000] {processor.py:157} INFO - Started process (PID=59033) to work on /workspaces/hands-on-introduction-data-engineering-4395021/airflow/dags/two_task_dag.py
[2025-04-09T21:56:21.723+0000] {processor.py:826} INFO - Processing file /workspaces/hands-on-introduction-data-engineering-4395021/airflow/dags/two_task_dag.py for tasks to queue
[2025-04-09T21:56:21.723+0000] {logging_mixin.py:150} INFO - [2025-04-09T21:56:21.723+0000] {dagbag.py:541} INFO - Filling up the DagBag from /workspaces/hands-on-introduction-data-engineering-4395021/airflow/dags/two_task_dag.py
[2025-04-09T21:56:21.733+0000] {processor.py:836} INFO - DAG(s) dict_keys(['two_task_dag']) retrieved from /workspaces/hands-on-introduction-data-engineering-4395021/airflow/dags/two_task_dag.py
[2025-04-09T21:56:21.753+0000] {logging_mixin.py:150} INFO - [2025-04-09T21:56:21.753+0000] {dag.py:2742} INFO - Sync 1 DAGs
[2025-04-09T21:56:21.766+0000] {logging_mixin.py:150} INFO - [2025-04-09T21:56:21.766+0000] {dag.py:3504} INFO - Setting next_dagrun for two_task_dag to None, run_after=None
[2025-04-09T21:56:21.779+0000] {processor.py:179} INFO - Processing /workspaces/hands-on-introduction-data-engineering-4395021/airflow/dags/two_task_dag.py took 0.061 seconds
[2025-04-09T21:56:51.914+0000] {processor.py:157} INFO - Started process (PID=59351) to work on /workspaces/hands-on-introduction-data-engineering-4395021/airflow/dags/two_task_dag.py
[2025-04-09T21:56:51.914+0000] {processor.py:826} INFO - Processing file /workspaces/hands-on-introduction-data-engineering-4395021/airflow/dags/two_task_dag.py for tasks to queue
[2025-04-09T21:56:51.915+0000] {logging_mixin.py:150} INFO - [2025-04-09T21:56:51.915+0000] {dagbag.py:541} INFO - Filling up the DagBag from /workspaces/hands-on-introduction-data-engineering-4395021/airflow/dags/two_task_dag.py
[2025-04-09T21:56:51.927+0000] {processor.py:836} INFO - DAG(s) dict_keys(['two_task_dag']) retrieved from /workspaces/hands-on-introduction-data-engineering-4395021/airflow/dags/two_task_dag.py
[2025-04-09T21:56:51.952+0000] {logging_mixin.py:150} INFO - [2025-04-09T21:56:51.952+0000] {dag.py:2742} INFO - Sync 1 DAGs
[2025-04-09T21:56:51.965+0000] {logging_mixin.py:150} INFO - [2025-04-09T21:56:51.965+0000] {dag.py:3504} INFO - Setting next_dagrun for two_task_dag to None, run_after=None
[2025-04-09T21:56:51.978+0000] {processor.py:179} INFO - Processing /workspaces/hands-on-introduction-data-engineering-4395021/airflow/dags/two_task_dag.py took 0.067 seconds
[2025-04-09T21:57:22.452+0000] {processor.py:157} INFO - Started process (PID=59625) to work on /workspaces/hands-on-introduction-data-engineering-4395021/airflow/dags/two_task_dag.py
[2025-04-09T21:57:22.453+0000] {processor.py:826} INFO - Processing file /workspaces/hands-on-introduction-data-engineering-4395021/airflow/dags/two_task_dag.py for tasks to queue
[2025-04-09T21:57:22.453+0000] {logging_mixin.py:150} INFO - [2025-04-09T21:57:22.453+0000] {dagbag.py:541} INFO - Filling up the DagBag from /workspaces/hands-on-introduction-data-engineering-4395021/airflow/dags/two_task_dag.py
[2025-04-09T21:57:22.461+0000] {processor.py:836} INFO - DAG(s) dict_keys(['two_task_dag']) retrieved from /workspaces/hands-on-introduction-data-engineering-4395021/airflow/dags/two_task_dag.py
[2025-04-09T21:57:22.478+0000] {logging_mixin.py:150} INFO - [2025-04-09T21:57:22.478+0000] {dag.py:2742} INFO - Sync 1 DAGs
[2025-04-09T21:57:22.493+0000] {logging_mixin.py:150} INFO - [2025-04-09T21:57:22.493+0000] {dag.py:3504} INFO - Setting next_dagrun for two_task_dag to None, run_after=None
[2025-04-09T21:57:22.506+0000] {processor.py:179} INFO - Processing /workspaces/hands-on-introduction-data-engineering-4395021/airflow/dags/two_task_dag.py took 0.057 seconds
[2025-04-09T21:57:52.814+0000] {processor.py:157} INFO - Started process (PID=59942) to work on /workspaces/hands-on-introduction-data-engineering-4395021/airflow/dags/two_task_dag.py
[2025-04-09T21:57:52.815+0000] {processor.py:826} INFO - Processing file /workspaces/hands-on-introduction-data-engineering-4395021/airflow/dags/two_task_dag.py for tasks to queue
[2025-04-09T21:57:52.816+0000] {logging_mixin.py:150} INFO - [2025-04-09T21:57:52.816+0000] {dagbag.py:541} INFO - Filling up the DagBag from /workspaces/hands-on-introduction-data-engineering-4395021/airflow/dags/two_task_dag.py
[2025-04-09T21:57:52.824+0000] {processor.py:836} INFO - DAG(s) dict_keys(['two_task_dag']) retrieved from /workspaces/hands-on-introduction-data-engineering-4395021/airflow/dags/two_task_dag.py
[2025-04-09T21:57:52.842+0000] {logging_mixin.py:150} INFO - [2025-04-09T21:57:52.842+0000] {dag.py:2742} INFO - Sync 1 DAGs
[2025-04-09T21:57:52.856+0000] {logging_mixin.py:150} INFO - [2025-04-09T21:57:52.856+0000] {dag.py:3504} INFO - Setting next_dagrun for two_task_dag to None, run_after=None
[2025-04-09T21:57:52.869+0000] {processor.py:179} INFO - Processing /workspaces/hands-on-introduction-data-engineering-4395021/airflow/dags/two_task_dag.py took 0.057 seconds
[2025-04-09T21:58:23.310+0000] {processor.py:157} INFO - Started process (PID=60245) to work on /workspaces/hands-on-introduction-data-engineering-4395021/airflow/dags/two_task_dag.py
[2025-04-09T21:58:23.311+0000] {processor.py:826} INFO - Processing file /workspaces/hands-on-introduction-data-engineering-4395021/airflow/dags/two_task_dag.py for tasks to queue
[2025-04-09T21:58:23.312+0000] {logging_mixin.py:150} INFO - [2025-04-09T21:58:23.311+0000] {dagbag.py:541} INFO - Filling up the DagBag from /workspaces/hands-on-introduction-data-engineering-4395021/airflow/dags/two_task_dag.py
[2025-04-09T21:58:23.322+0000] {processor.py:836} INFO - DAG(s) dict_keys(['two_task_dag']) retrieved from /workspaces/hands-on-introduction-data-engineering-4395021/airflow/dags/two_task_dag.py
[2025-04-09T21:58:23.348+0000] {logging_mixin.py:150} INFO - [2025-04-09T21:58:23.348+0000] {dag.py:2742} INFO - Sync 1 DAGs
[2025-04-09T21:58:23.368+0000] {logging_mixin.py:150} INFO - [2025-04-09T21:58:23.368+0000] {dag.py:3504} INFO - Setting next_dagrun for two_task_dag to None, run_after=None
[2025-04-09T21:58:23.400+0000] {processor.py:179} INFO - Processing /workspaces/hands-on-introduction-data-engineering-4395021/airflow/dags/two_task_dag.py took 0.096 seconds
[2025-04-09T21:58:53.770+0000] {processor.py:157} INFO - Started process (PID=60451) to work on /workspaces/hands-on-introduction-data-engineering-4395021/airflow/dags/two_task_dag.py
[2025-04-09T21:58:53.771+0000] {processor.py:826} INFO - Processing file /workspaces/hands-on-introduction-data-engineering-4395021/airflow/dags/two_task_dag.py for tasks to queue
[2025-04-09T21:58:53.771+0000] {logging_mixin.py:150} INFO - [2025-04-09T21:58:53.771+0000] {dagbag.py:541} INFO - Filling up the DagBag from /workspaces/hands-on-introduction-data-engineering-4395021/airflow/dags/two_task_dag.py
[2025-04-09T21:58:53.779+0000] {processor.py:836} INFO - DAG(s) dict_keys(['two_task_dag']) retrieved from /workspaces/hands-on-introduction-data-engineering-4395021/airflow/dags/two_task_dag.py
[2025-04-09T21:58:53.797+0000] {logging_mixin.py:150} INFO - [2025-04-09T21:58:53.797+0000] {dag.py:2742} INFO - Sync 1 DAGs
[2025-04-09T21:58:53.810+0000] {logging_mixin.py:150} INFO - [2025-04-09T21:58:53.810+0000] {dag.py:3504} INFO - Setting next_dagrun for two_task_dag to None, run_after=None
[2025-04-09T21:58:53.824+0000] {processor.py:179} INFO - Processing /workspaces/hands-on-introduction-data-engineering-4395021/airflow/dags/two_task_dag.py took 0.057 seconds
[2025-04-09T21:59:24.346+0000] {processor.py:157} INFO - Started process (PID=60655) to work on /workspaces/hands-on-introduction-data-engineering-4395021/airflow/dags/two_task_dag.py
[2025-04-09T21:59:24.346+0000] {processor.py:826} INFO - Processing file /workspaces/hands-on-introduction-data-engineering-4395021/airflow/dags/two_task_dag.py for tasks to queue
[2025-04-09T21:59:24.347+0000] {logging_mixin.py:150} INFO - [2025-04-09T21:59:24.347+0000] {dagbag.py:541} INFO - Filling up the DagBag from /workspaces/hands-on-introduction-data-engineering-4395021/airflow/dags/two_task_dag.py
[2025-04-09T21:59:24.355+0000] {processor.py:836} INFO - DAG(s) dict_keys(['two_task_dag']) retrieved from /workspaces/hands-on-introduction-data-engineering-4395021/airflow/dags/two_task_dag.py
[2025-04-09T21:59:24.374+0000] {logging_mixin.py:150} INFO - [2025-04-09T21:59:24.374+0000] {dag.py:2742} INFO - Sync 1 DAGs
[2025-04-09T21:59:24.389+0000] {logging_mixin.py:150} INFO - [2025-04-09T21:59:24.389+0000] {dag.py:3504} INFO - Setting next_dagrun for two_task_dag to None, run_after=None
[2025-04-09T21:59:24.402+0000] {processor.py:179} INFO - Processing /workspaces/hands-on-introduction-data-engineering-4395021/airflow/dags/two_task_dag.py took 0.059 seconds
[2025-04-09T21:59:54.910+0000] {processor.py:157} INFO - Started process (PID=60854) to work on /workspaces/hands-on-introduction-data-engineering-4395021/airflow/dags/two_task_dag.py
[2025-04-09T21:59:54.911+0000] {processor.py:826} INFO - Processing file /workspaces/hands-on-introduction-data-engineering-4395021/airflow/dags/two_task_dag.py for tasks to queue
[2025-04-09T21:59:54.912+0000] {logging_mixin.py:150} INFO - [2025-04-09T21:59:54.911+0000] {dagbag.py:541} INFO - Filling up the DagBag from /workspaces/hands-on-introduction-data-engineering-4395021/airflow/dags/two_task_dag.py
[2025-04-09T21:59:54.919+0000] {processor.py:836} INFO - DAG(s) dict_keys(['two_task_dag']) retrieved from /workspaces/hands-on-introduction-data-engineering-4395021/airflow/dags/two_task_dag.py
[2025-04-09T21:59:54.937+0000] {logging_mixin.py:150} INFO - [2025-04-09T21:59:54.937+0000] {dag.py:2742} INFO - Sync 1 DAGs
[2025-04-09T21:59:54.951+0000] {logging_mixin.py:150} INFO - [2025-04-09T21:59:54.951+0000] {dag.py:3504} INFO - Setting next_dagrun for two_task_dag to None, run_after=None
[2025-04-09T21:59:54.964+0000] {processor.py:179} INFO - Processing /workspaces/hands-on-introduction-data-engineering-4395021/airflow/dags/two_task_dag.py took 0.057 seconds
[2025-04-09T22:00:25.385+0000] {processor.py:157} INFO - Started process (PID=61058) to work on /workspaces/hands-on-introduction-data-engineering-4395021/airflow/dags/two_task_dag.py
[2025-04-09T22:00:25.385+0000] {processor.py:826} INFO - Processing file /workspaces/hands-on-introduction-data-engineering-4395021/airflow/dags/two_task_dag.py for tasks to queue
[2025-04-09T22:00:25.386+0000] {logging_mixin.py:150} INFO - [2025-04-09T22:00:25.386+0000] {dagbag.py:541} INFO - Filling up the DagBag from /workspaces/hands-on-introduction-data-engineering-4395021/airflow/dags/two_task_dag.py
[2025-04-09T22:00:25.394+0000] {processor.py:836} INFO - DAG(s) dict_keys(['two_task_dag']) retrieved from /workspaces/hands-on-introduction-data-engineering-4395021/airflow/dags/two_task_dag.py
[2025-04-09T22:00:25.411+0000] {logging_mixin.py:150} INFO - [2025-04-09T22:00:25.411+0000] {dag.py:2742} INFO - Sync 1 DAGs
[2025-04-09T22:00:25.426+0000] {logging_mixin.py:150} INFO - [2025-04-09T22:00:25.426+0000] {dag.py:3504} INFO - Setting next_dagrun for two_task_dag to None, run_after=None
[2025-04-09T22:00:25.439+0000] {processor.py:179} INFO - Processing /workspaces/hands-on-introduction-data-engineering-4395021/airflow/dags/two_task_dag.py took 0.057 seconds
[2025-04-09T22:00:55.771+0000] {processor.py:157} INFO - Started process (PID=61263) to work on /workspaces/hands-on-introduction-data-engineering-4395021/airflow/dags/two_task_dag.py
[2025-04-09T22:00:55.772+0000] {processor.py:826} INFO - Processing file /workspaces/hands-on-introduction-data-engineering-4395021/airflow/dags/two_task_dag.py for tasks to queue
[2025-04-09T22:00:55.773+0000] {logging_mixin.py:150} INFO - [2025-04-09T22:00:55.772+0000] {dagbag.py:541} INFO - Filling up the DagBag from /workspaces/hands-on-introduction-data-engineering-4395021/airflow/dags/two_task_dag.py
[2025-04-09T22:00:55.781+0000] {processor.py:836} INFO - DAG(s) dict_keys(['two_task_dag']) retrieved from /workspaces/hands-on-introduction-data-engineering-4395021/airflow/dags/two_task_dag.py
[2025-04-09T22:00:55.800+0000] {logging_mixin.py:150} INFO - [2025-04-09T22:00:55.800+0000] {dag.py:2742} INFO - Sync 1 DAGs
[2025-04-09T22:00:55.813+0000] {logging_mixin.py:150} INFO - [2025-04-09T22:00:55.813+0000] {dag.py:3504} INFO - Setting next_dagrun for two_task_dag to None, run_after=None
[2025-04-09T22:00:55.827+0000] {processor.py:179} INFO - Processing /workspaces/hands-on-introduction-data-engineering-4395021/airflow/dags/two_task_dag.py took 0.059 seconds
[2025-04-09T22:01:26.906+0000] {processor.py:157} INFO - Started process (PID=61479) to work on /workspaces/hands-on-introduction-data-engineering-4395021/airflow/dags/two_task_dag.py
[2025-04-09T22:01:26.907+0000] {processor.py:826} INFO - Processing file /workspaces/hands-on-introduction-data-engineering-4395021/airflow/dags/two_task_dag.py for tasks to queue
[2025-04-09T22:01:26.908+0000] {logging_mixin.py:150} INFO - [2025-04-09T22:01:26.908+0000] {dagbag.py:541} INFO - Filling up the DagBag from /workspaces/hands-on-introduction-data-engineering-4395021/airflow/dags/two_task_dag.py
[2025-04-09T22:01:26.927+0000] {processor.py:836} INFO - DAG(s) dict_keys(['two_task_dag']) retrieved from /workspaces/hands-on-introduction-data-engineering-4395021/airflow/dags/two_task_dag.py
[2025-04-09T22:01:26.965+0000] {logging_mixin.py:150} INFO - [2025-04-09T22:01:26.965+0000] {dag.py:2742} INFO - Sync 1 DAGs
[2025-04-09T22:01:26.989+0000] {logging_mixin.py:150} INFO - [2025-04-09T22:01:26.988+0000] {dag.py:3504} INFO - Setting next_dagrun for two_task_dag to None, run_after=None
[2025-04-09T22:01:27.016+0000] {processor.py:179} INFO - Processing /workspaces/hands-on-introduction-data-engineering-4395021/airflow/dags/two_task_dag.py took 0.114 seconds
[2025-04-09T22:01:57.177+0000] {processor.py:157} INFO - Started process (PID=61693) to work on /workspaces/hands-on-introduction-data-engineering-4395021/airflow/dags/two_task_dag.py
[2025-04-09T22:01:57.178+0000] {processor.py:826} INFO - Processing file /workspaces/hands-on-introduction-data-engineering-4395021/airflow/dags/two_task_dag.py for tasks to queue
[2025-04-09T22:01:57.178+0000] {logging_mixin.py:150} INFO - [2025-04-09T22:01:57.178+0000] {dagbag.py:541} INFO - Filling up the DagBag from /workspaces/hands-on-introduction-data-engineering-4395021/airflow/dags/two_task_dag.py
[2025-04-09T22:01:57.186+0000] {processor.py:836} INFO - DAG(s) dict_keys(['two_task_dag']) retrieved from /workspaces/hands-on-introduction-data-engineering-4395021/airflow/dags/two_task_dag.py
[2025-04-09T22:01:57.204+0000] {logging_mixin.py:150} INFO - [2025-04-09T22:01:57.204+0000] {dag.py:2742} INFO - Sync 1 DAGs
[2025-04-09T22:01:57.218+0000] {logging_mixin.py:150} INFO - [2025-04-09T22:01:57.218+0000] {dag.py:3504} INFO - Setting next_dagrun for two_task_dag to None, run_after=None
[2025-04-09T22:01:57.233+0000] {processor.py:179} INFO - Processing /workspaces/hands-on-introduction-data-engineering-4395021/airflow/dags/two_task_dag.py took 0.059 seconds
[2025-04-09T22:02:27.593+0000] {processor.py:157} INFO - Started process (PID=61905) to work on /workspaces/hands-on-introduction-data-engineering-4395021/airflow/dags/two_task_dag.py
[2025-04-09T22:02:27.594+0000] {processor.py:826} INFO - Processing file /workspaces/hands-on-introduction-data-engineering-4395021/airflow/dags/two_task_dag.py for tasks to queue
[2025-04-09T22:02:27.595+0000] {logging_mixin.py:150} INFO - [2025-04-09T22:02:27.595+0000] {dagbag.py:541} INFO - Filling up the DagBag from /workspaces/hands-on-introduction-data-engineering-4395021/airflow/dags/two_task_dag.py
[2025-04-09T22:02:27.602+0000] {processor.py:836} INFO - DAG(s) dict_keys(['two_task_dag']) retrieved from /workspaces/hands-on-introduction-data-engineering-4395021/airflow/dags/two_task_dag.py
[2025-04-09T22:02:27.621+0000] {logging_mixin.py:150} INFO - [2025-04-09T22:02:27.621+0000] {dag.py:2742} INFO - Sync 1 DAGs
[2025-04-09T22:02:27.646+0000] {logging_mixin.py:150} INFO - [2025-04-09T22:02:27.645+0000] {dag.py:3504} INFO - Setting next_dagrun for two_task_dag to None, run_after=None
[2025-04-09T22:02:27.678+0000] {processor.py:179} INFO - Processing /workspaces/hands-on-introduction-data-engineering-4395021/airflow/dags/two_task_dag.py took 0.088 seconds
[2025-04-09T22:02:58.343+0000] {processor.py:157} INFO - Started process (PID=62117) to work on /workspaces/hands-on-introduction-data-engineering-4395021/airflow/dags/two_task_dag.py
[2025-04-09T22:02:58.344+0000] {processor.py:826} INFO - Processing file /workspaces/hands-on-introduction-data-engineering-4395021/airflow/dags/two_task_dag.py for tasks to queue
[2025-04-09T22:02:58.346+0000] {logging_mixin.py:150} INFO - [2025-04-09T22:02:58.345+0000] {dagbag.py:541} INFO - Filling up the DagBag from /workspaces/hands-on-introduction-data-engineering-4395021/airflow/dags/two_task_dag.py
[2025-04-09T22:02:58.361+0000] {processor.py:836} INFO - DAG(s) dict_keys(['two_task_dag']) retrieved from /workspaces/hands-on-introduction-data-engineering-4395021/airflow/dags/two_task_dag.py
[2025-04-09T22:02:58.389+0000] {logging_mixin.py:150} INFO - [2025-04-09T22:02:58.389+0000] {dag.py:2742} INFO - Sync 1 DAGs
[2025-04-09T22:02:58.417+0000] {logging_mixin.py:150} INFO - [2025-04-09T22:02:58.417+0000] {dag.py:3504} INFO - Setting next_dagrun for two_task_dag to None, run_after=None
[2025-04-09T22:02:58.440+0000] {processor.py:179} INFO - Processing /workspaces/hands-on-introduction-data-engineering-4395021/airflow/dags/two_task_dag.py took 0.100 seconds
[2025-04-09T22:03:29.071+0000] {processor.py:157} INFO - Started process (PID=62334) to work on /workspaces/hands-on-introduction-data-engineering-4395021/airflow/dags/two_task_dag.py
[2025-04-09T22:03:29.071+0000] {processor.py:826} INFO - Processing file /workspaces/hands-on-introduction-data-engineering-4395021/airflow/dags/two_task_dag.py for tasks to queue
[2025-04-09T22:03:29.072+0000] {logging_mixin.py:150} INFO - [2025-04-09T22:03:29.072+0000] {dagbag.py:541} INFO - Filling up the DagBag from /workspaces/hands-on-introduction-data-engineering-4395021/airflow/dags/two_task_dag.py
[2025-04-09T22:03:29.080+0000] {processor.py:836} INFO - DAG(s) dict_keys(['two_task_dag']) retrieved from /workspaces/hands-on-introduction-data-engineering-4395021/airflow/dags/two_task_dag.py
[2025-04-09T22:03:29.099+0000] {logging_mixin.py:150} INFO - [2025-04-09T22:03:29.099+0000] {dag.py:2742} INFO - Sync 1 DAGs
[2025-04-09T22:03:29.114+0000] {logging_mixin.py:150} INFO - [2025-04-09T22:03:29.113+0000] {dag.py:3504} INFO - Setting next_dagrun for two_task_dag to None, run_after=None
[2025-04-09T22:03:29.128+0000] {processor.py:179} INFO - Processing /workspaces/hands-on-introduction-data-engineering-4395021/airflow/dags/two_task_dag.py took 0.060 seconds
[2025-04-09T22:03:59.959+0000] {processor.py:157} INFO - Started process (PID=62542) to work on /workspaces/hands-on-introduction-data-engineering-4395021/airflow/dags/two_task_dag.py
[2025-04-09T22:03:59.960+0000] {processor.py:826} INFO - Processing file /workspaces/hands-on-introduction-data-engineering-4395021/airflow/dags/two_task_dag.py for tasks to queue
[2025-04-09T22:03:59.961+0000] {logging_mixin.py:150} INFO - [2025-04-09T22:03:59.961+0000] {dagbag.py:541} INFO - Filling up the DagBag from /workspaces/hands-on-introduction-data-engineering-4395021/airflow/dags/two_task_dag.py
[2025-04-09T22:03:59.969+0000] {processor.py:836} INFO - DAG(s) dict_keys(['two_task_dag']) retrieved from /workspaces/hands-on-introduction-data-engineering-4395021/airflow/dags/two_task_dag.py
[2025-04-09T22:03:59.987+0000] {logging_mixin.py:150} INFO - [2025-04-09T22:03:59.987+0000] {dag.py:2742} INFO - Sync 1 DAGs
[2025-04-09T22:04:00.002+0000] {logging_mixin.py:150} INFO - [2025-04-09T22:04:00.002+0000] {dag.py:3504} INFO - Setting next_dagrun for two_task_dag to None, run_after=None
[2025-04-09T22:04:00.015+0000] {processor.py:179} INFO - Processing /workspaces/hands-on-introduction-data-engineering-4395021/airflow/dags/two_task_dag.py took 0.058 seconds
[2025-04-09T22:04:30.116+0000] {processor.py:157} INFO - Started process (PID=62751) to work on /workspaces/hands-on-introduction-data-engineering-4395021/airflow/dags/two_task_dag.py
[2025-04-09T22:04:30.117+0000] {processor.py:826} INFO - Processing file /workspaces/hands-on-introduction-data-engineering-4395021/airflow/dags/two_task_dag.py for tasks to queue
[2025-04-09T22:04:30.119+0000] {logging_mixin.py:150} INFO - [2025-04-09T22:04:30.118+0000] {dagbag.py:541} INFO - Filling up the DagBag from /workspaces/hands-on-introduction-data-engineering-4395021/airflow/dags/two_task_dag.py
[2025-04-09T22:04:30.129+0000] {processor.py:836} INFO - DAG(s) dict_keys(['two_task_dag']) retrieved from /workspaces/hands-on-introduction-data-engineering-4395021/airflow/dags/two_task_dag.py
[2025-04-09T22:04:30.179+0000] {logging_mixin.py:150} INFO - [2025-04-09T22:04:30.179+0000] {dag.py:2742} INFO - Sync 1 DAGs
[2025-04-09T22:04:30.226+0000] {logging_mixin.py:150} INFO - [2025-04-09T22:04:30.225+0000] {dag.py:3504} INFO - Setting next_dagrun for two_task_dag to None, run_after=None
[2025-04-09T22:04:30.264+0000] {processor.py:179} INFO - Processing /workspaces/hands-on-introduction-data-engineering-4395021/airflow/dags/two_task_dag.py took 0.152 seconds
[2025-04-09T22:05:00.670+0000] {processor.py:157} INFO - Started process (PID=62962) to work on /workspaces/hands-on-introduction-data-engineering-4395021/airflow/dags/two_task_dag.py
[2025-04-09T22:05:00.670+0000] {processor.py:826} INFO - Processing file /workspaces/hands-on-introduction-data-engineering-4395021/airflow/dags/two_task_dag.py for tasks to queue
[2025-04-09T22:05:00.671+0000] {logging_mixin.py:150} INFO - [2025-04-09T22:05:00.671+0000] {dagbag.py:541} INFO - Filling up the DagBag from /workspaces/hands-on-introduction-data-engineering-4395021/airflow/dags/two_task_dag.py
[2025-04-09T22:05:00.679+0000] {processor.py:836} INFO - DAG(s) dict_keys(['two_task_dag']) retrieved from /workspaces/hands-on-introduction-data-engineering-4395021/airflow/dags/two_task_dag.py
[2025-04-09T22:05:00.699+0000] {logging_mixin.py:150} INFO - [2025-04-09T22:05:00.699+0000] {dag.py:2742} INFO - Sync 1 DAGs
[2025-04-09T22:05:00.715+0000] {logging_mixin.py:150} INFO - [2025-04-09T22:05:00.715+0000] {dag.py:3504} INFO - Setting next_dagrun for two_task_dag to None, run_after=None
[2025-04-09T22:05:00.730+0000] {processor.py:179} INFO - Processing /workspaces/hands-on-introduction-data-engineering-4395021/airflow/dags/two_task_dag.py took 0.063 seconds
[2025-04-09T22:05:31.070+0000] {processor.py:157} INFO - Started process (PID=63175) to work on /workspaces/hands-on-introduction-data-engineering-4395021/airflow/dags/two_task_dag.py
[2025-04-09T22:05:31.071+0000] {processor.py:826} INFO - Processing file /workspaces/hands-on-introduction-data-engineering-4395021/airflow/dags/two_task_dag.py for tasks to queue
[2025-04-09T22:05:31.072+0000] {logging_mixin.py:150} INFO - [2025-04-09T22:05:31.072+0000] {dagbag.py:541} INFO - Filling up the DagBag from /workspaces/hands-on-introduction-data-engineering-4395021/airflow/dags/two_task_dag.py
[2025-04-09T22:05:31.080+0000] {processor.py:836} INFO - DAG(s) dict_keys(['two_task_dag']) retrieved from /workspaces/hands-on-introduction-data-engineering-4395021/airflow/dags/two_task_dag.py
[2025-04-09T22:05:31.098+0000] {logging_mixin.py:150} INFO - [2025-04-09T22:05:31.098+0000] {dag.py:2742} INFO - Sync 1 DAGs
[2025-04-09T22:05:31.112+0000] {logging_mixin.py:150} INFO - [2025-04-09T22:05:31.112+0000] {dag.py:3504} INFO - Setting next_dagrun for two_task_dag to None, run_after=None
[2025-04-09T22:05:31.126+0000] {processor.py:179} INFO - Processing /workspaces/hands-on-introduction-data-engineering-4395021/airflow/dags/two_task_dag.py took 0.060 seconds
[2025-04-09T22:06:02.381+0000] {processor.py:157} INFO - Started process (PID=63359) to work on /workspaces/hands-on-introduction-data-engineering-4395021/airflow/dags/two_task_dag.py
[2025-04-09T22:06:02.382+0000] {processor.py:826} INFO - Processing file /workspaces/hands-on-introduction-data-engineering-4395021/airflow/dags/two_task_dag.py for tasks to queue
[2025-04-09T22:06:02.383+0000] {logging_mixin.py:150} INFO - [2025-04-09T22:06:02.382+0000] {dagbag.py:541} INFO - Filling up the DagBag from /workspaces/hands-on-introduction-data-engineering-4395021/airflow/dags/two_task_dag.py
[2025-04-09T22:06:02.390+0000] {processor.py:836} INFO - DAG(s) dict_keys(['two_task_dag']) retrieved from /workspaces/hands-on-introduction-data-engineering-4395021/airflow/dags/two_task_dag.py
[2025-04-09T22:06:02.408+0000] {logging_mixin.py:150} INFO - [2025-04-09T22:06:02.408+0000] {dag.py:2742} INFO - Sync 1 DAGs
[2025-04-09T22:06:02.421+0000] {logging_mixin.py:150} INFO - [2025-04-09T22:06:02.421+0000] {dag.py:3504} INFO - Setting next_dagrun for two_task_dag to None, run_after=None
[2025-04-09T22:06:02.435+0000] {processor.py:179} INFO - Processing /workspaces/hands-on-introduction-data-engineering-4395021/airflow/dags/two_task_dag.py took 0.056 seconds
[2025-04-09T22:06:32.672+0000] {processor.py:157} INFO - Started process (PID=63553) to work on /workspaces/hands-on-introduction-data-engineering-4395021/airflow/dags/two_task_dag.py
[2025-04-09T22:06:32.673+0000] {processor.py:826} INFO - Processing file /workspaces/hands-on-introduction-data-engineering-4395021/airflow/dags/two_task_dag.py for tasks to queue
[2025-04-09T22:06:32.674+0000] {logging_mixin.py:150} INFO - [2025-04-09T22:06:32.674+0000] {dagbag.py:541} INFO - Filling up the DagBag from /workspaces/hands-on-introduction-data-engineering-4395021/airflow/dags/two_task_dag.py
[2025-04-09T22:06:32.681+0000] {processor.py:836} INFO - DAG(s) dict_keys(['two_task_dag']) retrieved from /workspaces/hands-on-introduction-data-engineering-4395021/airflow/dags/two_task_dag.py
[2025-04-09T22:06:32.699+0000] {logging_mixin.py:150} INFO - [2025-04-09T22:06:32.699+0000] {dag.py:2742} INFO - Sync 1 DAGs
[2025-04-09T22:06:32.712+0000] {logging_mixin.py:150} INFO - [2025-04-09T22:06:32.712+0000] {dag.py:3504} INFO - Setting next_dagrun for two_task_dag to None, run_after=None
[2025-04-09T22:06:32.728+0000] {processor.py:179} INFO - Processing /workspaces/hands-on-introduction-data-engineering-4395021/airflow/dags/two_task_dag.py took 0.059 seconds
[2025-04-09T22:07:03.923+0000] {processor.py:157} INFO - Started process (PID=63743) to work on /workspaces/hands-on-introduction-data-engineering-4395021/airflow/dags/two_task_dag.py
[2025-04-09T22:07:03.924+0000] {processor.py:826} INFO - Processing file /workspaces/hands-on-introduction-data-engineering-4395021/airflow/dags/two_task_dag.py for tasks to queue
[2025-04-09T22:07:03.924+0000] {logging_mixin.py:150} INFO - [2025-04-09T22:07:03.924+0000] {dagbag.py:541} INFO - Filling up the DagBag from /workspaces/hands-on-introduction-data-engineering-4395021/airflow/dags/two_task_dag.py
[2025-04-09T22:07:03.932+0000] {processor.py:836} INFO - DAG(s) dict_keys(['two_task_dag']) retrieved from /workspaces/hands-on-introduction-data-engineering-4395021/airflow/dags/two_task_dag.py
[2025-04-09T22:07:03.953+0000] {logging_mixin.py:150} INFO - [2025-04-09T22:07:03.953+0000] {dag.py:2742} INFO - Sync 1 DAGs
[2025-04-09T22:07:03.968+0000] {logging_mixin.py:150} INFO - [2025-04-09T22:07:03.968+0000] {dag.py:3504} INFO - Setting next_dagrun for two_task_dag to None, run_after=None
[2025-04-09T22:07:03.982+0000] {processor.py:179} INFO - Processing /workspaces/hands-on-introduction-data-engineering-4395021/airflow/dags/two_task_dag.py took 0.061 seconds
[2025-04-09T22:07:34.318+0000] {processor.py:157} INFO - Started process (PID=63949) to work on /workspaces/hands-on-introduction-data-engineering-4395021/airflow/dags/two_task_dag.py
[2025-04-09T22:07:34.319+0000] {processor.py:826} INFO - Processing file /workspaces/hands-on-introduction-data-engineering-4395021/airflow/dags/two_task_dag.py for tasks to queue
[2025-04-09T22:07:34.320+0000] {logging_mixin.py:150} INFO - [2025-04-09T22:07:34.320+0000] {dagbag.py:541} INFO - Filling up the DagBag from /workspaces/hands-on-introduction-data-engineering-4395021/airflow/dags/two_task_dag.py
[2025-04-09T22:07:34.328+0000] {processor.py:836} INFO - DAG(s) dict_keys(['two_task_dag']) retrieved from /workspaces/hands-on-introduction-data-engineering-4395021/airflow/dags/two_task_dag.py
[2025-04-09T22:07:34.346+0000] {logging_mixin.py:150} INFO - [2025-04-09T22:07:34.345+0000] {dag.py:2742} INFO - Sync 1 DAGs
[2025-04-09T22:07:34.359+0000] {logging_mixin.py:150} INFO - [2025-04-09T22:07:34.359+0000] {dag.py:3504} INFO - Setting next_dagrun for two_task_dag to None, run_after=None
[2025-04-09T22:07:34.372+0000] {processor.py:179} INFO - Processing /workspaces/hands-on-introduction-data-engineering-4395021/airflow/dags/two_task_dag.py took 0.057 seconds
[2025-04-09T22:08:04.718+0000] {processor.py:157} INFO - Started process (PID=64156) to work on /workspaces/hands-on-introduction-data-engineering-4395021/airflow/dags/two_task_dag.py
[2025-04-09T22:08:04.718+0000] {processor.py:826} INFO - Processing file /workspaces/hands-on-introduction-data-engineering-4395021/airflow/dags/two_task_dag.py for tasks to queue
[2025-04-09T22:08:04.719+0000] {logging_mixin.py:150} INFO - [2025-04-09T22:08:04.719+0000] {dagbag.py:541} INFO - Filling up the DagBag from /workspaces/hands-on-introduction-data-engineering-4395021/airflow/dags/two_task_dag.py
[2025-04-09T22:08:04.727+0000] {processor.py:836} INFO - DAG(s) dict_keys(['two_task_dag']) retrieved from /workspaces/hands-on-introduction-data-engineering-4395021/airflow/dags/two_task_dag.py
[2025-04-09T22:08:04.745+0000] {logging_mixin.py:150} INFO - [2025-04-09T22:08:04.744+0000] {dag.py:2742} INFO - Sync 1 DAGs
[2025-04-09T22:08:04.758+0000] {logging_mixin.py:150} INFO - [2025-04-09T22:08:04.758+0000] {dag.py:3504} INFO - Setting next_dagrun for two_task_dag to None, run_after=None
[2025-04-09T22:08:04.772+0000] {processor.py:179} INFO - Processing /workspaces/hands-on-introduction-data-engineering-4395021/airflow/dags/two_task_dag.py took 0.057 seconds
[2025-04-09T22:08:35.116+0000] {processor.py:157} INFO - Started process (PID=64356) to work on /workspaces/hands-on-introduction-data-engineering-4395021/airflow/dags/two_task_dag.py
[2025-04-09T22:08:35.117+0000] {processor.py:826} INFO - Processing file /workspaces/hands-on-introduction-data-engineering-4395021/airflow/dags/two_task_dag.py for tasks to queue
[2025-04-09T22:08:35.118+0000] {logging_mixin.py:150} INFO - [2025-04-09T22:08:35.118+0000] {dagbag.py:541} INFO - Filling up the DagBag from /workspaces/hands-on-introduction-data-engineering-4395021/airflow/dags/two_task_dag.py
[2025-04-09T22:08:35.126+0000] {processor.py:836} INFO - DAG(s) dict_keys(['two_task_dag']) retrieved from /workspaces/hands-on-introduction-data-engineering-4395021/airflow/dags/two_task_dag.py
[2025-04-09T22:08:35.144+0000] {logging_mixin.py:150} INFO - [2025-04-09T22:08:35.143+0000] {dag.py:2742} INFO - Sync 1 DAGs
[2025-04-09T22:08:35.157+0000] {logging_mixin.py:150} INFO - [2025-04-09T22:08:35.157+0000] {dag.py:3504} INFO - Setting next_dagrun for two_task_dag to None, run_after=None
[2025-04-09T22:08:35.171+0000] {processor.py:179} INFO - Processing /workspaces/hands-on-introduction-data-engineering-4395021/airflow/dags/two_task_dag.py took 0.057 seconds
[2025-04-09T22:09:05.514+0000] {processor.py:157} INFO - Started process (PID=64563) to work on /workspaces/hands-on-introduction-data-engineering-4395021/airflow/dags/two_task_dag.py
[2025-04-09T22:09:05.514+0000] {processor.py:826} INFO - Processing file /workspaces/hands-on-introduction-data-engineering-4395021/airflow/dags/two_task_dag.py for tasks to queue
[2025-04-09T22:09:05.515+0000] {logging_mixin.py:150} INFO - [2025-04-09T22:09:05.515+0000] {dagbag.py:541} INFO - Filling up the DagBag from /workspaces/hands-on-introduction-data-engineering-4395021/airflow/dags/two_task_dag.py
[2025-04-09T22:09:05.523+0000] {processor.py:836} INFO - DAG(s) dict_keys(['two_task_dag']) retrieved from /workspaces/hands-on-introduction-data-engineering-4395021/airflow/dags/two_task_dag.py
[2025-04-09T22:09:05.540+0000] {logging_mixin.py:150} INFO - [2025-04-09T22:09:05.540+0000] {dag.py:2742} INFO - Sync 1 DAGs
[2025-04-09T22:09:05.554+0000] {logging_mixin.py:150} INFO - [2025-04-09T22:09:05.553+0000] {dag.py:3504} INFO - Setting next_dagrun for two_task_dag to None, run_after=None
[2025-04-09T22:09:05.567+0000] {processor.py:179} INFO - Processing /workspaces/hands-on-introduction-data-engineering-4395021/airflow/dags/two_task_dag.py took 0.056 seconds
[2025-04-09T22:09:35.910+0000] {processor.py:157} INFO - Started process (PID=64769) to work on /workspaces/hands-on-introduction-data-engineering-4395021/airflow/dags/two_task_dag.py
[2025-04-09T22:09:35.910+0000] {processor.py:826} INFO - Processing file /workspaces/hands-on-introduction-data-engineering-4395021/airflow/dags/two_task_dag.py for tasks to queue
[2025-04-09T22:09:35.911+0000] {logging_mixin.py:150} INFO - [2025-04-09T22:09:35.911+0000] {dagbag.py:541} INFO - Filling up the DagBag from /workspaces/hands-on-introduction-data-engineering-4395021/airflow/dags/two_task_dag.py
[2025-04-09T22:09:35.919+0000] {processor.py:836} INFO - DAG(s) dict_keys(['two_task_dag']) retrieved from /workspaces/hands-on-introduction-data-engineering-4395021/airflow/dags/two_task_dag.py
[2025-04-09T22:09:35.936+0000] {logging_mixin.py:150} INFO - [2025-04-09T22:09:35.936+0000] {dag.py:2742} INFO - Sync 1 DAGs
[2025-04-09T22:09:35.949+0000] {logging_mixin.py:150} INFO - [2025-04-09T22:09:35.949+0000] {dag.py:3504} INFO - Setting next_dagrun for two_task_dag to None, run_after=None
[2025-04-09T22:09:35.962+0000] {processor.py:179} INFO - Processing /workspaces/hands-on-introduction-data-engineering-4395021/airflow/dags/two_task_dag.py took 0.055 seconds
[2025-04-09T22:10:06.306+0000] {processor.py:157} INFO - Started process (PID=64969) to work on /workspaces/hands-on-introduction-data-engineering-4395021/airflow/dags/two_task_dag.py
[2025-04-09T22:10:06.306+0000] {processor.py:826} INFO - Processing file /workspaces/hands-on-introduction-data-engineering-4395021/airflow/dags/two_task_dag.py for tasks to queue
[2025-04-09T22:10:06.307+0000] {logging_mixin.py:150} INFO - [2025-04-09T22:10:06.307+0000] {dagbag.py:541} INFO - Filling up the DagBag from /workspaces/hands-on-introduction-data-engineering-4395021/airflow/dags/two_task_dag.py
[2025-04-09T22:10:06.314+0000] {processor.py:836} INFO - DAG(s) dict_keys(['two_task_dag']) retrieved from /workspaces/hands-on-introduction-data-engineering-4395021/airflow/dags/two_task_dag.py
[2025-04-09T22:10:06.332+0000] {logging_mixin.py:150} INFO - [2025-04-09T22:10:06.332+0000] {dag.py:2742} INFO - Sync 1 DAGs
[2025-04-09T22:10:06.345+0000] {logging_mixin.py:150} INFO - [2025-04-09T22:10:06.345+0000] {dag.py:3504} INFO - Setting next_dagrun for two_task_dag to None, run_after=None
[2025-04-09T22:10:06.358+0000] {processor.py:179} INFO - Processing /workspaces/hands-on-introduction-data-engineering-4395021/airflow/dags/two_task_dag.py took 0.055 seconds
[2025-04-09T22:10:37.007+0000] {processor.py:157} INFO - Started process (PID=65176) to work on /workspaces/hands-on-introduction-data-engineering-4395021/airflow/dags/two_task_dag.py
[2025-04-09T22:10:37.008+0000] {processor.py:826} INFO - Processing file /workspaces/hands-on-introduction-data-engineering-4395021/airflow/dags/two_task_dag.py for tasks to queue
[2025-04-09T22:10:37.009+0000] {logging_mixin.py:150} INFO - [2025-04-09T22:10:37.008+0000] {dagbag.py:541} INFO - Filling up the DagBag from /workspaces/hands-on-introduction-data-engineering-4395021/airflow/dags/two_task_dag.py
[2025-04-09T22:10:37.016+0000] {processor.py:836} INFO - DAG(s) dict_keys(['two_task_dag']) retrieved from /workspaces/hands-on-introduction-data-engineering-4395021/airflow/dags/two_task_dag.py
[2025-04-09T22:10:37.035+0000] {logging_mixin.py:150} INFO - [2025-04-09T22:10:37.035+0000] {dag.py:2742} INFO - Sync 1 DAGs
[2025-04-09T22:10:37.050+0000] {logging_mixin.py:150} INFO - [2025-04-09T22:10:37.049+0000] {dag.py:3504} INFO - Setting next_dagrun for two_task_dag to None, run_after=None
[2025-04-09T22:10:37.064+0000] {processor.py:179} INFO - Processing /workspaces/hands-on-introduction-data-engineering-4395021/airflow/dags/two_task_dag.py took 0.060 seconds
[2025-04-09T22:11:07.392+0000] {processor.py:157} INFO - Started process (PID=65382) to work on /workspaces/hands-on-introduction-data-engineering-4395021/airflow/dags/two_task_dag.py
[2025-04-09T22:11:07.392+0000] {processor.py:826} INFO - Processing file /workspaces/hands-on-introduction-data-engineering-4395021/airflow/dags/two_task_dag.py for tasks to queue
[2025-04-09T22:11:07.393+0000] {logging_mixin.py:150} INFO - [2025-04-09T22:11:07.393+0000] {dagbag.py:541} INFO - Filling up the DagBag from /workspaces/hands-on-introduction-data-engineering-4395021/airflow/dags/two_task_dag.py
[2025-04-09T22:11:07.400+0000] {processor.py:836} INFO - DAG(s) dict_keys(['two_task_dag']) retrieved from /workspaces/hands-on-introduction-data-engineering-4395021/airflow/dags/two_task_dag.py
[2025-04-09T22:11:07.428+0000] {logging_mixin.py:150} INFO - [2025-04-09T22:11:07.428+0000] {dag.py:2742} INFO - Sync 1 DAGs
[2025-04-09T22:11:07.442+0000] {logging_mixin.py:150} INFO - [2025-04-09T22:11:07.442+0000] {dag.py:3504} INFO - Setting next_dagrun for two_task_dag to None, run_after=None
[2025-04-09T22:11:07.455+0000] {processor.py:179} INFO - Processing /workspaces/hands-on-introduction-data-engineering-4395021/airflow/dags/two_task_dag.py took 0.066 seconds
[2025-04-09T22:11:37.775+0000] {processor.py:157} INFO - Started process (PID=65583) to work on /workspaces/hands-on-introduction-data-engineering-4395021/airflow/dags/two_task_dag.py
[2025-04-09T22:11:37.776+0000] {processor.py:826} INFO - Processing file /workspaces/hands-on-introduction-data-engineering-4395021/airflow/dags/two_task_dag.py for tasks to queue
[2025-04-09T22:11:37.777+0000] {logging_mixin.py:150} INFO - [2025-04-09T22:11:37.776+0000] {dagbag.py:541} INFO - Filling up the DagBag from /workspaces/hands-on-introduction-data-engineering-4395021/airflow/dags/two_task_dag.py
[2025-04-09T22:11:37.784+0000] {processor.py:836} INFO - DAG(s) dict_keys(['two_task_dag']) retrieved from /workspaces/hands-on-introduction-data-engineering-4395021/airflow/dags/two_task_dag.py
[2025-04-09T22:11:37.802+0000] {logging_mixin.py:150} INFO - [2025-04-09T22:11:37.802+0000] {dag.py:2742} INFO - Sync 1 DAGs
[2025-04-09T22:11:37.816+0000] {logging_mixin.py:150} INFO - [2025-04-09T22:11:37.816+0000] {dag.py:3504} INFO - Setting next_dagrun for two_task_dag to None, run_after=None
[2025-04-09T22:11:37.829+0000] {processor.py:179} INFO - Processing /workspaces/hands-on-introduction-data-engineering-4395021/airflow/dags/two_task_dag.py took 0.057 seconds
[2025-04-09T22:12:08.261+0000] {processor.py:157} INFO - Started process (PID=65789) to work on /workspaces/hands-on-introduction-data-engineering-4395021/airflow/dags/two_task_dag.py
[2025-04-09T22:12:08.261+0000] {processor.py:826} INFO - Processing file /workspaces/hands-on-introduction-data-engineering-4395021/airflow/dags/two_task_dag.py for tasks to queue
[2025-04-09T22:12:08.262+0000] {logging_mixin.py:150} INFO - [2025-04-09T22:12:08.262+0000] {dagbag.py:541} INFO - Filling up the DagBag from /workspaces/hands-on-introduction-data-engineering-4395021/airflow/dags/two_task_dag.py
[2025-04-09T22:12:08.270+0000] {processor.py:836} INFO - DAG(s) dict_keys(['two_task_dag']) retrieved from /workspaces/hands-on-introduction-data-engineering-4395021/airflow/dags/two_task_dag.py
[2025-04-09T22:12:08.287+0000] {logging_mixin.py:150} INFO - [2025-04-09T22:12:08.287+0000] {dag.py:2742} INFO - Sync 1 DAGs
[2025-04-09T22:12:08.301+0000] {logging_mixin.py:150} INFO - [2025-04-09T22:12:08.301+0000] {dag.py:3504} INFO - Setting next_dagrun for two_task_dag to None, run_after=None
[2025-04-09T22:12:08.315+0000] {processor.py:179} INFO - Processing /workspaces/hands-on-introduction-data-engineering-4395021/airflow/dags/two_task_dag.py took 0.057 seconds
[2025-04-09T22:12:38.651+0000] {processor.py:157} INFO - Started process (PID=65989) to work on /workspaces/hands-on-introduction-data-engineering-4395021/airflow/dags/two_task_dag.py
[2025-04-09T22:12:38.652+0000] {processor.py:826} INFO - Processing file /workspaces/hands-on-introduction-data-engineering-4395021/airflow/dags/two_task_dag.py for tasks to queue
[2025-04-09T22:12:38.653+0000] {logging_mixin.py:150} INFO - [2025-04-09T22:12:38.653+0000] {dagbag.py:541} INFO - Filling up the DagBag from /workspaces/hands-on-introduction-data-engineering-4395021/airflow/dags/two_task_dag.py
[2025-04-09T22:12:38.661+0000] {processor.py:836} INFO - DAG(s) dict_keys(['two_task_dag']) retrieved from /workspaces/hands-on-introduction-data-engineering-4395021/airflow/dags/two_task_dag.py
[2025-04-09T22:12:38.679+0000] {logging_mixin.py:150} INFO - [2025-04-09T22:12:38.679+0000] {dag.py:2742} INFO - Sync 1 DAGs
[2025-04-09T22:12:38.693+0000] {logging_mixin.py:150} INFO - [2025-04-09T22:12:38.693+0000] {dag.py:3504} INFO - Setting next_dagrun for two_task_dag to None, run_after=None
[2025-04-09T22:12:38.707+0000] {processor.py:179} INFO - Processing /workspaces/hands-on-introduction-data-engineering-4395021/airflow/dags/two_task_dag.py took 0.058 seconds
[2025-04-09T22:13:09.022+0000] {processor.py:157} INFO - Started process (PID=66195) to work on /workspaces/hands-on-introduction-data-engineering-4395021/airflow/dags/two_task_dag.py
[2025-04-09T22:13:09.022+0000] {processor.py:826} INFO - Processing file /workspaces/hands-on-introduction-data-engineering-4395021/airflow/dags/two_task_dag.py for tasks to queue
[2025-04-09T22:13:09.023+0000] {logging_mixin.py:150} INFO - [2025-04-09T22:13:09.023+0000] {dagbag.py:541} INFO - Filling up the DagBag from /workspaces/hands-on-introduction-data-engineering-4395021/airflow/dags/two_task_dag.py
[2025-04-09T22:13:09.031+0000] {processor.py:836} INFO - DAG(s) dict_keys(['two_task_dag']) retrieved from /workspaces/hands-on-introduction-data-engineering-4395021/airflow/dags/two_task_dag.py
[2025-04-09T22:13:09.050+0000] {logging_mixin.py:150} INFO - [2025-04-09T22:13:09.049+0000] {dag.py:2742} INFO - Sync 1 DAGs
[2025-04-09T22:13:09.063+0000] {logging_mixin.py:150} INFO - [2025-04-09T22:13:09.063+0000] {dag.py:3504} INFO - Setting next_dagrun for two_task_dag to None, run_after=None
[2025-04-09T22:13:09.078+0000] {processor.py:179} INFO - Processing /workspaces/hands-on-introduction-data-engineering-4395021/airflow/dags/two_task_dag.py took 0.059 seconds
[2025-04-09T22:13:39.408+0000] {processor.py:157} INFO - Started process (PID=66401) to work on /workspaces/hands-on-introduction-data-engineering-4395021/airflow/dags/two_task_dag.py
[2025-04-09T22:13:39.408+0000] {processor.py:826} INFO - Processing file /workspaces/hands-on-introduction-data-engineering-4395021/airflow/dags/two_task_dag.py for tasks to queue
[2025-04-09T22:13:39.409+0000] {logging_mixin.py:150} INFO - [2025-04-09T22:13:39.409+0000] {dagbag.py:541} INFO - Filling up the DagBag from /workspaces/hands-on-introduction-data-engineering-4395021/airflow/dags/two_task_dag.py
[2025-04-09T22:13:39.416+0000] {processor.py:836} INFO - DAG(s) dict_keys(['two_task_dag']) retrieved from /workspaces/hands-on-introduction-data-engineering-4395021/airflow/dags/two_task_dag.py
[2025-04-09T22:13:39.434+0000] {logging_mixin.py:150} INFO - [2025-04-09T22:13:39.434+0000] {dag.py:2742} INFO - Sync 1 DAGs
[2025-04-09T22:13:39.447+0000] {logging_mixin.py:150} INFO - [2025-04-09T22:13:39.447+0000] {dag.py:3504} INFO - Setting next_dagrun for two_task_dag to None, run_after=None
[2025-04-09T22:13:39.461+0000] {processor.py:179} INFO - Processing /workspaces/hands-on-introduction-data-engineering-4395021/airflow/dags/two_task_dag.py took 0.055 seconds
[2025-04-09T22:14:09.790+0000] {processor.py:157} INFO - Started process (PID=66595) to work on /workspaces/hands-on-introduction-data-engineering-4395021/airflow/dags/two_task_dag.py
[2025-04-09T22:14:09.791+0000] {processor.py:826} INFO - Processing file /workspaces/hands-on-introduction-data-engineering-4395021/airflow/dags/two_task_dag.py for tasks to queue
[2025-04-09T22:14:09.791+0000] {logging_mixin.py:150} INFO - [2025-04-09T22:14:09.791+0000] {dagbag.py:541} INFO - Filling up the DagBag from /workspaces/hands-on-introduction-data-engineering-4395021/airflow/dags/two_task_dag.py
[2025-04-09T22:14:09.799+0000] {processor.py:836} INFO - DAG(s) dict_keys(['two_task_dag']) retrieved from /workspaces/hands-on-introduction-data-engineering-4395021/airflow/dags/two_task_dag.py
[2025-04-09T22:14:09.817+0000] {logging_mixin.py:150} INFO - [2025-04-09T22:14:09.817+0000] {dag.py:2742} INFO - Sync 1 DAGs
[2025-04-09T22:14:09.831+0000] {logging_mixin.py:150} INFO - [2025-04-09T22:14:09.831+0000] {dag.py:3504} INFO - Setting next_dagrun for two_task_dag to None, run_after=None
[2025-04-09T22:14:09.845+0000] {processor.py:179} INFO - Processing /workspaces/hands-on-introduction-data-engineering-4395021/airflow/dags/two_task_dag.py took 0.058 seconds
[2025-04-09T22:14:40.179+0000] {processor.py:157} INFO - Started process (PID=66802) to work on /workspaces/hands-on-introduction-data-engineering-4395021/airflow/dags/two_task_dag.py
[2025-04-09T22:14:40.180+0000] {processor.py:826} INFO - Processing file /workspaces/hands-on-introduction-data-engineering-4395021/airflow/dags/two_task_dag.py for tasks to queue
[2025-04-09T22:14:40.181+0000] {logging_mixin.py:150} INFO - [2025-04-09T22:14:40.181+0000] {dagbag.py:541} INFO - Filling up the DagBag from /workspaces/hands-on-introduction-data-engineering-4395021/airflow/dags/two_task_dag.py
[2025-04-09T22:14:40.189+0000] {processor.py:836} INFO - DAG(s) dict_keys(['two_task_dag']) retrieved from /workspaces/hands-on-introduction-data-engineering-4395021/airflow/dags/two_task_dag.py
[2025-04-09T22:14:40.207+0000] {logging_mixin.py:150} INFO - [2025-04-09T22:14:40.207+0000] {dag.py:2742} INFO - Sync 1 DAGs
[2025-04-09T22:14:40.221+0000] {logging_mixin.py:150} INFO - [2025-04-09T22:14:40.221+0000] {dag.py:3504} INFO - Setting next_dagrun for two_task_dag to None, run_after=None
[2025-04-09T22:14:40.234+0000] {processor.py:179} INFO - Processing /workspaces/hands-on-introduction-data-engineering-4395021/airflow/dags/two_task_dag.py took 0.057 seconds
[2025-04-09T22:15:10.576+0000] {processor.py:157} INFO - Started process (PID=67009) to work on /workspaces/hands-on-introduction-data-engineering-4395021/airflow/dags/two_task_dag.py
[2025-04-09T22:15:10.576+0000] {processor.py:826} INFO - Processing file /workspaces/hands-on-introduction-data-engineering-4395021/airflow/dags/two_task_dag.py for tasks to queue
[2025-04-09T22:15:10.577+0000] {logging_mixin.py:150} INFO - [2025-04-09T22:15:10.577+0000] {dagbag.py:541} INFO - Filling up the DagBag from /workspaces/hands-on-introduction-data-engineering-4395021/airflow/dags/two_task_dag.py
[2025-04-09T22:15:10.585+0000] {processor.py:836} INFO - DAG(s) dict_keys(['two_task_dag']) retrieved from /workspaces/hands-on-introduction-data-engineering-4395021/airflow/dags/two_task_dag.py
[2025-04-09T22:15:10.603+0000] {logging_mixin.py:150} INFO - [2025-04-09T22:15:10.602+0000] {dag.py:2742} INFO - Sync 1 DAGs
[2025-04-09T22:15:10.620+0000] {logging_mixin.py:150} INFO - [2025-04-09T22:15:10.620+0000] {dag.py:3504} INFO - Setting next_dagrun for two_task_dag to None, run_after=None
[2025-04-09T22:15:10.639+0000] {processor.py:179} INFO - Processing /workspaces/hands-on-introduction-data-engineering-4395021/airflow/dags/two_task_dag.py took 0.066 seconds
[2025-04-09T22:15:41.063+0000] {processor.py:157} INFO - Started process (PID=67215) to work on /workspaces/hands-on-introduction-data-engineering-4395021/airflow/dags/two_task_dag.py
[2025-04-09T22:15:41.063+0000] {processor.py:826} INFO - Processing file /workspaces/hands-on-introduction-data-engineering-4395021/airflow/dags/two_task_dag.py for tasks to queue
[2025-04-09T22:15:41.064+0000] {logging_mixin.py:150} INFO - [2025-04-09T22:15:41.064+0000] {dagbag.py:541} INFO - Filling up the DagBag from /workspaces/hands-on-introduction-data-engineering-4395021/airflow/dags/two_task_dag.py
[2025-04-09T22:15:41.072+0000] {processor.py:836} INFO - DAG(s) dict_keys(['two_task_dag']) retrieved from /workspaces/hands-on-introduction-data-engineering-4395021/airflow/dags/two_task_dag.py
[2025-04-09T22:15:41.091+0000] {logging_mixin.py:150} INFO - [2025-04-09T22:15:41.091+0000] {dag.py:2742} INFO - Sync 1 DAGs
[2025-04-09T22:15:41.105+0000] {logging_mixin.py:150} INFO - [2025-04-09T22:15:41.105+0000] {dag.py:3504} INFO - Setting next_dagrun for two_task_dag to None, run_after=None
[2025-04-09T22:15:41.118+0000] {processor.py:179} INFO - Processing /workspaces/hands-on-introduction-data-engineering-4395021/airflow/dags/two_task_dag.py took 0.058 seconds
[2025-04-09T22:16:11.552+0000] {processor.py:157} INFO - Started process (PID=67413) to work on /workspaces/hands-on-introduction-data-engineering-4395021/airflow/dags/two_task_dag.py
[2025-04-09T22:16:11.553+0000] {processor.py:826} INFO - Processing file /workspaces/hands-on-introduction-data-engineering-4395021/airflow/dags/two_task_dag.py for tasks to queue
[2025-04-09T22:16:11.554+0000] {logging_mixin.py:150} INFO - [2025-04-09T22:16:11.553+0000] {dagbag.py:541} INFO - Filling up the DagBag from /workspaces/hands-on-introduction-data-engineering-4395021/airflow/dags/two_task_dag.py
[2025-04-09T22:16:11.561+0000] {processor.py:836} INFO - DAG(s) dict_keys(['two_task_dag']) retrieved from /workspaces/hands-on-introduction-data-engineering-4395021/airflow/dags/two_task_dag.py
[2025-04-09T22:16:11.580+0000] {logging_mixin.py:150} INFO - [2025-04-09T22:16:11.579+0000] {dag.py:2742} INFO - Sync 1 DAGs
[2025-04-09T22:16:11.594+0000] {logging_mixin.py:150} INFO - [2025-04-09T22:16:11.593+0000] {dag.py:3504} INFO - Setting next_dagrun for two_task_dag to None, run_after=None
[2025-04-09T22:16:11.607+0000] {processor.py:179} INFO - Processing /workspaces/hands-on-introduction-data-engineering-4395021/airflow/dags/two_task_dag.py took 0.057 seconds
[2025-04-09T22:16:41.940+0000] {processor.py:157} INFO - Started process (PID=67608) to work on /workspaces/hands-on-introduction-data-engineering-4395021/airflow/dags/two_task_dag.py
[2025-04-09T22:16:41.940+0000] {processor.py:826} INFO - Processing file /workspaces/hands-on-introduction-data-engineering-4395021/airflow/dags/two_task_dag.py for tasks to queue
[2025-04-09T22:16:41.941+0000] {logging_mixin.py:150} INFO - [2025-04-09T22:16:41.941+0000] {dagbag.py:541} INFO - Filling up the DagBag from /workspaces/hands-on-introduction-data-engineering-4395021/airflow/dags/two_task_dag.py
[2025-04-09T22:16:41.949+0000] {processor.py:836} INFO - DAG(s) dict_keys(['two_task_dag']) retrieved from /workspaces/hands-on-introduction-data-engineering-4395021/airflow/dags/two_task_dag.py
[2025-04-09T22:16:41.966+0000] {logging_mixin.py:150} INFO - [2025-04-09T22:16:41.966+0000] {dag.py:2742} INFO - Sync 1 DAGs
[2025-04-09T22:16:41.979+0000] {logging_mixin.py:150} INFO - [2025-04-09T22:16:41.979+0000] {dag.py:3504} INFO - Setting next_dagrun for two_task_dag to None, run_after=None
[2025-04-09T22:16:41.992+0000] {processor.py:179} INFO - Processing /workspaces/hands-on-introduction-data-engineering-4395021/airflow/dags/two_task_dag.py took 0.055 seconds
[2025-04-09T22:17:12.325+0000] {processor.py:157} INFO - Started process (PID=67791) to work on /workspaces/hands-on-introduction-data-engineering-4395021/airflow/dags/two_task_dag.py
[2025-04-09T22:17:12.325+0000] {processor.py:826} INFO - Processing file /workspaces/hands-on-introduction-data-engineering-4395021/airflow/dags/two_task_dag.py for tasks to queue
[2025-04-09T22:17:12.326+0000] {logging_mixin.py:150} INFO - [2025-04-09T22:17:12.326+0000] {dagbag.py:541} INFO - Filling up the DagBag from /workspaces/hands-on-introduction-data-engineering-4395021/airflow/dags/two_task_dag.py
[2025-04-09T22:17:12.334+0000] {processor.py:836} INFO - DAG(s) dict_keys(['two_task_dag']) retrieved from /workspaces/hands-on-introduction-data-engineering-4395021/airflow/dags/two_task_dag.py
[2025-04-09T22:17:12.352+0000] {logging_mixin.py:150} INFO - [2025-04-09T22:17:12.352+0000] {dag.py:2742} INFO - Sync 1 DAGs
[2025-04-09T22:17:12.365+0000] {logging_mixin.py:150} INFO - [2025-04-09T22:17:12.365+0000] {dag.py:3504} INFO - Setting next_dagrun for two_task_dag to None, run_after=None
[2025-04-09T22:17:12.379+0000] {processor.py:179} INFO - Processing /workspaces/hands-on-introduction-data-engineering-4395021/airflow/dags/two_task_dag.py took 0.057 seconds
[2025-04-09T22:17:42.719+0000] {processor.py:157} INFO - Started process (PID=67981) to work on /workspaces/hands-on-introduction-data-engineering-4395021/airflow/dags/two_task_dag.py
[2025-04-09T22:17:42.720+0000] {processor.py:826} INFO - Processing file /workspaces/hands-on-introduction-data-engineering-4395021/airflow/dags/two_task_dag.py for tasks to queue
[2025-04-09T22:17:42.721+0000] {logging_mixin.py:150} INFO - [2025-04-09T22:17:42.721+0000] {dagbag.py:541} INFO - Filling up the DagBag from /workspaces/hands-on-introduction-data-engineering-4395021/airflow/dags/two_task_dag.py
[2025-04-09T22:17:42.728+0000] {processor.py:836} INFO - DAG(s) dict_keys(['two_task_dag']) retrieved from /workspaces/hands-on-introduction-data-engineering-4395021/airflow/dags/two_task_dag.py
[2025-04-09T22:17:42.753+0000] {logging_mixin.py:150} INFO - [2025-04-09T22:17:42.752+0000] {dag.py:2742} INFO - Sync 1 DAGs
[2025-04-09T22:17:42.775+0000] {logging_mixin.py:150} INFO - [2025-04-09T22:17:42.775+0000] {dag.py:3504} INFO - Setting next_dagrun for two_task_dag to None, run_after=None
[2025-04-09T22:17:42.810+0000] {processor.py:179} INFO - Processing /workspaces/hands-on-introduction-data-engineering-4395021/airflow/dags/two_task_dag.py took 0.093 seconds
[2025-04-09T22:18:13.111+0000] {processor.py:157} INFO - Started process (PID=68194) to work on /workspaces/hands-on-introduction-data-engineering-4395021/airflow/dags/two_task_dag.py
[2025-04-09T22:18:13.112+0000] {processor.py:826} INFO - Processing file /workspaces/hands-on-introduction-data-engineering-4395021/airflow/dags/two_task_dag.py for tasks to queue
[2025-04-09T22:18:13.113+0000] {logging_mixin.py:150} INFO - [2025-04-09T22:18:13.113+0000] {dagbag.py:541} INFO - Filling up the DagBag from /workspaces/hands-on-introduction-data-engineering-4395021/airflow/dags/two_task_dag.py
[2025-04-09T22:18:13.126+0000] {processor.py:836} INFO - DAG(s) dict_keys(['two_task_dag']) retrieved from /workspaces/hands-on-introduction-data-engineering-4395021/airflow/dags/two_task_dag.py
[2025-04-09T22:18:13.156+0000] {logging_mixin.py:150} INFO - [2025-04-09T22:18:13.156+0000] {dag.py:2742} INFO - Sync 1 DAGs
[2025-04-09T22:18:13.181+0000] {logging_mixin.py:150} INFO - [2025-04-09T22:18:13.180+0000] {dag.py:3504} INFO - Setting next_dagrun for two_task_dag to None, run_after=None
[2025-04-09T22:18:13.197+0000] {processor.py:179} INFO - Processing /workspaces/hands-on-introduction-data-engineering-4395021/airflow/dags/two_task_dag.py took 0.089 seconds
[2025-04-09T22:18:43.490+0000] {processor.py:157} INFO - Started process (PID=68402) to work on /workspaces/hands-on-introduction-data-engineering-4395021/airflow/dags/two_task_dag.py
[2025-04-09T22:18:43.491+0000] {processor.py:826} INFO - Processing file /workspaces/hands-on-introduction-data-engineering-4395021/airflow/dags/two_task_dag.py for tasks to queue
[2025-04-09T22:18:43.491+0000] {logging_mixin.py:150} INFO - [2025-04-09T22:18:43.491+0000] {dagbag.py:541} INFO - Filling up the DagBag from /workspaces/hands-on-introduction-data-engineering-4395021/airflow/dags/two_task_dag.py
[2025-04-09T22:18:43.499+0000] {processor.py:836} INFO - DAG(s) dict_keys(['two_task_dag']) retrieved from /workspaces/hands-on-introduction-data-engineering-4395021/airflow/dags/two_task_dag.py
[2025-04-09T22:18:43.516+0000] {logging_mixin.py:150} INFO - [2025-04-09T22:18:43.516+0000] {dag.py:2742} INFO - Sync 1 DAGs
[2025-04-09T22:18:43.530+0000] {logging_mixin.py:150} INFO - [2025-04-09T22:18:43.530+0000] {dag.py:3504} INFO - Setting next_dagrun for two_task_dag to None, run_after=None
[2025-04-09T22:18:43.544+0000] {processor.py:179} INFO - Processing /workspaces/hands-on-introduction-data-engineering-4395021/airflow/dags/two_task_dag.py took 0.057 seconds
[2025-04-09T22:19:13.879+0000] {processor.py:157} INFO - Started process (PID=68608) to work on /workspaces/hands-on-introduction-data-engineering-4395021/airflow/dags/two_task_dag.py
[2025-04-09T22:19:13.880+0000] {processor.py:826} INFO - Processing file /workspaces/hands-on-introduction-data-engineering-4395021/airflow/dags/two_task_dag.py for tasks to queue
[2025-04-09T22:19:13.880+0000] {logging_mixin.py:150} INFO - [2025-04-09T22:19:13.880+0000] {dagbag.py:541} INFO - Filling up the DagBag from /workspaces/hands-on-introduction-data-engineering-4395021/airflow/dags/two_task_dag.py
[2025-04-09T22:19:13.888+0000] {processor.py:836} INFO - DAG(s) dict_keys(['two_task_dag']) retrieved from /workspaces/hands-on-introduction-data-engineering-4395021/airflow/dags/two_task_dag.py
[2025-04-09T22:19:13.906+0000] {logging_mixin.py:150} INFO - [2025-04-09T22:19:13.905+0000] {dag.py:2742} INFO - Sync 1 DAGs
[2025-04-09T22:19:13.919+0000] {logging_mixin.py:150} INFO - [2025-04-09T22:19:13.919+0000] {dag.py:3504} INFO - Setting next_dagrun for two_task_dag to None, run_after=None
[2025-04-09T22:19:13.932+0000] {processor.py:179} INFO - Processing /workspaces/hands-on-introduction-data-engineering-4395021/airflow/dags/two_task_dag.py took 0.058 seconds
[2025-04-09T22:19:44.390+0000] {processor.py:157} INFO - Started process (PID=68810) to work on /workspaces/hands-on-introduction-data-engineering-4395021/airflow/dags/two_task_dag.py
[2025-04-09T22:19:44.391+0000] {processor.py:826} INFO - Processing file /workspaces/hands-on-introduction-data-engineering-4395021/airflow/dags/two_task_dag.py for tasks to queue
[2025-04-09T22:19:44.392+0000] {logging_mixin.py:150} INFO - [2025-04-09T22:19:44.392+0000] {dagbag.py:541} INFO - Filling up the DagBag from /workspaces/hands-on-introduction-data-engineering-4395021/airflow/dags/two_task_dag.py
[2025-04-09T22:19:44.403+0000] {processor.py:836} INFO - DAG(s) dict_keys(['two_task_dag']) retrieved from /workspaces/hands-on-introduction-data-engineering-4395021/airflow/dags/two_task_dag.py
[2025-04-09T22:19:44.425+0000] {logging_mixin.py:150} INFO - [2025-04-09T22:19:44.425+0000] {dag.py:2742} INFO - Sync 1 DAGs
[2025-04-09T22:19:44.455+0000] {logging_mixin.py:150} INFO - [2025-04-09T22:19:44.455+0000] {dag.py:3504} INFO - Setting next_dagrun for two_task_dag to None, run_after=None
[2025-04-09T22:19:44.489+0000] {processor.py:179} INFO - Processing /workspaces/hands-on-introduction-data-engineering-4395021/airflow/dags/two_task_dag.py took 0.104 seconds
[2025-04-09T22:20:14.874+0000] {processor.py:157} INFO - Started process (PID=69016) to work on /workspaces/hands-on-introduction-data-engineering-4395021/airflow/dags/two_task_dag.py
[2025-04-09T22:20:14.875+0000] {processor.py:826} INFO - Processing file /workspaces/hands-on-introduction-data-engineering-4395021/airflow/dags/two_task_dag.py for tasks to queue
[2025-04-09T22:20:14.875+0000] {logging_mixin.py:150} INFO - [2025-04-09T22:20:14.875+0000] {dagbag.py:541} INFO - Filling up the DagBag from /workspaces/hands-on-introduction-data-engineering-4395021/airflow/dags/two_task_dag.py
[2025-04-09T22:20:14.883+0000] {processor.py:836} INFO - DAG(s) dict_keys(['two_task_dag']) retrieved from /workspaces/hands-on-introduction-data-engineering-4395021/airflow/dags/two_task_dag.py
[2025-04-09T22:20:14.902+0000] {logging_mixin.py:150} INFO - [2025-04-09T22:20:14.902+0000] {dag.py:2742} INFO - Sync 1 DAGs
[2025-04-09T22:20:14.916+0000] {logging_mixin.py:150} INFO - [2025-04-09T22:20:14.916+0000] {dag.py:3504} INFO - Setting next_dagrun for two_task_dag to None, run_after=None
[2025-04-09T22:20:14.931+0000] {processor.py:179} INFO - Processing /workspaces/hands-on-introduction-data-engineering-4395021/airflow/dags/two_task_dag.py took 0.060 seconds
[2025-04-09T22:20:45.796+0000] {processor.py:157} INFO - Started process (PID=69218) to work on /workspaces/hands-on-introduction-data-engineering-4395021/airflow/dags/two_task_dag.py
[2025-04-09T22:20:45.797+0000] {processor.py:826} INFO - Processing file /workspaces/hands-on-introduction-data-engineering-4395021/airflow/dags/two_task_dag.py for tasks to queue
[2025-04-09T22:20:45.798+0000] {logging_mixin.py:150} INFO - [2025-04-09T22:20:45.797+0000] {dagbag.py:541} INFO - Filling up the DagBag from /workspaces/hands-on-introduction-data-engineering-4395021/airflow/dags/two_task_dag.py
[2025-04-09T22:20:45.812+0000] {processor.py:836} INFO - DAG(s) dict_keys(['two_task_dag']) retrieved from /workspaces/hands-on-introduction-data-engineering-4395021/airflow/dags/two_task_dag.py
[2025-04-09T22:20:45.837+0000] {logging_mixin.py:150} INFO - [2025-04-09T22:20:45.836+0000] {dag.py:2742} INFO - Sync 1 DAGs
[2025-04-09T22:20:45.866+0000] {logging_mixin.py:150} INFO - [2025-04-09T22:20:45.866+0000] {dag.py:3504} INFO - Setting next_dagrun for two_task_dag to None, run_after=None
[2025-04-09T22:20:45.908+0000] {processor.py:179} INFO - Processing /workspaces/hands-on-introduction-data-engineering-4395021/airflow/dags/two_task_dag.py took 0.115 seconds
[2025-04-09T22:21:16.464+0000] {processor.py:157} INFO - Started process (PID=69428) to work on /workspaces/hands-on-introduction-data-engineering-4395021/airflow/dags/two_task_dag.py
[2025-04-09T22:21:16.465+0000] {processor.py:826} INFO - Processing file /workspaces/hands-on-introduction-data-engineering-4395021/airflow/dags/two_task_dag.py for tasks to queue
[2025-04-09T22:21:16.466+0000] {logging_mixin.py:150} INFO - [2025-04-09T22:21:16.466+0000] {dagbag.py:541} INFO - Filling up the DagBag from /workspaces/hands-on-introduction-data-engineering-4395021/airflow/dags/two_task_dag.py
[2025-04-09T22:21:16.475+0000] {processor.py:836} INFO - DAG(s) dict_keys(['two_task_dag']) retrieved from /workspaces/hands-on-introduction-data-engineering-4395021/airflow/dags/two_task_dag.py
[2025-04-09T22:21:16.493+0000] {logging_mixin.py:150} INFO - [2025-04-09T22:21:16.493+0000] {dag.py:2742} INFO - Sync 1 DAGs
[2025-04-09T22:21:16.507+0000] {logging_mixin.py:150} INFO - [2025-04-09T22:21:16.507+0000] {dag.py:3504} INFO - Setting next_dagrun for two_task_dag to None, run_after=None
[2025-04-09T22:21:16.521+0000] {processor.py:179} INFO - Processing /workspaces/hands-on-introduction-data-engineering-4395021/airflow/dags/two_task_dag.py took 0.059 seconds
[2025-04-09T22:21:47.025+0000] {processor.py:157} INFO - Started process (PID=69633) to work on /workspaces/hands-on-introduction-data-engineering-4395021/airflow/dags/two_task_dag.py
[2025-04-09T22:21:47.026+0000] {processor.py:826} INFO - Processing file /workspaces/hands-on-introduction-data-engineering-4395021/airflow/dags/two_task_dag.py for tasks to queue
[2025-04-09T22:21:47.027+0000] {logging_mixin.py:150} INFO - [2025-04-09T22:21:47.027+0000] {dagbag.py:541} INFO - Filling up the DagBag from /workspaces/hands-on-introduction-data-engineering-4395021/airflow/dags/two_task_dag.py
[2025-04-09T22:21:47.038+0000] {processor.py:836} INFO - DAG(s) dict_keys(['two_task_dag']) retrieved from /workspaces/hands-on-introduction-data-engineering-4395021/airflow/dags/two_task_dag.py
[2025-04-09T22:21:47.063+0000] {logging_mixin.py:150} INFO - [2025-04-09T22:21:47.062+0000] {dag.py:2742} INFO - Sync 1 DAGs
[2025-04-09T22:21:47.080+0000] {logging_mixin.py:150} INFO - [2025-04-09T22:21:47.080+0000] {dag.py:3504} INFO - Setting next_dagrun for two_task_dag to None, run_after=None
[2025-04-09T22:21:47.094+0000] {processor.py:179} INFO - Processing /workspaces/hands-on-introduction-data-engineering-4395021/airflow/dags/two_task_dag.py took 0.073 seconds
[2025-04-09T22:22:17.181+0000] {processor.py:157} INFO - Started process (PID=69826) to work on /workspaces/hands-on-introduction-data-engineering-4395021/airflow/dags/two_task_dag.py
[2025-04-09T22:22:17.181+0000] {processor.py:826} INFO - Processing file /workspaces/hands-on-introduction-data-engineering-4395021/airflow/dags/two_task_dag.py for tasks to queue
[2025-04-09T22:22:17.182+0000] {logging_mixin.py:150} INFO - [2025-04-09T22:22:17.182+0000] {dagbag.py:541} INFO - Filling up the DagBag from /workspaces/hands-on-introduction-data-engineering-4395021/airflow/dags/two_task_dag.py
[2025-04-09T22:22:17.191+0000] {processor.py:836} INFO - DAG(s) dict_keys(['two_task_dag']) retrieved from /workspaces/hands-on-introduction-data-engineering-4395021/airflow/dags/two_task_dag.py
[2025-04-09T22:22:17.221+0000] {logging_mixin.py:150} INFO - [2025-04-09T22:22:17.221+0000] {dag.py:2742} INFO - Sync 1 DAGs
[2025-04-09T22:22:17.244+0000] {logging_mixin.py:150} INFO - [2025-04-09T22:22:17.243+0000] {dag.py:3504} INFO - Setting next_dagrun for two_task_dag to None, run_after=None
[2025-04-09T22:22:17.261+0000] {processor.py:179} INFO - Processing /workspaces/hands-on-introduction-data-engineering-4395021/airflow/dags/two_task_dag.py took 0.083 seconds
[2025-04-09T22:22:47.572+0000] {processor.py:157} INFO - Started process (PID=70032) to work on /workspaces/hands-on-introduction-data-engineering-4395021/airflow/dags/two_task_dag.py
[2025-04-09T22:22:47.572+0000] {processor.py:826} INFO - Processing file /workspaces/hands-on-introduction-data-engineering-4395021/airflow/dags/two_task_dag.py for tasks to queue
[2025-04-09T22:22:47.573+0000] {logging_mixin.py:150} INFO - [2025-04-09T22:22:47.573+0000] {dagbag.py:541} INFO - Filling up the DagBag from /workspaces/hands-on-introduction-data-engineering-4395021/airflow/dags/two_task_dag.py
[2025-04-09T22:22:47.587+0000] {processor.py:836} INFO - DAG(s) dict_keys(['two_task_dag']) retrieved from /workspaces/hands-on-introduction-data-engineering-4395021/airflow/dags/two_task_dag.py
[2025-04-09T22:22:47.629+0000] {logging_mixin.py:150} INFO - [2025-04-09T22:22:47.629+0000] {dag.py:2742} INFO - Sync 1 DAGs
[2025-04-09T22:22:47.657+0000] {logging_mixin.py:150} INFO - [2025-04-09T22:22:47.657+0000] {dag.py:3504} INFO - Setting next_dagrun for two_task_dag to None, run_after=None
[2025-04-09T22:22:47.681+0000] {processor.py:179} INFO - Processing /workspaces/hands-on-introduction-data-engineering-4395021/airflow/dags/two_task_dag.py took 0.112 seconds
[2025-04-09T22:23:18.021+0000] {processor.py:157} INFO - Started process (PID=70233) to work on /workspaces/hands-on-introduction-data-engineering-4395021/airflow/dags/two_task_dag.py
[2025-04-09T22:23:18.021+0000] {processor.py:826} INFO - Processing file /workspaces/hands-on-introduction-data-engineering-4395021/airflow/dags/two_task_dag.py for tasks to queue
[2025-04-09T22:23:18.022+0000] {logging_mixin.py:150} INFO - [2025-04-09T22:23:18.022+0000] {dagbag.py:541} INFO - Filling up the DagBag from /workspaces/hands-on-introduction-data-engineering-4395021/airflow/dags/two_task_dag.py
[2025-04-09T22:23:18.030+0000] {processor.py:836} INFO - DAG(s) dict_keys(['two_task_dag']) retrieved from /workspaces/hands-on-introduction-data-engineering-4395021/airflow/dags/two_task_dag.py
[2025-04-09T22:23:18.048+0000] {logging_mixin.py:150} INFO - [2025-04-09T22:23:18.048+0000] {dag.py:2742} INFO - Sync 1 DAGs
[2025-04-09T22:23:18.062+0000] {logging_mixin.py:150} INFO - [2025-04-09T22:23:18.061+0000] {dag.py:3504} INFO - Setting next_dagrun for two_task_dag to None, run_after=None
[2025-04-09T22:23:18.075+0000] {processor.py:179} INFO - Processing /workspaces/hands-on-introduction-data-engineering-4395021/airflow/dags/two_task_dag.py took 0.057 seconds
[2025-04-09T22:23:48.386+0000] {processor.py:157} INFO - Started process (PID=70455) to work on /workspaces/hands-on-introduction-data-engineering-4395021/airflow/dags/two_task_dag.py
[2025-04-09T22:23:48.387+0000] {processor.py:826} INFO - Processing file /workspaces/hands-on-introduction-data-engineering-4395021/airflow/dags/two_task_dag.py for tasks to queue
[2025-04-09T22:23:48.388+0000] {logging_mixin.py:150} INFO - [2025-04-09T22:23:48.388+0000] {dagbag.py:541} INFO - Filling up the DagBag from /workspaces/hands-on-introduction-data-engineering-4395021/airflow/dags/two_task_dag.py
[2025-04-09T22:23:48.395+0000] {processor.py:836} INFO - DAG(s) dict_keys(['two_task_dag']) retrieved from /workspaces/hands-on-introduction-data-engineering-4395021/airflow/dags/two_task_dag.py
[2025-04-09T22:23:48.414+0000] {logging_mixin.py:150} INFO - [2025-04-09T22:23:48.414+0000] {dag.py:2742} INFO - Sync 1 DAGs
[2025-04-09T22:23:48.427+0000] {logging_mixin.py:150} INFO - [2025-04-09T22:23:48.427+0000] {dag.py:3504} INFO - Setting next_dagrun for two_task_dag to None, run_after=None
[2025-04-09T22:23:48.441+0000] {processor.py:179} INFO - Processing /workspaces/hands-on-introduction-data-engineering-4395021/airflow/dags/two_task_dag.py took 0.057 seconds
[2025-04-09T22:24:18.764+0000] {processor.py:157} INFO - Started process (PID=70769) to work on /workspaces/hands-on-introduction-data-engineering-4395021/airflow/dags/two_task_dag.py
[2025-04-09T22:24:18.765+0000] {processor.py:826} INFO - Processing file /workspaces/hands-on-introduction-data-engineering-4395021/airflow/dags/two_task_dag.py for tasks to queue
[2025-04-09T22:24:18.766+0000] {logging_mixin.py:150} INFO - [2025-04-09T22:24:18.765+0000] {dagbag.py:541} INFO - Filling up the DagBag from /workspaces/hands-on-introduction-data-engineering-4395021/airflow/dags/two_task_dag.py
[2025-04-09T22:24:18.773+0000] {processor.py:836} INFO - DAG(s) dict_keys(['two_task_dag']) retrieved from /workspaces/hands-on-introduction-data-engineering-4395021/airflow/dags/two_task_dag.py
[2025-04-09T22:24:18.791+0000] {logging_mixin.py:150} INFO - [2025-04-09T22:24:18.791+0000] {dag.py:2742} INFO - Sync 1 DAGs
[2025-04-09T22:24:18.805+0000] {logging_mixin.py:150} INFO - [2025-04-09T22:24:18.805+0000] {dag.py:3504} INFO - Setting next_dagrun for two_task_dag to None, run_after=None
[2025-04-09T22:24:18.819+0000] {processor.py:179} INFO - Processing /workspaces/hands-on-introduction-data-engineering-4395021/airflow/dags/two_task_dag.py took 0.058 seconds
[2025-04-09T22:24:49.718+0000] {processor.py:157} INFO - Started process (PID=71100) to work on /workspaces/hands-on-introduction-data-engineering-4395021/airflow/dags/two_task_dag.py
[2025-04-09T22:24:49.719+0000] {processor.py:826} INFO - Processing file /workspaces/hands-on-introduction-data-engineering-4395021/airflow/dags/two_task_dag.py for tasks to queue
[2025-04-09T22:24:49.719+0000] {logging_mixin.py:150} INFO - [2025-04-09T22:24:49.719+0000] {dagbag.py:541} INFO - Filling up the DagBag from /workspaces/hands-on-introduction-data-engineering-4395021/airflow/dags/two_task_dag.py
[2025-04-09T22:24:49.727+0000] {processor.py:836} INFO - DAG(s) dict_keys(['two_task_dag']) retrieved from /workspaces/hands-on-introduction-data-engineering-4395021/airflow/dags/two_task_dag.py
[2025-04-09T22:24:49.744+0000] {logging_mixin.py:150} INFO - [2025-04-09T22:24:49.744+0000] {dag.py:2742} INFO - Sync 1 DAGs
[2025-04-09T22:24:49.758+0000] {logging_mixin.py:150} INFO - [2025-04-09T22:24:49.758+0000] {dag.py:3504} INFO - Setting next_dagrun for two_task_dag to None, run_after=None
[2025-04-09T22:24:49.771+0000] {processor.py:179} INFO - Processing /workspaces/hands-on-introduction-data-engineering-4395021/airflow/dags/two_task_dag.py took 0.055 seconds
[2025-04-09T22:25:20.191+0000] {processor.py:157} INFO - Started process (PID=71349) to work on /workspaces/hands-on-introduction-data-engineering-4395021/airflow/dags/two_task_dag.py
[2025-04-09T22:25:20.191+0000] {processor.py:826} INFO - Processing file /workspaces/hands-on-introduction-data-engineering-4395021/airflow/dags/two_task_dag.py for tasks to queue
[2025-04-09T22:25:20.192+0000] {logging_mixin.py:150} INFO - [2025-04-09T22:25:20.192+0000] {dagbag.py:541} INFO - Filling up the DagBag from /workspaces/hands-on-introduction-data-engineering-4395021/airflow/dags/two_task_dag.py
[2025-04-09T22:25:20.200+0000] {processor.py:836} INFO - DAG(s) dict_keys(['two_task_dag']) retrieved from /workspaces/hands-on-introduction-data-engineering-4395021/airflow/dags/two_task_dag.py
[2025-04-09T22:25:20.218+0000] {logging_mixin.py:150} INFO - [2025-04-09T22:25:20.218+0000] {dag.py:2742} INFO - Sync 1 DAGs
[2025-04-09T22:25:20.231+0000] {logging_mixin.py:150} INFO - [2025-04-09T22:25:20.231+0000] {dag.py:3504} INFO - Setting next_dagrun for two_task_dag to None, run_after=None
[2025-04-09T22:25:20.245+0000] {processor.py:179} INFO - Processing /workspaces/hands-on-introduction-data-engineering-4395021/airflow/dags/two_task_dag.py took 0.058 seconds
[2025-04-09T22:25:50.658+0000] {processor.py:157} INFO - Started process (PID=71604) to work on /workspaces/hands-on-introduction-data-engineering-4395021/airflow/dags/two_task_dag.py
[2025-04-09T22:25:50.659+0000] {processor.py:826} INFO - Processing file /workspaces/hands-on-introduction-data-engineering-4395021/airflow/dags/two_task_dag.py for tasks to queue
[2025-04-09T22:25:50.660+0000] {logging_mixin.py:150} INFO - [2025-04-09T22:25:50.659+0000] {dagbag.py:541} INFO - Filling up the DagBag from /workspaces/hands-on-introduction-data-engineering-4395021/airflow/dags/two_task_dag.py
[2025-04-09T22:25:50.667+0000] {processor.py:836} INFO - DAG(s) dict_keys(['two_task_dag']) retrieved from /workspaces/hands-on-introduction-data-engineering-4395021/airflow/dags/two_task_dag.py
[2025-04-09T22:25:50.684+0000] {logging_mixin.py:150} INFO - [2025-04-09T22:25:50.684+0000] {dag.py:2742} INFO - Sync 1 DAGs
[2025-04-09T22:25:50.697+0000] {logging_mixin.py:150} INFO - [2025-04-09T22:25:50.697+0000] {dag.py:3504} INFO - Setting next_dagrun for two_task_dag to None, run_after=None
[2025-04-09T22:25:50.711+0000] {processor.py:179} INFO - Processing /workspaces/hands-on-introduction-data-engineering-4395021/airflow/dags/two_task_dag.py took 0.056 seconds
[2025-04-09T22:26:21.226+0000] {processor.py:157} INFO - Started process (PID=71929) to work on /workspaces/hands-on-introduction-data-engineering-4395021/airflow/dags/two_task_dag.py
[2025-04-09T22:26:21.227+0000] {processor.py:826} INFO - Processing file /workspaces/hands-on-introduction-data-engineering-4395021/airflow/dags/two_task_dag.py for tasks to queue
[2025-04-09T22:26:21.228+0000] {logging_mixin.py:150} INFO - [2025-04-09T22:26:21.228+0000] {dagbag.py:541} INFO - Filling up the DagBag from /workspaces/hands-on-introduction-data-engineering-4395021/airflow/dags/two_task_dag.py
[2025-04-09T22:26:21.235+0000] {processor.py:836} INFO - DAG(s) dict_keys(['two_task_dag']) retrieved from /workspaces/hands-on-introduction-data-engineering-4395021/airflow/dags/two_task_dag.py
[2025-04-09T22:26:21.253+0000] {logging_mixin.py:150} INFO - [2025-04-09T22:26:21.253+0000] {dag.py:2742} INFO - Sync 1 DAGs
[2025-04-09T22:26:21.267+0000] {logging_mixin.py:150} INFO - [2025-04-09T22:26:21.267+0000] {dag.py:3504} INFO - Setting next_dagrun for two_task_dag to None, run_after=None
[2025-04-09T22:26:21.280+0000] {processor.py:179} INFO - Processing /workspaces/hands-on-introduction-data-engineering-4395021/airflow/dags/two_task_dag.py took 0.057 seconds
[2025-04-09T22:26:51.692+0000] {processor.py:157} INFO - Started process (PID=72211) to work on /workspaces/hands-on-introduction-data-engineering-4395021/airflow/dags/two_task_dag.py
[2025-04-09T22:26:51.693+0000] {processor.py:826} INFO - Processing file /workspaces/hands-on-introduction-data-engineering-4395021/airflow/dags/two_task_dag.py for tasks to queue
[2025-04-09T22:26:51.693+0000] {logging_mixin.py:150} INFO - [2025-04-09T22:26:51.693+0000] {dagbag.py:541} INFO - Filling up the DagBag from /workspaces/hands-on-introduction-data-engineering-4395021/airflow/dags/two_task_dag.py
[2025-04-09T22:26:51.701+0000] {processor.py:836} INFO - DAG(s) dict_keys(['two_task_dag']) retrieved from /workspaces/hands-on-introduction-data-engineering-4395021/airflow/dags/two_task_dag.py
[2025-04-09T22:26:51.719+0000] {logging_mixin.py:150} INFO - [2025-04-09T22:26:51.719+0000] {dag.py:2742} INFO - Sync 1 DAGs
[2025-04-09T22:26:51.735+0000] {logging_mixin.py:150} INFO - [2025-04-09T22:26:51.735+0000] {dag.py:3504} INFO - Setting next_dagrun for two_task_dag to None, run_after=None
[2025-04-09T22:26:51.749+0000] {processor.py:179} INFO - Processing /workspaces/hands-on-introduction-data-engineering-4395021/airflow/dags/two_task_dag.py took 0.059 seconds
[2025-04-09T22:27:22.101+0000] {processor.py:157} INFO - Started process (PID=72449) to work on /workspaces/hands-on-introduction-data-engineering-4395021/airflow/dags/two_task_dag.py
[2025-04-09T22:27:22.102+0000] {processor.py:826} INFO - Processing file /workspaces/hands-on-introduction-data-engineering-4395021/airflow/dags/two_task_dag.py for tasks to queue
[2025-04-09T22:27:22.102+0000] {logging_mixin.py:150} INFO - [2025-04-09T22:27:22.102+0000] {dagbag.py:541} INFO - Filling up the DagBag from /workspaces/hands-on-introduction-data-engineering-4395021/airflow/dags/two_task_dag.py
[2025-04-09T22:27:22.110+0000] {processor.py:836} INFO - DAG(s) dict_keys(['two_task_dag']) retrieved from /workspaces/hands-on-introduction-data-engineering-4395021/airflow/dags/two_task_dag.py
[2025-04-09T22:27:22.129+0000] {logging_mixin.py:150} INFO - [2025-04-09T22:27:22.129+0000] {dag.py:2742} INFO - Sync 1 DAGs
[2025-04-09T22:27:22.142+0000] {logging_mixin.py:150} INFO - [2025-04-09T22:27:22.142+0000] {dag.py:3504} INFO - Setting next_dagrun for two_task_dag to None, run_after=None
[2025-04-09T22:27:22.156+0000] {processor.py:179} INFO - Processing /workspaces/hands-on-introduction-data-engineering-4395021/airflow/dags/two_task_dag.py took 0.057 seconds
[2025-04-09T22:27:52.485+0000] {processor.py:157} INFO - Started process (PID=72694) to work on /workspaces/hands-on-introduction-data-engineering-4395021/airflow/dags/two_task_dag.py
[2025-04-09T22:27:52.485+0000] {processor.py:826} INFO - Processing file /workspaces/hands-on-introduction-data-engineering-4395021/airflow/dags/two_task_dag.py for tasks to queue
[2025-04-09T22:27:52.486+0000] {logging_mixin.py:150} INFO - [2025-04-09T22:27:52.486+0000] {dagbag.py:541} INFO - Filling up the DagBag from /workspaces/hands-on-introduction-data-engineering-4395021/airflow/dags/two_task_dag.py
[2025-04-09T22:27:52.494+0000] {processor.py:836} INFO - DAG(s) dict_keys(['two_task_dag']) retrieved from /workspaces/hands-on-introduction-data-engineering-4395021/airflow/dags/two_task_dag.py
[2025-04-09T22:27:52.512+0000] {logging_mixin.py:150} INFO - [2025-04-09T22:27:52.512+0000] {dag.py:2742} INFO - Sync 1 DAGs
[2025-04-09T22:27:52.527+0000] {logging_mixin.py:150} INFO - [2025-04-09T22:27:52.527+0000] {dag.py:3504} INFO - Setting next_dagrun for two_task_dag to None, run_after=None
[2025-04-09T22:27:52.541+0000] {processor.py:179} INFO - Processing /workspaces/hands-on-introduction-data-engineering-4395021/airflow/dags/two_task_dag.py took 0.059 seconds
[2025-04-09T22:28:22.968+0000] {processor.py:157} INFO - Started process (PID=72945) to work on /workspaces/hands-on-introduction-data-engineering-4395021/airflow/dags/two_task_dag.py
[2025-04-09T22:28:22.969+0000] {processor.py:826} INFO - Processing file /workspaces/hands-on-introduction-data-engineering-4395021/airflow/dags/two_task_dag.py for tasks to queue
[2025-04-09T22:28:22.969+0000] {logging_mixin.py:150} INFO - [2025-04-09T22:28:22.969+0000] {dagbag.py:541} INFO - Filling up the DagBag from /workspaces/hands-on-introduction-data-engineering-4395021/airflow/dags/two_task_dag.py
[2025-04-09T22:28:22.977+0000] {processor.py:836} INFO - DAG(s) dict_keys(['two_task_dag']) retrieved from /workspaces/hands-on-introduction-data-engineering-4395021/airflow/dags/two_task_dag.py
[2025-04-09T22:28:22.995+0000] {logging_mixin.py:150} INFO - [2025-04-09T22:28:22.995+0000] {dag.py:2742} INFO - Sync 1 DAGs
[2025-04-09T22:28:23.009+0000] {logging_mixin.py:150} INFO - [2025-04-09T22:28:23.008+0000] {dag.py:3504} INFO - Setting next_dagrun for two_task_dag to None, run_after=None
[2025-04-09T22:28:23.022+0000] {processor.py:179} INFO - Processing /workspaces/hands-on-introduction-data-engineering-4395021/airflow/dags/two_task_dag.py took 0.057 seconds
[2025-04-09T22:28:53.352+0000] {processor.py:157} INFO - Started process (PID=73146) to work on /workspaces/hands-on-introduction-data-engineering-4395021/airflow/dags/two_task_dag.py
[2025-04-09T22:28:53.353+0000] {processor.py:826} INFO - Processing file /workspaces/hands-on-introduction-data-engineering-4395021/airflow/dags/two_task_dag.py for tasks to queue
[2025-04-09T22:28:53.354+0000] {logging_mixin.py:150} INFO - [2025-04-09T22:28:53.353+0000] {dagbag.py:541} INFO - Filling up the DagBag from /workspaces/hands-on-introduction-data-engineering-4395021/airflow/dags/two_task_dag.py
[2025-04-09T22:28:53.361+0000] {processor.py:836} INFO - DAG(s) dict_keys(['two_task_dag']) retrieved from /workspaces/hands-on-introduction-data-engineering-4395021/airflow/dags/two_task_dag.py
[2025-04-09T22:28:53.380+0000] {logging_mixin.py:150} INFO - [2025-04-09T22:28:53.380+0000] {dag.py:2742} INFO - Sync 1 DAGs
[2025-04-09T22:28:53.393+0000] {logging_mixin.py:150} INFO - [2025-04-09T22:28:53.393+0000] {dag.py:3504} INFO - Setting next_dagrun for two_task_dag to None, run_after=None
[2025-04-09T22:28:53.406+0000] {processor.py:179} INFO - Processing /workspaces/hands-on-introduction-data-engineering-4395021/airflow/dags/two_task_dag.py took 0.057 seconds
[2025-04-09T22:29:23.737+0000] {processor.py:157} INFO - Started process (PID=73352) to work on /workspaces/hands-on-introduction-data-engineering-4395021/airflow/dags/two_task_dag.py
[2025-04-09T22:29:23.737+0000] {processor.py:826} INFO - Processing file /workspaces/hands-on-introduction-data-engineering-4395021/airflow/dags/two_task_dag.py for tasks to queue
[2025-04-09T22:29:23.738+0000] {logging_mixin.py:150} INFO - [2025-04-09T22:29:23.738+0000] {dagbag.py:541} INFO - Filling up the DagBag from /workspaces/hands-on-introduction-data-engineering-4395021/airflow/dags/two_task_dag.py
[2025-04-09T22:29:23.745+0000] {processor.py:836} INFO - DAG(s) dict_keys(['two_task_dag']) retrieved from /workspaces/hands-on-introduction-data-engineering-4395021/airflow/dags/two_task_dag.py
[2025-04-09T22:29:23.763+0000] {logging_mixin.py:150} INFO - [2025-04-09T22:29:23.763+0000] {dag.py:2742} INFO - Sync 1 DAGs
[2025-04-09T22:29:23.776+0000] {logging_mixin.py:150} INFO - [2025-04-09T22:29:23.776+0000] {dag.py:3504} INFO - Setting next_dagrun for two_task_dag to None, run_after=None
[2025-04-09T22:29:23.790+0000] {processor.py:179} INFO - Processing /workspaces/hands-on-introduction-data-engineering-4395021/airflow/dags/two_task_dag.py took 0.056 seconds
[2025-04-09T22:29:54.207+0000] {processor.py:157} INFO - Started process (PID=73590) to work on /workspaces/hands-on-introduction-data-engineering-4395021/airflow/dags/two_task_dag.py
[2025-04-09T22:29:54.207+0000] {processor.py:826} INFO - Processing file /workspaces/hands-on-introduction-data-engineering-4395021/airflow/dags/two_task_dag.py for tasks to queue
[2025-04-09T22:29:54.208+0000] {logging_mixin.py:150} INFO - [2025-04-09T22:29:54.208+0000] {dagbag.py:541} INFO - Filling up the DagBag from /workspaces/hands-on-introduction-data-engineering-4395021/airflow/dags/two_task_dag.py
[2025-04-09T22:29:54.215+0000] {processor.py:836} INFO - DAG(s) dict_keys(['two_task_dag']) retrieved from /workspaces/hands-on-introduction-data-engineering-4395021/airflow/dags/two_task_dag.py
[2025-04-09T22:29:54.233+0000] {logging_mixin.py:150} INFO - [2025-04-09T22:29:54.233+0000] {dag.py:2742} INFO - Sync 1 DAGs
[2025-04-09T22:29:54.247+0000] {logging_mixin.py:150} INFO - [2025-04-09T22:29:54.247+0000] {dag.py:3504} INFO - Setting next_dagrun for two_task_dag to None, run_after=None
[2025-04-09T22:29:54.260+0000] {processor.py:179} INFO - Processing /workspaces/hands-on-introduction-data-engineering-4395021/airflow/dags/two_task_dag.py took 0.056 seconds
[2025-04-09T22:30:24.629+0000] {processor.py:157} INFO - Started process (PID=73958) to work on /workspaces/hands-on-introduction-data-engineering-4395021/airflow/dags/two_task_dag.py
[2025-04-09T22:30:24.630+0000] {processor.py:826} INFO - Processing file /workspaces/hands-on-introduction-data-engineering-4395021/airflow/dags/two_task_dag.py for tasks to queue
[2025-04-09T22:30:24.630+0000] {logging_mixin.py:150} INFO - [2025-04-09T22:30:24.630+0000] {dagbag.py:541} INFO - Filling up the DagBag from /workspaces/hands-on-introduction-data-engineering-4395021/airflow/dags/two_task_dag.py
[2025-04-09T22:30:24.638+0000] {processor.py:836} INFO - DAG(s) dict_keys(['two_task_dag']) retrieved from /workspaces/hands-on-introduction-data-engineering-4395021/airflow/dags/two_task_dag.py
[2025-04-09T22:30:24.656+0000] {logging_mixin.py:150} INFO - [2025-04-09T22:30:24.656+0000] {dag.py:2742} INFO - Sync 1 DAGs
[2025-04-09T22:30:24.670+0000] {logging_mixin.py:150} INFO - [2025-04-09T22:30:24.670+0000] {dag.py:3504} INFO - Setting next_dagrun for two_task_dag to None, run_after=None
[2025-04-09T22:30:24.683+0000] {processor.py:179} INFO - Processing /workspaces/hands-on-introduction-data-engineering-4395021/airflow/dags/two_task_dag.py took 0.057 seconds
[2025-04-09T22:30:55.205+0000] {processor.py:157} INFO - Started process (PID=74159) to work on /workspaces/hands-on-introduction-data-engineering-4395021/airflow/dags/two_task_dag.py
[2025-04-09T22:30:55.205+0000] {processor.py:826} INFO - Processing file /workspaces/hands-on-introduction-data-engineering-4395021/airflow/dags/two_task_dag.py for tasks to queue
[2025-04-09T22:30:55.206+0000] {logging_mixin.py:150} INFO - [2025-04-09T22:30:55.206+0000] {dagbag.py:541} INFO - Filling up the DagBag from /workspaces/hands-on-introduction-data-engineering-4395021/airflow/dags/two_task_dag.py
[2025-04-09T22:30:55.214+0000] {processor.py:836} INFO - DAG(s) dict_keys(['two_task_dag']) retrieved from /workspaces/hands-on-introduction-data-engineering-4395021/airflow/dags/two_task_dag.py
[2025-04-09T22:30:55.231+0000] {logging_mixin.py:150} INFO - [2025-04-09T22:30:55.231+0000] {dag.py:2742} INFO - Sync 1 DAGs
[2025-04-09T22:30:55.245+0000] {logging_mixin.py:150} INFO - [2025-04-09T22:30:55.245+0000] {dag.py:3504} INFO - Setting next_dagrun for two_task_dag to None, run_after=None
[2025-04-09T22:30:55.258+0000] {processor.py:179} INFO - Processing /workspaces/hands-on-introduction-data-engineering-4395021/airflow/dags/two_task_dag.py took 0.056 seconds
[2025-04-09T22:31:25.717+0000] {processor.py:157} INFO - Started process (PID=74366) to work on /workspaces/hands-on-introduction-data-engineering-4395021/airflow/dags/two_task_dag.py
[2025-04-09T22:31:25.717+0000] {processor.py:826} INFO - Processing file /workspaces/hands-on-introduction-data-engineering-4395021/airflow/dags/two_task_dag.py for tasks to queue
[2025-04-09T22:31:25.718+0000] {logging_mixin.py:150} INFO - [2025-04-09T22:31:25.718+0000] {dagbag.py:541} INFO - Filling up the DagBag from /workspaces/hands-on-introduction-data-engineering-4395021/airflow/dags/two_task_dag.py
[2025-04-09T22:31:25.726+0000] {processor.py:836} INFO - DAG(s) dict_keys(['two_task_dag']) retrieved from /workspaces/hands-on-introduction-data-engineering-4395021/airflow/dags/two_task_dag.py
[2025-04-09T22:31:25.744+0000] {logging_mixin.py:150} INFO - [2025-04-09T22:31:25.744+0000] {dag.py:2742} INFO - Sync 1 DAGs
[2025-04-09T22:31:25.760+0000] {logging_mixin.py:150} INFO - [2025-04-09T22:31:25.760+0000] {dag.py:3504} INFO - Setting next_dagrun for two_task_dag to None, run_after=None
[2025-04-09T22:31:25.773+0000] {processor.py:179} INFO - Processing /workspaces/hands-on-introduction-data-engineering-4395021/airflow/dags/two_task_dag.py took 0.059 seconds
[2025-04-09T22:31:56.105+0000] {processor.py:157} INFO - Started process (PID=74567) to work on /workspaces/hands-on-introduction-data-engineering-4395021/airflow/dags/two_task_dag.py
[2025-04-09T22:31:56.106+0000] {processor.py:826} INFO - Processing file /workspaces/hands-on-introduction-data-engineering-4395021/airflow/dags/two_task_dag.py for tasks to queue
[2025-04-09T22:31:56.106+0000] {logging_mixin.py:150} INFO - [2025-04-09T22:31:56.106+0000] {dagbag.py:541} INFO - Filling up the DagBag from /workspaces/hands-on-introduction-data-engineering-4395021/airflow/dags/two_task_dag.py
[2025-04-09T22:31:56.115+0000] {processor.py:836} INFO - DAG(s) dict_keys(['two_task_dag']) retrieved from /workspaces/hands-on-introduction-data-engineering-4395021/airflow/dags/two_task_dag.py
[2025-04-09T22:31:56.133+0000] {logging_mixin.py:150} INFO - [2025-04-09T22:31:56.133+0000] {dag.py:2742} INFO - Sync 1 DAGs
[2025-04-09T22:31:56.147+0000] {logging_mixin.py:150} INFO - [2025-04-09T22:31:56.147+0000] {dag.py:3504} INFO - Setting next_dagrun for two_task_dag to None, run_after=None
[2025-04-09T22:31:56.161+0000] {processor.py:179} INFO - Processing /workspaces/hands-on-introduction-data-engineering-4395021/airflow/dags/two_task_dag.py took 0.059 seconds
[2025-04-09T22:32:26.490+0000] {processor.py:157} INFO - Started process (PID=74773) to work on /workspaces/hands-on-introduction-data-engineering-4395021/airflow/dags/two_task_dag.py
[2025-04-09T22:32:26.490+0000] {processor.py:826} INFO - Processing file /workspaces/hands-on-introduction-data-engineering-4395021/airflow/dags/two_task_dag.py for tasks to queue
[2025-04-09T22:32:26.491+0000] {logging_mixin.py:150} INFO - [2025-04-09T22:32:26.491+0000] {dagbag.py:541} INFO - Filling up the DagBag from /workspaces/hands-on-introduction-data-engineering-4395021/airflow/dags/two_task_dag.py
[2025-04-09T22:32:26.499+0000] {processor.py:836} INFO - DAG(s) dict_keys(['two_task_dag']) retrieved from /workspaces/hands-on-introduction-data-engineering-4395021/airflow/dags/two_task_dag.py
[2025-04-09T22:32:26.516+0000] {logging_mixin.py:150} INFO - [2025-04-09T22:32:26.516+0000] {dag.py:2742} INFO - Sync 1 DAGs
[2025-04-09T22:32:26.530+0000] {logging_mixin.py:150} INFO - [2025-04-09T22:32:26.530+0000] {dag.py:3504} INFO - Setting next_dagrun for two_task_dag to None, run_after=None
[2025-04-09T22:32:26.543+0000] {processor.py:179} INFO - Processing /workspaces/hands-on-introduction-data-engineering-4395021/airflow/dags/two_task_dag.py took 0.056 seconds
[2025-04-09T22:32:56.876+0000] {processor.py:157} INFO - Started process (PID=74973) to work on /workspaces/hands-on-introduction-data-engineering-4395021/airflow/dags/two_task_dag.py
[2025-04-09T22:32:56.876+0000] {processor.py:826} INFO - Processing file /workspaces/hands-on-introduction-data-engineering-4395021/airflow/dags/two_task_dag.py for tasks to queue
[2025-04-09T22:32:56.877+0000] {logging_mixin.py:150} INFO - [2025-04-09T22:32:56.877+0000] {dagbag.py:541} INFO - Filling up the DagBag from /workspaces/hands-on-introduction-data-engineering-4395021/airflow/dags/two_task_dag.py
[2025-04-09T22:32:56.885+0000] {processor.py:836} INFO - DAG(s) dict_keys(['two_task_dag']) retrieved from /workspaces/hands-on-introduction-data-engineering-4395021/airflow/dags/two_task_dag.py
[2025-04-09T22:32:56.902+0000] {logging_mixin.py:150} INFO - [2025-04-09T22:32:56.902+0000] {dag.py:2742} INFO - Sync 1 DAGs
[2025-04-09T22:32:56.916+0000] {logging_mixin.py:150} INFO - [2025-04-09T22:32:56.916+0000] {dag.py:3504} INFO - Setting next_dagrun for two_task_dag to None, run_after=None
[2025-04-09T22:32:56.929+0000] {processor.py:179} INFO - Processing /workspaces/hands-on-introduction-data-engineering-4395021/airflow/dags/two_task_dag.py took 0.056 seconds
[2025-04-09T22:33:27.452+0000] {processor.py:157} INFO - Started process (PID=75179) to work on /workspaces/hands-on-introduction-data-engineering-4395021/airflow/dags/two_task_dag.py
[2025-04-09T22:33:27.452+0000] {processor.py:826} INFO - Processing file /workspaces/hands-on-introduction-data-engineering-4395021/airflow/dags/two_task_dag.py for tasks to queue
[2025-04-09T22:33:27.453+0000] {logging_mixin.py:150} INFO - [2025-04-09T22:33:27.453+0000] {dagbag.py:541} INFO - Filling up the DagBag from /workspaces/hands-on-introduction-data-engineering-4395021/airflow/dags/two_task_dag.py
[2025-04-09T22:33:27.461+0000] {processor.py:836} INFO - DAG(s) dict_keys(['two_task_dag']) retrieved from /workspaces/hands-on-introduction-data-engineering-4395021/airflow/dags/two_task_dag.py
[2025-04-09T22:33:27.479+0000] {logging_mixin.py:150} INFO - [2025-04-09T22:33:27.478+0000] {dag.py:2742} INFO - Sync 1 DAGs
[2025-04-09T22:33:27.492+0000] {logging_mixin.py:150} INFO - [2025-04-09T22:33:27.492+0000] {dag.py:3504} INFO - Setting next_dagrun for two_task_dag to None, run_after=None
[2025-04-09T22:33:27.509+0000] {processor.py:179} INFO - Processing /workspaces/hands-on-introduction-data-engineering-4395021/airflow/dags/two_task_dag.py took 0.060 seconds
[2025-04-09T22:33:58.000+0000] {processor.py:157} INFO - Started process (PID=75384) to work on /workspaces/hands-on-introduction-data-engineering-4395021/airflow/dags/two_task_dag.py
[2025-04-09T22:33:58.001+0000] {processor.py:826} INFO - Processing file /workspaces/hands-on-introduction-data-engineering-4395021/airflow/dags/two_task_dag.py for tasks to queue
[2025-04-09T22:33:58.002+0000] {logging_mixin.py:150} INFO - [2025-04-09T22:33:58.001+0000] {dagbag.py:541} INFO - Filling up the DagBag from /workspaces/hands-on-introduction-data-engineering-4395021/airflow/dags/two_task_dag.py
[2025-04-09T22:33:58.016+0000] {processor.py:836} INFO - DAG(s) dict_keys(['two_task_dag']) retrieved from /workspaces/hands-on-introduction-data-engineering-4395021/airflow/dags/two_task_dag.py
[2025-04-09T22:33:58.058+0000] {logging_mixin.py:150} INFO - [2025-04-09T22:33:58.058+0000] {dag.py:2742} INFO - Sync 1 DAGs
[2025-04-09T22:33:58.077+0000] {logging_mixin.py:150} INFO - [2025-04-09T22:33:58.077+0000] {dag.py:3504} INFO - Setting next_dagrun for two_task_dag to None, run_after=None
[2025-04-09T22:33:58.094+0000] {processor.py:179} INFO - Processing /workspaces/hands-on-introduction-data-engineering-4395021/airflow/dags/two_task_dag.py took 0.096 seconds
[2025-04-09T22:34:28.451+0000] {processor.py:157} INFO - Started process (PID=75616) to work on /workspaces/hands-on-introduction-data-engineering-4395021/airflow/dags/two_task_dag.py
[2025-04-09T22:34:28.452+0000] {processor.py:826} INFO - Processing file /workspaces/hands-on-introduction-data-engineering-4395021/airflow/dags/two_task_dag.py for tasks to queue
[2025-04-09T22:34:28.453+0000] {logging_mixin.py:150} INFO - [2025-04-09T22:34:28.452+0000] {dagbag.py:541} INFO - Filling up the DagBag from /workspaces/hands-on-introduction-data-engineering-4395021/airflow/dags/two_task_dag.py
[2025-04-09T22:34:28.460+0000] {processor.py:836} INFO - DAG(s) dict_keys(['two_task_dag']) retrieved from /workspaces/hands-on-introduction-data-engineering-4395021/airflow/dags/two_task_dag.py
[2025-04-09T22:34:28.478+0000] {logging_mixin.py:150} INFO - [2025-04-09T22:34:28.478+0000] {dag.py:2742} INFO - Sync 1 DAGs
[2025-04-09T22:34:28.492+0000] {logging_mixin.py:150} INFO - [2025-04-09T22:34:28.492+0000] {dag.py:3504} INFO - Setting next_dagrun for two_task_dag to None, run_after=None
[2025-04-09T22:34:28.505+0000] {processor.py:179} INFO - Processing /workspaces/hands-on-introduction-data-engineering-4395021/airflow/dags/two_task_dag.py took 0.057 seconds
[2025-04-09T22:34:58.836+0000] {processor.py:157} INFO - Started process (PID=75899) to work on /workspaces/hands-on-introduction-data-engineering-4395021/airflow/dags/two_task_dag.py
[2025-04-09T22:34:58.837+0000] {processor.py:826} INFO - Processing file /workspaces/hands-on-introduction-data-engineering-4395021/airflow/dags/two_task_dag.py for tasks to queue
[2025-04-09T22:34:58.838+0000] {logging_mixin.py:150} INFO - [2025-04-09T22:34:58.838+0000] {dagbag.py:541} INFO - Filling up the DagBag from /workspaces/hands-on-introduction-data-engineering-4395021/airflow/dags/two_task_dag.py
[2025-04-09T22:34:58.846+0000] {processor.py:836} INFO - DAG(s) dict_keys(['two_task_dag']) retrieved from /workspaces/hands-on-introduction-data-engineering-4395021/airflow/dags/two_task_dag.py
[2025-04-09T22:34:58.869+0000] {logging_mixin.py:150} INFO - [2025-04-09T22:34:58.868+0000] {dag.py:2742} INFO - Sync 1 DAGs
[2025-04-09T22:34:58.882+0000] {logging_mixin.py:150} INFO - [2025-04-09T22:34:58.882+0000] {dag.py:3504} INFO - Setting next_dagrun for two_task_dag to None, run_after=None
[2025-04-09T22:34:58.896+0000] {processor.py:179} INFO - Processing /workspaces/hands-on-introduction-data-engineering-4395021/airflow/dags/two_task_dag.py took 0.062 seconds
[2025-04-09T22:35:29.223+0000] {processor.py:157} INFO - Started process (PID=76152) to work on /workspaces/hands-on-introduction-data-engineering-4395021/airflow/dags/two_task_dag.py
[2025-04-09T22:35:29.224+0000] {processor.py:826} INFO - Processing file /workspaces/hands-on-introduction-data-engineering-4395021/airflow/dags/two_task_dag.py for tasks to queue
[2025-04-09T22:35:29.224+0000] {logging_mixin.py:150} INFO - [2025-04-09T22:35:29.224+0000] {dagbag.py:541} INFO - Filling up the DagBag from /workspaces/hands-on-introduction-data-engineering-4395021/airflow/dags/two_task_dag.py
[2025-04-09T22:35:29.232+0000] {processor.py:836} INFO - DAG(s) dict_keys(['two_task_dag']) retrieved from /workspaces/hands-on-introduction-data-engineering-4395021/airflow/dags/two_task_dag.py
[2025-04-09T22:35:29.251+0000] {logging_mixin.py:150} INFO - [2025-04-09T22:35:29.251+0000] {dag.py:2742} INFO - Sync 1 DAGs
[2025-04-09T22:35:29.266+0000] {logging_mixin.py:150} INFO - [2025-04-09T22:35:29.266+0000] {dag.py:3504} INFO - Setting next_dagrun for two_task_dag to None, run_after=None
[2025-04-09T22:35:29.280+0000] {processor.py:179} INFO - Processing /workspaces/hands-on-introduction-data-engineering-4395021/airflow/dags/two_task_dag.py took 0.060 seconds
[2025-04-09T22:35:59.593+0000] {processor.py:157} INFO - Started process (PID=76367) to work on /workspaces/hands-on-introduction-data-engineering-4395021/airflow/dags/two_task_dag.py
[2025-04-09T22:35:59.594+0000] {processor.py:826} INFO - Processing file /workspaces/hands-on-introduction-data-engineering-4395021/airflow/dags/two_task_dag.py for tasks to queue
[2025-04-09T22:35:59.594+0000] {logging_mixin.py:150} INFO - [2025-04-09T22:35:59.594+0000] {dagbag.py:541} INFO - Filling up the DagBag from /workspaces/hands-on-introduction-data-engineering-4395021/airflow/dags/two_task_dag.py
[2025-04-09T22:35:59.602+0000] {processor.py:836} INFO - DAG(s) dict_keys(['two_task_dag']) retrieved from /workspaces/hands-on-introduction-data-engineering-4395021/airflow/dags/two_task_dag.py
[2025-04-09T22:35:59.620+0000] {logging_mixin.py:150} INFO - [2025-04-09T22:35:59.620+0000] {dag.py:2742} INFO - Sync 1 DAGs
[2025-04-09T22:35:59.634+0000] {logging_mixin.py:150} INFO - [2025-04-09T22:35:59.634+0000] {dag.py:3504} INFO - Setting next_dagrun for two_task_dag to None, run_after=None
[2025-04-09T22:35:59.653+0000] {processor.py:179} INFO - Processing /workspaces/hands-on-introduction-data-engineering-4395021/airflow/dags/two_task_dag.py took 0.063 seconds
[2025-04-09T22:36:29.985+0000] {processor.py:157} INFO - Started process (PID=76580) to work on /workspaces/hands-on-introduction-data-engineering-4395021/airflow/dags/two_task_dag.py
[2025-04-09T22:36:29.986+0000] {processor.py:826} INFO - Processing file /workspaces/hands-on-introduction-data-engineering-4395021/airflow/dags/two_task_dag.py for tasks to queue
[2025-04-09T22:36:29.986+0000] {logging_mixin.py:150} INFO - [2025-04-09T22:36:29.986+0000] {dagbag.py:541} INFO - Filling up the DagBag from /workspaces/hands-on-introduction-data-engineering-4395021/airflow/dags/two_task_dag.py
[2025-04-09T22:36:29.994+0000] {processor.py:836} INFO - DAG(s) dict_keys(['two_task_dag']) retrieved from /workspaces/hands-on-introduction-data-engineering-4395021/airflow/dags/two_task_dag.py
[2025-04-09T22:36:30.012+0000] {logging_mixin.py:150} INFO - [2025-04-09T22:36:30.011+0000] {dag.py:2742} INFO - Sync 1 DAGs
[2025-04-09T22:36:30.025+0000] {logging_mixin.py:150} INFO - [2025-04-09T22:36:30.025+0000] {dag.py:3504} INFO - Setting next_dagrun for two_task_dag to None, run_after=None
[2025-04-09T22:36:30.038+0000] {processor.py:179} INFO - Processing /workspaces/hands-on-introduction-data-engineering-4395021/airflow/dags/two_task_dag.py took 0.056 seconds
[2025-04-09T22:37:01.003+0000] {processor.py:157} INFO - Started process (PID=76787) to work on /workspaces/hands-on-introduction-data-engineering-4395021/airflow/dags/two_task_dag.py
[2025-04-09T22:37:01.004+0000] {processor.py:826} INFO - Processing file /workspaces/hands-on-introduction-data-engineering-4395021/airflow/dags/two_task_dag.py for tasks to queue
[2025-04-09T22:37:01.005+0000] {logging_mixin.py:150} INFO - [2025-04-09T22:37:01.005+0000] {dagbag.py:541} INFO - Filling up the DagBag from /workspaces/hands-on-introduction-data-engineering-4395021/airflow/dags/two_task_dag.py
[2025-04-09T22:37:01.015+0000] {processor.py:836} INFO - DAG(s) dict_keys(['two_task_dag']) retrieved from /workspaces/hands-on-introduction-data-engineering-4395021/airflow/dags/two_task_dag.py
[2025-04-09T22:37:01.041+0000] {logging_mixin.py:150} INFO - [2025-04-09T22:37:01.040+0000] {dag.py:2742} INFO - Sync 1 DAGs
[2025-04-09T22:37:01.062+0000] {logging_mixin.py:150} INFO - [2025-04-09T22:37:01.062+0000] {dag.py:3504} INFO - Setting next_dagrun for two_task_dag to None, run_after=None
[2025-04-09T22:37:01.077+0000] {processor.py:179} INFO - Processing /workspaces/hands-on-introduction-data-engineering-4395021/airflow/dags/two_task_dag.py took 0.076 seconds
[2025-04-09T22:37:31.594+0000] {processor.py:157} INFO - Started process (PID=76987) to work on /workspaces/hands-on-introduction-data-engineering-4395021/airflow/dags/two_task_dag.py
[2025-04-09T22:37:31.594+0000] {processor.py:826} INFO - Processing file /workspaces/hands-on-introduction-data-engineering-4395021/airflow/dags/two_task_dag.py for tasks to queue
[2025-04-09T22:37:31.595+0000] {logging_mixin.py:150} INFO - [2025-04-09T22:37:31.595+0000] {dagbag.py:541} INFO - Filling up the DagBag from /workspaces/hands-on-introduction-data-engineering-4395021/airflow/dags/two_task_dag.py
[2025-04-09T22:37:31.603+0000] {processor.py:836} INFO - DAG(s) dict_keys(['two_task_dag']) retrieved from /workspaces/hands-on-introduction-data-engineering-4395021/airflow/dags/two_task_dag.py
[2025-04-09T22:37:31.621+0000] {logging_mixin.py:150} INFO - [2025-04-09T22:37:31.621+0000] {dag.py:2742} INFO - Sync 1 DAGs
[2025-04-09T22:37:31.635+0000] {logging_mixin.py:150} INFO - [2025-04-09T22:37:31.635+0000] {dag.py:3504} INFO - Setting next_dagrun for two_task_dag to None, run_after=None
[2025-04-09T22:37:31.655+0000] {processor.py:179} INFO - Processing /workspaces/hands-on-introduction-data-engineering-4395021/airflow/dags/two_task_dag.py took 0.064 seconds
[2025-04-09T22:38:01.982+0000] {processor.py:157} INFO - Started process (PID=77192) to work on /workspaces/hands-on-introduction-data-engineering-4395021/airflow/dags/two_task_dag.py
[2025-04-09T22:38:01.983+0000] {processor.py:826} INFO - Processing file /workspaces/hands-on-introduction-data-engineering-4395021/airflow/dags/two_task_dag.py for tasks to queue
[2025-04-09T22:38:01.984+0000] {logging_mixin.py:150} INFO - [2025-04-09T22:38:01.983+0000] {dagbag.py:541} INFO - Filling up the DagBag from /workspaces/hands-on-introduction-data-engineering-4395021/airflow/dags/two_task_dag.py
[2025-04-09T22:38:01.992+0000] {processor.py:836} INFO - DAG(s) dict_keys(['two_task_dag']) retrieved from /workspaces/hands-on-introduction-data-engineering-4395021/airflow/dags/two_task_dag.py
[2025-04-09T22:38:02.011+0000] {logging_mixin.py:150} INFO - [2025-04-09T22:38:02.010+0000] {dag.py:2742} INFO - Sync 1 DAGs
[2025-04-09T22:38:02.025+0000] {logging_mixin.py:150} INFO - [2025-04-09T22:38:02.024+0000] {dag.py:3504} INFO - Setting next_dagrun for two_task_dag to None, run_after=None
[2025-04-09T22:38:02.038+0000] {processor.py:179} INFO - Processing /workspaces/hands-on-introduction-data-engineering-4395021/airflow/dags/two_task_dag.py took 0.059 seconds
[2025-04-09T22:38:32.967+0000] {processor.py:157} INFO - Started process (PID=77397) to work on /workspaces/hands-on-introduction-data-engineering-4395021/airflow/dags/two_task_dag.py
[2025-04-09T22:38:32.968+0000] {processor.py:826} INFO - Processing file /workspaces/hands-on-introduction-data-engineering-4395021/airflow/dags/two_task_dag.py for tasks to queue
[2025-04-09T22:38:32.969+0000] {logging_mixin.py:150} INFO - [2025-04-09T22:38:32.969+0000] {dagbag.py:541} INFO - Filling up the DagBag from /workspaces/hands-on-introduction-data-engineering-4395021/airflow/dags/two_task_dag.py
[2025-04-09T22:38:32.979+0000] {processor.py:836} INFO - DAG(s) dict_keys(['two_task_dag']) retrieved from /workspaces/hands-on-introduction-data-engineering-4395021/airflow/dags/two_task_dag.py
[2025-04-09T22:38:33.004+0000] {logging_mixin.py:150} INFO - [2025-04-09T22:38:33.004+0000] {dag.py:2742} INFO - Sync 1 DAGs
[2025-04-09T22:38:33.024+0000] {logging_mixin.py:150} INFO - [2025-04-09T22:38:33.024+0000] {dag.py:3504} INFO - Setting next_dagrun for two_task_dag to None, run_after=None
[2025-04-09T22:38:33.047+0000] {processor.py:179} INFO - Processing /workspaces/hands-on-introduction-data-engineering-4395021/airflow/dags/two_task_dag.py took 0.084 seconds
[2025-04-09T22:39:03.374+0000] {processor.py:157} INFO - Started process (PID=77614) to work on /workspaces/hands-on-introduction-data-engineering-4395021/airflow/dags/two_task_dag.py
[2025-04-09T22:39:03.375+0000] {processor.py:826} INFO - Processing file /workspaces/hands-on-introduction-data-engineering-4395021/airflow/dags/two_task_dag.py for tasks to queue
[2025-04-09T22:39:03.375+0000] {logging_mixin.py:150} INFO - [2025-04-09T22:39:03.375+0000] {dagbag.py:541} INFO - Filling up the DagBag from /workspaces/hands-on-introduction-data-engineering-4395021/airflow/dags/two_task_dag.py
[2025-04-09T22:39:03.383+0000] {processor.py:836} INFO - DAG(s) dict_keys(['two_task_dag']) retrieved from /workspaces/hands-on-introduction-data-engineering-4395021/airflow/dags/two_task_dag.py
[2025-04-09T22:39:03.403+0000] {logging_mixin.py:150} INFO - [2025-04-09T22:39:03.403+0000] {dag.py:2742} INFO - Sync 1 DAGs
[2025-04-09T22:39:03.420+0000] {logging_mixin.py:150} INFO - [2025-04-09T22:39:03.420+0000] {dag.py:3504} INFO - Setting next_dagrun for two_task_dag to None, run_after=None
[2025-04-09T22:39:03.434+0000] {processor.py:179} INFO - Processing /workspaces/hands-on-introduction-data-engineering-4395021/airflow/dags/two_task_dag.py took 0.062 seconds
[2025-04-09T22:39:33.774+0000] {processor.py:157} INFO - Started process (PID=77876) to work on /workspaces/hands-on-introduction-data-engineering-4395021/airflow/dags/two_task_dag.py
[2025-04-09T22:39:33.775+0000] {processor.py:826} INFO - Processing file /workspaces/hands-on-introduction-data-engineering-4395021/airflow/dags/two_task_dag.py for tasks to queue
[2025-04-09T22:39:33.776+0000] {logging_mixin.py:150} INFO - [2025-04-09T22:39:33.776+0000] {dagbag.py:541} INFO - Filling up the DagBag from /workspaces/hands-on-introduction-data-engineering-4395021/airflow/dags/two_task_dag.py
[2025-04-09T22:39:33.783+0000] {processor.py:836} INFO - DAG(s) dict_keys(['two_task_dag']) retrieved from /workspaces/hands-on-introduction-data-engineering-4395021/airflow/dags/two_task_dag.py
[2025-04-09T22:39:33.803+0000] {logging_mixin.py:150} INFO - [2025-04-09T22:39:33.803+0000] {dag.py:2742} INFO - Sync 1 DAGs
[2025-04-09T22:39:33.823+0000] {logging_mixin.py:150} INFO - [2025-04-09T22:39:33.823+0000] {dag.py:3504} INFO - Setting next_dagrun for two_task_dag to None, run_after=None
[2025-04-09T22:39:33.839+0000] {processor.py:179} INFO - Processing /workspaces/hands-on-introduction-data-engineering-4395021/airflow/dags/two_task_dag.py took 0.068 seconds
[2025-04-09T22:40:04.268+0000] {processor.py:157} INFO - Started process (PID=78218) to work on /workspaces/hands-on-introduction-data-engineering-4395021/airflow/dags/two_task_dag.py
[2025-04-09T22:40:04.268+0000] {processor.py:826} INFO - Processing file /workspaces/hands-on-introduction-data-engineering-4395021/airflow/dags/two_task_dag.py for tasks to queue
[2025-04-09T22:40:04.269+0000] {logging_mixin.py:150} INFO - [2025-04-09T22:40:04.269+0000] {dagbag.py:541} INFO - Filling up the DagBag from /workspaces/hands-on-introduction-data-engineering-4395021/airflow/dags/two_task_dag.py
[2025-04-09T22:40:04.277+0000] {processor.py:836} INFO - DAG(s) dict_keys(['two_task_dag']) retrieved from /workspaces/hands-on-introduction-data-engineering-4395021/airflow/dags/two_task_dag.py
[2025-04-09T22:40:04.295+0000] {logging_mixin.py:150} INFO - [2025-04-09T22:40:04.295+0000] {dag.py:2742} INFO - Sync 1 DAGs
[2025-04-09T22:40:04.308+0000] {logging_mixin.py:150} INFO - [2025-04-09T22:40:04.308+0000] {dag.py:3504} INFO - Setting next_dagrun for two_task_dag to None, run_after=None
[2025-04-09T22:40:04.321+0000] {processor.py:179} INFO - Processing /workspaces/hands-on-introduction-data-engineering-4395021/airflow/dags/two_task_dag.py took 0.056 seconds
[2025-04-09T22:40:34.661+0000] {processor.py:157} INFO - Started process (PID=78525) to work on /workspaces/hands-on-introduction-data-engineering-4395021/airflow/dags/two_task_dag.py
[2025-04-09T22:40:34.662+0000] {processor.py:826} INFO - Processing file /workspaces/hands-on-introduction-data-engineering-4395021/airflow/dags/two_task_dag.py for tasks to queue
[2025-04-09T22:40:34.663+0000] {logging_mixin.py:150} INFO - [2025-04-09T22:40:34.662+0000] {dagbag.py:541} INFO - Filling up the DagBag from /workspaces/hands-on-introduction-data-engineering-4395021/airflow/dags/two_task_dag.py
[2025-04-09T22:40:34.673+0000] {processor.py:836} INFO - DAG(s) dict_keys(['two_task_dag']) retrieved from /workspaces/hands-on-introduction-data-engineering-4395021/airflow/dags/two_task_dag.py
[2025-04-09T22:40:34.697+0000] {logging_mixin.py:150} INFO - [2025-04-09T22:40:34.697+0000] {dag.py:2742} INFO - Sync 1 DAGs
[2025-04-09T22:40:34.710+0000] {logging_mixin.py:150} INFO - [2025-04-09T22:40:34.710+0000] {dag.py:3504} INFO - Setting next_dagrun for two_task_dag to None, run_after=None
[2025-04-09T22:40:34.723+0000] {processor.py:179} INFO - Processing /workspaces/hands-on-introduction-data-engineering-4395021/airflow/dags/two_task_dag.py took 0.065 seconds
[2025-04-09T22:41:05.046+0000] {processor.py:157} INFO - Started process (PID=78859) to work on /workspaces/hands-on-introduction-data-engineering-4395021/airflow/dags/two_task_dag.py
[2025-04-09T22:41:05.046+0000] {processor.py:826} INFO - Processing file /workspaces/hands-on-introduction-data-engineering-4395021/airflow/dags/two_task_dag.py for tasks to queue
[2025-04-09T22:41:05.047+0000] {logging_mixin.py:150} INFO - [2025-04-09T22:41:05.047+0000] {dagbag.py:541} INFO - Filling up the DagBag from /workspaces/hands-on-introduction-data-engineering-4395021/airflow/dags/two_task_dag.py
[2025-04-09T22:41:05.055+0000] {processor.py:836} INFO - DAG(s) dict_keys(['two_task_dag']) retrieved from /workspaces/hands-on-introduction-data-engineering-4395021/airflow/dags/two_task_dag.py
[2025-04-09T22:41:05.073+0000] {logging_mixin.py:150} INFO - [2025-04-09T22:41:05.073+0000] {dag.py:2742} INFO - Sync 1 DAGs
[2025-04-09T22:41:05.087+0000] {logging_mixin.py:150} INFO - [2025-04-09T22:41:05.086+0000] {dag.py:3504} INFO - Setting next_dagrun for two_task_dag to None, run_after=None
[2025-04-09T22:41:05.101+0000] {processor.py:179} INFO - Processing /workspaces/hands-on-introduction-data-engineering-4395021/airflow/dags/two_task_dag.py took 0.058 seconds
[2025-04-09T22:41:35.429+0000] {processor.py:157} INFO - Started process (PID=79106) to work on /workspaces/hands-on-introduction-data-engineering-4395021/airflow/dags/two_task_dag.py
[2025-04-09T22:41:35.430+0000] {processor.py:826} INFO - Processing file /workspaces/hands-on-introduction-data-engineering-4395021/airflow/dags/two_task_dag.py for tasks to queue
[2025-04-09T22:41:35.430+0000] {logging_mixin.py:150} INFO - [2025-04-09T22:41:35.430+0000] {dagbag.py:541} INFO - Filling up the DagBag from /workspaces/hands-on-introduction-data-engineering-4395021/airflow/dags/two_task_dag.py
[2025-04-09T22:41:35.438+0000] {processor.py:836} INFO - DAG(s) dict_keys(['two_task_dag']) retrieved from /workspaces/hands-on-introduction-data-engineering-4395021/airflow/dags/two_task_dag.py
[2025-04-09T22:41:35.455+0000] {logging_mixin.py:150} INFO - [2025-04-09T22:41:35.455+0000] {dag.py:2742} INFO - Sync 1 DAGs
[2025-04-09T22:41:35.469+0000] {logging_mixin.py:150} INFO - [2025-04-09T22:41:35.469+0000] {dag.py:3504} INFO - Setting next_dagrun for two_task_dag to None, run_after=None
[2025-04-09T22:41:35.482+0000] {processor.py:179} INFO - Processing /workspaces/hands-on-introduction-data-engineering-4395021/airflow/dags/two_task_dag.py took 0.056 seconds
[2025-04-09T22:42:05.813+0000] {processor.py:157} INFO - Started process (PID=79451) to work on /workspaces/hands-on-introduction-data-engineering-4395021/airflow/dags/two_task_dag.py
[2025-04-09T22:42:05.814+0000] {processor.py:826} INFO - Processing file /workspaces/hands-on-introduction-data-engineering-4395021/airflow/dags/two_task_dag.py for tasks to queue
[2025-04-09T22:42:05.814+0000] {logging_mixin.py:150} INFO - [2025-04-09T22:42:05.814+0000] {dagbag.py:541} INFO - Filling up the DagBag from /workspaces/hands-on-introduction-data-engineering-4395021/airflow/dags/two_task_dag.py
[2025-04-09T22:42:05.822+0000] {processor.py:836} INFO - DAG(s) dict_keys(['two_task_dag']) retrieved from /workspaces/hands-on-introduction-data-engineering-4395021/airflow/dags/two_task_dag.py
[2025-04-09T22:42:05.840+0000] {logging_mixin.py:150} INFO - [2025-04-09T22:42:05.840+0000] {dag.py:2742} INFO - Sync 1 DAGs
[2025-04-09T22:42:05.854+0000] {logging_mixin.py:150} INFO - [2025-04-09T22:42:05.854+0000] {dag.py:3504} INFO - Setting next_dagrun for two_task_dag to None, run_after=None
[2025-04-09T22:42:05.867+0000] {processor.py:179} INFO - Processing /workspaces/hands-on-introduction-data-engineering-4395021/airflow/dags/two_task_dag.py took 0.057 seconds
[2025-04-09T22:42:36.199+0000] {processor.py:157} INFO - Started process (PID=79747) to work on /workspaces/hands-on-introduction-data-engineering-4395021/airflow/dags/two_task_dag.py
[2025-04-09T22:42:36.199+0000] {processor.py:826} INFO - Processing file /workspaces/hands-on-introduction-data-engineering-4395021/airflow/dags/two_task_dag.py for tasks to queue
[2025-04-09T22:42:36.200+0000] {logging_mixin.py:150} INFO - [2025-04-09T22:42:36.200+0000] {dagbag.py:541} INFO - Filling up the DagBag from /workspaces/hands-on-introduction-data-engineering-4395021/airflow/dags/two_task_dag.py
[2025-04-09T22:42:36.211+0000] {processor.py:836} INFO - DAG(s) dict_keys(['two_task_dag']) retrieved from /workspaces/hands-on-introduction-data-engineering-4395021/airflow/dags/two_task_dag.py
[2025-04-09T22:42:36.237+0000] {logging_mixin.py:150} INFO - [2025-04-09T22:42:36.237+0000] {dag.py:2742} INFO - Sync 1 DAGs
[2025-04-09T22:42:36.257+0000] {logging_mixin.py:150} INFO - [2025-04-09T22:42:36.256+0000] {dag.py:3504} INFO - Setting next_dagrun for two_task_dag to None, run_after=None
[2025-04-09T22:42:36.277+0000] {processor.py:179} INFO - Processing /workspaces/hands-on-introduction-data-engineering-4395021/airflow/dags/two_task_dag.py took 0.081 seconds
[2025-04-09T22:43:06.592+0000] {processor.py:157} INFO - Started process (PID=80087) to work on /workspaces/hands-on-introduction-data-engineering-4395021/airflow/dags/two_task_dag.py
[2025-04-09T22:43:06.593+0000] {processor.py:826} INFO - Processing file /workspaces/hands-on-introduction-data-engineering-4395021/airflow/dags/two_task_dag.py for tasks to queue
[2025-04-09T22:43:06.594+0000] {logging_mixin.py:150} INFO - [2025-04-09T22:43:06.593+0000] {dagbag.py:541} INFO - Filling up the DagBag from /workspaces/hands-on-introduction-data-engineering-4395021/airflow/dags/two_task_dag.py
[2025-04-09T22:43:06.602+0000] {processor.py:836} INFO - DAG(s) dict_keys(['two_task_dag']) retrieved from /workspaces/hands-on-introduction-data-engineering-4395021/airflow/dags/two_task_dag.py
[2025-04-09T22:43:06.621+0000] {logging_mixin.py:150} INFO - [2025-04-09T22:43:06.621+0000] {dag.py:2742} INFO - Sync 1 DAGs
[2025-04-09T22:43:06.635+0000] {logging_mixin.py:150} INFO - [2025-04-09T22:43:06.635+0000] {dag.py:3504} INFO - Setting next_dagrun for two_task_dag to None, run_after=None
[2025-04-09T22:43:06.650+0000] {processor.py:179} INFO - Processing /workspaces/hands-on-introduction-data-engineering-4395021/airflow/dags/two_task_dag.py took 0.061 seconds
[2025-04-09T22:43:36.968+0000] {processor.py:157} INFO - Started process (PID=80405) to work on /workspaces/hands-on-introduction-data-engineering-4395021/airflow/dags/two_task_dag.py
[2025-04-09T22:43:36.968+0000] {processor.py:826} INFO - Processing file /workspaces/hands-on-introduction-data-engineering-4395021/airflow/dags/two_task_dag.py for tasks to queue
[2025-04-09T22:43:36.969+0000] {logging_mixin.py:150} INFO - [2025-04-09T22:43:36.969+0000] {dagbag.py:541} INFO - Filling up the DagBag from /workspaces/hands-on-introduction-data-engineering-4395021/airflow/dags/two_task_dag.py
[2025-04-09T22:43:36.978+0000] {processor.py:836} INFO - DAG(s) dict_keys(['two_task_dag']) retrieved from /workspaces/hands-on-introduction-data-engineering-4395021/airflow/dags/two_task_dag.py
[2025-04-09T22:43:36.997+0000] {logging_mixin.py:150} INFO - [2025-04-09T22:43:36.997+0000] {dag.py:2742} INFO - Sync 1 DAGs
[2025-04-09T22:43:37.012+0000] {logging_mixin.py:150} INFO - [2025-04-09T22:43:37.012+0000] {dag.py:3504} INFO - Setting next_dagrun for two_task_dag to None, run_after=None
[2025-04-09T22:43:37.025+0000] {processor.py:179} INFO - Processing /workspaces/hands-on-introduction-data-engineering-4395021/airflow/dags/two_task_dag.py took 0.060 seconds
[2025-04-09T22:44:07.355+0000] {processor.py:157} INFO - Started process (PID=80683) to work on /workspaces/hands-on-introduction-data-engineering-4395021/airflow/dags/two_task_dag.py
[2025-04-09T22:44:07.356+0000] {processor.py:826} INFO - Processing file /workspaces/hands-on-introduction-data-engineering-4395021/airflow/dags/two_task_dag.py for tasks to queue
[2025-04-09T22:44:07.356+0000] {logging_mixin.py:150} INFO - [2025-04-09T22:44:07.356+0000] {dagbag.py:541} INFO - Filling up the DagBag from /workspaces/hands-on-introduction-data-engineering-4395021/airflow/dags/two_task_dag.py
[2025-04-09T22:44:07.364+0000] {processor.py:836} INFO - DAG(s) dict_keys(['two_task_dag']) retrieved from /workspaces/hands-on-introduction-data-engineering-4395021/airflow/dags/two_task_dag.py
[2025-04-09T22:44:07.382+0000] {logging_mixin.py:150} INFO - [2025-04-09T22:44:07.382+0000] {dag.py:2742} INFO - Sync 1 DAGs
[2025-04-09T22:44:07.396+0000] {logging_mixin.py:150} INFO - [2025-04-09T22:44:07.396+0000] {dag.py:3504} INFO - Setting next_dagrun for two_task_dag to None, run_after=None
[2025-04-09T22:44:07.409+0000] {processor.py:179} INFO - Processing /workspaces/hands-on-introduction-data-engineering-4395021/airflow/dags/two_task_dag.py took 0.057 seconds
[2025-04-09T22:44:38.014+0000] {processor.py:157} INFO - Started process (PID=80905) to work on /workspaces/hands-on-introduction-data-engineering-4395021/airflow/dags/two_task_dag.py
[2025-04-09T22:44:38.015+0000] {processor.py:826} INFO - Processing file /workspaces/hands-on-introduction-data-engineering-4395021/airflow/dags/two_task_dag.py for tasks to queue
[2025-04-09T22:44:38.016+0000] {logging_mixin.py:150} INFO - [2025-04-09T22:44:38.016+0000] {dagbag.py:541} INFO - Filling up the DagBag from /workspaces/hands-on-introduction-data-engineering-4395021/airflow/dags/two_task_dag.py
[2025-04-09T22:44:38.024+0000] {processor.py:836} INFO - DAG(s) dict_keys(['two_task_dag']) retrieved from /workspaces/hands-on-introduction-data-engineering-4395021/airflow/dags/two_task_dag.py
[2025-04-09T22:44:38.042+0000] {logging_mixin.py:150} INFO - [2025-04-09T22:44:38.042+0000] {dag.py:2742} INFO - Sync 1 DAGs
[2025-04-09T22:44:38.055+0000] {logging_mixin.py:150} INFO - [2025-04-09T22:44:38.055+0000] {dag.py:3504} INFO - Setting next_dagrun for two_task_dag to None, run_after=None
[2025-04-09T22:44:38.069+0000] {processor.py:179} INFO - Processing /workspaces/hands-on-introduction-data-engineering-4395021/airflow/dags/two_task_dag.py took 0.057 seconds
[2025-04-09T22:45:08.471+0000] {processor.py:157} INFO - Started process (PID=81111) to work on /workspaces/hands-on-introduction-data-engineering-4395021/airflow/dags/two_task_dag.py
[2025-04-09T22:45:08.472+0000] {processor.py:826} INFO - Processing file /workspaces/hands-on-introduction-data-engineering-4395021/airflow/dags/two_task_dag.py for tasks to queue
[2025-04-09T22:45:08.472+0000] {logging_mixin.py:150} INFO - [2025-04-09T22:45:08.472+0000] {dagbag.py:541} INFO - Filling up the DagBag from /workspaces/hands-on-introduction-data-engineering-4395021/airflow/dags/two_task_dag.py
[2025-04-09T22:45:08.480+0000] {processor.py:836} INFO - DAG(s) dict_keys(['two_task_dag']) retrieved from /workspaces/hands-on-introduction-data-engineering-4395021/airflow/dags/two_task_dag.py
[2025-04-09T22:45:08.497+0000] {logging_mixin.py:150} INFO - [2025-04-09T22:45:08.497+0000] {dag.py:2742} INFO - Sync 1 DAGs
[2025-04-09T22:45:08.511+0000] {logging_mixin.py:150} INFO - [2025-04-09T22:45:08.510+0000] {dag.py:3504} INFO - Setting next_dagrun for two_task_dag to None, run_after=None
[2025-04-09T22:45:08.525+0000] {processor.py:179} INFO - Processing /workspaces/hands-on-introduction-data-engineering-4395021/airflow/dags/two_task_dag.py took 0.056 seconds
[2025-04-09T22:45:38.860+0000] {processor.py:157} INFO - Started process (PID=81312) to work on /workspaces/hands-on-introduction-data-engineering-4395021/airflow/dags/two_task_dag.py
[2025-04-09T22:45:38.861+0000] {processor.py:826} INFO - Processing file /workspaces/hands-on-introduction-data-engineering-4395021/airflow/dags/two_task_dag.py for tasks to queue
[2025-04-09T22:45:38.862+0000] {logging_mixin.py:150} INFO - [2025-04-09T22:45:38.862+0000] {dagbag.py:541} INFO - Filling up the DagBag from /workspaces/hands-on-introduction-data-engineering-4395021/airflow/dags/two_task_dag.py
[2025-04-09T22:45:38.869+0000] {processor.py:836} INFO - DAG(s) dict_keys(['two_task_dag']) retrieved from /workspaces/hands-on-introduction-data-engineering-4395021/airflow/dags/two_task_dag.py
[2025-04-09T22:45:38.888+0000] {logging_mixin.py:150} INFO - [2025-04-09T22:45:38.888+0000] {dag.py:2742} INFO - Sync 1 DAGs
[2025-04-09T22:45:38.902+0000] {logging_mixin.py:150} INFO - [2025-04-09T22:45:38.902+0000] {dag.py:3504} INFO - Setting next_dagrun for two_task_dag to None, run_after=None
[2025-04-09T22:45:38.916+0000] {processor.py:179} INFO - Processing /workspaces/hands-on-introduction-data-engineering-4395021/airflow/dags/two_task_dag.py took 0.058 seconds
[2025-04-09T22:46:09.442+0000] {processor.py:157} INFO - Started process (PID=81518) to work on /workspaces/hands-on-introduction-data-engineering-4395021/airflow/dags/two_task_dag.py
[2025-04-09T22:46:09.443+0000] {processor.py:826} INFO - Processing file /workspaces/hands-on-introduction-data-engineering-4395021/airflow/dags/two_task_dag.py for tasks to queue
[2025-04-09T22:46:09.443+0000] {logging_mixin.py:150} INFO - [2025-04-09T22:46:09.443+0000] {dagbag.py:541} INFO - Filling up the DagBag from /workspaces/hands-on-introduction-data-engineering-4395021/airflow/dags/two_task_dag.py
[2025-04-09T22:46:09.451+0000] {processor.py:836} INFO - DAG(s) dict_keys(['two_task_dag']) retrieved from /workspaces/hands-on-introduction-data-engineering-4395021/airflow/dags/two_task_dag.py
[2025-04-09T22:46:09.469+0000] {logging_mixin.py:150} INFO - [2025-04-09T22:46:09.469+0000] {dag.py:2742} INFO - Sync 1 DAGs
[2025-04-09T22:46:09.483+0000] {logging_mixin.py:150} INFO - [2025-04-09T22:46:09.483+0000] {dag.py:3504} INFO - Setting next_dagrun for two_task_dag to None, run_after=None
[2025-04-09T22:46:09.496+0000] {processor.py:179} INFO - Processing /workspaces/hands-on-introduction-data-engineering-4395021/airflow/dags/two_task_dag.py took 0.057 seconds
[2025-04-09T22:46:39.806+0000] {processor.py:157} INFO - Started process (PID=81713) to work on /workspaces/hands-on-introduction-data-engineering-4395021/airflow/dags/two_task_dag.py
[2025-04-09T22:46:39.807+0000] {processor.py:826} INFO - Processing file /workspaces/hands-on-introduction-data-engineering-4395021/airflow/dags/two_task_dag.py for tasks to queue
[2025-04-09T22:46:39.808+0000] {logging_mixin.py:150} INFO - [2025-04-09T22:46:39.807+0000] {dagbag.py:541} INFO - Filling up the DagBag from /workspaces/hands-on-introduction-data-engineering-4395021/airflow/dags/two_task_dag.py
[2025-04-09T22:46:39.815+0000] {processor.py:836} INFO - DAG(s) dict_keys(['two_task_dag']) retrieved from /workspaces/hands-on-introduction-data-engineering-4395021/airflow/dags/two_task_dag.py
[2025-04-09T22:46:39.837+0000] {logging_mixin.py:150} INFO - [2025-04-09T22:46:39.836+0000] {dag.py:2742} INFO - Sync 1 DAGs
[2025-04-09T22:46:39.850+0000] {logging_mixin.py:150} INFO - [2025-04-09T22:46:39.850+0000] {dag.py:3504} INFO - Setting next_dagrun for two_task_dag to None, run_after=None
[2025-04-09T22:46:39.864+0000] {processor.py:179} INFO - Processing /workspaces/hands-on-introduction-data-engineering-4395021/airflow/dags/two_task_dag.py took 0.061 seconds
[2025-04-09T22:47:10.276+0000] {processor.py:157} INFO - Started process (PID=81918) to work on /workspaces/hands-on-introduction-data-engineering-4395021/airflow/dags/two_task_dag.py
[2025-04-09T22:47:10.277+0000] {processor.py:826} INFO - Processing file /workspaces/hands-on-introduction-data-engineering-4395021/airflow/dags/two_task_dag.py for tasks to queue
[2025-04-09T22:47:10.278+0000] {logging_mixin.py:150} INFO - [2025-04-09T22:47:10.278+0000] {dagbag.py:541} INFO - Filling up the DagBag from /workspaces/hands-on-introduction-data-engineering-4395021/airflow/dags/two_task_dag.py
[2025-04-09T22:47:10.286+0000] {processor.py:836} INFO - DAG(s) dict_keys(['two_task_dag']) retrieved from /workspaces/hands-on-introduction-data-engineering-4395021/airflow/dags/two_task_dag.py
[2025-04-09T22:47:10.305+0000] {logging_mixin.py:150} INFO - [2025-04-09T22:47:10.305+0000] {dag.py:2742} INFO - Sync 1 DAGs
[2025-04-09T22:47:10.319+0000] {logging_mixin.py:150} INFO - [2025-04-09T22:47:10.319+0000] {dag.py:3504} INFO - Setting next_dagrun for two_task_dag to None, run_after=None
[2025-04-09T22:47:10.332+0000] {processor.py:179} INFO - Processing /workspaces/hands-on-introduction-data-engineering-4395021/airflow/dags/two_task_dag.py took 0.058 seconds
[2025-04-09T22:47:40.741+0000] {processor.py:157} INFO - Started process (PID=82124) to work on /workspaces/hands-on-introduction-data-engineering-4395021/airflow/dags/two_task_dag.py
[2025-04-09T22:47:40.742+0000] {processor.py:826} INFO - Processing file /workspaces/hands-on-introduction-data-engineering-4395021/airflow/dags/two_task_dag.py for tasks to queue
[2025-04-09T22:47:40.743+0000] {logging_mixin.py:150} INFO - [2025-04-09T22:47:40.743+0000] {dagbag.py:541} INFO - Filling up the DagBag from /workspaces/hands-on-introduction-data-engineering-4395021/airflow/dags/two_task_dag.py
[2025-04-09T22:47:40.750+0000] {processor.py:836} INFO - DAG(s) dict_keys(['two_task_dag']) retrieved from /workspaces/hands-on-introduction-data-engineering-4395021/airflow/dags/two_task_dag.py
[2025-04-09T22:47:40.768+0000] {logging_mixin.py:150} INFO - [2025-04-09T22:47:40.768+0000] {dag.py:2742} INFO - Sync 1 DAGs
[2025-04-09T22:47:40.784+0000] {logging_mixin.py:150} INFO - [2025-04-09T22:47:40.783+0000] {dag.py:3504} INFO - Setting next_dagrun for two_task_dag to None, run_after=None
[2025-04-09T22:47:40.802+0000] {processor.py:179} INFO - Processing /workspaces/hands-on-introduction-data-engineering-4395021/airflow/dags/two_task_dag.py took 0.063 seconds
[2025-04-09T22:48:11.103+0000] {processor.py:157} INFO - Started process (PID=82326) to work on /workspaces/hands-on-introduction-data-engineering-4395021/airflow/dags/two_task_dag.py
[2025-04-09T22:48:11.104+0000] {processor.py:826} INFO - Processing file /workspaces/hands-on-introduction-data-engineering-4395021/airflow/dags/two_task_dag.py for tasks to queue
[2025-04-09T22:48:11.105+0000] {logging_mixin.py:150} INFO - [2025-04-09T22:48:11.105+0000] {dagbag.py:541} INFO - Filling up the DagBag from /workspaces/hands-on-introduction-data-engineering-4395021/airflow/dags/two_task_dag.py
[2025-04-09T22:48:11.112+0000] {processor.py:836} INFO - DAG(s) dict_keys(['two_task_dag']) retrieved from /workspaces/hands-on-introduction-data-engineering-4395021/airflow/dags/two_task_dag.py
[2025-04-09T22:48:11.136+0000] {logging_mixin.py:150} INFO - [2025-04-09T22:48:11.135+0000] {dag.py:2742} INFO - Sync 1 DAGs
[2025-04-09T22:48:11.155+0000] {logging_mixin.py:150} INFO - [2025-04-09T22:48:11.155+0000] {dag.py:3504} INFO - Setting next_dagrun for two_task_dag to None, run_after=None
[2025-04-09T22:48:11.170+0000] {processor.py:179} INFO - Processing /workspaces/hands-on-introduction-data-engineering-4395021/airflow/dags/two_task_dag.py took 0.069 seconds
[2025-04-09T22:48:41.471+0000] {processor.py:157} INFO - Started process (PID=82531) to work on /workspaces/hands-on-introduction-data-engineering-4395021/airflow/dags/two_task_dag.py
[2025-04-09T22:48:41.471+0000] {processor.py:826} INFO - Processing file /workspaces/hands-on-introduction-data-engineering-4395021/airflow/dags/two_task_dag.py for tasks to queue
[2025-04-09T22:48:41.472+0000] {logging_mixin.py:150} INFO - [2025-04-09T22:48:41.472+0000] {dagbag.py:541} INFO - Filling up the DagBag from /workspaces/hands-on-introduction-data-engineering-4395021/airflow/dags/two_task_dag.py
[2025-04-09T22:48:41.480+0000] {processor.py:836} INFO - DAG(s) dict_keys(['two_task_dag']) retrieved from /workspaces/hands-on-introduction-data-engineering-4395021/airflow/dags/two_task_dag.py
[2025-04-09T22:48:41.497+0000] {logging_mixin.py:150} INFO - [2025-04-09T22:48:41.497+0000] {dag.py:2742} INFO - Sync 1 DAGs
[2025-04-09T22:48:41.511+0000] {logging_mixin.py:150} INFO - [2025-04-09T22:48:41.510+0000] {dag.py:3504} INFO - Setting next_dagrun for two_task_dag to None, run_after=None
[2025-04-09T22:48:41.524+0000] {processor.py:179} INFO - Processing /workspaces/hands-on-introduction-data-engineering-4395021/airflow/dags/two_task_dag.py took 0.056 seconds
[2025-04-09T22:49:11.892+0000] {processor.py:157} INFO - Started process (PID=82738) to work on /workspaces/hands-on-introduction-data-engineering-4395021/airflow/dags/two_task_dag.py
[2025-04-09T22:49:11.893+0000] {processor.py:826} INFO - Processing file /workspaces/hands-on-introduction-data-engineering-4395021/airflow/dags/two_task_dag.py for tasks to queue
[2025-04-09T22:49:11.894+0000] {logging_mixin.py:150} INFO - [2025-04-09T22:49:11.894+0000] {dagbag.py:541} INFO - Filling up the DagBag from /workspaces/hands-on-introduction-data-engineering-4395021/airflow/dags/two_task_dag.py
[2025-04-09T22:49:11.901+0000] {processor.py:836} INFO - DAG(s) dict_keys(['two_task_dag']) retrieved from /workspaces/hands-on-introduction-data-engineering-4395021/airflow/dags/two_task_dag.py
[2025-04-09T22:49:11.919+0000] {logging_mixin.py:150} INFO - [2025-04-09T22:49:11.919+0000] {dag.py:2742} INFO - Sync 1 DAGs
[2025-04-09T22:49:11.934+0000] {logging_mixin.py:150} INFO - [2025-04-09T22:49:11.933+0000] {dag.py:3504} INFO - Setting next_dagrun for two_task_dag to None, run_after=None
[2025-04-09T22:49:11.947+0000] {processor.py:179} INFO - Processing /workspaces/hands-on-introduction-data-engineering-4395021/airflow/dags/two_task_dag.py took 0.058 seconds
[2025-04-09T22:49:42.595+0000] {processor.py:157} INFO - Started process (PID=82945) to work on /workspaces/hands-on-introduction-data-engineering-4395021/airflow/dags/two_task_dag.py
[2025-04-09T22:49:42.596+0000] {processor.py:826} INFO - Processing file /workspaces/hands-on-introduction-data-engineering-4395021/airflow/dags/two_task_dag.py for tasks to queue
[2025-04-09T22:49:42.597+0000] {logging_mixin.py:150} INFO - [2025-04-09T22:49:42.596+0000] {dagbag.py:541} INFO - Filling up the DagBag from /workspaces/hands-on-introduction-data-engineering-4395021/airflow/dags/two_task_dag.py
[2025-04-09T22:49:42.606+0000] {processor.py:836} INFO - DAG(s) dict_keys(['two_task_dag']) retrieved from /workspaces/hands-on-introduction-data-engineering-4395021/airflow/dags/two_task_dag.py
[2025-04-09T22:49:42.624+0000] {logging_mixin.py:150} INFO - [2025-04-09T22:49:42.624+0000] {dag.py:2742} INFO - Sync 1 DAGs
[2025-04-09T22:49:42.638+0000] {logging_mixin.py:150} INFO - [2025-04-09T22:49:42.638+0000] {dag.py:3504} INFO - Setting next_dagrun for two_task_dag to None, run_after=None
[2025-04-09T22:49:42.651+0000] {processor.py:179} INFO - Processing /workspaces/hands-on-introduction-data-engineering-4395021/airflow/dags/two_task_dag.py took 0.059 seconds
[2025-04-09T22:50:13.132+0000] {processor.py:157} INFO - Started process (PID=83152) to work on /workspaces/hands-on-introduction-data-engineering-4395021/airflow/dags/two_task_dag.py
[2025-04-09T22:50:13.134+0000] {processor.py:826} INFO - Processing file /workspaces/hands-on-introduction-data-engineering-4395021/airflow/dags/two_task_dag.py for tasks to queue
[2025-04-09T22:50:13.135+0000] {logging_mixin.py:150} INFO - [2025-04-09T22:50:13.134+0000] {dagbag.py:541} INFO - Filling up the DagBag from /workspaces/hands-on-introduction-data-engineering-4395021/airflow/dags/two_task_dag.py
[2025-04-09T22:50:13.146+0000] {processor.py:836} INFO - DAG(s) dict_keys(['two_task_dag']) retrieved from /workspaces/hands-on-introduction-data-engineering-4395021/airflow/dags/two_task_dag.py
[2025-04-09T22:50:13.171+0000] {logging_mixin.py:150} INFO - [2025-04-09T22:50:13.171+0000] {dag.py:2742} INFO - Sync 1 DAGs
[2025-04-09T22:50:13.191+0000] {logging_mixin.py:150} INFO - [2025-04-09T22:50:13.191+0000] {dag.py:3504} INFO - Setting next_dagrun for two_task_dag to None, run_after=None
[2025-04-09T22:50:13.239+0000] {processor.py:179} INFO - Processing /workspaces/hands-on-introduction-data-engineering-4395021/airflow/dags/two_task_dag.py took 0.113 seconds
[2025-04-09T22:50:43.585+0000] {processor.py:157} INFO - Started process (PID=83352) to work on /workspaces/hands-on-introduction-data-engineering-4395021/airflow/dags/two_task_dag.py
[2025-04-09T22:50:43.586+0000] {processor.py:826} INFO - Processing file /workspaces/hands-on-introduction-data-engineering-4395021/airflow/dags/two_task_dag.py for tasks to queue
[2025-04-09T22:50:43.586+0000] {logging_mixin.py:150} INFO - [2025-04-09T22:50:43.586+0000] {dagbag.py:541} INFO - Filling up the DagBag from /workspaces/hands-on-introduction-data-engineering-4395021/airflow/dags/two_task_dag.py
[2025-04-09T22:50:43.594+0000] {processor.py:836} INFO - DAG(s) dict_keys(['two_task_dag']) retrieved from /workspaces/hands-on-introduction-data-engineering-4395021/airflow/dags/two_task_dag.py
[2025-04-09T22:50:43.617+0000] {logging_mixin.py:150} INFO - [2025-04-09T22:50:43.617+0000] {dag.py:2742} INFO - Sync 1 DAGs
[2025-04-09T22:50:43.637+0000] {logging_mixin.py:150} INFO - [2025-04-09T22:50:43.637+0000] {dag.py:3504} INFO - Setting next_dagrun for two_task_dag to None, run_after=None
[2025-04-09T22:50:43.656+0000] {processor.py:179} INFO - Processing /workspaces/hands-on-introduction-data-engineering-4395021/airflow/dags/two_task_dag.py took 0.074 seconds
[2025-04-09T22:51:13.974+0000] {processor.py:157} INFO - Started process (PID=83557) to work on /workspaces/hands-on-introduction-data-engineering-4395021/airflow/dags/two_task_dag.py
[2025-04-09T22:51:13.974+0000] {processor.py:826} INFO - Processing file /workspaces/hands-on-introduction-data-engineering-4395021/airflow/dags/two_task_dag.py for tasks to queue
[2025-04-09T22:51:13.975+0000] {logging_mixin.py:150} INFO - [2025-04-09T22:51:13.975+0000] {dagbag.py:541} INFO - Filling up the DagBag from /workspaces/hands-on-introduction-data-engineering-4395021/airflow/dags/two_task_dag.py
[2025-04-09T22:51:13.982+0000] {processor.py:836} INFO - DAG(s) dict_keys(['two_task_dag']) retrieved from /workspaces/hands-on-introduction-data-engineering-4395021/airflow/dags/two_task_dag.py
[2025-04-09T22:51:14.000+0000] {logging_mixin.py:150} INFO - [2025-04-09T22:51:14.000+0000] {dag.py:2742} INFO - Sync 1 DAGs
[2025-04-09T22:51:14.013+0000] {logging_mixin.py:150} INFO - [2025-04-09T22:51:14.013+0000] {dag.py:3504} INFO - Setting next_dagrun for two_task_dag to None, run_after=None
[2025-04-09T22:51:14.038+0000] {processor.py:179} INFO - Processing /workspaces/hands-on-introduction-data-engineering-4395021/airflow/dags/two_task_dag.py took 0.067 seconds
[2025-04-09T22:51:44.563+0000] {processor.py:157} INFO - Started process (PID=83767) to work on /workspaces/hands-on-introduction-data-engineering-4395021/airflow/dags/two_task_dag.py
[2025-04-09T22:51:44.564+0000] {processor.py:826} INFO - Processing file /workspaces/hands-on-introduction-data-engineering-4395021/airflow/dags/two_task_dag.py for tasks to queue
[2025-04-09T22:51:44.565+0000] {logging_mixin.py:150} INFO - [2025-04-09T22:51:44.565+0000] {dagbag.py:541} INFO - Filling up the DagBag from /workspaces/hands-on-introduction-data-engineering-4395021/airflow/dags/two_task_dag.py
[2025-04-09T22:51:44.572+0000] {processor.py:836} INFO - DAG(s) dict_keys(['two_task_dag']) retrieved from /workspaces/hands-on-introduction-data-engineering-4395021/airflow/dags/two_task_dag.py
[2025-04-09T22:51:44.602+0000] {logging_mixin.py:150} INFO - [2025-04-09T22:51:44.602+0000] {dag.py:2742} INFO - Sync 1 DAGs
[2025-04-09T22:51:44.622+0000] {logging_mixin.py:150} INFO - [2025-04-09T22:51:44.622+0000] {dag.py:3504} INFO - Setting next_dagrun for two_task_dag to None, run_after=None
[2025-04-09T22:51:44.635+0000] {processor.py:179} INFO - Processing /workspaces/hands-on-introduction-data-engineering-4395021/airflow/dags/two_task_dag.py took 0.074 seconds
[2025-04-09T22:52:14.951+0000] {processor.py:157} INFO - Started process (PID=83967) to work on /workspaces/hands-on-introduction-data-engineering-4395021/airflow/dags/two_task_dag.py
[2025-04-09T22:52:14.951+0000] {processor.py:826} INFO - Processing file /workspaces/hands-on-introduction-data-engineering-4395021/airflow/dags/two_task_dag.py for tasks to queue
[2025-04-09T22:52:14.952+0000] {logging_mixin.py:150} INFO - [2025-04-09T22:52:14.952+0000] {dagbag.py:541} INFO - Filling up the DagBag from /workspaces/hands-on-introduction-data-engineering-4395021/airflow/dags/two_task_dag.py
[2025-04-09T22:52:14.979+0000] {processor.py:836} INFO - DAG(s) dict_keys(['two_task_dag']) retrieved from /workspaces/hands-on-introduction-data-engineering-4395021/airflow/dags/two_task_dag.py
[2025-04-09T22:52:15.042+0000] {logging_mixin.py:150} INFO - [2025-04-09T22:52:15.041+0000] {dag.py:2742} INFO - Sync 1 DAGs
[2025-04-09T22:52:15.104+0000] {logging_mixin.py:150} INFO - [2025-04-09T22:52:15.103+0000] {dag.py:3504} INFO - Setting next_dagrun for two_task_dag to None, run_after=None
[2025-04-09T22:52:15.153+0000] {processor.py:179} INFO - Processing /workspaces/hands-on-introduction-data-engineering-4395021/airflow/dags/two_task_dag.py took 0.207 seconds
[2025-04-09T22:52:45.436+0000] {processor.py:157} INFO - Started process (PID=84177) to work on /workspaces/hands-on-introduction-data-engineering-4395021/airflow/dags/two_task_dag.py
[2025-04-09T22:52:45.437+0000] {processor.py:826} INFO - Processing file /workspaces/hands-on-introduction-data-engineering-4395021/airflow/dags/two_task_dag.py for tasks to queue
[2025-04-09T22:52:45.438+0000] {logging_mixin.py:150} INFO - [2025-04-09T22:52:45.437+0000] {dagbag.py:541} INFO - Filling up the DagBag from /workspaces/hands-on-introduction-data-engineering-4395021/airflow/dags/two_task_dag.py
[2025-04-09T22:52:45.445+0000] {processor.py:836} INFO - DAG(s) dict_keys(['two_task_dag']) retrieved from /workspaces/hands-on-introduction-data-engineering-4395021/airflow/dags/two_task_dag.py
[2025-04-09T22:52:45.463+0000] {logging_mixin.py:150} INFO - [2025-04-09T22:52:45.463+0000] {dag.py:2742} INFO - Sync 1 DAGs
[2025-04-09T22:52:45.476+0000] {logging_mixin.py:150} INFO - [2025-04-09T22:52:45.476+0000] {dag.py:3504} INFO - Setting next_dagrun for two_task_dag to None, run_after=None
[2025-04-09T22:52:45.490+0000] {processor.py:179} INFO - Processing /workspaces/hands-on-introduction-data-engineering-4395021/airflow/dags/two_task_dag.py took 0.057 seconds
[2025-04-09T22:53:15.872+0000] {processor.py:157} INFO - Started process (PID=84376) to work on /workspaces/hands-on-introduction-data-engineering-4395021/airflow/dags/two_task_dag.py
[2025-04-09T22:53:15.873+0000] {processor.py:826} INFO - Processing file /workspaces/hands-on-introduction-data-engineering-4395021/airflow/dags/two_task_dag.py for tasks to queue
[2025-04-09T22:53:15.873+0000] {logging_mixin.py:150} INFO - [2025-04-09T22:53:15.873+0000] {dagbag.py:541} INFO - Filling up the DagBag from /workspaces/hands-on-introduction-data-engineering-4395021/airflow/dags/two_task_dag.py
[2025-04-09T22:53:15.881+0000] {processor.py:836} INFO - DAG(s) dict_keys(['two_task_dag']) retrieved from /workspaces/hands-on-introduction-data-engineering-4395021/airflow/dags/two_task_dag.py
[2025-04-09T22:53:15.899+0000] {logging_mixin.py:150} INFO - [2025-04-09T22:53:15.898+0000] {dag.py:2742} INFO - Sync 1 DAGs
[2025-04-09T22:53:15.912+0000] {logging_mixin.py:150} INFO - [2025-04-09T22:53:15.912+0000] {dag.py:3504} INFO - Setting next_dagrun for two_task_dag to None, run_after=None
[2025-04-09T22:53:15.926+0000] {processor.py:179} INFO - Processing /workspaces/hands-on-introduction-data-engineering-4395021/airflow/dags/two_task_dag.py took 0.056 seconds
[2025-04-09T22:53:46.284+0000] {processor.py:157} INFO - Started process (PID=84582) to work on /workspaces/hands-on-introduction-data-engineering-4395021/airflow/dags/two_task_dag.py
[2025-04-09T22:53:46.285+0000] {processor.py:826} INFO - Processing file /workspaces/hands-on-introduction-data-engineering-4395021/airflow/dags/two_task_dag.py for tasks to queue
[2025-04-09T22:53:46.286+0000] {logging_mixin.py:150} INFO - [2025-04-09T22:53:46.285+0000] {dagbag.py:541} INFO - Filling up the DagBag from /workspaces/hands-on-introduction-data-engineering-4395021/airflow/dags/two_task_dag.py
[2025-04-09T22:53:46.293+0000] {processor.py:836} INFO - DAG(s) dict_keys(['two_task_dag']) retrieved from /workspaces/hands-on-introduction-data-engineering-4395021/airflow/dags/two_task_dag.py
[2025-04-09T22:53:46.311+0000] {logging_mixin.py:150} INFO - [2025-04-09T22:53:46.310+0000] {dag.py:2742} INFO - Sync 1 DAGs
[2025-04-09T22:53:46.324+0000] {logging_mixin.py:150} INFO - [2025-04-09T22:53:46.324+0000] {dag.py:3504} INFO - Setting next_dagrun for two_task_dag to None, run_after=None
[2025-04-09T22:53:46.337+0000] {processor.py:179} INFO - Processing /workspaces/hands-on-introduction-data-engineering-4395021/airflow/dags/two_task_dag.py took 0.056 seconds
[2025-04-09T22:54:16.648+0000] {processor.py:157} INFO - Started process (PID=84783) to work on /workspaces/hands-on-introduction-data-engineering-4395021/airflow/dags/two_task_dag.py
[2025-04-09T22:54:16.648+0000] {processor.py:826} INFO - Processing file /workspaces/hands-on-introduction-data-engineering-4395021/airflow/dags/two_task_dag.py for tasks to queue
[2025-04-09T22:54:16.649+0000] {logging_mixin.py:150} INFO - [2025-04-09T22:54:16.649+0000] {dagbag.py:541} INFO - Filling up the DagBag from /workspaces/hands-on-introduction-data-engineering-4395021/airflow/dags/two_task_dag.py
[2025-04-09T22:54:16.657+0000] {processor.py:836} INFO - DAG(s) dict_keys(['two_task_dag']) retrieved from /workspaces/hands-on-introduction-data-engineering-4395021/airflow/dags/two_task_dag.py
[2025-04-09T22:54:16.674+0000] {logging_mixin.py:150} INFO - [2025-04-09T22:54:16.674+0000] {dag.py:2742} INFO - Sync 1 DAGs
[2025-04-09T22:54:16.688+0000] {logging_mixin.py:150} INFO - [2025-04-09T22:54:16.688+0000] {dag.py:3504} INFO - Setting next_dagrun for two_task_dag to None, run_after=None
[2025-04-09T22:54:16.701+0000] {processor.py:179} INFO - Processing /workspaces/hands-on-introduction-data-engineering-4395021/airflow/dags/two_task_dag.py took 0.056 seconds
[2025-04-09T22:54:47.117+0000] {processor.py:157} INFO - Started process (PID=84968) to work on /workspaces/hands-on-introduction-data-engineering-4395021/airflow/dags/two_task_dag.py
[2025-04-09T22:54:47.118+0000] {processor.py:826} INFO - Processing file /workspaces/hands-on-introduction-data-engineering-4395021/airflow/dags/two_task_dag.py for tasks to queue
[2025-04-09T22:54:47.119+0000] {logging_mixin.py:150} INFO - [2025-04-09T22:54:47.119+0000] {dagbag.py:541} INFO - Filling up the DagBag from /workspaces/hands-on-introduction-data-engineering-4395021/airflow/dags/two_task_dag.py
[2025-04-09T22:54:47.126+0000] {processor.py:836} INFO - DAG(s) dict_keys(['two_task_dag']) retrieved from /workspaces/hands-on-introduction-data-engineering-4395021/airflow/dags/two_task_dag.py
[2025-04-09T22:54:47.144+0000] {logging_mixin.py:150} INFO - [2025-04-09T22:54:47.144+0000] {dag.py:2742} INFO - Sync 1 DAGs
[2025-04-09T22:54:47.157+0000] {logging_mixin.py:150} INFO - [2025-04-09T22:54:47.157+0000] {dag.py:3504} INFO - Setting next_dagrun for two_task_dag to None, run_after=None
[2025-04-09T22:54:47.171+0000] {processor.py:179} INFO - Processing /workspaces/hands-on-introduction-data-engineering-4395021/airflow/dags/two_task_dag.py took 0.057 seconds
[2025-04-09T22:55:17.478+0000] {processor.py:157} INFO - Started process (PID=85150) to work on /workspaces/hands-on-introduction-data-engineering-4395021/airflow/dags/two_task_dag.py
[2025-04-09T22:55:17.478+0000] {processor.py:826} INFO - Processing file /workspaces/hands-on-introduction-data-engineering-4395021/airflow/dags/two_task_dag.py for tasks to queue
[2025-04-09T22:55:17.479+0000] {logging_mixin.py:150} INFO - [2025-04-09T22:55:17.479+0000] {dagbag.py:541} INFO - Filling up the DagBag from /workspaces/hands-on-introduction-data-engineering-4395021/airflow/dags/two_task_dag.py
[2025-04-09T22:55:17.487+0000] {processor.py:836} INFO - DAG(s) dict_keys(['two_task_dag']) retrieved from /workspaces/hands-on-introduction-data-engineering-4395021/airflow/dags/two_task_dag.py
[2025-04-09T22:55:17.504+0000] {logging_mixin.py:150} INFO - [2025-04-09T22:55:17.504+0000] {dag.py:2742} INFO - Sync 1 DAGs
[2025-04-09T22:55:17.517+0000] {logging_mixin.py:150} INFO - [2025-04-09T22:55:17.517+0000] {dag.py:3504} INFO - Setting next_dagrun for two_task_dag to None, run_after=None
[2025-04-09T22:55:17.531+0000] {processor.py:179} INFO - Processing /workspaces/hands-on-introduction-data-engineering-4395021/airflow/dags/two_task_dag.py took 0.056 seconds
[2025-04-09T22:55:48.287+0000] {processor.py:157} INFO - Started process (PID=85349) to work on /workspaces/hands-on-introduction-data-engineering-4395021/airflow/dags/two_task_dag.py
[2025-04-09T22:55:48.288+0000] {processor.py:826} INFO - Processing file /workspaces/hands-on-introduction-data-engineering-4395021/airflow/dags/two_task_dag.py for tasks to queue
[2025-04-09T22:55:48.289+0000] {logging_mixin.py:150} INFO - [2025-04-09T22:55:48.289+0000] {dagbag.py:541} INFO - Filling up the DagBag from /workspaces/hands-on-introduction-data-engineering-4395021/airflow/dags/two_task_dag.py
[2025-04-09T22:55:48.296+0000] {processor.py:836} INFO - DAG(s) dict_keys(['two_task_dag']) retrieved from /workspaces/hands-on-introduction-data-engineering-4395021/airflow/dags/two_task_dag.py
[2025-04-09T22:55:48.314+0000] {logging_mixin.py:150} INFO - [2025-04-09T22:55:48.314+0000] {dag.py:2742} INFO - Sync 1 DAGs
[2025-04-09T22:55:48.327+0000] {logging_mixin.py:150} INFO - [2025-04-09T22:55:48.327+0000] {dag.py:3504} INFO - Setting next_dagrun for two_task_dag to None, run_after=None
[2025-04-09T22:55:48.341+0000] {processor.py:179} INFO - Processing /workspaces/hands-on-introduction-data-engineering-4395021/airflow/dags/two_task_dag.py took 0.056 seconds
[2025-04-09T22:56:18.736+0000] {processor.py:157} INFO - Started process (PID=85546) to work on /workspaces/hands-on-introduction-data-engineering-4395021/airflow/dags/two_task_dag.py
[2025-04-09T22:56:18.737+0000] {processor.py:826} INFO - Processing file /workspaces/hands-on-introduction-data-engineering-4395021/airflow/dags/two_task_dag.py for tasks to queue
[2025-04-09T22:56:18.738+0000] {logging_mixin.py:150} INFO - [2025-04-09T22:56:18.737+0000] {dagbag.py:541} INFO - Filling up the DagBag from /workspaces/hands-on-introduction-data-engineering-4395021/airflow/dags/two_task_dag.py
[2025-04-09T22:56:18.745+0000] {processor.py:836} INFO - DAG(s) dict_keys(['two_task_dag']) retrieved from /workspaces/hands-on-introduction-data-engineering-4395021/airflow/dags/two_task_dag.py
[2025-04-09T22:56:18.764+0000] {logging_mixin.py:150} INFO - [2025-04-09T22:56:18.764+0000] {dag.py:2742} INFO - Sync 1 DAGs
[2025-04-09T22:56:18.777+0000] {logging_mixin.py:150} INFO - [2025-04-09T22:56:18.777+0000] {dag.py:3504} INFO - Setting next_dagrun for two_task_dag to None, run_after=None
[2025-04-09T22:56:18.791+0000] {processor.py:179} INFO - Processing /workspaces/hands-on-introduction-data-engineering-4395021/airflow/dags/two_task_dag.py took 0.058 seconds
[2025-04-09T22:56:49.117+0000] {processor.py:157} INFO - Started process (PID=85732) to work on /workspaces/hands-on-introduction-data-engineering-4395021/airflow/dags/two_task_dag.py
[2025-04-09T22:56:49.118+0000] {processor.py:826} INFO - Processing file /workspaces/hands-on-introduction-data-engineering-4395021/airflow/dags/two_task_dag.py for tasks to queue
[2025-04-09T22:56:49.118+0000] {logging_mixin.py:150} INFO - [2025-04-09T22:56:49.118+0000] {dagbag.py:541} INFO - Filling up the DagBag from /workspaces/hands-on-introduction-data-engineering-4395021/airflow/dags/two_task_dag.py
[2025-04-09T22:56:49.126+0000] {processor.py:836} INFO - DAG(s) dict_keys(['two_task_dag']) retrieved from /workspaces/hands-on-introduction-data-engineering-4395021/airflow/dags/two_task_dag.py
[2025-04-09T22:56:49.143+0000] {logging_mixin.py:150} INFO - [2025-04-09T22:56:49.143+0000] {dag.py:2742} INFO - Sync 1 DAGs
[2025-04-09T22:56:49.157+0000] {logging_mixin.py:150} INFO - [2025-04-09T22:56:49.157+0000] {dag.py:3504} INFO - Setting next_dagrun for two_task_dag to None, run_after=None
[2025-04-09T22:56:49.170+0000] {processor.py:179} INFO - Processing /workspaces/hands-on-introduction-data-engineering-4395021/airflow/dags/two_task_dag.py took 0.056 seconds
[2025-04-09T22:57:19.505+0000] {processor.py:157} INFO - Started process (PID=85935) to work on /workspaces/hands-on-introduction-data-engineering-4395021/airflow/dags/two_task_dag.py
[2025-04-09T22:57:19.505+0000] {processor.py:826} INFO - Processing file /workspaces/hands-on-introduction-data-engineering-4395021/airflow/dags/two_task_dag.py for tasks to queue
[2025-04-09T22:57:19.506+0000] {logging_mixin.py:150} INFO - [2025-04-09T22:57:19.506+0000] {dagbag.py:541} INFO - Filling up the DagBag from /workspaces/hands-on-introduction-data-engineering-4395021/airflow/dags/two_task_dag.py
[2025-04-09T22:57:19.513+0000] {processor.py:836} INFO - DAG(s) dict_keys(['two_task_dag']) retrieved from /workspaces/hands-on-introduction-data-engineering-4395021/airflow/dags/two_task_dag.py
[2025-04-09T22:57:19.531+0000] {logging_mixin.py:150} INFO - [2025-04-09T22:57:19.531+0000] {dag.py:2742} INFO - Sync 1 DAGs
[2025-04-09T22:57:19.544+0000] {logging_mixin.py:150} INFO - [2025-04-09T22:57:19.544+0000] {dag.py:3504} INFO - Setting next_dagrun for two_task_dag to None, run_after=None
[2025-04-09T22:57:19.557+0000] {processor.py:179} INFO - Processing /workspaces/hands-on-introduction-data-engineering-4395021/airflow/dags/two_task_dag.py took 0.055 seconds
[2025-04-09T22:57:49.889+0000] {processor.py:157} INFO - Started process (PID=86118) to work on /workspaces/hands-on-introduction-data-engineering-4395021/airflow/dags/two_task_dag.py
[2025-04-09T22:57:49.890+0000] {processor.py:826} INFO - Processing file /workspaces/hands-on-introduction-data-engineering-4395021/airflow/dags/two_task_dag.py for tasks to queue
[2025-04-09T22:57:49.891+0000] {logging_mixin.py:150} INFO - [2025-04-09T22:57:49.890+0000] {dagbag.py:541} INFO - Filling up the DagBag from /workspaces/hands-on-introduction-data-engineering-4395021/airflow/dags/two_task_dag.py
[2025-04-09T22:57:49.899+0000] {processor.py:836} INFO - DAG(s) dict_keys(['two_task_dag']) retrieved from /workspaces/hands-on-introduction-data-engineering-4395021/airflow/dags/two_task_dag.py
[2025-04-09T22:57:49.916+0000] {logging_mixin.py:150} INFO - [2025-04-09T22:57:49.916+0000] {dag.py:2742} INFO - Sync 1 DAGs
[2025-04-09T22:57:49.930+0000] {logging_mixin.py:150} INFO - [2025-04-09T22:57:49.930+0000] {dag.py:3504} INFO - Setting next_dagrun for two_task_dag to None, run_after=None
[2025-04-09T22:57:49.943+0000] {processor.py:179} INFO - Processing /workspaces/hands-on-introduction-data-engineering-4395021/airflow/dags/two_task_dag.py took 0.056 seconds
[2025-04-09T22:58:20.288+0000] {processor.py:157} INFO - Started process (PID=86323) to work on /workspaces/hands-on-introduction-data-engineering-4395021/airflow/dags/two_task_dag.py
[2025-04-09T22:58:20.288+0000] {processor.py:826} INFO - Processing file /workspaces/hands-on-introduction-data-engineering-4395021/airflow/dags/two_task_dag.py for tasks to queue
[2025-04-09T22:58:20.289+0000] {logging_mixin.py:150} INFO - [2025-04-09T22:58:20.289+0000] {dagbag.py:541} INFO - Filling up the DagBag from /workspaces/hands-on-introduction-data-engineering-4395021/airflow/dags/two_task_dag.py
[2025-04-09T22:58:20.298+0000] {processor.py:836} INFO - DAG(s) dict_keys(['two_task_dag']) retrieved from /workspaces/hands-on-introduction-data-engineering-4395021/airflow/dags/two_task_dag.py
[2025-04-09T22:58:20.316+0000] {logging_mixin.py:150} INFO - [2025-04-09T22:58:20.316+0000] {dag.py:2742} INFO - Sync 1 DAGs
[2025-04-09T22:58:20.330+0000] {logging_mixin.py:150} INFO - [2025-04-09T22:58:20.329+0000] {dag.py:3504} INFO - Setting next_dagrun for two_task_dag to None, run_after=None
[2025-04-09T22:58:20.342+0000] {processor.py:179} INFO - Processing /workspaces/hands-on-introduction-data-engineering-4395021/airflow/dags/two_task_dag.py took 0.057 seconds
[2025-04-09T22:58:50.861+0000] {processor.py:157} INFO - Started process (PID=86512) to work on /workspaces/hands-on-introduction-data-engineering-4395021/airflow/dags/two_task_dag.py
[2025-04-09T22:58:50.862+0000] {processor.py:826} INFO - Processing file /workspaces/hands-on-introduction-data-engineering-4395021/airflow/dags/two_task_dag.py for tasks to queue
[2025-04-09T22:58:50.863+0000] {logging_mixin.py:150} INFO - [2025-04-09T22:58:50.862+0000] {dagbag.py:541} INFO - Filling up the DagBag from /workspaces/hands-on-introduction-data-engineering-4395021/airflow/dags/two_task_dag.py
[2025-04-09T22:58:50.870+0000] {processor.py:836} INFO - DAG(s) dict_keys(['two_task_dag']) retrieved from /workspaces/hands-on-introduction-data-engineering-4395021/airflow/dags/two_task_dag.py
[2025-04-09T22:58:50.888+0000] {logging_mixin.py:150} INFO - [2025-04-09T22:58:50.888+0000] {dag.py:2742} INFO - Sync 1 DAGs
[2025-04-09T22:58:50.901+0000] {logging_mixin.py:150} INFO - [2025-04-09T22:58:50.901+0000] {dag.py:3504} INFO - Setting next_dagrun for two_task_dag to None, run_after=None
[2025-04-09T22:58:50.914+0000] {processor.py:179} INFO - Processing /workspaces/hands-on-introduction-data-engineering-4395021/airflow/dags/two_task_dag.py took 0.055 seconds
[2025-04-09T22:59:21.268+0000] {processor.py:157} INFO - Started process (PID=86717) to work on /workspaces/hands-on-introduction-data-engineering-4395021/airflow/dags/two_task_dag.py
[2025-04-09T22:59:21.269+0000] {processor.py:826} INFO - Processing file /workspaces/hands-on-introduction-data-engineering-4395021/airflow/dags/two_task_dag.py for tasks to queue
[2025-04-09T22:59:21.269+0000] {logging_mixin.py:150} INFO - [2025-04-09T22:59:21.269+0000] {dagbag.py:541} INFO - Filling up the DagBag from /workspaces/hands-on-introduction-data-engineering-4395021/airflow/dags/two_task_dag.py
[2025-04-09T22:59:21.277+0000] {processor.py:836} INFO - DAG(s) dict_keys(['two_task_dag']) retrieved from /workspaces/hands-on-introduction-data-engineering-4395021/airflow/dags/two_task_dag.py
[2025-04-09T22:59:21.295+0000] {logging_mixin.py:150} INFO - [2025-04-09T22:59:21.295+0000] {dag.py:2742} INFO - Sync 1 DAGs
[2025-04-09T22:59:21.308+0000] {logging_mixin.py:150} INFO - [2025-04-09T22:59:21.308+0000] {dag.py:3504} INFO - Setting next_dagrun for two_task_dag to None, run_after=None
[2025-04-09T22:59:21.321+0000] {processor.py:179} INFO - Processing /workspaces/hands-on-introduction-data-engineering-4395021/airflow/dags/two_task_dag.py took 0.056 seconds
[2025-04-09T22:59:51.906+0000] {processor.py:157} INFO - Started process (PID=86923) to work on /workspaces/hands-on-introduction-data-engineering-4395021/airflow/dags/two_task_dag.py
[2025-04-09T22:59:51.906+0000] {processor.py:826} INFO - Processing file /workspaces/hands-on-introduction-data-engineering-4395021/airflow/dags/two_task_dag.py for tasks to queue
[2025-04-09T22:59:51.907+0000] {logging_mixin.py:150} INFO - [2025-04-09T22:59:51.907+0000] {dagbag.py:541} INFO - Filling up the DagBag from /workspaces/hands-on-introduction-data-engineering-4395021/airflow/dags/two_task_dag.py
[2025-04-09T22:59:51.915+0000] {processor.py:836} INFO - DAG(s) dict_keys(['two_task_dag']) retrieved from /workspaces/hands-on-introduction-data-engineering-4395021/airflow/dags/two_task_dag.py
[2025-04-09T22:59:51.944+0000] {logging_mixin.py:150} INFO - [2025-04-09T22:59:51.944+0000] {dag.py:2742} INFO - Sync 1 DAGs
[2025-04-09T22:59:51.959+0000] {logging_mixin.py:150} INFO - [2025-04-09T22:59:51.959+0000] {dag.py:3504} INFO - Setting next_dagrun for two_task_dag to None, run_after=None
[2025-04-09T22:59:51.975+0000] {processor.py:179} INFO - Processing /workspaces/hands-on-introduction-data-engineering-4395021/airflow/dags/two_task_dag.py took 0.071 seconds
[2025-04-09T23:00:22.377+0000] {processor.py:157} INFO - Started process (PID=87123) to work on /workspaces/hands-on-introduction-data-engineering-4395021/airflow/dags/two_task_dag.py
[2025-04-09T23:00:22.378+0000] {processor.py:826} INFO - Processing file /workspaces/hands-on-introduction-data-engineering-4395021/airflow/dags/two_task_dag.py for tasks to queue
[2025-04-09T23:00:22.378+0000] {logging_mixin.py:150} INFO - [2025-04-09T23:00:22.378+0000] {dagbag.py:541} INFO - Filling up the DagBag from /workspaces/hands-on-introduction-data-engineering-4395021/airflow/dags/two_task_dag.py
[2025-04-09T23:00:22.386+0000] {processor.py:836} INFO - DAG(s) dict_keys(['two_task_dag']) retrieved from /workspaces/hands-on-introduction-data-engineering-4395021/airflow/dags/two_task_dag.py
[2025-04-09T23:00:22.404+0000] {logging_mixin.py:150} INFO - [2025-04-09T23:00:22.404+0000] {dag.py:2742} INFO - Sync 1 DAGs
[2025-04-09T23:00:22.417+0000] {logging_mixin.py:150} INFO - [2025-04-09T23:00:22.417+0000] {dag.py:3504} INFO - Setting next_dagrun for two_task_dag to None, run_after=None
[2025-04-09T23:00:22.431+0000] {processor.py:179} INFO - Processing /workspaces/hands-on-introduction-data-engineering-4395021/airflow/dags/two_task_dag.py took 0.057 seconds
[2025-04-09T23:00:52.849+0000] {processor.py:157} INFO - Started process (PID=87323) to work on /workspaces/hands-on-introduction-data-engineering-4395021/airflow/dags/two_task_dag.py
[2025-04-09T23:00:52.849+0000] {processor.py:826} INFO - Processing file /workspaces/hands-on-introduction-data-engineering-4395021/airflow/dags/two_task_dag.py for tasks to queue
[2025-04-09T23:00:52.850+0000] {logging_mixin.py:150} INFO - [2025-04-09T23:00:52.850+0000] {dagbag.py:541} INFO - Filling up the DagBag from /workspaces/hands-on-introduction-data-engineering-4395021/airflow/dags/two_task_dag.py
[2025-04-09T23:00:52.857+0000] {processor.py:836} INFO - DAG(s) dict_keys(['two_task_dag']) retrieved from /workspaces/hands-on-introduction-data-engineering-4395021/airflow/dags/two_task_dag.py
[2025-04-09T23:00:52.875+0000] {logging_mixin.py:150} INFO - [2025-04-09T23:00:52.874+0000] {dag.py:2742} INFO - Sync 1 DAGs
[2025-04-09T23:00:52.888+0000] {logging_mixin.py:150} INFO - [2025-04-09T23:00:52.888+0000] {dag.py:3504} INFO - Setting next_dagrun for two_task_dag to None, run_after=None
[2025-04-09T23:00:52.902+0000] {processor.py:179} INFO - Processing /workspaces/hands-on-introduction-data-engineering-4395021/airflow/dags/two_task_dag.py took 0.056 seconds
[2025-04-09T23:01:24.144+0000] {processor.py:157} INFO - Started process (PID=87529) to work on /workspaces/hands-on-introduction-data-engineering-4395021/airflow/dags/two_task_dag.py
[2025-04-09T23:01:24.144+0000] {processor.py:826} INFO - Processing file /workspaces/hands-on-introduction-data-engineering-4395021/airflow/dags/two_task_dag.py for tasks to queue
[2025-04-09T23:01:24.145+0000] {logging_mixin.py:150} INFO - [2025-04-09T23:01:24.145+0000] {dagbag.py:541} INFO - Filling up the DagBag from /workspaces/hands-on-introduction-data-engineering-4395021/airflow/dags/two_task_dag.py
[2025-04-09T23:01:24.153+0000] {processor.py:836} INFO - DAG(s) dict_keys(['two_task_dag']) retrieved from /workspaces/hands-on-introduction-data-engineering-4395021/airflow/dags/two_task_dag.py
[2025-04-09T23:01:24.171+0000] {logging_mixin.py:150} INFO - [2025-04-09T23:01:24.171+0000] {dag.py:2742} INFO - Sync 1 DAGs
[2025-04-09T23:01:24.186+0000] {logging_mixin.py:150} INFO - [2025-04-09T23:01:24.186+0000] {dag.py:3504} INFO - Setting next_dagrun for two_task_dag to None, run_after=None
[2025-04-09T23:01:24.200+0000] {processor.py:179} INFO - Processing /workspaces/hands-on-introduction-data-engineering-4395021/airflow/dags/two_task_dag.py took 0.060 seconds
[2025-04-09T23:01:54.302+0000] {processor.py:157} INFO - Started process (PID=87731) to work on /workspaces/hands-on-introduction-data-engineering-4395021/airflow/dags/two_task_dag.py
[2025-04-09T23:01:54.302+0000] {processor.py:826} INFO - Processing file /workspaces/hands-on-introduction-data-engineering-4395021/airflow/dags/two_task_dag.py for tasks to queue
[2025-04-09T23:01:54.303+0000] {logging_mixin.py:150} INFO - [2025-04-09T23:01:54.303+0000] {dagbag.py:541} INFO - Filling up the DagBag from /workspaces/hands-on-introduction-data-engineering-4395021/airflow/dags/two_task_dag.py
[2025-04-09T23:01:54.311+0000] {processor.py:836} INFO - DAG(s) dict_keys(['two_task_dag']) retrieved from /workspaces/hands-on-introduction-data-engineering-4395021/airflow/dags/two_task_dag.py
[2025-04-09T23:01:54.329+0000] {logging_mixin.py:150} INFO - [2025-04-09T23:01:54.329+0000] {dag.py:2742} INFO - Sync 1 DAGs
[2025-04-09T23:01:54.343+0000] {logging_mixin.py:150} INFO - [2025-04-09T23:01:54.343+0000] {dag.py:3504} INFO - Setting next_dagrun for two_task_dag to None, run_after=None
[2025-04-09T23:01:54.356+0000] {processor.py:179} INFO - Processing /workspaces/hands-on-introduction-data-engineering-4395021/airflow/dags/two_task_dag.py took 0.057 seconds
[2025-04-09T23:02:24.459+0000] {processor.py:157} INFO - Started process (PID=87939) to work on /workspaces/hands-on-introduction-data-engineering-4395021/airflow/dags/two_task_dag.py
[2025-04-09T23:02:24.460+0000] {processor.py:826} INFO - Processing file /workspaces/hands-on-introduction-data-engineering-4395021/airflow/dags/two_task_dag.py for tasks to queue
[2025-04-09T23:02:24.461+0000] {logging_mixin.py:150} INFO - [2025-04-09T23:02:24.461+0000] {dagbag.py:541} INFO - Filling up the DagBag from /workspaces/hands-on-introduction-data-engineering-4395021/airflow/dags/two_task_dag.py
[2025-04-09T23:02:24.469+0000] {processor.py:836} INFO - DAG(s) dict_keys(['two_task_dag']) retrieved from /workspaces/hands-on-introduction-data-engineering-4395021/airflow/dags/two_task_dag.py
[2025-04-09T23:02:24.488+0000] {logging_mixin.py:150} INFO - [2025-04-09T23:02:24.488+0000] {dag.py:2742} INFO - Sync 1 DAGs
[2025-04-09T23:02:24.502+0000] {logging_mixin.py:150} INFO - [2025-04-09T23:02:24.502+0000] {dag.py:3504} INFO - Setting next_dagrun for two_task_dag to None, run_after=None
[2025-04-09T23:02:24.516+0000] {processor.py:179} INFO - Processing /workspaces/hands-on-introduction-data-engineering-4395021/airflow/dags/two_task_dag.py took 0.059 seconds
[2025-04-09T23:02:55.732+0000] {processor.py:157} INFO - Started process (PID=88147) to work on /workspaces/hands-on-introduction-data-engineering-4395021/airflow/dags/two_task_dag.py
[2025-04-09T23:02:55.732+0000] {processor.py:826} INFO - Processing file /workspaces/hands-on-introduction-data-engineering-4395021/airflow/dags/two_task_dag.py for tasks to queue
[2025-04-09T23:02:55.733+0000] {logging_mixin.py:150} INFO - [2025-04-09T23:02:55.733+0000] {dagbag.py:541} INFO - Filling up the DagBag from /workspaces/hands-on-introduction-data-engineering-4395021/airflow/dags/two_task_dag.py
[2025-04-09T23:02:55.742+0000] {processor.py:836} INFO - DAG(s) dict_keys(['two_task_dag']) retrieved from /workspaces/hands-on-introduction-data-engineering-4395021/airflow/dags/two_task_dag.py
[2025-04-09T23:02:55.769+0000] {logging_mixin.py:150} INFO - [2025-04-09T23:02:55.769+0000] {dag.py:2742} INFO - Sync 1 DAGs
[2025-04-09T23:02:55.791+0000] {logging_mixin.py:150} INFO - [2025-04-09T23:02:55.790+0000] {dag.py:3504} INFO - Setting next_dagrun for two_task_dag to None, run_after=None
[2025-04-09T23:02:55.807+0000] {processor.py:179} INFO - Processing /workspaces/hands-on-introduction-data-engineering-4395021/airflow/dags/two_task_dag.py took 0.079 seconds
[2025-04-09T23:03:25.892+0000] {processor.py:157} INFO - Started process (PID=88349) to work on /workspaces/hands-on-introduction-data-engineering-4395021/airflow/dags/two_task_dag.py
[2025-04-09T23:03:25.893+0000] {processor.py:826} INFO - Processing file /workspaces/hands-on-introduction-data-engineering-4395021/airflow/dags/two_task_dag.py for tasks to queue
[2025-04-09T23:03:25.894+0000] {logging_mixin.py:150} INFO - [2025-04-09T23:03:25.894+0000] {dagbag.py:541} INFO - Filling up the DagBag from /workspaces/hands-on-introduction-data-engineering-4395021/airflow/dags/two_task_dag.py
[2025-04-09T23:03:25.902+0000] {processor.py:836} INFO - DAG(s) dict_keys(['two_task_dag']) retrieved from /workspaces/hands-on-introduction-data-engineering-4395021/airflow/dags/two_task_dag.py
[2025-04-09T23:03:25.921+0000] {logging_mixin.py:150} INFO - [2025-04-09T23:03:25.920+0000] {dag.py:2742} INFO - Sync 1 DAGs
[2025-04-09T23:03:25.934+0000] {logging_mixin.py:150} INFO - [2025-04-09T23:03:25.934+0000] {dag.py:3504} INFO - Setting next_dagrun for two_task_dag to None, run_after=None
[2025-04-09T23:03:25.948+0000] {processor.py:179} INFO - Processing /workspaces/hands-on-introduction-data-engineering-4395021/airflow/dags/two_task_dag.py took 0.058 seconds
[2025-04-09T23:03:56.051+0000] {processor.py:157} INFO - Started process (PID=88557) to work on /workspaces/hands-on-introduction-data-engineering-4395021/airflow/dags/two_task_dag.py
[2025-04-09T23:03:56.051+0000] {processor.py:826} INFO - Processing file /workspaces/hands-on-introduction-data-engineering-4395021/airflow/dags/two_task_dag.py for tasks to queue
[2025-04-09T23:03:56.052+0000] {logging_mixin.py:150} INFO - [2025-04-09T23:03:56.052+0000] {dagbag.py:541} INFO - Filling up the DagBag from /workspaces/hands-on-introduction-data-engineering-4395021/airflow/dags/two_task_dag.py
[2025-04-09T23:03:56.060+0000] {processor.py:836} INFO - DAG(s) dict_keys(['two_task_dag']) retrieved from /workspaces/hands-on-introduction-data-engineering-4395021/airflow/dags/two_task_dag.py
[2025-04-09T23:03:56.080+0000] {logging_mixin.py:150} INFO - [2025-04-09T23:03:56.080+0000] {dag.py:2742} INFO - Sync 1 DAGs
[2025-04-09T23:03:56.094+0000] {logging_mixin.py:150} INFO - [2025-04-09T23:03:56.094+0000] {dag.py:3504} INFO - Setting next_dagrun for two_task_dag to None, run_after=None
[2025-04-09T23:03:56.108+0000] {processor.py:179} INFO - Processing /workspaces/hands-on-introduction-data-engineering-4395021/airflow/dags/two_task_dag.py took 0.060 seconds
[2025-04-09T23:04:26.214+0000] {processor.py:157} INFO - Started process (PID=88759) to work on /workspaces/hands-on-introduction-data-engineering-4395021/airflow/dags/two_task_dag.py
[2025-04-09T23:04:26.215+0000] {processor.py:826} INFO - Processing file /workspaces/hands-on-introduction-data-engineering-4395021/airflow/dags/two_task_dag.py for tasks to queue
[2025-04-09T23:04:26.216+0000] {logging_mixin.py:150} INFO - [2025-04-09T23:04:26.216+0000] {dagbag.py:541} INFO - Filling up the DagBag from /workspaces/hands-on-introduction-data-engineering-4395021/airflow/dags/two_task_dag.py
[2025-04-09T23:04:26.224+0000] {processor.py:836} INFO - DAG(s) dict_keys(['two_task_dag']) retrieved from /workspaces/hands-on-introduction-data-engineering-4395021/airflow/dags/two_task_dag.py
[2025-04-09T23:04:26.241+0000] {logging_mixin.py:150} INFO - [2025-04-09T23:04:26.241+0000] {dag.py:2742} INFO - Sync 1 DAGs
[2025-04-09T23:04:26.255+0000] {logging_mixin.py:150} INFO - [2025-04-09T23:04:26.255+0000] {dag.py:3504} INFO - Setting next_dagrun for two_task_dag to None, run_after=None
[2025-04-09T23:04:26.269+0000] {processor.py:179} INFO - Processing /workspaces/hands-on-introduction-data-engineering-4395021/airflow/dags/two_task_dag.py took 0.057 seconds
[2025-04-09T23:04:56.374+0000] {processor.py:157} INFO - Started process (PID=88962) to work on /workspaces/hands-on-introduction-data-engineering-4395021/airflow/dags/two_task_dag.py
[2025-04-09T23:04:56.374+0000] {processor.py:826} INFO - Processing file /workspaces/hands-on-introduction-data-engineering-4395021/airflow/dags/two_task_dag.py for tasks to queue
[2025-04-09T23:04:56.375+0000] {logging_mixin.py:150} INFO - [2025-04-09T23:04:56.375+0000] {dagbag.py:541} INFO - Filling up the DagBag from /workspaces/hands-on-introduction-data-engineering-4395021/airflow/dags/two_task_dag.py
[2025-04-09T23:04:56.382+0000] {processor.py:836} INFO - DAG(s) dict_keys(['two_task_dag']) retrieved from /workspaces/hands-on-introduction-data-engineering-4395021/airflow/dags/two_task_dag.py
[2025-04-09T23:04:56.400+0000] {logging_mixin.py:150} INFO - [2025-04-09T23:04:56.400+0000] {dag.py:2742} INFO - Sync 1 DAGs
[2025-04-09T23:04:56.414+0000] {logging_mixin.py:150} INFO - [2025-04-09T23:04:56.414+0000] {dag.py:3504} INFO - Setting next_dagrun for two_task_dag to None, run_after=None
[2025-04-09T23:04:56.428+0000] {processor.py:179} INFO - Processing /workspaces/hands-on-introduction-data-engineering-4395021/airflow/dags/two_task_dag.py took 0.057 seconds
[2025-04-09T23:05:26.531+0000] {processor.py:157} INFO - Started process (PID=89160) to work on /workspaces/hands-on-introduction-data-engineering-4395021/airflow/dags/two_task_dag.py
[2025-04-09T23:05:26.532+0000] {processor.py:826} INFO - Processing file /workspaces/hands-on-introduction-data-engineering-4395021/airflow/dags/two_task_dag.py for tasks to queue
[2025-04-09T23:05:26.533+0000] {logging_mixin.py:150} INFO - [2025-04-09T23:05:26.533+0000] {dagbag.py:541} INFO - Filling up the DagBag from /workspaces/hands-on-introduction-data-engineering-4395021/airflow/dags/two_task_dag.py
[2025-04-09T23:05:26.540+0000] {processor.py:836} INFO - DAG(s) dict_keys(['two_task_dag']) retrieved from /workspaces/hands-on-introduction-data-engineering-4395021/airflow/dags/two_task_dag.py
[2025-04-09T23:05:26.559+0000] {logging_mixin.py:150} INFO - [2025-04-09T23:05:26.559+0000] {dag.py:2742} INFO - Sync 1 DAGs
[2025-04-09T23:05:26.573+0000] {logging_mixin.py:150} INFO - [2025-04-09T23:05:26.573+0000] {dag.py:3504} INFO - Setting next_dagrun for two_task_dag to None, run_after=None
[2025-04-09T23:05:26.586+0000] {processor.py:179} INFO - Processing /workspaces/hands-on-introduction-data-engineering-4395021/airflow/dags/two_task_dag.py took 0.057 seconds
[2025-04-09T23:05:57.978+0000] {processor.py:157} INFO - Started process (PID=89375) to work on /workspaces/hands-on-introduction-data-engineering-4395021/airflow/dags/two_task_dag.py
[2025-04-09T23:05:57.979+0000] {processor.py:826} INFO - Processing file /workspaces/hands-on-introduction-data-engineering-4395021/airflow/dags/two_task_dag.py for tasks to queue
[2025-04-09T23:05:57.980+0000] {logging_mixin.py:150} INFO - [2025-04-09T23:05:57.979+0000] {dagbag.py:541} INFO - Filling up the DagBag from /workspaces/hands-on-introduction-data-engineering-4395021/airflow/dags/two_task_dag.py
[2025-04-09T23:05:57.988+0000] {processor.py:836} INFO - DAG(s) dict_keys(['two_task_dag']) retrieved from /workspaces/hands-on-introduction-data-engineering-4395021/airflow/dags/two_task_dag.py
[2025-04-09T23:05:58.006+0000] {logging_mixin.py:150} INFO - [2025-04-09T23:05:58.006+0000] {dag.py:2742} INFO - Sync 1 DAGs
[2025-04-09T23:05:58.019+0000] {logging_mixin.py:150} INFO - [2025-04-09T23:05:58.019+0000] {dag.py:3504} INFO - Setting next_dagrun for two_task_dag to None, run_after=None
[2025-04-09T23:05:58.033+0000] {processor.py:179} INFO - Processing /workspaces/hands-on-introduction-data-engineering-4395021/airflow/dags/two_task_dag.py took 0.057 seconds
[2025-04-09T23:06:28.455+0000] {processor.py:157} INFO - Started process (PID=89583) to work on /workspaces/hands-on-introduction-data-engineering-4395021/airflow/dags/two_task_dag.py
[2025-04-09T23:06:28.456+0000] {processor.py:826} INFO - Processing file /workspaces/hands-on-introduction-data-engineering-4395021/airflow/dags/two_task_dag.py for tasks to queue
[2025-04-09T23:06:28.457+0000] {logging_mixin.py:150} INFO - [2025-04-09T23:06:28.456+0000] {dagbag.py:541} INFO - Filling up the DagBag from /workspaces/hands-on-introduction-data-engineering-4395021/airflow/dags/two_task_dag.py
[2025-04-09T23:06:28.464+0000] {processor.py:836} INFO - DAG(s) dict_keys(['two_task_dag']) retrieved from /workspaces/hands-on-introduction-data-engineering-4395021/airflow/dags/two_task_dag.py
[2025-04-09T23:06:28.482+0000] {logging_mixin.py:150} INFO - [2025-04-09T23:06:28.482+0000] {dag.py:2742} INFO - Sync 1 DAGs
[2025-04-09T23:06:28.496+0000] {logging_mixin.py:150} INFO - [2025-04-09T23:06:28.496+0000] {dag.py:3504} INFO - Setting next_dagrun for two_task_dag to None, run_after=None
[2025-04-09T23:06:28.509+0000] {processor.py:179} INFO - Processing /workspaces/hands-on-introduction-data-engineering-4395021/airflow/dags/two_task_dag.py took 0.057 seconds
[2025-04-09T23:06:58.922+0000] {processor.py:157} INFO - Started process (PID=89792) to work on /workspaces/hands-on-introduction-data-engineering-4395021/airflow/dags/two_task_dag.py
[2025-04-09T23:06:58.922+0000] {processor.py:826} INFO - Processing file /workspaces/hands-on-introduction-data-engineering-4395021/airflow/dags/two_task_dag.py for tasks to queue
[2025-04-09T23:06:58.923+0000] {logging_mixin.py:150} INFO - [2025-04-09T23:06:58.923+0000] {dagbag.py:541} INFO - Filling up the DagBag from /workspaces/hands-on-introduction-data-engineering-4395021/airflow/dags/two_task_dag.py
[2025-04-09T23:06:58.931+0000] {processor.py:836} INFO - DAG(s) dict_keys(['two_task_dag']) retrieved from /workspaces/hands-on-introduction-data-engineering-4395021/airflow/dags/two_task_dag.py
[2025-04-09T23:06:58.949+0000] {logging_mixin.py:150} INFO - [2025-04-09T23:06:58.949+0000] {dag.py:2742} INFO - Sync 1 DAGs
[2025-04-09T23:06:58.963+0000] {logging_mixin.py:150} INFO - [2025-04-09T23:06:58.963+0000] {dag.py:3504} INFO - Setting next_dagrun for two_task_dag to None, run_after=None
[2025-04-09T23:06:58.976+0000] {processor.py:179} INFO - Processing /workspaces/hands-on-introduction-data-engineering-4395021/airflow/dags/two_task_dag.py took 0.057 seconds
[2025-04-09T23:07:29.286+0000] {processor.py:157} INFO - Started process (PID=89994) to work on /workspaces/hands-on-introduction-data-engineering-4395021/airflow/dags/two_task_dag.py
[2025-04-09T23:07:29.287+0000] {processor.py:826} INFO - Processing file /workspaces/hands-on-introduction-data-engineering-4395021/airflow/dags/two_task_dag.py for tasks to queue
[2025-04-09T23:07:29.288+0000] {logging_mixin.py:150} INFO - [2025-04-09T23:07:29.288+0000] {dagbag.py:541} INFO - Filling up the DagBag from /workspaces/hands-on-introduction-data-engineering-4395021/airflow/dags/two_task_dag.py
[2025-04-09T23:07:29.296+0000] {processor.py:836} INFO - DAG(s) dict_keys(['two_task_dag']) retrieved from /workspaces/hands-on-introduction-data-engineering-4395021/airflow/dags/two_task_dag.py
[2025-04-09T23:07:29.314+0000] {logging_mixin.py:150} INFO - [2025-04-09T23:07:29.314+0000] {dag.py:2742} INFO - Sync 1 DAGs
[2025-04-09T23:07:29.328+0000] {logging_mixin.py:150} INFO - [2025-04-09T23:07:29.328+0000] {dag.py:3504} INFO - Setting next_dagrun for two_task_dag to None, run_after=None
[2025-04-09T23:07:29.342+0000] {processor.py:179} INFO - Processing /workspaces/hands-on-introduction-data-engineering-4395021/airflow/dags/two_task_dag.py took 0.059 seconds
[2025-04-09T23:07:59.662+0000] {processor.py:157} INFO - Started process (PID=90198) to work on /workspaces/hands-on-introduction-data-engineering-4395021/airflow/dags/two_task_dag.py
[2025-04-09T23:07:59.663+0000] {processor.py:826} INFO - Processing file /workspaces/hands-on-introduction-data-engineering-4395021/airflow/dags/two_task_dag.py for tasks to queue
[2025-04-09T23:07:59.663+0000] {logging_mixin.py:150} INFO - [2025-04-09T23:07:59.663+0000] {dagbag.py:541} INFO - Filling up the DagBag from /workspaces/hands-on-introduction-data-engineering-4395021/airflow/dags/two_task_dag.py
[2025-04-09T23:07:59.682+0000] {processor.py:836} INFO - DAG(s) dict_keys(['two_task_dag']) retrieved from /workspaces/hands-on-introduction-data-engineering-4395021/airflow/dags/two_task_dag.py
[2025-04-09T23:07:59.706+0000] {logging_mixin.py:150} INFO - [2025-04-09T23:07:59.706+0000] {dag.py:2742} INFO - Sync 1 DAGs
[2025-04-09T23:07:59.721+0000] {logging_mixin.py:150} INFO - [2025-04-09T23:07:59.721+0000] {dag.py:3504} INFO - Setting next_dagrun for two_task_dag to None, run_after=None
[2025-04-09T23:07:59.734+0000] {processor.py:179} INFO - Processing /workspaces/hands-on-introduction-data-engineering-4395021/airflow/dags/two_task_dag.py took 0.078 seconds
[2025-04-09T23:08:31.140+0000] {processor.py:157} INFO - Started process (PID=90416) to work on /workspaces/hands-on-introduction-data-engineering-4395021/airflow/dags/two_task_dag.py
[2025-04-09T23:08:31.141+0000] {processor.py:826} INFO - Processing file /workspaces/hands-on-introduction-data-engineering-4395021/airflow/dags/two_task_dag.py for tasks to queue
[2025-04-09T23:08:31.142+0000] {logging_mixin.py:150} INFO - [2025-04-09T23:08:31.142+0000] {dagbag.py:541} INFO - Filling up the DagBag from /workspaces/hands-on-introduction-data-engineering-4395021/airflow/dags/two_task_dag.py
[2025-04-09T23:08:31.149+0000] {processor.py:836} INFO - DAG(s) dict_keys(['two_task_dag']) retrieved from /workspaces/hands-on-introduction-data-engineering-4395021/airflow/dags/two_task_dag.py
[2025-04-09T23:08:31.167+0000] {logging_mixin.py:150} INFO - [2025-04-09T23:08:31.167+0000] {dag.py:2742} INFO - Sync 1 DAGs
[2025-04-09T23:08:31.181+0000] {logging_mixin.py:150} INFO - [2025-04-09T23:08:31.181+0000] {dag.py:3504} INFO - Setting next_dagrun for two_task_dag to None, run_after=None
[2025-04-09T23:08:31.194+0000] {processor.py:179} INFO - Processing /workspaces/hands-on-introduction-data-engineering-4395021/airflow/dags/two_task_dag.py took 0.057 seconds
[2025-04-09T23:09:01.608+0000] {processor.py:157} INFO - Started process (PID=90617) to work on /workspaces/hands-on-introduction-data-engineering-4395021/airflow/dags/two_task_dag.py
[2025-04-09T23:09:01.609+0000] {processor.py:826} INFO - Processing file /workspaces/hands-on-introduction-data-engineering-4395021/airflow/dags/two_task_dag.py for tasks to queue
[2025-04-09T23:09:01.609+0000] {logging_mixin.py:150} INFO - [2025-04-09T23:09:01.609+0000] {dagbag.py:541} INFO - Filling up the DagBag from /workspaces/hands-on-introduction-data-engineering-4395021/airflow/dags/two_task_dag.py
[2025-04-09T23:09:01.617+0000] {processor.py:836} INFO - DAG(s) dict_keys(['two_task_dag']) retrieved from /workspaces/hands-on-introduction-data-engineering-4395021/airflow/dags/two_task_dag.py
[2025-04-09T23:09:01.635+0000] {logging_mixin.py:150} INFO - [2025-04-09T23:09:01.634+0000] {dag.py:2742} INFO - Sync 1 DAGs
[2025-04-09T23:09:01.648+0000] {logging_mixin.py:150} INFO - [2025-04-09T23:09:01.648+0000] {dag.py:3504} INFO - Setting next_dagrun for two_task_dag to None, run_after=None
[2025-04-09T23:09:01.661+0000] {processor.py:179} INFO - Processing /workspaces/hands-on-introduction-data-engineering-4395021/airflow/dags/two_task_dag.py took 0.056 seconds
[2025-04-09T23:09:32.029+0000] {processor.py:157} INFO - Started process (PID=90825) to work on /workspaces/hands-on-introduction-data-engineering-4395021/airflow/dags/two_task_dag.py
[2025-04-09T23:09:32.030+0000] {processor.py:826} INFO - Processing file /workspaces/hands-on-introduction-data-engineering-4395021/airflow/dags/two_task_dag.py for tasks to queue
[2025-04-09T23:09:32.030+0000] {logging_mixin.py:150} INFO - [2025-04-09T23:09:32.030+0000] {dagbag.py:541} INFO - Filling up the DagBag from /workspaces/hands-on-introduction-data-engineering-4395021/airflow/dags/two_task_dag.py
[2025-04-09T23:09:32.038+0000] {processor.py:836} INFO - DAG(s) dict_keys(['two_task_dag']) retrieved from /workspaces/hands-on-introduction-data-engineering-4395021/airflow/dags/two_task_dag.py
[2025-04-09T23:09:32.056+0000] {logging_mixin.py:150} INFO - [2025-04-09T23:09:32.056+0000] {dag.py:2742} INFO - Sync 1 DAGs
[2025-04-09T23:09:32.070+0000] {logging_mixin.py:150} INFO - [2025-04-09T23:09:32.070+0000] {dag.py:3504} INFO - Setting next_dagrun for two_task_dag to None, run_after=None
[2025-04-09T23:09:32.084+0000] {processor.py:179} INFO - Processing /workspaces/hands-on-introduction-data-engineering-4395021/airflow/dags/two_task_dag.py took 0.057 seconds
[2025-04-09T23:10:02.421+0000] {processor.py:157} INFO - Started process (PID=91029) to work on /workspaces/hands-on-introduction-data-engineering-4395021/airflow/dags/two_task_dag.py
[2025-04-09T23:10:02.422+0000] {processor.py:826} INFO - Processing file /workspaces/hands-on-introduction-data-engineering-4395021/airflow/dags/two_task_dag.py for tasks to queue
[2025-04-09T23:10:02.423+0000] {logging_mixin.py:150} INFO - [2025-04-09T23:10:02.422+0000] {dagbag.py:541} INFO - Filling up the DagBag from /workspaces/hands-on-introduction-data-engineering-4395021/airflow/dags/two_task_dag.py
[2025-04-09T23:10:02.430+0000] {processor.py:836} INFO - DAG(s) dict_keys(['two_task_dag']) retrieved from /workspaces/hands-on-introduction-data-engineering-4395021/airflow/dags/two_task_dag.py
[2025-04-09T23:10:02.447+0000] {logging_mixin.py:150} INFO - [2025-04-09T23:10:02.447+0000] {dag.py:2742} INFO - Sync 1 DAGs
[2025-04-09T23:10:02.460+0000] {logging_mixin.py:150} INFO - [2025-04-09T23:10:02.460+0000] {dag.py:3504} INFO - Setting next_dagrun for two_task_dag to None, run_after=None
[2025-04-09T23:10:02.474+0000] {processor.py:179} INFO - Processing /workspaces/hands-on-introduction-data-engineering-4395021/airflow/dags/two_task_dag.py took 0.056 seconds
[2025-04-09T23:10:32.834+0000] {processor.py:157} INFO - Started process (PID=91244) to work on /workspaces/hands-on-introduction-data-engineering-4395021/airflow/dags/two_task_dag.py
[2025-04-09T23:10:32.835+0000] {processor.py:826} INFO - Processing file /workspaces/hands-on-introduction-data-engineering-4395021/airflow/dags/two_task_dag.py for tasks to queue
[2025-04-09T23:10:32.835+0000] {logging_mixin.py:150} INFO - [2025-04-09T23:10:32.835+0000] {dagbag.py:541} INFO - Filling up the DagBag from /workspaces/hands-on-introduction-data-engineering-4395021/airflow/dags/two_task_dag.py
[2025-04-09T23:10:32.843+0000] {processor.py:836} INFO - DAG(s) dict_keys(['two_task_dag']) retrieved from /workspaces/hands-on-introduction-data-engineering-4395021/airflow/dags/two_task_dag.py
[2025-04-09T23:10:32.861+0000] {logging_mixin.py:150} INFO - [2025-04-09T23:10:32.861+0000] {dag.py:2742} INFO - Sync 1 DAGs
[2025-04-09T23:10:32.874+0000] {logging_mixin.py:150} INFO - [2025-04-09T23:10:32.874+0000] {dag.py:3504} INFO - Setting next_dagrun for two_task_dag to None, run_after=None
[2025-04-09T23:10:32.888+0000] {processor.py:179} INFO - Processing /workspaces/hands-on-introduction-data-engineering-4395021/airflow/dags/two_task_dag.py took 0.056 seconds
[2025-04-09T23:11:03.324+0000] {processor.py:157} INFO - Started process (PID=91451) to work on /workspaces/hands-on-introduction-data-engineering-4395021/airflow/dags/two_task_dag.py
[2025-04-09T23:11:03.325+0000] {processor.py:826} INFO - Processing file /workspaces/hands-on-introduction-data-engineering-4395021/airflow/dags/two_task_dag.py for tasks to queue
[2025-04-09T23:11:03.326+0000] {logging_mixin.py:150} INFO - [2025-04-09T23:11:03.326+0000] {dagbag.py:541} INFO - Filling up the DagBag from /workspaces/hands-on-introduction-data-engineering-4395021/airflow/dags/two_task_dag.py
[2025-04-09T23:11:03.333+0000] {processor.py:836} INFO - DAG(s) dict_keys(['two_task_dag']) retrieved from /workspaces/hands-on-introduction-data-engineering-4395021/airflow/dags/two_task_dag.py
[2025-04-09T23:11:03.351+0000] {logging_mixin.py:150} INFO - [2025-04-09T23:11:03.351+0000] {dag.py:2742} INFO - Sync 1 DAGs
[2025-04-09T23:11:03.365+0000] {logging_mixin.py:150} INFO - [2025-04-09T23:11:03.364+0000] {dag.py:3504} INFO - Setting next_dagrun for two_task_dag to None, run_after=None
[2025-04-09T23:11:03.379+0000] {processor.py:179} INFO - Processing /workspaces/hands-on-introduction-data-engineering-4395021/airflow/dags/two_task_dag.py took 0.057 seconds
[2025-04-09T23:11:33.981+0000] {processor.py:157} INFO - Started process (PID=91655) to work on /workspaces/hands-on-introduction-data-engineering-4395021/airflow/dags/two_task_dag.py
[2025-04-09T23:11:33.982+0000] {processor.py:826} INFO - Processing file /workspaces/hands-on-introduction-data-engineering-4395021/airflow/dags/two_task_dag.py for tasks to queue
[2025-04-09T23:11:33.982+0000] {logging_mixin.py:150} INFO - [2025-04-09T23:11:33.982+0000] {dagbag.py:541} INFO - Filling up the DagBag from /workspaces/hands-on-introduction-data-engineering-4395021/airflow/dags/two_task_dag.py
[2025-04-09T23:11:33.990+0000] {processor.py:836} INFO - DAG(s) dict_keys(['two_task_dag']) retrieved from /workspaces/hands-on-introduction-data-engineering-4395021/airflow/dags/two_task_dag.py
[2025-04-09T23:11:34.007+0000] {logging_mixin.py:150} INFO - [2025-04-09T23:11:34.007+0000] {dag.py:2742} INFO - Sync 1 DAGs
[2025-04-09T23:11:34.021+0000] {logging_mixin.py:150} INFO - [2025-04-09T23:11:34.021+0000] {dag.py:3504} INFO - Setting next_dagrun for two_task_dag to None, run_after=None
[2025-04-09T23:11:34.034+0000] {processor.py:179} INFO - Processing /workspaces/hands-on-introduction-data-engineering-4395021/airflow/dags/two_task_dag.py took 0.056 seconds
[2025-04-09T23:12:04.506+0000] {processor.py:157} INFO - Started process (PID=91863) to work on /workspaces/hands-on-introduction-data-engineering-4395021/airflow/dags/two_task_dag.py
[2025-04-09T23:12:04.507+0000] {processor.py:826} INFO - Processing file /workspaces/hands-on-introduction-data-engineering-4395021/airflow/dags/two_task_dag.py for tasks to queue
[2025-04-09T23:12:04.507+0000] {logging_mixin.py:150} INFO - [2025-04-09T23:12:04.507+0000] {dagbag.py:541} INFO - Filling up the DagBag from /workspaces/hands-on-introduction-data-engineering-4395021/airflow/dags/two_task_dag.py
[2025-04-09T23:12:04.515+0000] {processor.py:836} INFO - DAG(s) dict_keys(['two_task_dag']) retrieved from /workspaces/hands-on-introduction-data-engineering-4395021/airflow/dags/two_task_dag.py
[2025-04-09T23:12:04.533+0000] {logging_mixin.py:150} INFO - [2025-04-09T23:12:04.533+0000] {dag.py:2742} INFO - Sync 1 DAGs
[2025-04-09T23:12:04.547+0000] {logging_mixin.py:150} INFO - [2025-04-09T23:12:04.547+0000] {dag.py:3504} INFO - Setting next_dagrun for two_task_dag to None, run_after=None
[2025-04-09T23:12:04.560+0000] {processor.py:179} INFO - Processing /workspaces/hands-on-introduction-data-engineering-4395021/airflow/dags/two_task_dag.py took 0.056 seconds
[2025-04-09T23:12:35.311+0000] {processor.py:157} INFO - Started process (PID=92072) to work on /workspaces/hands-on-introduction-data-engineering-4395021/airflow/dags/two_task_dag.py
[2025-04-09T23:12:35.312+0000] {processor.py:826} INFO - Processing file /workspaces/hands-on-introduction-data-engineering-4395021/airflow/dags/two_task_dag.py for tasks to queue
[2025-04-09T23:12:35.313+0000] {logging_mixin.py:150} INFO - [2025-04-09T23:12:35.312+0000] {dagbag.py:541} INFO - Filling up the DagBag from /workspaces/hands-on-introduction-data-engineering-4395021/airflow/dags/two_task_dag.py
[2025-04-09T23:12:35.320+0000] {processor.py:836} INFO - DAG(s) dict_keys(['two_task_dag']) retrieved from /workspaces/hands-on-introduction-data-engineering-4395021/airflow/dags/two_task_dag.py
[2025-04-09T23:12:35.338+0000] {logging_mixin.py:150} INFO - [2025-04-09T23:12:35.338+0000] {dag.py:2742} INFO - Sync 1 DAGs
[2025-04-09T23:12:35.352+0000] {logging_mixin.py:150} INFO - [2025-04-09T23:12:35.352+0000] {dag.py:3504} INFO - Setting next_dagrun for two_task_dag to None, run_after=None
[2025-04-09T23:12:35.365+0000] {processor.py:179} INFO - Processing /workspaces/hands-on-introduction-data-engineering-4395021/airflow/dags/two_task_dag.py took 0.057 seconds
[2025-04-09T23:13:05.974+0000] {processor.py:157} INFO - Started process (PID=92275) to work on /workspaces/hands-on-introduction-data-engineering-4395021/airflow/dags/two_task_dag.py
[2025-04-09T23:13:05.974+0000] {processor.py:826} INFO - Processing file /workspaces/hands-on-introduction-data-engineering-4395021/airflow/dags/two_task_dag.py for tasks to queue
[2025-04-09T23:13:05.975+0000] {logging_mixin.py:150} INFO - [2025-04-09T23:13:05.975+0000] {dagbag.py:541} INFO - Filling up the DagBag from /workspaces/hands-on-introduction-data-engineering-4395021/airflow/dags/two_task_dag.py
[2025-04-09T23:13:05.982+0000] {processor.py:836} INFO - DAG(s) dict_keys(['two_task_dag']) retrieved from /workspaces/hands-on-introduction-data-engineering-4395021/airflow/dags/two_task_dag.py
[2025-04-09T23:13:06.000+0000] {logging_mixin.py:150} INFO - [2025-04-09T23:13:06.000+0000] {dag.py:2742} INFO - Sync 1 DAGs
[2025-04-09T23:13:06.013+0000] {logging_mixin.py:150} INFO - [2025-04-09T23:13:06.013+0000] {dag.py:3504} INFO - Setting next_dagrun for two_task_dag to None, run_after=None
[2025-04-09T23:13:06.026+0000] {processor.py:179} INFO - Processing /workspaces/hands-on-introduction-data-engineering-4395021/airflow/dags/two_task_dag.py took 0.055 seconds
[2025-04-09T23:13:36.478+0000] {processor.py:157} INFO - Started process (PID=92483) to work on /workspaces/hands-on-introduction-data-engineering-4395021/airflow/dags/two_task_dag.py
[2025-04-09T23:13:36.479+0000] {processor.py:826} INFO - Processing file /workspaces/hands-on-introduction-data-engineering-4395021/airflow/dags/two_task_dag.py for tasks to queue
[2025-04-09T23:13:36.480+0000] {logging_mixin.py:150} INFO - [2025-04-09T23:13:36.480+0000] {dagbag.py:541} INFO - Filling up the DagBag from /workspaces/hands-on-introduction-data-engineering-4395021/airflow/dags/two_task_dag.py
[2025-04-09T23:13:36.487+0000] {processor.py:836} INFO - DAG(s) dict_keys(['two_task_dag']) retrieved from /workspaces/hands-on-introduction-data-engineering-4395021/airflow/dags/two_task_dag.py
[2025-04-09T23:13:36.505+0000] {logging_mixin.py:150} INFO - [2025-04-09T23:13:36.505+0000] {dag.py:2742} INFO - Sync 1 DAGs
[2025-04-09T23:13:36.518+0000] {logging_mixin.py:150} INFO - [2025-04-09T23:13:36.518+0000] {dag.py:3504} INFO - Setting next_dagrun for two_task_dag to None, run_after=None
[2025-04-09T23:13:36.531+0000] {processor.py:179} INFO - Processing /workspaces/hands-on-introduction-data-engineering-4395021/airflow/dags/two_task_dag.py took 0.056 seconds
[2025-04-09T23:14:06.942+0000] {processor.py:157} INFO - Started process (PID=92689) to work on /workspaces/hands-on-introduction-data-engineering-4395021/airflow/dags/two_task_dag.py
[2025-04-09T23:14:06.942+0000] {processor.py:826} INFO - Processing file /workspaces/hands-on-introduction-data-engineering-4395021/airflow/dags/two_task_dag.py for tasks to queue
[2025-04-09T23:14:06.943+0000] {logging_mixin.py:150} INFO - [2025-04-09T23:14:06.943+0000] {dagbag.py:541} INFO - Filling up the DagBag from /workspaces/hands-on-introduction-data-engineering-4395021/airflow/dags/two_task_dag.py
[2025-04-09T23:14:06.951+0000] {processor.py:836} INFO - DAG(s) dict_keys(['two_task_dag']) retrieved from /workspaces/hands-on-introduction-data-engineering-4395021/airflow/dags/two_task_dag.py
[2025-04-09T23:14:06.968+0000] {logging_mixin.py:150} INFO - [2025-04-09T23:14:06.968+0000] {dag.py:2742} INFO - Sync 1 DAGs
[2025-04-09T23:14:06.981+0000] {logging_mixin.py:150} INFO - [2025-04-09T23:14:06.981+0000] {dag.py:3504} INFO - Setting next_dagrun for two_task_dag to None, run_after=None
[2025-04-09T23:14:06.994+0000] {processor.py:179} INFO - Processing /workspaces/hands-on-introduction-data-engineering-4395021/airflow/dags/two_task_dag.py took 0.056 seconds
[2025-04-09T23:14:37.486+0000] {processor.py:157} INFO - Started process (PID=92892) to work on /workspaces/hands-on-introduction-data-engineering-4395021/airflow/dags/two_task_dag.py
[2025-04-09T23:14:37.487+0000] {processor.py:826} INFO - Processing file /workspaces/hands-on-introduction-data-engineering-4395021/airflow/dags/two_task_dag.py for tasks to queue
[2025-04-09T23:14:37.488+0000] {logging_mixin.py:150} INFO - [2025-04-09T23:14:37.488+0000] {dagbag.py:541} INFO - Filling up the DagBag from /workspaces/hands-on-introduction-data-engineering-4395021/airflow/dags/two_task_dag.py
[2025-04-09T23:14:37.495+0000] {processor.py:836} INFO - DAG(s) dict_keys(['two_task_dag']) retrieved from /workspaces/hands-on-introduction-data-engineering-4395021/airflow/dags/two_task_dag.py
[2025-04-09T23:14:37.513+0000] {logging_mixin.py:150} INFO - [2025-04-09T23:14:37.513+0000] {dag.py:2742} INFO - Sync 1 DAGs
[2025-04-09T23:14:37.527+0000] {logging_mixin.py:150} INFO - [2025-04-09T23:14:37.527+0000] {dag.py:3504} INFO - Setting next_dagrun for two_task_dag to None, run_after=None
[2025-04-09T23:14:37.542+0000] {processor.py:179} INFO - Processing /workspaces/hands-on-introduction-data-engineering-4395021/airflow/dags/two_task_dag.py took 0.058 seconds
[2025-04-09T23:15:08.113+0000] {processor.py:157} INFO - Started process (PID=93100) to work on /workspaces/hands-on-introduction-data-engineering-4395021/airflow/dags/two_task_dag.py
[2025-04-09T23:15:08.113+0000] {processor.py:826} INFO - Processing file /workspaces/hands-on-introduction-data-engineering-4395021/airflow/dags/two_task_dag.py for tasks to queue
[2025-04-09T23:15:08.114+0000] {logging_mixin.py:150} INFO - [2025-04-09T23:15:08.114+0000] {dagbag.py:541} INFO - Filling up the DagBag from /workspaces/hands-on-introduction-data-engineering-4395021/airflow/dags/two_task_dag.py
[2025-04-09T23:15:08.121+0000] {processor.py:836} INFO - DAG(s) dict_keys(['two_task_dag']) retrieved from /workspaces/hands-on-introduction-data-engineering-4395021/airflow/dags/two_task_dag.py
[2025-04-09T23:15:08.139+0000] {logging_mixin.py:150} INFO - [2025-04-09T23:15:08.139+0000] {dag.py:2742} INFO - Sync 1 DAGs
[2025-04-09T23:15:08.152+0000] {logging_mixin.py:150} INFO - [2025-04-09T23:15:08.152+0000] {dag.py:3504} INFO - Setting next_dagrun for two_task_dag to None, run_after=None
[2025-04-09T23:15:08.167+0000] {processor.py:179} INFO - Processing /workspaces/hands-on-introduction-data-engineering-4395021/airflow/dags/two_task_dag.py took 0.057 seconds
[2025-04-09T23:15:38.781+0000] {processor.py:157} INFO - Started process (PID=93308) to work on /workspaces/hands-on-introduction-data-engineering-4395021/airflow/dags/two_task_dag.py
[2025-04-09T23:15:38.782+0000] {processor.py:826} INFO - Processing file /workspaces/hands-on-introduction-data-engineering-4395021/airflow/dags/two_task_dag.py for tasks to queue
[2025-04-09T23:15:38.783+0000] {logging_mixin.py:150} INFO - [2025-04-09T23:15:38.782+0000] {dagbag.py:541} INFO - Filling up the DagBag from /workspaces/hands-on-introduction-data-engineering-4395021/airflow/dags/two_task_dag.py
[2025-04-09T23:15:38.790+0000] {processor.py:836} INFO - DAG(s) dict_keys(['two_task_dag']) retrieved from /workspaces/hands-on-introduction-data-engineering-4395021/airflow/dags/two_task_dag.py
[2025-04-09T23:15:38.808+0000] {logging_mixin.py:150} INFO - [2025-04-09T23:15:38.808+0000] {dag.py:2742} INFO - Sync 1 DAGs
[2025-04-09T23:15:38.822+0000] {logging_mixin.py:150} INFO - [2025-04-09T23:15:38.822+0000] {dag.py:3504} INFO - Setting next_dagrun for two_task_dag to None, run_after=None
[2025-04-09T23:15:38.835+0000] {processor.py:179} INFO - Processing /workspaces/hands-on-introduction-data-engineering-4395021/airflow/dags/two_task_dag.py took 0.056 seconds
[2025-04-09T23:16:09.482+0000] {processor.py:157} INFO - Started process (PID=93511) to work on /workspaces/hands-on-introduction-data-engineering-4395021/airflow/dags/two_task_dag.py
[2025-04-09T23:16:09.482+0000] {processor.py:826} INFO - Processing file /workspaces/hands-on-introduction-data-engineering-4395021/airflow/dags/two_task_dag.py for tasks to queue
[2025-04-09T23:16:09.483+0000] {logging_mixin.py:150} INFO - [2025-04-09T23:16:09.483+0000] {dagbag.py:541} INFO - Filling up the DagBag from /workspaces/hands-on-introduction-data-engineering-4395021/airflow/dags/two_task_dag.py
[2025-04-09T23:16:09.491+0000] {processor.py:836} INFO - DAG(s) dict_keys(['two_task_dag']) retrieved from /workspaces/hands-on-introduction-data-engineering-4395021/airflow/dags/two_task_dag.py
[2025-04-09T23:16:09.508+0000] {logging_mixin.py:150} INFO - [2025-04-09T23:16:09.508+0000] {dag.py:2742} INFO - Sync 1 DAGs
[2025-04-09T23:16:09.522+0000] {logging_mixin.py:150} INFO - [2025-04-09T23:16:09.522+0000] {dag.py:3504} INFO - Setting next_dagrun for two_task_dag to None, run_after=None
[2025-04-09T23:16:09.535+0000] {processor.py:179} INFO - Processing /workspaces/hands-on-introduction-data-engineering-4395021/airflow/dags/two_task_dag.py took 0.056 seconds
[2025-04-09T23:16:40.069+0000] {processor.py:157} INFO - Started process (PID=93722) to work on /workspaces/hands-on-introduction-data-engineering-4395021/airflow/dags/two_task_dag.py
[2025-04-09T23:16:40.069+0000] {processor.py:826} INFO - Processing file /workspaces/hands-on-introduction-data-engineering-4395021/airflow/dags/two_task_dag.py for tasks to queue
[2025-04-09T23:16:40.070+0000] {logging_mixin.py:150} INFO - [2025-04-09T23:16:40.070+0000] {dagbag.py:541} INFO - Filling up the DagBag from /workspaces/hands-on-introduction-data-engineering-4395021/airflow/dags/two_task_dag.py
[2025-04-09T23:16:40.078+0000] {processor.py:836} INFO - DAG(s) dict_keys(['two_task_dag']) retrieved from /workspaces/hands-on-introduction-data-engineering-4395021/airflow/dags/two_task_dag.py
[2025-04-09T23:16:40.095+0000] {logging_mixin.py:150} INFO - [2025-04-09T23:16:40.095+0000] {dag.py:2742} INFO - Sync 1 DAGs
[2025-04-09T23:16:40.109+0000] {logging_mixin.py:150} INFO - [2025-04-09T23:16:40.109+0000] {dag.py:3504} INFO - Setting next_dagrun for two_task_dag to None, run_after=None
[2025-04-09T23:16:40.122+0000] {processor.py:179} INFO - Processing /workspaces/hands-on-introduction-data-engineering-4395021/airflow/dags/two_task_dag.py took 0.056 seconds
[2025-04-09T23:17:10.497+0000] {processor.py:157} INFO - Started process (PID=93931) to work on /workspaces/hands-on-introduction-data-engineering-4395021/airflow/dags/two_task_dag.py
[2025-04-09T23:17:10.498+0000] {processor.py:826} INFO - Processing file /workspaces/hands-on-introduction-data-engineering-4395021/airflow/dags/two_task_dag.py for tasks to queue
[2025-04-09T23:17:10.498+0000] {logging_mixin.py:150} INFO - [2025-04-09T23:17:10.498+0000] {dagbag.py:541} INFO - Filling up the DagBag from /workspaces/hands-on-introduction-data-engineering-4395021/airflow/dags/two_task_dag.py
[2025-04-09T23:17:10.506+0000] {processor.py:836} INFO - DAG(s) dict_keys(['two_task_dag']) retrieved from /workspaces/hands-on-introduction-data-engineering-4395021/airflow/dags/two_task_dag.py
[2025-04-09T23:17:10.524+0000] {logging_mixin.py:150} INFO - [2025-04-09T23:17:10.524+0000] {dag.py:2742} INFO - Sync 1 DAGs
[2025-04-09T23:17:10.537+0000] {logging_mixin.py:150} INFO - [2025-04-09T23:17:10.537+0000] {dag.py:3504} INFO - Setting next_dagrun for two_task_dag to None, run_after=None
[2025-04-09T23:17:10.551+0000] {processor.py:179} INFO - Processing /workspaces/hands-on-introduction-data-engineering-4395021/airflow/dags/two_task_dag.py took 0.057 seconds
[2025-04-09T23:17:40.988+0000] {processor.py:157} INFO - Started process (PID=94125) to work on /workspaces/hands-on-introduction-data-engineering-4395021/airflow/dags/two_task_dag.py
[2025-04-09T23:17:40.989+0000] {processor.py:826} INFO - Processing file /workspaces/hands-on-introduction-data-engineering-4395021/airflow/dags/two_task_dag.py for tasks to queue
[2025-04-09T23:17:40.990+0000] {logging_mixin.py:150} INFO - [2025-04-09T23:17:40.989+0000] {dagbag.py:541} INFO - Filling up the DagBag from /workspaces/hands-on-introduction-data-engineering-4395021/airflow/dags/two_task_dag.py
[2025-04-09T23:17:40.997+0000] {processor.py:836} INFO - DAG(s) dict_keys(['two_task_dag']) retrieved from /workspaces/hands-on-introduction-data-engineering-4395021/airflow/dags/two_task_dag.py
[2025-04-09T23:17:41.015+0000] {logging_mixin.py:150} INFO - [2025-04-09T23:17:41.015+0000] {dag.py:2742} INFO - Sync 1 DAGs
[2025-04-09T23:17:41.028+0000] {logging_mixin.py:150} INFO - [2025-04-09T23:17:41.028+0000] {dag.py:3504} INFO - Setting next_dagrun for two_task_dag to None, run_after=None
[2025-04-09T23:17:41.041+0000] {processor.py:179} INFO - Processing /workspaces/hands-on-introduction-data-engineering-4395021/airflow/dags/two_task_dag.py took 0.056 seconds
[2025-04-09T23:18:11.515+0000] {processor.py:157} INFO - Started process (PID=94310) to work on /workspaces/hands-on-introduction-data-engineering-4395021/airflow/dags/two_task_dag.py
[2025-04-09T23:18:11.515+0000] {processor.py:826} INFO - Processing file /workspaces/hands-on-introduction-data-engineering-4395021/airflow/dags/two_task_dag.py for tasks to queue
[2025-04-09T23:18:11.516+0000] {logging_mixin.py:150} INFO - [2025-04-09T23:18:11.516+0000] {dagbag.py:541} INFO - Filling up the DagBag from /workspaces/hands-on-introduction-data-engineering-4395021/airflow/dags/two_task_dag.py
[2025-04-09T23:18:11.524+0000] {processor.py:836} INFO - DAG(s) dict_keys(['two_task_dag']) retrieved from /workspaces/hands-on-introduction-data-engineering-4395021/airflow/dags/two_task_dag.py
[2025-04-09T23:18:11.541+0000] {logging_mixin.py:150} INFO - [2025-04-09T23:18:11.541+0000] {dag.py:2742} INFO - Sync 1 DAGs
[2025-04-09T23:18:11.554+0000] {logging_mixin.py:150} INFO - [2025-04-09T23:18:11.554+0000] {dag.py:3504} INFO - Setting next_dagrun for two_task_dag to None, run_after=None
[2025-04-09T23:18:11.568+0000] {processor.py:179} INFO - Processing /workspaces/hands-on-introduction-data-engineering-4395021/airflow/dags/two_task_dag.py took 0.056 seconds
[2025-04-09T23:18:42.004+0000] {processor.py:157} INFO - Started process (PID=94494) to work on /workspaces/hands-on-introduction-data-engineering-4395021/airflow/dags/two_task_dag.py
[2025-04-09T23:18:42.005+0000] {processor.py:826} INFO - Processing file /workspaces/hands-on-introduction-data-engineering-4395021/airflow/dags/two_task_dag.py for tasks to queue
[2025-04-09T23:18:42.005+0000] {logging_mixin.py:150} INFO - [2025-04-09T23:18:42.005+0000] {dagbag.py:541} INFO - Filling up the DagBag from /workspaces/hands-on-introduction-data-engineering-4395021/airflow/dags/two_task_dag.py
[2025-04-09T23:18:42.013+0000] {processor.py:836} INFO - DAG(s) dict_keys(['two_task_dag']) retrieved from /workspaces/hands-on-introduction-data-engineering-4395021/airflow/dags/two_task_dag.py
[2025-04-09T23:18:42.030+0000] {logging_mixin.py:150} INFO - [2025-04-09T23:18:42.030+0000] {dag.py:2742} INFO - Sync 1 DAGs
[2025-04-09T23:18:42.043+0000] {logging_mixin.py:150} INFO - [2025-04-09T23:18:42.043+0000] {dag.py:3504} INFO - Setting next_dagrun for two_task_dag to None, run_after=None
[2025-04-09T23:18:42.056+0000] {processor.py:179} INFO - Processing /workspaces/hands-on-introduction-data-engineering-4395021/airflow/dags/two_task_dag.py took 0.055 seconds
[2025-04-09T23:19:12.877+0000] {processor.py:157} INFO - Started process (PID=94672) to work on /workspaces/hands-on-introduction-data-engineering-4395021/airflow/dags/two_task_dag.py
[2025-04-09T23:19:12.878+0000] {processor.py:826} INFO - Processing file /workspaces/hands-on-introduction-data-engineering-4395021/airflow/dags/two_task_dag.py for tasks to queue
[2025-04-09T23:19:12.879+0000] {logging_mixin.py:150} INFO - [2025-04-09T23:19:12.878+0000] {dagbag.py:541} INFO - Filling up the DagBag from /workspaces/hands-on-introduction-data-engineering-4395021/airflow/dags/two_task_dag.py
[2025-04-09T23:19:12.886+0000] {processor.py:836} INFO - DAG(s) dict_keys(['two_task_dag']) retrieved from /workspaces/hands-on-introduction-data-engineering-4395021/airflow/dags/two_task_dag.py
[2025-04-09T23:19:12.903+0000] {logging_mixin.py:150} INFO - [2025-04-09T23:19:12.903+0000] {dag.py:2742} INFO - Sync 1 DAGs
[2025-04-09T23:19:12.917+0000] {logging_mixin.py:150} INFO - [2025-04-09T23:19:12.916+0000] {dag.py:3504} INFO - Setting next_dagrun for two_task_dag to None, run_after=None
[2025-04-09T23:19:12.931+0000] {processor.py:179} INFO - Processing /workspaces/hands-on-introduction-data-engineering-4395021/airflow/dags/two_task_dag.py took 0.057 seconds
[2025-04-09T23:19:43.522+0000] {processor.py:157} INFO - Started process (PID=94857) to work on /workspaces/hands-on-introduction-data-engineering-4395021/airflow/dags/two_task_dag.py
[2025-04-09T23:19:43.523+0000] {processor.py:826} INFO - Processing file /workspaces/hands-on-introduction-data-engineering-4395021/airflow/dags/two_task_dag.py for tasks to queue
[2025-04-09T23:19:43.524+0000] {logging_mixin.py:150} INFO - [2025-04-09T23:19:43.523+0000] {dagbag.py:541} INFO - Filling up the DagBag from /workspaces/hands-on-introduction-data-engineering-4395021/airflow/dags/two_task_dag.py
[2025-04-09T23:19:43.531+0000] {processor.py:836} INFO - DAG(s) dict_keys(['two_task_dag']) retrieved from /workspaces/hands-on-introduction-data-engineering-4395021/airflow/dags/two_task_dag.py
[2025-04-09T23:19:43.554+0000] {logging_mixin.py:150} INFO - [2025-04-09T23:19:43.554+0000] {dag.py:2742} INFO - Sync 1 DAGs
[2025-04-09T23:19:43.574+0000] {logging_mixin.py:150} INFO - [2025-04-09T23:19:43.574+0000] {dag.py:3504} INFO - Setting next_dagrun for two_task_dag to None, run_after=None
[2025-04-09T23:19:43.587+0000] {processor.py:179} INFO - Processing /workspaces/hands-on-introduction-data-engineering-4395021/airflow/dags/two_task_dag.py took 0.068 seconds
[2025-04-09T23:20:13.944+0000] {processor.py:157} INFO - Started process (PID=95041) to work on /workspaces/hands-on-introduction-data-engineering-4395021/airflow/dags/two_task_dag.py
[2025-04-09T23:20:13.945+0000] {processor.py:826} INFO - Processing file /workspaces/hands-on-introduction-data-engineering-4395021/airflow/dags/two_task_dag.py for tasks to queue
[2025-04-09T23:20:13.945+0000] {logging_mixin.py:150} INFO - [2025-04-09T23:20:13.945+0000] {dagbag.py:541} INFO - Filling up the DagBag from /workspaces/hands-on-introduction-data-engineering-4395021/airflow/dags/two_task_dag.py
[2025-04-09T23:20:13.953+0000] {processor.py:836} INFO - DAG(s) dict_keys(['two_task_dag']) retrieved from /workspaces/hands-on-introduction-data-engineering-4395021/airflow/dags/two_task_dag.py
[2025-04-09T23:20:13.970+0000] {logging_mixin.py:150} INFO - [2025-04-09T23:20:13.970+0000] {dag.py:2742} INFO - Sync 1 DAGs
[2025-04-09T23:20:13.984+0000] {logging_mixin.py:150} INFO - [2025-04-09T23:20:13.984+0000] {dag.py:3504} INFO - Setting next_dagrun for two_task_dag to None, run_after=None
[2025-04-09T23:20:13.997+0000] {processor.py:179} INFO - Processing /workspaces/hands-on-introduction-data-engineering-4395021/airflow/dags/two_task_dag.py took 0.056 seconds
[2025-04-09T23:20:44.336+0000] {processor.py:157} INFO - Started process (PID=95218) to work on /workspaces/hands-on-introduction-data-engineering-4395021/airflow/dags/two_task_dag.py
[2025-04-09T23:20:44.337+0000] {processor.py:826} INFO - Processing file /workspaces/hands-on-introduction-data-engineering-4395021/airflow/dags/two_task_dag.py for tasks to queue
[2025-04-09T23:20:44.337+0000] {logging_mixin.py:150} INFO - [2025-04-09T23:20:44.337+0000] {dagbag.py:541} INFO - Filling up the DagBag from /workspaces/hands-on-introduction-data-engineering-4395021/airflow/dags/two_task_dag.py
[2025-04-09T23:20:44.344+0000] {processor.py:836} INFO - DAG(s) dict_keys(['two_task_dag']) retrieved from /workspaces/hands-on-introduction-data-engineering-4395021/airflow/dags/two_task_dag.py
[2025-04-09T23:20:44.363+0000] {logging_mixin.py:150} INFO - [2025-04-09T23:20:44.363+0000] {dag.py:2742} INFO - Sync 1 DAGs
[2025-04-09T23:20:44.376+0000] {logging_mixin.py:150} INFO - [2025-04-09T23:20:44.376+0000] {dag.py:3504} INFO - Setting next_dagrun for two_task_dag to None, run_after=None
[2025-04-09T23:20:44.389+0000] {processor.py:179} INFO - Processing /workspaces/hands-on-introduction-data-engineering-4395021/airflow/dags/two_task_dag.py took 0.056 seconds
[2025-04-09T23:21:14.727+0000] {processor.py:157} INFO - Started process (PID=95403) to work on /workspaces/hands-on-introduction-data-engineering-4395021/airflow/dags/two_task_dag.py
[2025-04-09T23:21:14.727+0000] {processor.py:826} INFO - Processing file /workspaces/hands-on-introduction-data-engineering-4395021/airflow/dags/two_task_dag.py for tasks to queue
[2025-04-09T23:21:14.728+0000] {logging_mixin.py:150} INFO - [2025-04-09T23:21:14.728+0000] {dagbag.py:541} INFO - Filling up the DagBag from /workspaces/hands-on-introduction-data-engineering-4395021/airflow/dags/two_task_dag.py
[2025-04-09T23:21:14.736+0000] {processor.py:836} INFO - DAG(s) dict_keys(['two_task_dag']) retrieved from /workspaces/hands-on-introduction-data-engineering-4395021/airflow/dags/two_task_dag.py
[2025-04-09T23:21:14.754+0000] {logging_mixin.py:150} INFO - [2025-04-09T23:21:14.754+0000] {dag.py:2742} INFO - Sync 1 DAGs
[2025-04-09T23:21:14.768+0000] {logging_mixin.py:150} INFO - [2025-04-09T23:21:14.768+0000] {dag.py:3504} INFO - Setting next_dagrun for two_task_dag to None, run_after=None
[2025-04-09T23:21:14.782+0000] {processor.py:179} INFO - Processing /workspaces/hands-on-introduction-data-engineering-4395021/airflow/dags/two_task_dag.py took 0.058 seconds
[2025-04-09T23:21:45.256+0000] {processor.py:157} INFO - Started process (PID=95581) to work on /workspaces/hands-on-introduction-data-engineering-4395021/airflow/dags/two_task_dag.py
[2025-04-09T23:21:45.257+0000] {processor.py:826} INFO - Processing file /workspaces/hands-on-introduction-data-engineering-4395021/airflow/dags/two_task_dag.py for tasks to queue
[2025-04-09T23:21:45.257+0000] {logging_mixin.py:150} INFO - [2025-04-09T23:21:45.257+0000] {dagbag.py:541} INFO - Filling up the DagBag from /workspaces/hands-on-introduction-data-engineering-4395021/airflow/dags/two_task_dag.py
[2025-04-09T23:21:45.265+0000] {processor.py:836} INFO - DAG(s) dict_keys(['two_task_dag']) retrieved from /workspaces/hands-on-introduction-data-engineering-4395021/airflow/dags/two_task_dag.py
[2025-04-09T23:21:45.282+0000] {logging_mixin.py:150} INFO - [2025-04-09T23:21:45.282+0000] {dag.py:2742} INFO - Sync 1 DAGs
[2025-04-09T23:21:45.295+0000] {logging_mixin.py:150} INFO - [2025-04-09T23:21:45.295+0000] {dag.py:3504} INFO - Setting next_dagrun for two_task_dag to None, run_after=None
[2025-04-09T23:21:45.309+0000] {processor.py:179} INFO - Processing /workspaces/hands-on-introduction-data-engineering-4395021/airflow/dags/two_task_dag.py took 0.055 seconds
[2025-04-09T23:22:15.785+0000] {processor.py:157} INFO - Started process (PID=95766) to work on /workspaces/hands-on-introduction-data-engineering-4395021/airflow/dags/two_task_dag.py
[2025-04-09T23:22:15.786+0000] {processor.py:826} INFO - Processing file /workspaces/hands-on-introduction-data-engineering-4395021/airflow/dags/two_task_dag.py for tasks to queue
[2025-04-09T23:22:15.787+0000] {logging_mixin.py:150} INFO - [2025-04-09T23:22:15.787+0000] {dagbag.py:541} INFO - Filling up the DagBag from /workspaces/hands-on-introduction-data-engineering-4395021/airflow/dags/two_task_dag.py
[2025-04-09T23:22:15.794+0000] {processor.py:836} INFO - DAG(s) dict_keys(['two_task_dag']) retrieved from /workspaces/hands-on-introduction-data-engineering-4395021/airflow/dags/two_task_dag.py
[2025-04-09T23:22:15.812+0000] {logging_mixin.py:150} INFO - [2025-04-09T23:22:15.812+0000] {dag.py:2742} INFO - Sync 1 DAGs
[2025-04-09T23:22:15.825+0000] {logging_mixin.py:150} INFO - [2025-04-09T23:22:15.825+0000] {dag.py:3504} INFO - Setting next_dagrun for two_task_dag to None, run_after=None
[2025-04-09T23:22:15.838+0000] {processor.py:179} INFO - Processing /workspaces/hands-on-introduction-data-engineering-4395021/airflow/dags/two_task_dag.py took 0.055 seconds
[2025-04-09T23:22:46.382+0000] {processor.py:157} INFO - Started process (PID=95950) to work on /workspaces/hands-on-introduction-data-engineering-4395021/airflow/dags/two_task_dag.py
[2025-04-09T23:22:46.383+0000] {processor.py:826} INFO - Processing file /workspaces/hands-on-introduction-data-engineering-4395021/airflow/dags/two_task_dag.py for tasks to queue
[2025-04-09T23:22:46.383+0000] {logging_mixin.py:150} INFO - [2025-04-09T23:22:46.383+0000] {dagbag.py:541} INFO - Filling up the DagBag from /workspaces/hands-on-introduction-data-engineering-4395021/airflow/dags/two_task_dag.py
[2025-04-09T23:22:46.391+0000] {processor.py:836} INFO - DAG(s) dict_keys(['two_task_dag']) retrieved from /workspaces/hands-on-introduction-data-engineering-4395021/airflow/dags/two_task_dag.py
[2025-04-09T23:22:46.408+0000] {logging_mixin.py:150} INFO - [2025-04-09T23:22:46.408+0000] {dag.py:2742} INFO - Sync 1 DAGs
[2025-04-09T23:22:46.421+0000] {logging_mixin.py:150} INFO - [2025-04-09T23:22:46.421+0000] {dag.py:3504} INFO - Setting next_dagrun for two_task_dag to None, run_after=None
[2025-04-09T23:22:46.435+0000] {processor.py:179} INFO - Processing /workspaces/hands-on-introduction-data-engineering-4395021/airflow/dags/two_task_dag.py took 0.055 seconds
[2025-04-09T23:23:17.051+0000] {processor.py:157} INFO - Started process (PID=96129) to work on /workspaces/hands-on-introduction-data-engineering-4395021/airflow/dags/two_task_dag.py
[2025-04-09T23:23:17.052+0000] {processor.py:826} INFO - Processing file /workspaces/hands-on-introduction-data-engineering-4395021/airflow/dags/two_task_dag.py for tasks to queue
[2025-04-09T23:23:17.053+0000] {logging_mixin.py:150} INFO - [2025-04-09T23:23:17.052+0000] {dagbag.py:541} INFO - Filling up the DagBag from /workspaces/hands-on-introduction-data-engineering-4395021/airflow/dags/two_task_dag.py
[2025-04-09T23:23:17.060+0000] {processor.py:836} INFO - DAG(s) dict_keys(['two_task_dag']) retrieved from /workspaces/hands-on-introduction-data-engineering-4395021/airflow/dags/two_task_dag.py
[2025-04-09T23:23:17.080+0000] {logging_mixin.py:150} INFO - [2025-04-09T23:23:17.080+0000] {dag.py:2742} INFO - Sync 1 DAGs
[2025-04-09T23:23:17.101+0000] {logging_mixin.py:150} INFO - [2025-04-09T23:23:17.101+0000] {dag.py:3504} INFO - Setting next_dagrun for two_task_dag to None, run_after=None
[2025-04-09T23:23:17.121+0000] {processor.py:179} INFO - Processing /workspaces/hands-on-introduction-data-engineering-4395021/airflow/dags/two_task_dag.py took 0.072 seconds
[2025-04-09T23:23:48.147+0000] {processor.py:157} INFO - Started process (PID=96325) to work on /workspaces/hands-on-introduction-data-engineering-4395021/airflow/dags/two_task_dag.py
[2025-04-09T23:23:48.148+0000] {processor.py:826} INFO - Processing file /workspaces/hands-on-introduction-data-engineering-4395021/airflow/dags/two_task_dag.py for tasks to queue
[2025-04-09T23:23:48.148+0000] {logging_mixin.py:150} INFO - [2025-04-09T23:23:48.148+0000] {dagbag.py:541} INFO - Filling up the DagBag from /workspaces/hands-on-introduction-data-engineering-4395021/airflow/dags/two_task_dag.py
[2025-04-09T23:23:48.156+0000] {processor.py:836} INFO - DAG(s) dict_keys(['two_task_dag']) retrieved from /workspaces/hands-on-introduction-data-engineering-4395021/airflow/dags/two_task_dag.py
[2025-04-09T23:23:48.173+0000] {logging_mixin.py:150} INFO - [2025-04-09T23:23:48.173+0000] {dag.py:2742} INFO - Sync 1 DAGs
[2025-04-09T23:23:48.187+0000] {logging_mixin.py:150} INFO - [2025-04-09T23:23:48.187+0000] {dag.py:3504} INFO - Setting next_dagrun for two_task_dag to None, run_after=None
[2025-04-09T23:23:48.201+0000] {processor.py:179} INFO - Processing /workspaces/hands-on-introduction-data-engineering-4395021/airflow/dags/two_task_dag.py took 0.056 seconds
[2025-04-09T23:24:18.558+0000] {processor.py:157} INFO - Started process (PID=96508) to work on /workspaces/hands-on-introduction-data-engineering-4395021/airflow/dags/two_task_dag.py
[2025-04-09T23:24:18.559+0000] {processor.py:826} INFO - Processing file /workspaces/hands-on-introduction-data-engineering-4395021/airflow/dags/two_task_dag.py for tasks to queue
[2025-04-09T23:24:18.559+0000] {logging_mixin.py:150} INFO - [2025-04-09T23:24:18.559+0000] {dagbag.py:541} INFO - Filling up the DagBag from /workspaces/hands-on-introduction-data-engineering-4395021/airflow/dags/two_task_dag.py
[2025-04-09T23:24:18.566+0000] {processor.py:836} INFO - DAG(s) dict_keys(['two_task_dag']) retrieved from /workspaces/hands-on-introduction-data-engineering-4395021/airflow/dags/two_task_dag.py
[2025-04-09T23:24:18.586+0000] {logging_mixin.py:150} INFO - [2025-04-09T23:24:18.586+0000] {dag.py:2742} INFO - Sync 1 DAGs
[2025-04-09T23:24:18.602+0000] {logging_mixin.py:150} INFO - [2025-04-09T23:24:18.602+0000] {dag.py:3504} INFO - Setting next_dagrun for two_task_dag to None, run_after=None
[2025-04-09T23:24:18.620+0000] {processor.py:179} INFO - Processing /workspaces/hands-on-introduction-data-engineering-4395021/airflow/dags/two_task_dag.py took 0.065 seconds
[2025-04-09T23:24:49.254+0000] {processor.py:157} INFO - Started process (PID=96693) to work on /workspaces/hands-on-introduction-data-engineering-4395021/airflow/dags/two_task_dag.py
[2025-04-09T23:24:49.255+0000] {processor.py:826} INFO - Processing file /workspaces/hands-on-introduction-data-engineering-4395021/airflow/dags/two_task_dag.py for tasks to queue
[2025-04-09T23:24:49.256+0000] {logging_mixin.py:150} INFO - [2025-04-09T23:24:49.255+0000] {dagbag.py:541} INFO - Filling up the DagBag from /workspaces/hands-on-introduction-data-engineering-4395021/airflow/dags/two_task_dag.py
[2025-04-09T23:24:49.263+0000] {processor.py:836} INFO - DAG(s) dict_keys(['two_task_dag']) retrieved from /workspaces/hands-on-introduction-data-engineering-4395021/airflow/dags/two_task_dag.py
[2025-04-09T23:24:49.281+0000] {logging_mixin.py:150} INFO - [2025-04-09T23:24:49.281+0000] {dag.py:2742} INFO - Sync 1 DAGs
[2025-04-09T23:24:49.294+0000] {logging_mixin.py:150} INFO - [2025-04-09T23:24:49.294+0000] {dag.py:3504} INFO - Setting next_dagrun for two_task_dag to None, run_after=None
[2025-04-09T23:24:49.308+0000] {processor.py:179} INFO - Processing /workspaces/hands-on-introduction-data-engineering-4395021/airflow/dags/two_task_dag.py took 0.056 seconds
[2025-04-09T23:25:20.060+0000] {processor.py:157} INFO - Started process (PID=96872) to work on /workspaces/hands-on-introduction-data-engineering-4395021/airflow/dags/two_task_dag.py
[2025-04-09T23:25:20.060+0000] {processor.py:826} INFO - Processing file /workspaces/hands-on-introduction-data-engineering-4395021/airflow/dags/two_task_dag.py for tasks to queue
[2025-04-09T23:25:20.061+0000] {logging_mixin.py:150} INFO - [2025-04-09T23:25:20.061+0000] {dagbag.py:541} INFO - Filling up the DagBag from /workspaces/hands-on-introduction-data-engineering-4395021/airflow/dags/two_task_dag.py
[2025-04-09T23:25:20.069+0000] {processor.py:836} INFO - DAG(s) dict_keys(['two_task_dag']) retrieved from /workspaces/hands-on-introduction-data-engineering-4395021/airflow/dags/two_task_dag.py
[2025-04-09T23:25:20.086+0000] {logging_mixin.py:150} INFO - [2025-04-09T23:25:20.086+0000] {dag.py:2742} INFO - Sync 1 DAGs
[2025-04-09T23:25:20.099+0000] {logging_mixin.py:150} INFO - [2025-04-09T23:25:20.099+0000] {dag.py:3504} INFO - Setting next_dagrun for two_task_dag to None, run_after=None
[2025-04-09T23:25:20.112+0000] {processor.py:179} INFO - Processing /workspaces/hands-on-introduction-data-engineering-4395021/airflow/dags/two_task_dag.py took 0.055 seconds
[2025-04-09T23:25:50.849+0000] {processor.py:157} INFO - Started process (PID=97055) to work on /workspaces/hands-on-introduction-data-engineering-4395021/airflow/dags/two_task_dag.py
[2025-04-09T23:25:50.850+0000] {processor.py:826} INFO - Processing file /workspaces/hands-on-introduction-data-engineering-4395021/airflow/dags/two_task_dag.py for tasks to queue
[2025-04-09T23:25:50.850+0000] {logging_mixin.py:150} INFO - [2025-04-09T23:25:50.850+0000] {dagbag.py:541} INFO - Filling up the DagBag from /workspaces/hands-on-introduction-data-engineering-4395021/airflow/dags/two_task_dag.py
[2025-04-09T23:25:50.858+0000] {processor.py:836} INFO - DAG(s) dict_keys(['two_task_dag']) retrieved from /workspaces/hands-on-introduction-data-engineering-4395021/airflow/dags/two_task_dag.py
[2025-04-09T23:25:50.876+0000] {logging_mixin.py:150} INFO - [2025-04-09T23:25:50.875+0000] {dag.py:2742} INFO - Sync 1 DAGs
[2025-04-09T23:25:50.889+0000] {logging_mixin.py:150} INFO - [2025-04-09T23:25:50.889+0000] {dag.py:3504} INFO - Setting next_dagrun for two_task_dag to None, run_after=None
[2025-04-09T23:25:50.902+0000] {processor.py:179} INFO - Processing /workspaces/hands-on-introduction-data-engineering-4395021/airflow/dags/two_task_dag.py took 0.056 seconds
[2025-04-09T23:26:21.849+0000] {processor.py:157} INFO - Started process (PID=97240) to work on /workspaces/hands-on-introduction-data-engineering-4395021/airflow/dags/two_task_dag.py
[2025-04-09T23:26:21.849+0000] {processor.py:826} INFO - Processing file /workspaces/hands-on-introduction-data-engineering-4395021/airflow/dags/two_task_dag.py for tasks to queue
[2025-04-09T23:26:21.850+0000] {logging_mixin.py:150} INFO - [2025-04-09T23:26:21.850+0000] {dagbag.py:541} INFO - Filling up the DagBag from /workspaces/hands-on-introduction-data-engineering-4395021/airflow/dags/two_task_dag.py
[2025-04-09T23:26:21.858+0000] {processor.py:836} INFO - DAG(s) dict_keys(['two_task_dag']) retrieved from /workspaces/hands-on-introduction-data-engineering-4395021/airflow/dags/two_task_dag.py
[2025-04-09T23:26:21.875+0000] {logging_mixin.py:150} INFO - [2025-04-09T23:26:21.875+0000] {dag.py:2742} INFO - Sync 1 DAGs
[2025-04-09T23:26:21.888+0000] {logging_mixin.py:150} INFO - [2025-04-09T23:26:21.888+0000] {dag.py:3504} INFO - Setting next_dagrun for two_task_dag to None, run_after=None
[2025-04-09T23:26:21.902+0000] {processor.py:179} INFO - Processing /workspaces/hands-on-introduction-data-engineering-4395021/airflow/dags/two_task_dag.py took 0.056 seconds
[2025-04-09T23:26:52.413+0000] {processor.py:157} INFO - Started process (PID=97419) to work on /workspaces/hands-on-introduction-data-engineering-4395021/airflow/dags/two_task_dag.py
[2025-04-09T23:26:52.414+0000] {processor.py:826} INFO - Processing file /workspaces/hands-on-introduction-data-engineering-4395021/airflow/dags/two_task_dag.py for tasks to queue
[2025-04-09T23:26:52.414+0000] {logging_mixin.py:150} INFO - [2025-04-09T23:26:52.414+0000] {dagbag.py:541} INFO - Filling up the DagBag from /workspaces/hands-on-introduction-data-engineering-4395021/airflow/dags/two_task_dag.py
[2025-04-09T23:26:52.422+0000] {processor.py:836} INFO - DAG(s) dict_keys(['two_task_dag']) retrieved from /workspaces/hands-on-introduction-data-engineering-4395021/airflow/dags/two_task_dag.py
[2025-04-09T23:26:52.440+0000] {logging_mixin.py:150} INFO - [2025-04-09T23:26:52.440+0000] {dag.py:2742} INFO - Sync 1 DAGs
[2025-04-09T23:26:52.454+0000] {logging_mixin.py:150} INFO - [2025-04-09T23:26:52.454+0000] {dag.py:3504} INFO - Setting next_dagrun for two_task_dag to None, run_after=None
[2025-04-09T23:26:52.467+0000] {processor.py:179} INFO - Processing /workspaces/hands-on-introduction-data-engineering-4395021/airflow/dags/two_task_dag.py took 0.057 seconds
[2025-04-09T23:27:23.552+0000] {processor.py:157} INFO - Started process (PID=97610) to work on /workspaces/hands-on-introduction-data-engineering-4395021/airflow/dags/two_task_dag.py
[2025-04-09T23:27:23.553+0000] {processor.py:826} INFO - Processing file /workspaces/hands-on-introduction-data-engineering-4395021/airflow/dags/two_task_dag.py for tasks to queue
[2025-04-09T23:27:23.553+0000] {logging_mixin.py:150} INFO - [2025-04-09T23:27:23.553+0000] {dagbag.py:541} INFO - Filling up the DagBag from /workspaces/hands-on-introduction-data-engineering-4395021/airflow/dags/two_task_dag.py
[2025-04-09T23:27:23.561+0000] {processor.py:836} INFO - DAG(s) dict_keys(['two_task_dag']) retrieved from /workspaces/hands-on-introduction-data-engineering-4395021/airflow/dags/two_task_dag.py
[2025-04-09T23:27:23.578+0000] {logging_mixin.py:150} INFO - [2025-04-09T23:27:23.578+0000] {dag.py:2742} INFO - Sync 1 DAGs
[2025-04-09T23:27:23.591+0000] {logging_mixin.py:150} INFO - [2025-04-09T23:27:23.591+0000] {dag.py:3504} INFO - Setting next_dagrun for two_task_dag to None, run_after=None
[2025-04-09T23:27:23.604+0000] {processor.py:179} INFO - Processing /workspaces/hands-on-introduction-data-engineering-4395021/airflow/dags/two_task_dag.py took 0.055 seconds
[2025-04-09T23:27:53.675+0000] {processor.py:157} INFO - Started process (PID=97788) to work on /workspaces/hands-on-introduction-data-engineering-4395021/airflow/dags/two_task_dag.py
[2025-04-09T23:27:53.675+0000] {processor.py:826} INFO - Processing file /workspaces/hands-on-introduction-data-engineering-4395021/airflow/dags/two_task_dag.py for tasks to queue
[2025-04-09T23:27:53.676+0000] {logging_mixin.py:150} INFO - [2025-04-09T23:27:53.676+0000] {dagbag.py:541} INFO - Filling up the DagBag from /workspaces/hands-on-introduction-data-engineering-4395021/airflow/dags/two_task_dag.py
[2025-04-09T23:27:53.684+0000] {processor.py:836} INFO - DAG(s) dict_keys(['two_task_dag']) retrieved from /workspaces/hands-on-introduction-data-engineering-4395021/airflow/dags/two_task_dag.py
[2025-04-09T23:27:53.701+0000] {logging_mixin.py:150} INFO - [2025-04-09T23:27:53.701+0000] {dag.py:2742} INFO - Sync 1 DAGs
[2025-04-09T23:27:53.715+0000] {logging_mixin.py:150} INFO - [2025-04-09T23:27:53.715+0000] {dag.py:3504} INFO - Setting next_dagrun for two_task_dag to None, run_after=None
[2025-04-09T23:27:53.728+0000] {processor.py:179} INFO - Processing /workspaces/hands-on-introduction-data-engineering-4395021/airflow/dags/two_task_dag.py took 0.056 seconds
[2025-04-09T23:28:24.970+0000] {processor.py:157} INFO - Started process (PID=97973) to work on /workspaces/hands-on-introduction-data-engineering-4395021/airflow/dags/two_task_dag.py
[2025-04-09T23:28:24.971+0000] {processor.py:826} INFO - Processing file /workspaces/hands-on-introduction-data-engineering-4395021/airflow/dags/two_task_dag.py for tasks to queue
[2025-04-09T23:28:24.972+0000] {logging_mixin.py:150} INFO - [2025-04-09T23:28:24.972+0000] {dagbag.py:541} INFO - Filling up the DagBag from /workspaces/hands-on-introduction-data-engineering-4395021/airflow/dags/two_task_dag.py
[2025-04-09T23:28:24.980+0000] {processor.py:836} INFO - DAG(s) dict_keys(['two_task_dag']) retrieved from /workspaces/hands-on-introduction-data-engineering-4395021/airflow/dags/two_task_dag.py
[2025-04-09T23:28:24.998+0000] {logging_mixin.py:150} INFO - [2025-04-09T23:28:24.998+0000] {dag.py:2742} INFO - Sync 1 DAGs
[2025-04-09T23:28:25.011+0000] {logging_mixin.py:150} INFO - [2025-04-09T23:28:25.011+0000] {dag.py:3504} INFO - Setting next_dagrun for two_task_dag to None, run_after=None
[2025-04-09T23:28:25.024+0000] {processor.py:179} INFO - Processing /workspaces/hands-on-introduction-data-engineering-4395021/airflow/dags/two_task_dag.py took 0.056 seconds
[2025-04-09T23:28:55.872+0000] {processor.py:157} INFO - Started process (PID=98158) to work on /workspaces/hands-on-introduction-data-engineering-4395021/airflow/dags/two_task_dag.py
[2025-04-09T23:28:55.873+0000] {processor.py:826} INFO - Processing file /workspaces/hands-on-introduction-data-engineering-4395021/airflow/dags/two_task_dag.py for tasks to queue
[2025-04-09T23:28:55.873+0000] {logging_mixin.py:150} INFO - [2025-04-09T23:28:55.873+0000] {dagbag.py:541} INFO - Filling up the DagBag from /workspaces/hands-on-introduction-data-engineering-4395021/airflow/dags/two_task_dag.py
[2025-04-09T23:28:55.881+0000] {processor.py:836} INFO - DAG(s) dict_keys(['two_task_dag']) retrieved from /workspaces/hands-on-introduction-data-engineering-4395021/airflow/dags/two_task_dag.py
[2025-04-09T23:28:55.898+0000] {logging_mixin.py:150} INFO - [2025-04-09T23:28:55.898+0000] {dag.py:2742} INFO - Sync 1 DAGs
[2025-04-09T23:28:55.911+0000] {logging_mixin.py:150} INFO - [2025-04-09T23:28:55.911+0000] {dag.py:3504} INFO - Setting next_dagrun for two_task_dag to None, run_after=None
[2025-04-09T23:28:55.924+0000] {processor.py:179} INFO - Processing /workspaces/hands-on-introduction-data-engineering-4395021/airflow/dags/two_task_dag.py took 0.055 seconds
[2025-04-09T23:29:26.791+0000] {processor.py:157} INFO - Started process (PID=98343) to work on /workspaces/hands-on-introduction-data-engineering-4395021/airflow/dags/two_task_dag.py
[2025-04-09T23:29:26.792+0000] {processor.py:826} INFO - Processing file /workspaces/hands-on-introduction-data-engineering-4395021/airflow/dags/two_task_dag.py for tasks to queue
[2025-04-09T23:29:26.793+0000] {logging_mixin.py:150} INFO - [2025-04-09T23:29:26.793+0000] {dagbag.py:541} INFO - Filling up the DagBag from /workspaces/hands-on-introduction-data-engineering-4395021/airflow/dags/two_task_dag.py
[2025-04-09T23:29:26.800+0000] {processor.py:836} INFO - DAG(s) dict_keys(['two_task_dag']) retrieved from /workspaces/hands-on-introduction-data-engineering-4395021/airflow/dags/two_task_dag.py
[2025-04-09T23:29:26.818+0000] {logging_mixin.py:150} INFO - [2025-04-09T23:29:26.818+0000] {dag.py:2742} INFO - Sync 1 DAGs
[2025-04-09T23:29:26.831+0000] {logging_mixin.py:150} INFO - [2025-04-09T23:29:26.831+0000] {dag.py:3504} INFO - Setting next_dagrun for two_task_dag to None, run_after=None
[2025-04-09T23:29:26.844+0000] {processor.py:179} INFO - Processing /workspaces/hands-on-introduction-data-engineering-4395021/airflow/dags/two_task_dag.py took 0.055 seconds
[2025-04-09T23:29:57.334+0000] {processor.py:157} INFO - Started process (PID=98528) to work on /workspaces/hands-on-introduction-data-engineering-4395021/airflow/dags/two_task_dag.py
[2025-04-09T23:29:57.335+0000] {processor.py:826} INFO - Processing file /workspaces/hands-on-introduction-data-engineering-4395021/airflow/dags/two_task_dag.py for tasks to queue
[2025-04-09T23:29:57.336+0000] {logging_mixin.py:150} INFO - [2025-04-09T23:29:57.336+0000] {dagbag.py:541} INFO - Filling up the DagBag from /workspaces/hands-on-introduction-data-engineering-4395021/airflow/dags/two_task_dag.py
[2025-04-09T23:29:57.348+0000] {processor.py:836} INFO - DAG(s) dict_keys(['two_task_dag']) retrieved from /workspaces/hands-on-introduction-data-engineering-4395021/airflow/dags/two_task_dag.py
[2025-04-09T23:29:57.366+0000] {logging_mixin.py:150} INFO - [2025-04-09T23:29:57.366+0000] {dag.py:2742} INFO - Sync 1 DAGs
[2025-04-09T23:29:57.380+0000] {logging_mixin.py:150} INFO - [2025-04-09T23:29:57.380+0000] {dag.py:3504} INFO - Setting next_dagrun for two_task_dag to None, run_after=None
[2025-04-09T23:29:57.394+0000] {processor.py:179} INFO - Processing /workspaces/hands-on-introduction-data-engineering-4395021/airflow/dags/two_task_dag.py took 0.063 seconds
[2025-04-09T23:30:28.225+0000] {processor.py:157} INFO - Started process (PID=98706) to work on /workspaces/hands-on-introduction-data-engineering-4395021/airflow/dags/two_task_dag.py
[2025-04-09T23:30:28.226+0000] {processor.py:826} INFO - Processing file /workspaces/hands-on-introduction-data-engineering-4395021/airflow/dags/two_task_dag.py for tasks to queue
[2025-04-09T23:30:28.227+0000] {logging_mixin.py:150} INFO - [2025-04-09T23:30:28.226+0000] {dagbag.py:541} INFO - Filling up the DagBag from /workspaces/hands-on-introduction-data-engineering-4395021/airflow/dags/two_task_dag.py
[2025-04-09T23:30:28.234+0000] {processor.py:836} INFO - DAG(s) dict_keys(['two_task_dag']) retrieved from /workspaces/hands-on-introduction-data-engineering-4395021/airflow/dags/two_task_dag.py
[2025-04-09T23:30:28.252+0000] {logging_mixin.py:150} INFO - [2025-04-09T23:30:28.252+0000] {dag.py:2742} INFO - Sync 1 DAGs
[2025-04-09T23:30:28.266+0000] {logging_mixin.py:150} INFO - [2025-04-09T23:30:28.266+0000] {dag.py:3504} INFO - Setting next_dagrun for two_task_dag to None, run_after=None
[2025-04-09T23:30:28.279+0000] {processor.py:179} INFO - Processing /workspaces/hands-on-introduction-data-engineering-4395021/airflow/dags/two_task_dag.py took 0.057 seconds
[2025-04-09T23:30:59.126+0000] {processor.py:157} INFO - Started process (PID=98896) to work on /workspaces/hands-on-introduction-data-engineering-4395021/airflow/dags/two_task_dag.py
[2025-04-09T23:30:59.127+0000] {processor.py:826} INFO - Processing file /workspaces/hands-on-introduction-data-engineering-4395021/airflow/dags/two_task_dag.py for tasks to queue
[2025-04-09T23:30:59.128+0000] {logging_mixin.py:150} INFO - [2025-04-09T23:30:59.127+0000] {dagbag.py:541} INFO - Filling up the DagBag from /workspaces/hands-on-introduction-data-engineering-4395021/airflow/dags/two_task_dag.py
[2025-04-09T23:30:59.135+0000] {processor.py:836} INFO - DAG(s) dict_keys(['two_task_dag']) retrieved from /workspaces/hands-on-introduction-data-engineering-4395021/airflow/dags/two_task_dag.py
[2025-04-09T23:30:59.154+0000] {logging_mixin.py:150} INFO - [2025-04-09T23:30:59.154+0000] {dag.py:2742} INFO - Sync 1 DAGs
[2025-04-09T23:30:59.168+0000] {logging_mixin.py:150} INFO - [2025-04-09T23:30:59.167+0000] {dag.py:3504} INFO - Setting next_dagrun for two_task_dag to None, run_after=None
[2025-04-09T23:30:59.181+0000] {processor.py:179} INFO - Processing /workspaces/hands-on-introduction-data-engineering-4395021/airflow/dags/two_task_dag.py took 0.057 seconds
